HASC_1,Max,Mean,Min
UA.CK,290.6603088378906,289.96147878546464,289.28076171875
UA.CH,289.28076171875,288.00042236328125,286.95751953125
UA.CV,290.6817932128906,286.16771521935095,281.9990234375
UA.KR,294.3331604003906,293.2017059326172,290.6896057128906
UA.DP,291.6720275878906,290.55539057804987,289.5701599121094
UA.DT,292.03564453125,290.7270972842262,289.8572692871094
UA.IF,287.6231994628906,284.03547286987305,281.361328125
UA.KK,290.3748474121094,289.4699024018787,288.3565979003906
UA.KS,293.7433166503906,292.33844299316405,290.7960510253906
UA.KM,289.6160583496094,288.77473788791235,287.6231994628906
UA.KV,289.8719177246094,289.02935282389325,287.8575744628906
UA.KC,289.2742614746094,289.092529296875,288.8494567871094
UA.KH,291.6690979003906,290.53258361816404,289.6368713378906
UA.LV,287.93115234375,284.4905144186581,280.51513671875
UA.LH,291.16650390625,289.4918004816229,288.0411682128906
UA.MY,293.0105895996094,291.71527902703536,290.6603088378906
UA.OD,293.7843322753906,292.1187323208513,290.6375427246094
UA.PL,290.0760192871094,289.43363813920456,288.3953552246094
UA.RV,288.99072265625,288.60520362854004,287.93115234375
UA.SC,293.9910583496094,293.4391326904297,292.21533203125
UA.SM,289.14599609375,288.14342013272375,286.8680114746094
UA.TP,289.02294921875,287.15514482770647,282.8447265625
UA.ZK,284.9845275878906,283.3346354166667,280.1697692871094
UA.VI,290.9923400878906,289.852116394043,289.1707458496094
UA.VO,288.7413635253906,287.38307762145996,285.33349609375
UA.ZP,292.60400390625,291.20460371537644,290.31494140625
UA.ZT,289.3321838378906,288.9032162753019,288.1798400878906
