HASC_1,Max,Mean,Min
UA.CK,288.9308166503906,287.9635347065173,287.14013671875
UA.CH,288.17724609375,286.8280224609375,283.7039489746094
UA.CV,287.68896484375,284.91134174053485,281.9454650878906
UA.KR,289.09326171875,286.67816439541906,285.06005859375
UA.DP,288.36279296875,287.3132828932542,286.0693359375
UA.DT,287.67919921875,286.58268374488466,285.8248596191406
UA.IF,285.4601135253906,283.8204116821289,281.9454650878906
UA.KK,287.8006286621094,286.73084803989957,285.6552734375
UA.KS,289.09326171875,287.46974029541013,284.77587890625
UA.KM,287.44287109375,286.48392571343317,285.3152770996094
UA.KV,288.17724609375,287.48146057128906,284.5274963378906
UA.KC,288.0769958496094,287.9779510498047,287.88330078125
UA.KH,288.9308166503906,287.90677032470705,286.9490661621094
UA.LV,286.61669921875,284.3841822007123,282.78271484375
UA.LH,288.52197265625,287.1238819469105,285.6163635253906
UA.MY,288.9308166503906,288.01730989155016,285.91650390625
UA.OD,289.16162109375,288.12292690934805,285.5948791503906
UA.PL,288.1993713378906,287.5354364568537,286.9490661621094
UA.RV,287.0818786621094,284.780029296875,281.3894958496094
UA.SC,285.74951171875,285.62459564208984,285.5418395996094
UA.SM,287.5148010253906,287.30117936567825,286.60009765625
UA.TP,286.6749572753906,285.19026838030135,282.9715270996094
UA.ZK,288.04833984375,285.7175008138021,282.16552734375
UA.VI,288.5265197753906,287.60374450683594,286.7029724121094
UA.VO,285.40087890625,282.89612579345703,281.3121643066406
UA.ZP,288.1866760253906,286.9462890625,285.7091369628906
UA.ZT,288.0574645996094,286.75495633212,283.7276916503906
