HASC_1,Max,Mean,Min
UA.CK,285.7805480957031,283.78110383686266,281.8248291015625
UA.CH,284.4517822265625,283.96523193359377,283.4228210449219
UA.CV,284.0292663574219,281.7518099271334,279.2287902832031
UA.KR,289.6975402832031,287.92402787642044,285.8632507324219
UA.DP,288.8759460449219,287.36341505784253,286.1864929199219
UA.DT,289.8502197265625,287.7782956077939,286.5204772949219
UA.IF,282.6445007324219,281.1032085418701,279.2287902832031
UA.KK,287.9543762207031,286.98194376627606,285.8150634765625
UA.KS,289.6975402832031,288.1797927856445,287.0051574707031
UA.KM,283.6194152832031,281.7851155598958,280.9879150390625
UA.KV,284.4224853515625,283.00049845377606,281.5670166015625
UA.KC,283.4468994140625,282.92613983154297,282.4407043457031
UA.KH,287.2965087890625,285.4649490356445,283.0718994140625
UA.LV,284.3808288574219,282.44826013901655,280.3795166015625
UA.LH,290.3368835449219,288.82641185413706,287.4111022949219
UA.MY,288.3879699707031,286.839644582648,284.1067199707031
UA.OD,287.5787353515625,286.12328785863417,283.0582275390625
UA.PL,287.4641418457031,285.6951085870916,283.9670715332031
UA.RV,283.1076965332031,282.12770652770996,281.3290710449219
UA.SC,288.1207275390625,287.59395599365234,286.3271179199219
UA.SM,286.8886413574219,285.05705816095525,283.8306884765625
UA.TP,283.0435791015625,281.7803715297154,279.8336181640625
UA.ZK,286.2301025390625,283.5109008789062,279.3902587890625
UA.VI,284.0292663574219,282.2215576171875,280.9068603515625
UA.VO,284.4514465332031,282.73427391052246,281.8017272949219
UA.ZP,288.8759460449219,287.67247286709875,286.5204772949219
UA.ZT,283.1425476074219,281.94460504705256,280.9068603515625
