HASC_1,Max,Mean,Min
UA.CK,273.7052917480469,272.77143458316203,271.0951232910156
UA.CH,271.8029479980469,270.22601196289065,268.3643493652344
UA.CV,273.25372314453125,272.0050236628606,270.63470458984375
UA.KR,286.0527038574219,282.2969346479936,277.5880432128906
UA.DP,275.5868225097656,273.9255054180439,272.9665222167969
UA.DT,276.4028015136719,273.38569713774183,271.1784362792969
UA.IF,274.17437744140625,272.21177673339844,270.63470458984375
UA.KK,273.67437744140625,271.7337806338356,269.85687255859375
UA.KS,279.7237854003906,277.1608352661133,273.9361877441406
UA.KM,272.7424011230469,272.35990058051215,272.03619384765625
UA.KV,272.7646179199219,271.90194574991864,270.13470458984375
UA.KC,272.3107604980469,272.0669708251953,271.8029479980469
UA.KH,274.3766174316406,273.5401809692383,272.61627197265625
UA.LV,274.8368835449219,272.80116182215073,271.95391845703125
UA.LH,272.8966979980469,270.4769398082386,268.2494201660156
UA.MY,277.4413757324219,274.93045204564146,273.4579162597656
UA.OD,282.0738830566406,276.1666144009294,273.44927978515625
UA.PL,273.5795593261719,272.206694169478,270.02398681640625
UA.RV,272.58135986328125,272.1170711517334,271.7479553222656
UA.SC,285.61065673828125,285.1748275756836,284.23516845703125
UA.SM,271.5528869628906,269.91193320534444,268.3622741699219
UA.TP,272.6388244628906,272.25965009416853,271.12933349609375
UA.ZK,275.9029846191406,274.2077657063802,271.8701477050781
UA.VI,273.5097351074219,272.91282806396487,272.42218017578125
UA.VO,272.8971252441406,272.2625312805176,271.7819519042969
UA.ZP,277.68927001953125,275.4430431019176,273.7104187011719
UA.ZT,272.5709533691406,272.1863278475675,271.5541076660156
