HASC_1,Max,Mean,Min
UA.CK,299.75994873046875,298.01796842876234,294.7446594238281
UA.CH,297.21502685546875,294.74316040039065,292.7771911621094
UA.CV,296.76971435546875,292.69033578725964,289.4861755371094
UA.KR,300.8387145996094,299.0734239058061,297.1616516113281
UA.DP,301.2007141113281,299.99246802696814,299.3269958496094
UA.DT,301.9715270996094,300.11341639927457,299.1938781738281
UA.IF,293.4624328613281,291.38281059265137,289.4861755371094
UA.KK,299.8963317871094,298.0526399158296,295.6531677246094
UA.KS,301.2007141113281,299.7241729736328,297.8680114746094
UA.KM,295.3494567871094,294.0574425591363,292.9409484863281
UA.KV,298.0561828613281,294.9729741414388,293.3396911621094
UA.KC,294.4429016113281,294.1678237915039,293.8201599121094
UA.KH,300.0464172363281,299.50792694091797,298.3621520996094
UA.LV,294.7270812988281,292.9305024988511,290.2840270996094
UA.LH,300.7723083496094,298.7541198730469,295.5542297363281
UA.MY,300.3152770996094,299.73620123612255,298.8257141113281
UA.OD,300.5125427246094,299.238037109375,297.3934020996094
UA.PL,299.79705810546875,298.49424882368606,296.5789489746094
UA.RV,293.50994873046875,293.1022777557373,292.77850341796875
UA.SC,299.06854248046875,298.40740966796875,297.8035583496094
UA.SM,297.54022216796875,296.08771722966975,294.8143005371094
UA.TP,294.4692687988281,293.10274832589283,290.6893005371094
UA.ZK,294.9516906738281,292.7140319824219,289.4927062988281
UA.VI,298.60174560546875,295.94505462646487,293.3396911621094
UA.VO,295.1108703613281,293.7509365081787,292.78338623046875
UA.ZP,301.9715270996094,300.4580438787287,298.4363708496094
UA.ZT,294.8211364746094,294.002949107777,293.0317687988281
