HASC_1,Max,Mean,Min
UA.CK,274.2809143066406,274.05230712890625,273.8409729003906
UA.CH,274.20684814453125,273.2229016113281,272.1237487792969
UA.CV,274.5376892089844,272.45686692457934,269.3313293457031
UA.KR,281.73089599609375,278.65899935635656,274.7132873535156
UA.DP,274.39068603515625,273.76649357722357,273.3651123046875
UA.DT,276.2937927246094,274.03445579892116,273.1686096191406
UA.IF,273.94976806640625,271.2731819152832,269.3313293457031
UA.KK,273.6479187011719,273.43141392299106,273.1461181640625
UA.KS,278.76141357421875,275.8087463378906,273.8185119628906
UA.KM,274.30938720703125,273.62761942545575,273.3034362792969
UA.KV,274.20684814453125,273.76973088582355,273.19085693359375
UA.KC,274.0303649902344,273.8261947631836,273.679931640625
UA.KH,274.4817199707031,274.04544830322266,273.7092590332031
UA.LV,274.1031799316406,272.5354111615349,269.3351135253906
UA.LH,275.116455078125,273.8872541947798,273.2662048339844
UA.MY,276.5319519042969,274.5238101356908,273.8185119628906
UA.OD,279.4919738769531,275.16325746733565,274.0472717285156
UA.PL,274.14788818359375,273.7686073996804,273.2593078613281
UA.RV,273.85833740234375,273.67187881469727,273.4908447265625
UA.SC,281.73089599609375,280.6325149536133,277.9367370605469
UA.SM,273.8387451171875,273.14426214044744,272.2513732910156
UA.TP,274.210205078125,273.3015354701451,270.5461120605469
UA.ZK,273.5858459472656,271.4132527669271,269.3360290527344
UA.VI,274.5376892089844,273.9022872924805,273.4342956542969
UA.VO,274.3244934082031,273.90048027038574,273.6248779296875
UA.ZP,276.7720642089844,274.77019292658025,273.5685729980469
UA.ZT,273.9247741699219,273.5616649280895,273.1863098144531
