HASC_1,Max,Mean,Min
UA.CK,272.0144958496094,270.82689465974505,269.12811279296875
UA.CH,269.1403503417969,266.420654296875,263.9368896484375
UA.CV,270.2188415527344,268.5531029334435,266.23870849609375
UA.KR,279.87249755859375,276.2241030606356,272.51177978515625
UA.DP,271.8829040527344,270.83914067195013,268.7401123046875
UA.DT,274.31829833984375,269.6579967680432,266.1878356933594
UA.IF,270.2427062988281,267.88178634643555,266.0706481933594
UA.KK,270.9131774902344,266.81719680059524,263.0939025878906
UA.KS,277.6184387207031,273.19716186523436,271.3647766113281
UA.KM,270.2188415527344,269.66285196940106,268.9463806152344
UA.KV,271.4718933105469,268.85230763753253,265.0498962402344
UA.KC,269.6634216308594,268.9412384033203,268.0415344238281
UA.KH,272.0144958496094,271.20759735107424,269.83489990234375
UA.LV,271.80767822265625,268.9452335133272,266.0706481933594
UA.LH,270.09234619140625,265.6396498246626,262.7096252441406
UA.MY,274.7969055175781,271.89104582134047,271.27862548828125
UA.OD,278.7497863769531,272.9285246750404,270.47821044921875
UA.PL,271.07183837890625,269.1643038662997,266.1698913574219
UA.RV,270.05072021484375,268.65632820129395,265.3741760253906
UA.SC,279.8972473144531,278.57218170166016,275.5906677246094
UA.SM,268.7644348144531,265.6318151300604,263.6041564941406
UA.TP,270.09173583984375,268.9720480782645,266.517822265625
UA.ZK,273.1406555175781,270.63869222005206,266.6020202636719
UA.VI,271.58416748046875,270.2654342651367,269.4942932128906
UA.VO,270.4931335449219,269.5993766784668,267.5926208496094
UA.ZP,275.0943298339844,271.98318620161575,269.6675109863281
UA.ZT,270.5071716308594,268.4757482355291,264.5216064453125
