HASC_1,Max,Mean,Min
UA.CK,277.50628662109375,276.357277318051,275.61175537109375
UA.CH,276.88079833984375,276.312685546875,275.7393493652344
UA.CV,276.8581848144531,274.5275479830228,270.8780212402344
UA.KR,281.47650146484375,279.6095428466797,276.37347412109375
UA.DP,278.3306579589844,277.02978515625,276.2032165527344
UA.DT,279.28900146484375,277.19847615559894,276.3872985839844
UA.IF,276.3425598144531,273.6993408203125,270.8780212402344
UA.KK,276.8594665527344,276.32063947405135,276.0025329589844
UA.KS,279.8576965332031,278.75509185791014,277.29827880859375
UA.KM,276.8581848144531,275.97412448459204,275.4944152832031
UA.KV,277.1155090332031,276.08436330159503,275.34613037109375
UA.KC,276.4470520019531,276.0682601928711,275.7032165527344
UA.KH,277.29827880859375,276.46251220703124,276.1477355957031
UA.LV,277.08587646484375,275.58311731675093,272.46527099609375
UA.LH,277.7281188964844,276.9848077947443,276.3872985839844
UA.MY,278.9856262207031,277.20105944181745,276.1641540527344
UA.OD,280.7756652832031,277.58747495453935,276.2732238769531
UA.PL,277.50628662109375,276.5846141468395,276.0896301269531
UA.RV,277.45452880859375,276.52893257141113,275.95501708984375
UA.SC,281.47650146484375,280.4907455444336,278.36322021484375
UA.SM,276.72796630859375,276.3326679576527,275.7525329589844
UA.TP,276.8581848144531,275.62181527274,272.69036865234375
UA.ZK,278.0157165527344,275.243320719401,271.23822021484375
UA.VI,276.7085876464844,275.9341278076172,275.27288818359375
UA.VO,278.17913818359375,277.215087890625,276.2950134277344
UA.ZP,279.7085876464844,278.12354070490056,276.5769348144531
UA.ZT,276.3943176269531,275.7027671120384,275.27288818359375
