HASC_1,Max,Mean,Min
UA.CK,284.29376220703125,283.3970031738281,282.9356994628906
UA.CH,283.4662780761719,282.7738891601563,282.1095275878906
UA.CV,285.0395202636719,282.0459641676683,278.8448791503906
UA.KR,289.6332702636719,287.09701399369675,285.9884338378906
UA.DP,288.68634033203125,287.1123821551983,285.0196838378906
UA.DT,288.39044189453125,287.0700959705171,286.47637939453125
UA.IF,282.80059814453125,280.40802001953125,278.2667541503906
UA.KK,287.0580749511719,286.1339954194568,284.2778015136719
UA.KS,289.6332702636719,287.71737518310545,285.56622314453125
UA.KM,284.09259033203125,282.6695031060113,281.5655822753906
UA.KV,283.7159729003906,283.0068003336589,282.6537780761719
UA.KC,283.26837158203125,283.0685806274414,282.84552001953125
UA.KH,286.79571533203125,284.5083923339844,283.0326843261719
UA.LV,282.3321838378906,281.0834206973805,278.2667541503906
UA.LH,287.5492858886719,286.6998485218395,286.02520751953125
UA.MY,288.18145751953125,286.0800138774671,283.8578796386719
UA.OD,288.86407470703125,286.31475303912987,283.8578796386719
UA.PL,286.52716064453125,284.44117736816406,282.69805908203125
UA.RV,282.5567932128906,282.0676670074463,281.5655822753906
UA.SC,286.6733093261719,286.41363525390625,286.0665588378906
UA.SM,285.3536682128906,283.34575722434306,282.42364501953125
UA.TP,283.56622314453125,281.7975289481027,279.24786376953125
UA.ZK,284.6896057128906,282.02809448242186,278.88848876953125
UA.VI,285.0395202636719,283.61339263916017,282.6612854003906
UA.VO,282.0392150878906,281.8258857727051,281.4145202636719
UA.ZP,289.6332702636719,287.89671325683594,286.6144104003906
UA.ZT,282.90313720703125,282.6408261385831,282.25372314453125
