HASC_1,Max,Mean,Min
IN.AN,301.2333068847656,300.54921468098956,300.1239318847656
IN.AP,301.96051025390625,299.0550453499572,296.32379150390625
IN.AR,300.1629943847656,292.27819256449857,279.3851623535156
IN.AS,300.87847900390625,298.5558880892667,294.5939636230469
IN.BR,300.93707275390625,299.5876398501189,286.0213928222656
IN.CH,303.08551025390625,303.08551025390625,303.08551025390625
IN.CT,300.1571350097656,299.06090958392036,297.0959167480469
IN.DN,301.36480712890625,300.31468200683594,299.2645568847656
IN.DD,301.5256042480469,301.44520568847656,301.36480712890625
IN.GA,300.7072448730469,300.1550064086914,299.8817443847656
IN.GJ,302.3465881347656,300.9393041992187,297.79644775390625
IN.HR,306.1415100097656,304.0975777762277,299.47808837890625
IN.HP,303.3348693847656,289.24734687805176,271.00347900390625
IN.JK,301.60308837890625,281.6023378725405,267.3053283691406
IN.JH,300.7411193847656,299.2364262172154,297.3576354980469
IN.KA,300.4149475097656,297.5949538793319,295.2736511230469
IN.KL,300.44097900390625,298.89901245117187,294.8254089355469
IN.LD,300.9455261230469,300.77431030273436,300.6017761230469
IN.MP,305.1252136230469,300.0472514629364,297.0959167480469
IN.MH,301.36480712890625,298.93578776375193,296.3888854980469
IN.MN,300.1174011230469,296.6107503255208,293.4979553222656
IN.ML,300.8888854980469,299.1697368621826,294.5939636230469
IN.MZ,301.15386962890625,298.1481113433838,295.3758850097656
IN.NL,299.49176025390625,296.0496564592634,293.0780334472656
IN.DL,304.9579162597656,304.45616658528644,304.1388854980469
IN.OR,302.1766662597656,299.4491070018095,296.95269775390625
IN.PY,301.56597900390625,300.7504425048828,299.73785400390625
IN.PB,305.69293212890625,303.0740299931279,296.6076354980469
IN.RJ,306.1415100097656,302.80611072887075,298.08551025390625
IN.SK,294.91558837890625,287.0432891845703,277.6955261230469
IN.TN,301.62652587890625,299.0099392594962,294.8254089355469
IN.TG,300.1056823730469,298.77078117208276,297.17926025390625
IN.TR,302.06793212890625,300.47691650390624,299.5783386230469
IN.UP,305.1252136230469,301.6089933791963,297.84527587890625
IN.UT,302.96441650390625,293.6848918369838,272.5099792480469
IN.WB,302.53277587890625,300.2739287731694,293.9943542480469
