HASC_1,Max,Mean,Min
IN.AN,302.4605407714844,302.0334955851237,301.4592590332031
IN.AP,301.8401184082031,298.9246441566781,295.2300720214844
IN.AR,302.73333740234375,294.18934382948765,281.2437438964844
IN.AS,302.73333740234375,299.2682779485529,293.8912048339844
IN.BR,301.3342590332031,300.4027524201766,287.9670715332031
IN.CH,303.00677490234375,303.00677490234375,303.00677490234375
IN.CT,299.3414001464844,297.75217575323387,295.7776184082031
IN.DN,300.9605407714844,299.84661865234375,298.7326965332031
IN.DD,300.9605407714844,300.8736267089844,300.7867126464844
IN.GA,301.07122802734375,300.6044235229492,299.9468688964844
IN.GJ,302.02239990234375,300.30677408854166,296.7541809082031
IN.HR,305.7515563964844,303.2866309029715,301.0002746582031
IN.HP,303.0823059082031,291.88261222839355,275.58099365234375
IN.JK,302.1890563964844,284.8667975531684,271.5195617675781
IN.JH,300.8537902832031,299.1618957519531,297.2366027832031
IN.KA,301.1682434082031,297.81860781938605,295.4527282714844
IN.KL,301.2339782714844,299.44226806640626,295.3550720214844
IN.LD,301.3889465332031,301.3216278076172,301.0881652832031
IN.MP,302.4123840332031,298.8583354949951,296.4039001464844
IN.MH,301.08880615234375,297.9352409487865,295.9566345214844
IN.MN,300.41302490234375,297.0087910970052,295.03216552734375
IN.ML,301.5022277832031,299.285888671875,293.8912048339844
IN.MZ,300.41302490234375,297.83862495422363,294.7932434082031
IN.NL,300.69427490234375,297.4082794189453,295.3049621582031
IN.DL,303.07708740234375,302.87331136067706,302.55950927734375
IN.OR,301.99896240234375,298.12223052978516,295.2300720214844
IN.PY,302.1949157714844,301.0023193359375,300.1460876464844
IN.PB,306.1623840332031,303.19818115234375,297.49310302734375
IN.RJ,307.0998840332031,302.2366915616122,297.9807434082031
IN.SK,296.3694152832031,288.1596488952637,277.9971618652344
IN.TN,302.9846496582031,299.79322236159754,295.3550720214844
IN.TG,299.2359313964844,297.9887942050366,296.7593688964844
IN.TR,301.2945251464844,300.16790771484375,299.26458740234375
IN.UP,303.8921813964844,301.3447295840424,298.03216552734375
IN.UT,302.3472595214844,295.22610364641463,278.0542907714844
IN.WB,301.8967590332031,300.3288388719746,295.19036865234375
