HASC_1,Max,Mean,Min
IN.AN,301.5322570800781,301.16518274943036,300.4729919433594
IN.AP,299.4456481933594,296.4696939546768,289.6225891113281
IN.AR,292.22332763671875,281.846036689226,263.9020080566406
IN.AS,292.59539794921875,289.77474351362747,284.5185852050781
IN.BR,291.4646911621094,287.58998704993206,274.1193542480469
IN.CH,284.4155578613281,284.4155578613281,284.4155578613281
IN.CT,296.4808044433594,289.50637016921746,284.1567687988281
IN.DN,295.5342102050781,293.82220458984375,292.1101989746094
IN.DD,295.5342102050781,295.39634704589844,295.25848388671875
IN.GA,300.71746826171875,299.96356201171875,299.2422180175781
IN.GJ,295.5713195800781,291.010498046875,287.1709289550781
IN.HR,285.24871826171875,283.44380950927734,281.9804992675781
IN.HP,285.24871826171875,271.7262177467346,248.6502227783203
IN.JK,284.24237060546875,260.0519869769061,241.9664764404297
IN.JH,289.9077453613281,287.1364520844959,283.6390075683594
IN.KA,301.36590576171875,297.17947778946314,294.1175231933594
IN.KL,301.6543273925781,300.00754638671873,295.88934326171875
IN.LD,301.99578857421875,301.5144744873047,301.19500732421875
IN.MP,293.34344482421875,287.4097979068756,282.5762023925781
IN.MH,300.19891357421875,293.9919816314197,289.4007263183594
IN.MN,292.4267883300781,289.24559326171874,284.5594177246094
IN.ML,292.8665466308594,290.58493995666504,285.5745544433594
IN.MZ,294.92840576171875,291.6528720855713,288.09295654296875
IN.NL,290.35076904296875,287.6522456577846,283.4222106933594
IN.DL,283.5549621582031,283.4052429199219,283.1994934082031
IN.OR,295.96453857421875,290.5068063174977,286.7127380371094
IN.PY,301.3831481933594,299.39915974934894,298.08660888671875
IN.PB,285.1346130371094,282.7626286259404,280.9184875488281
IN.RJ,291.1512145996094,285.42191823323566,281.4161071777344
IN.SK,286.7386169433594,274.7654037475586,260.5547180175781
IN.TN,301.2763977050781,298.2660554030846,295.1292419433594
IN.TG,299.1377258300781,296.55510955161236,294.2695617675781
IN.TR,294.08856201171875,293.2082244873047,292.14422607421875
IN.UP,287.50408935546875,284.01272401715266,282.42401123046875
IN.UT,285.8816833496094,278.1066153390067,252.14013671875
IN.WB,293.26727294921875,289.7128708783318,284.9466247558594
