HASC_1,Max,Mean,Min
IN.AN,303.1266784667969,302.39522043863934,301.9652099609375
IN.AP,311.3669128417969,305.637316560092,300.7946472167969
IN.AR,300.2171630859375,290.84315668150435,275.8257141113281
IN.AS,301.1794128417969,298.509370283647,293.4469909667969
IN.BR,309.4476318359375,304.31086266559106,283.8606872558594
IN.CH,307.0400695800781,307.0400695800781,307.0400695800781
IN.CT,312.1045227050781,308.3001018586706,305.3388977050781
IN.DN,304.6800537109375,303.9411163330078,303.2021789550781
IN.DD,303.2021789550781,303.0169677734375,302.8317565917969
IN.GA,303.6774597167969,303.55130767822266,303.3486633300781
IN.GJ,309.7341003417969,306.2662532552083,301.8330383300781
IN.HR,310.9287414550781,309.3495788574219,304.8662414550781
IN.HP,307.9417724609375,291.28876972198486,270.92401123046875
IN.JK,307.7926940917969,282.3050446686921,266.42681884765625
IN.JH,309.2679443359375,305.3363037109375,302.3642883300781
IN.KA,310.0719909667969,303.10134652944714,298.1520690917969
IN.KL,303.7093505859375,301.7533898925781,297.5426940917969
IN.LD,303.7138977050781,303.38245849609376,302.6820068359375
IN.MP,311.6201477050781,309.1176960468292,305.8363037109375
IN.MH,312.1045227050781,306.98235008364816,302.3024597167969
IN.MN,300.4189758300781,295.9897989908854,291.7617492675781
IN.ML,301.1579284667969,299.12524223327637,293.5589599609375
IN.MZ,301.0986633300781,298.2937183380127,294.9564208984375
IN.NL,300.3681945800781,295.2342049734933,291.1406555175781
IN.DL,310.1911315917969,310.0400797526042,309.9202880859375
IN.OR,310.5498352050781,305.7528825647691,301.4834289550781
IN.PY,307.0426940917969,304.87721252441406,302.7301940917969
IN.PB,311.0224914550781,308.54557404694737,299.7503662109375
IN.RJ,311.4691162109375,309.4812159682765,306.8708190917969
IN.SK,295.0560302734375,284.35325622558594,273.1233825683594
IN.TN,307.0426940917969,302.71236866918105,297.5426940917969
IN.TG,311.9365539550781,309.847138100482,306.2419128417969
IN.TR,301.6930847167969,300.6124755859375,299.8037414550781
IN.UP,312.0539855957031,308.9731702143603,304.0817565917969
IN.UT,308.0888977050781,295.4947934831892,271.5791931152344
IN.WB,304.4697570800781,301.5523023418352,292.7783508300781
