HASC_1,Max,Mean,Min
IN.AN,301.558349609375,301.12616475423175,300.7471618652344
IN.AP,298.690185546875,293.76653634685357,288.3975524902344
IN.AR,291.4222717285156,281.8879635833031,264.985595703125
IN.AS,290.9398498535156,288.69156369295985,283.6669006347656
IN.BR,289.7051696777344,286.9421008566151,275.2091369628906
IN.CH,285.0414123535156,285.0414123535156,285.0414123535156
IN.CT,293.6937561035156,289.40323126120643,285.7792053222656
IN.DN,298.130615234375,297.759033203125,297.387451171875
IN.DD,298.130615234375,297.8973846435547,297.6641540527344
IN.GA,301.1104431152344,300.6207733154297,300.1338806152344
IN.GJ,298.130615234375,294.1667203776042,290.843505859375
IN.HR,288.0194396972656,286.52217973981584,285.0020446777344
IN.HP,286.603271484375,274.4097647666931,250.141357421875
IN.JK,286.5264587402344,262.8959319503219,244.7945098876953
IN.JH,289.8399353027344,287.52911376953125,285.6563415527344
IN.KA,301.4964904785156,295.24591651329627,291.6146545410156
IN.KL,301.579833984375,299.56796997070313,294.6514587402344
IN.LD,301.3871154785156,301.28321533203126,301.1644592285156
IN.MP,294.850341796875,289.8517999649048,287.2164001464844
IN.MH,301.1104431152344,293.1065831418897,289.6250915527344
IN.MN,292.343505859375,288.4478312174479,284.869384765625
IN.ML,290.5160217285156,288.59585189819336,283.6669006347656
IN.MZ,291.4756774902344,289.09648513793945,286.481689453125
IN.NL,290.3125915527344,287.4937940325056,284.2100524902344
IN.DL,286.8939514160156,286.64466349283856,286.2860412597656
IN.OR,296.9632873535156,290.3714949663948,287.3164978027344
IN.PY,301.4834899902344,297.75078837076825,295.3926696777344
IN.PB,287.1197204589844,285.7174083568432,284.0355529785156
IN.RJ,293.6260681152344,289.74932838208747,286.6566467285156
IN.SK,285.7256774902344,275.05786514282227,262.0361633300781
IN.TN,301.0902404785156,296.1290214801657,292.0248107910156
IN.TG,294.253662109375,292.66992057637964,290.843505859375
IN.TR,292.626708984375,290.6135223388672,289.987060546875
IN.UP,290.5567321777344,287.7921792209739,285.3627014160156
IN.UT,289.026123046875,281.05275290352955,256.4609680175781
IN.WB,293.7123107910156,288.57186231426164,284.7657165527344
