HASC_1,Max,Mean,Min
IN.AN,303.3925476074219,302.34532928466797,301.4205627441406
IN.AP,309.53448486328125,305.6879774119756,302.54229736328125
IN.AR,297.9859924316406,286.97059311977654,271.8898620605469
IN.AS,299.24542236328125,296.15889115767044,289.3258361816406
IN.BR,305.06378173828125,302.1352194081182,280.0211486816406
IN.CH,301.8163757324219,301.8163757324219,301.8163757324219
IN.CT,308.95831298828125,305.11812704117574,300.02081298828125
IN.DN,305.1952819824219,304.02503967285156,302.85479736328125
IN.DD,302.85479736328125,302.49119567871094,302.1275939941406
IN.GA,303.6256408691406,303.15997314453125,302.9726257324219
IN.GJ,308.6295471191406,305.6274239095052,301.2682189941406
IN.HR,302.9264221191406,301.92063576834545,300.6754455566406
IN.HP,302.0523986816406,286.00834465026855,262.5385437011719
IN.JK,300.04522705078125,275.3012802689164,257.2694091796875
IN.JH,304.4420471191406,302.5449487595331,300.02081298828125
IN.KA,309.2936096191406,304.13650590945514,299.8307189941406
IN.KL,303.7167663574219,302.85849609375,300.04815673828125
IN.LD,303.48760986328125,303.2361083984375,302.93292236328125
IN.MP,308.08331298828125,305.33706498146057,301.3170471191406
IN.MH,308.95831298828125,306.23545962474384,302.32550048828125
IN.MN,298.2994689941406,295.262656656901,291.1598205566406
IN.ML,299.3326721191406,296.6523017883301,290.4732971191406
IN.MZ,300.0865783691406,297.5086097717285,294.59503173828125
IN.NL,297.5321960449219,294.2223096575056,290.6952819824219
IN.DL,302.3600158691406,301.9175211588542,301.6412658691406
IN.OR,307.4042663574219,304.3823901905733,301.7350158691406
IN.PY,306.17315673828125,304.8060811360677,303.2643127441406
IN.PB,302.5279846191406,300.7338381166811,293.86944580078125
IN.RJ,308.4081726074219,304.6582142223011,300.4140319824219
IN.SK,292.0797424316406,280.9155158996582,269.5505676269531
IN.TN,307.37042236328125,304.45450723582303,300.04815673828125
IN.TG,309.2936096191406,307.88198722677026,306.2057189941406
IN.TR,300.6920471191406,299.4130035400391,298.48370361328125
IN.UP,305.4107971191406,302.31518735980046,298.6366882324219
IN.UT,302.37628173828125,290.328114100865,265.5760192871094
IN.WB,303.6230163574219,301.2247362323836,290.00811767578125
