HASC_1,Max,Mean,Min
IN.AN,301.2732849121094,300.5039367675781,299.95428466796875
IN.AP,298.2768859863281,293.1947610933487,288.9988708496094
IN.AR,290.8455505371094,282.60110970430594,269.2923278808594
IN.AS,290.9897766113281,289.00243377685547,284.4910583496094
IN.BR,290.44061279296875,288.4741157863451,276.98846435546875
IN.CH,285.82684326171875,285.82684326171875,285.82684326171875
IN.CT,293.1424255371094,289.494152631916,287.3064880371094
IN.DN,297.32635498046875,295.98878479003906,294.6512145996094
IN.DD,297.32635498046875,297.30567932128906,297.2850036621094
IN.GA,300.7759094238281,300.0970230102539,299.22869873046875
IN.GJ,297.75604248046875,293.4147790527344,290.4350891113281
IN.HR,288.5965270996094,287.02047184535434,285.7698669433594
IN.HP,287.2933044433594,274.58966732025146,250.38087463378906
IN.JK,287.5854797363281,262.19178291603373,242.99595642089844
IN.JH,290.22283935546875,288.40374683198473,287.0849914550781
IN.KA,301.42498779296875,294.595448029347,290.6824645996094
IN.KL,301.1307067871094,299.1519921875,294.8130187988281
IN.LD,301.2732849121094,300.6529510498047,300.30096435546875
IN.MP,293.88104248046875,290.1983890533447,288.33807373046875
IN.MH,300.7759094238281,292.3881125528304,288.9888000488281
IN.MN,291.65252685546875,288.6292317708333,285.1372375488281
IN.ML,290.68377685546875,289.0912456512451,284.6809997558594
IN.MZ,292.1079406738281,288.91583251953125,286.8069763183594
IN.NL,290.2176208496094,287.72046552385603,284.2351989746094
IN.DL,287.7249450683594,287.31029256184894,287.0896911621094
IN.OR,296.65545654296875,290.42447258444395,287.3064880371094
IN.PY,301.0669250488281,297.606684366862,295.0034484863281
IN.PB,287.8953552246094,286.6587185329861,284.1631164550781
IN.RJ,292.90936279296875,289.6034603696881,286.7978820800781
IN.SK,286.3076477050781,277.5899085998535,265.9440612792969
IN.TN,300.5034484863281,296.1387939453125,291.70916748046875
IN.TG,292.9070739746094,291.6787953478225,289.72381591796875
IN.TR,293.29705810546875,290.6935729980469,289.53533935546875
IN.UP,291.4393005371094,289.1337102002437,286.1258239746094
IN.UT,289.9109802246094,282.1537290300642,256.12664794921875
IN.WB,293.50506591796875,289.2055993173637,285.6175231933594
