HASC_1,Max,Mean,Min
IN.AN,301.4246520996094,301.0065116882324,300.5984802246094
IN.AP,302.5301208496094,300.2834380685467,296.85888671875
IN.AR,301.8966369628906,293.199159134266,279.2097473144531
IN.AS,301.8009338378906,299.55226828835225,294.6375427246094
IN.BR,301.9949645996094,300.92859616486925,287.9737548828125
IN.CH,301.8009338378906,301.8009338378906,301.8009338378906
IN.CT,300.79052734375,299.50310678951075,298.2540588378906
IN.DN,301.8055114746094,300.86572265625,299.9259338378906
IN.DD,301.9259338378906,301.86572265625,301.8055114746094
IN.GA,301.18115234375,300.8976287841797,300.5926208496094
IN.GJ,302.4024963378906,301.1814896647135,297.7989807128906
IN.HR,305.2098083496094,302.41532026018416,300.18310546875
IN.HP,302.2059020996094,290.7781391143799,274.2326965332031
IN.JK,301.52294921875,283.5282061541522,268.6969909667969
IN.JH,301.9949645996094,300.7577885219029,298.5613708496094
IN.KA,301.36279296875,298.82402664575824,295.4601135253906
IN.KL,301.40966796875,299.20517578125,294.8468322753906
IN.LD,301.2449645996094,301.10752258300784,300.8849182128906
IN.MP,303.96826171875,300.1037905216217,298.2540588378906
IN.MH,301.8055114746094,299.97961150622757,297.52685546875
IN.MN,302.5860900878906,298.2596455891927,295.67919921875
IN.ML,301.77685546875,299.79559898376465,294.6375427246094
IN.MZ,301.06201171875,298.31862449645996,295.4109802246094
IN.NL,300.8575744628906,298.2655792236328,295.8175354003906
IN.DL,302.0398864746094,301.91075642903644,301.74951171875
IN.OR,302.7918395996094,300.0685124116785,297.41748046875
IN.PY,301.90576171875,301.2586212158203,300.4513244628906
IN.PB,305.1082458496094,302.36453134042245,297.53662109375
IN.RJ,306.8224182128906,302.42244211832684,298.58935546875
IN.SK,296.0730895996094,287.33329010009766,278.0162353515625
IN.TN,302.5008239746094,299.24645259462557,294.8468322753906
IN.TG,301.20068359375,300.2490812261054,299.30224609375
IN.TR,302.1707458496094,300.82984924316406,299.53466796875
IN.UP,304.01318359375,302.07386522954056,298.91943359375
IN.UT,303.4226989746094,295.2876706804548,276.6104736328125
IN.WB,302.82373046875,301.12744798847274,294.4015197753906
