HASC_1,Max,Mean,Min
IN.AN,301.87774658203125,301.4663683573405,300.8959655761719
IN.AP,307.6986999511719,305.0733964475867,301.81719970703125
IN.AR,297.3712463378906,286.79866418173145,268.66510009765625
IN.AS,301.8979187011719,296.4710450605913,289.0265197753906
IN.BR,302.9194030761719,301.1679024074389,279.11944580078125
IN.CH,296.6713562011719,296.6713562011719,296.6713562011719
IN.CT,307.1720275878906,303.18002219278304,298.6147155761719
IN.DN,301.6967468261719,300.6459655761719,299.5951843261719
IN.DD,300.40899658203125,300.00209045410156,299.5951843261719
IN.GA,301.5053405761719,301.15948486328125,300.8302307128906
IN.GJ,304.86993408203125,302.5154455566406,299.2540588378906
IN.HR,299.8653869628906,298.31840951102123,296.2638244628906
IN.HP,297.2862854003906,281.39343452453613,254.50660705566406
IN.JK,294.45684814453125,269.59097261782046,249.67242431640625
IN.JH,303.9591369628906,301.9352867489769,298.6147155761719
IN.KA,305.5111999511719,302.41041447566107,298.2696838378906
IN.KL,302.1954650878906,301.48829345703126,298.0483093261719
IN.LD,302.1564025878906,301.71094970703126,301.34454345703125
IN.MP,304.99298095703125,302.2498722076416,299.78594970703125
IN.MH,305.98321533203125,302.7893594210265,299.43829345703125
IN.MN,299.3822937011719,295.9005106608073,290.31231689453125
IN.ML,302.14727783203125,298.0052070617676,289.7901916503906
IN.MZ,300.54962158203125,298.8325786590576,295.84649658203125
IN.NL,297.06134033203125,293.78104509626115,289.68634033203125
IN.DL,299.2299499511719,298.9159444173177,298.7325744628906
IN.OR,307.1720275878906,303.7101126278148,301.1798400878906
IN.PY,306.1954650878906,304.2861684163411,301.9415588378906
IN.PB,298.09942626953125,296.1384910300926,290.5033874511719
IN.RJ,304.86993408203125,301.39084394050366,297.1632385253906
IN.SK,294.52032470703125,279.9057846069336,263.8945617675781
IN.TN,306.7123718261719,303.55869056438576,298.0483093261719
IN.TG,307.6138610839844,305.4114425334525,303.8100280761719
IN.TR,302.6739807128906,300.89109191894534,299.7638244628906
IN.UP,303.2338562011719,300.6266564095374,297.24884033203125
IN.UT,299.29180908203125,288.9695587158203,260.3293762207031
IN.WB,305.0470275878906,302.1141088149127,291.79473876953125
