HASC_1,Max,Mean,Min
CA.AB,279.8756408691406,262.7002716064453,246.91627502441406
CA.BC,279.1222229003906,262.87622431854703,243.91693115234375
CA.MB,275.12860107421875,263.89857850916246,246.27207946777344
CA.NB,276.0145568847656,266.95672878689237,260.47650146484375
CA.NF,272.9544982910156,260.4614950067857,249.33106994628906
CA.NT,253.45729064941406,240.09176625824682,229.96104431152344
CA.NS,276.62286376953125,272.26833132480056,267.8377990722656
CA.NU,259.97552490234375,239.0066153959506,225.55836486816406
CA.ON,275.12994384765625,262.6370117608018,253.56292724609375
CA.PE,270.5826721191406,269.177587890625,267.7613220214844
CA.QC,272.9408874511719,255.13268391612593,244.70225524902344
CA.SK,280.5665588378906,268.6358304435824,249.98130798339844
CA.YT,269.39080810546875,244.86842131614685,236.35719299316406
