HASC_1,Max,Mean,Min
CA.AB,273.16107177734375,257.3172037552814,241.67686462402344
CA.BC,282.42523193359375,261.3260145329717,240.42359924316406
CA.MB,268.7362365722656,254.95660503611845,245.02940368652344
CA.NB,271.91448974609375,264.185006374783,260.27606201171875
CA.NF,273.29486083984375,252.51250951430376,237.71397399902344
CA.NT,254.38682556152344,243.69865559159103,236.30738830566406
CA.NS,274.40545654296875,270.2779924108627,266.6918640136719
CA.NU,258.0567321777344,239.92628509470705,219.90708923339844
CA.ON,276.1741027832031,262.43487602894703,255.00563049316406
CA.PE,269.2884216308594,267.8485137939453,266.2654113769531
CA.QC,270.5320739746094,250.45745196438855,235.12217712402344
CA.SK,272.87823486328125,258.7157703917704,242.07269287109375
CA.YT,268.4281311035156,243.89433097839355,235.35394287109375
