HASC_1,Max,Mean,Min
CA.AB,287.65362548828125,283.2260176322203,272.66448974609375
CA.BC,287.1109924316406,279.6340255167947,271.6506652832031
CA.MB,289.7548522949219,284.9071223539465,277.0312194824219
CA.NB,282.13800048828125,280.0707322862413,277.9545593261719
CA.NF,280.8202819824219,275.97658179788027,267.36712646484375
CA.NT,285.88507080078125,274.74571382457054,267.61053466796875
CA.NS,282.2379455566406,279.89849139274435,278.5646057128906
CA.NU,280.1305236816406,270.17360553963607,262.2845153808594
CA.ON,287.4488830566406,283.0652268176942,274.33587646484375
CA.PE,281.6920471191406,280.7033325195313,279.9023132324219
CA.QC,283.70880126953125,275.3411436319068,267.36712646484375
CA.SK,288.0058288574219,283.474318139347,276.30889892578125
CA.YT,282.92706298828125,273.8313777923584,263.9524841308594
