HASC_1,Max,Mean,Min
DK.HS,3664873850404864.0,369732647248700.4,0.0
DK.MJ,3368425812393984.0,875034401579855.5,0.0
DK.ND,4513910233235456.0,1020551813003609.8,0.0
DK.SL,1.1931765966897152e+16,1779447590484824.5,0.0
DK.SD,1.1931765966897152e+16,1370720131119684.8,0.0
