HASC_1,Max,Mean,Min
AT.BU,0.003575260518118739,0.003265316627221182,0.003030991181731224
AT.KA,0.0038346999790519476,0.0031282621732150965,0.0027140930760651827
AT.NO,0.003624533535912633,0.003202294710920089,0.002720848424360156
AT.OO,0.003112013451755047,0.002968176151625812,0.002720848424360156
AT.SZ,0.0036771048326045275,0.0030481292866170405,0.0027140930760651827
AT.ST,0.0031862410251051188,0.002887018956243992,0.0027140930760651827
AT.TR,0.0038346999790519476,0.003241306527828177,0.0029316500294953585
AT.VO,0.0035963605623692274,0.0032579891849309206,0.002979174954816699
AT.WI,0.003389890305697918,0.00325643562246114,0.0031229809392243624
