HASC_1,Max,Mean,Min
AT.BU,0.013429529033601284,0.013018554775044322,0.01258775219321251
AT.KA,0.014877204783260822,0.01261582708155567,0.010606016032397747
AT.NO,0.013429529033601284,0.012133096706950001,0.010565802454948425
AT.OO,0.011901424266397953,0.010844421728203693,0.009620393626391888
AT.SZ,0.013022467494010925,0.011086286418139935,0.009620393626391888
AT.ST,0.013481025584042072,0.012363774701952934,0.011073953472077847
AT.TR,0.011903331615030766,0.009840761000911394,0.008567854762077332
AT.VO,0.009186946786940098,0.008722111210227012,0.008269354701042175
AT.WI,0.01258775219321251,0.012446846812963486,0.012305941432714462
