HASC_1,Max,Mean,Min
AT.BU,0.010238844901323318,0.009615737828426063,0.008975226432085037
AT.KA,0.010453739203512669,0.00938780622726137,0.008489965461194515
AT.NO,0.01174247171729803,0.010442321395708455,0.009403903037309647
AT.OO,0.012301960028707981,0.01066862721927464,0.008684276603162289
AT.SZ,0.011822580359876156,0.009729344490915537,0.008489965461194515
AT.ST,0.009949087165296078,0.009402183017560415,0.008684276603162289
AT.TR,0.011044382117688656,0.009166803645590941,0.008141794241964817
AT.VO,0.011766631156206131,0.009515673480927944,0.008141794241964817
AT.WI,0.010266819037497044,0.010252831969410181,0.010238844901323318
