HASC_1,Max,Mean,Min
AT.BU,0.006007343530654907,0.005278597003780305,0.00460798479616642
AT.KA,0.006533771753311157,0.005205685780806975,0.003963380120694637
AT.NO,0.005529711488634348,0.004583569010719657,0.004207322373986244
AT.OO,0.004744717851281166,0.004409044360121091,0.004087119363248348
AT.SZ,0.005670854821801186,0.004519614879973233,0.003895828267559409
AT.ST,0.006007343530654907,0.004856033882658396,0.004087119363248348
AT.TR,0.004887848626822233,0.004084032059957584,0.0035568764433264732
AT.VO,0.004605163354426622,0.003937122318893671,0.0036172957625240088
AT.WI,0.00460798479616642,0.004510113969445229,0.004412243142724037
