HASC_1,Max,Mean,Min
AT.BU,0.01090075820684433,0.010086599504575133,0.009222213178873062
AT.KA,0.01064247265458107,0.009762260300869291,0.00815600622445345
AT.NO,0.01090075820684433,0.0094786720453865,0.00782198179513216
AT.OO,0.010673626326024532,0.009533766657114029,0.008673612959682941
AT.SZ,0.010673626326024532,0.009396894834935665,0.007929031737148762
AT.ST,0.01090075820684433,0.009848947437214,0.008673612959682941
AT.TR,0.009500845335423946,0.008425609456996124,0.007311845663934946
AT.VO,0.01001956406980753,0.00824534920975566,0.007341329474002123
AT.WI,0.009800775907933712,0.009696745779365301,0.00959271565079689
