HASC_1,Max,Mean,Min
AT.BU,0.007621151860803366,0.007144791423343122,0.006977421697229147
AT.KA,0.008218549191951752,0.00720740846273574,0.006424687337130308
AT.NO,0.007621151860803366,0.007143047379536761,0.006520451977849007
AT.OO,0.008246921002864838,0.007301644150478144,0.006520451977849007
AT.SZ,0.008246921002864838,0.00717297219671309,0.006415229756385088
AT.ST,0.007621151860803366,0.006934403741200056,0.006520451977849007
AT.TR,0.008061431348323822,0.007016108464449644,0.006371122319251299
AT.VO,0.008523248136043549,0.007107041217386723,0.0064184884540736675
AT.WI,0.007214727345854044,0.00715154642239213,0.007088365498930216
