HASC_1,Max,Mean,Min
AT.BU,0.007280487101525068,0.0067960103042423725,0.0064477697014808655
AT.KA,0.008040484972298145,0.007163748356767676,0.006654797121882439
AT.NO,0.007580258417874575,0.00709365947275526,0.00658017210662365
AT.OO,0.00831585843116045,0.007469042669981718,0.006591616198420525
AT.SZ,0.00831585843116045,0.007412403682246804,0.006666161585599184
AT.ST,0.007280487101525068,0.006795611631657396,0.0064477697014808655
AT.TR,0.008731899783015251,0.007792752763877312,0.007173993159085512
AT.VO,0.009240367449820042,0.008314317278563976,0.007794039789587259
AT.WI,0.006911017466336489,0.006904858397319913,0.006898699328303337
