HASC_1,Max,Mean,Min
AT.BU,0.0063943564891815186,0.005867044150363654,0.0054429867304861546
AT.KA,0.006057312246412039,0.00462068138982762,0.0036372446920722723
AT.NO,0.0061427452601492405,0.005144643778395321,0.004129976499825716
AT.OO,0.004938890691846609,0.004515956136553238,0.003642251482233405
AT.SZ,0.00490869116038084,0.004151350585743785,0.0035963160917162895
AT.ST,0.006174057722091675,0.00462927870518927,0.003642251482233405
AT.TR,0.004305015318095684,0.003662519622594118,0.0028733117505908012
AT.VO,0.004687995184212923,0.0034326099790632724,0.0028733117505908012
AT.WI,0.0054429867304861546,0.005227933404967189,0.005012880079448223
