HASC_1,Max,Mean,Min
AT.BU,0.00744241988286376,0.007062698306981474,0.006637836340814829
AT.KA,0.00706540048122406,0.006276986350051381,0.005807106848806143
AT.NO,0.0075938948430120945,0.006926040372086896,0.006414040923118591
AT.OO,0.00759317958727479,0.006847148101466398,0.005807106848806143
AT.SZ,0.00759317958727479,0.006485288310796022,0.005807106848806143
AT.ST,0.006934190634638071,0.006388405238145164,0.005807106848806143
AT.TR,0.007623856421560049,0.006427466527869304,0.005892619490623474
AT.VO,0.008104667998850346,0.006781110353767872,0.005893414374440908
AT.WI,0.007107600569725037,0.006988987326622009,0.006870374083518982
