HASC_1,Max,Mean,Min
AT.BU,0.003933934029191732,0.0037489061651285738,0.0036060288548469543
AT.KA,0.003673779545351863,0.003020459891889583,0.0023439398501068354
AT.NO,0.003970054443925619,0.0036400342230788535,0.003021823475137353
AT.OO,0.003612187458202243,0.0032526605452100434,0.00240954477339983
AT.SZ,0.003612187458202243,0.0028751523001119494,0.0023439398501068354
AT.ST,0.0036822434049099684,0.003161529760940799,0.00240954477339983
AT.TR,0.002896574093028903,0.002449057282259067,0.002116250107064843
AT.VO,0.002650645561516285,0.0023067664355039597,0.002116250107064843
AT.WI,0.003760961117222905,0.003652679384686053,0.0035443976521492004
