HASC_1,Max,Mean,Min
AT.BU,0.008068352937698364,0.007679323374759406,0.007283240556716919
AT.KA,0.008521188981831074,0.007120443804358894,0.005685994401574135
AT.NO,0.008068352937698364,0.007313912656779091,0.006633073091506958
AT.OO,0.007929831743240356,0.007107347055959205,0.005887060891836882
AT.SZ,0.007929831743240356,0.006785986572504043,0.005685994401574135
AT.ST,0.008068352937698364,0.007073545562369483,0.005887060891836882
AT.TR,0.007809668779373169,0.0062655054964125155,0.00516965938732028
AT.VO,0.008452445268630981,0.006395464763045311,0.00516965938732028
AT.WI,0.007550110574811697,0.007451444864273071,0.007352779153734446
