HASC_1,Max,Mean,Min
AT.BU,0.0056246258318424225,0.0050291059305891395,0.004418148193508387
AT.KA,0.005570584442466497,0.004149847981435331,0.0028831500094383955
AT.NO,0.005319688469171524,0.0043617800240301425,0.0033331450540572405
AT.OO,0.004539066459983587,0.0038894552271813154,0.0028831500094383955
AT.SZ,0.004539066459983587,0.003634583787061274,0.0028831500094383955
AT.ST,0.0053866044618189335,0.004116141569933721,0.0028831500094383955
AT.TR,0.004160696174949408,0.0032492748306443293,0.0026262940373271704
AT.VO,0.00446777930483222,0.0033356168773025275,0.0026262940373271704
AT.WI,0.004418148193508387,0.004301521927118301,0.004184895660728216
