HASC_1,Max,Mean,Min
AT.BU,0.007969317957758904,0.007410196412820369,0.007132945582270622
AT.KA,0.007005471270531416,0.005631634076549249,0.00437309080734849
AT.NO,0.007871407084167004,0.006933190368322862,0.005669929087162018
AT.OO,0.007321931887418032,0.0063473063831528025,0.0044197808019816875
AT.SZ,0.007321931887418032,0.0055116111878305675,0.00437309080734849
AT.ST,0.007191755343228579,0.005898166713970048,0.0044197808019816875
AT.TR,0.006559230387210846,0.004995183103407423,0.0037527254316955805
AT.VO,0.006977258250117302,0.004790275590494275,0.0037527254316955805
AT.WI,0.007211623713374138,0.007015286013484001,0.0068189483135938644
