HASC_1,Max,Mean,Min
AT.BU,0.004966812673956156,0.004693560360465199,0.00429785018786788
AT.KA,0.004980958998203278,0.0037145825229923835,0.0024136679712682962
AT.NO,0.004882730543613434,0.004132871011582513,0.00330284982919693
AT.OO,0.003714638529345393,0.0032395183807238936,0.0026299133896827698
AT.SZ,0.003985958639532328,0.0030350324232131243,0.002318320330232382
AT.ST,0.004834569990634918,0.003673583668257509,0.0026299133896827698
AT.TR,0.0032747562509030104,0.0026286592707037925,0.0021282609086483717
AT.VO,0.002976177027449012,0.0025032616686075926,0.0022036011796444654
AT.WI,0.004439271986484528,0.004297015490010381,0.004154758993536234
