HASC_1,Max,Mean,Min
AT.BU,0.0019932438153773546,0.001832005858886987,0.0016767829656600952
AT.KA,0.002730116480961442,0.001738946154628965,0.0010634911013767123
AT.NO,0.0018728425493463874,0.0016477168473001155,0.001454576849937439
AT.OO,0.0016930947313085198,0.0015225517854560167,0.0011748027754947543
AT.SZ,0.0017762631177902222,0.0014163981308229268,0.0010634911013767123
AT.ST,0.0019932438153773546,0.001618419383053801,0.0011748027754947543
AT.TR,0.0015184929361566901,0.0012199071662810943,0.000959143100772053
AT.VO,0.0016919622430577874,0.0012108863214962185,0.000959143100772053
AT.WI,0.0016767829656600952,0.0016329934005625546,0.001589203835465014
