HASC_1,Max,Mean,Min
AT.BU,0.004705095663666725,0.0046156340395100415,0.00446922006085515
AT.KA,0.004864637274295092,0.0038887068248269234,0.003241364611312747
AT.NO,0.004723175894469023,0.004389188769790862,0.003598356619477272
AT.OO,0.004557037726044655,0.003994846444887419,0.0033273145090788603
AT.SZ,0.004557037726044655,0.0036986471619457006,0.0030524174217134714
AT.ST,0.004660471808165312,0.0038740789417975713,0.0033273145090788603
AT.TR,0.004287067800760269,0.003365666357179483,0.0027910908684134483
AT.VO,0.0047524613328278065,0.0033694108482450248,0.0027910908684134483
AT.WI,0.004612589254975319,0.004472816362977028,0.004333043470978737
