HASC_1,Max,Mean,Min
AT.BU,9560079657336832.0,3848600188383687.0,0.0
AT.KA,5963422504058880.0,2648180797353611.5,0.0
AT.NO,1.2807369138372608e+16,4134273630775978.5,0.0
AT.OO,8150268453584896.0,2831760330213668.5,0.0
AT.SZ,7306963436175360.0,1624183984007850.8,0.0
AT.ST,5963422504058880.0,3145017071064405.5,0.0
AT.TR,4043348516012032.0,1230168512475955.2,0.0
AT.VO,4011288732631040.0,1568918675477845.2,0.0
AT.WI,1.130517533556736e+16,9602278963718826.0,7784938535387136.0
