HASC_1,Max,Mean,Min
IT.AB,287.1092224121094,284.7844000922309,282.2412109375
IT.SD,293.2677307128906,288.5708969116211,284.1492614746094
IT.PU,292.7638244628906,287.85496520996094,284.6383361816406
IT.LB,293.4230041503906,290.70001002720426,286.79541015625
IT.CM,293.2625427246094,290.20698963512075,285.63623046875
IT.ER,290.3826599121094,285.26997545030383,282.47998046875
IT.FV,288.1033630371094,283.68815443250867,278.2386169433594
IT.LZ,292.8875427246094,288.9135544720818,282.3785705566406
IT.LG,290.9871520996094,287.62158203125,282.56103515625
IT.LM,286.3914489746094,282.5948685355808,274.1070251464844
IT.MH,288.2228088378906,284.78036159939234,282.3785705566406
IT.ML,291.69873046875,287.0805473327637,284.1492614746094
IT.PM,290.9871520996094,281.3967076351768,273.5794372558594
IT.SC,294.1121520996094,291.89762429630053,288.74365234375
IT.TT,295.3937072753906,292.78074137369794,289.0828552246094
IT.TC,291.8309020996094,288.28135681152344,282.47998046875
IT.BC,285.4640197753906,279.04869431715747,274.1070251464844
IT.UM,289.87744140625,285.03596666124133,282.3785705566406
IT.VB,282.6316833496094,278.62203216552734,276.287109375
IT.VN,288.6033630371094,283.8593785903033,277.10009765625
