HASC_1,Max,Mean,Min
IT.AB,282.25506591796875,279.3171149359809,277.1470031738281
IT.SD,286.2949523925781,281.55684051513674,277.89324951171875
IT.PU,286.82196044921875,281.3960479736328,278.6651306152344
IT.LB,287.11688232421875,284.1230207170759,280.15252685546875
IT.CM,287.36297607421875,284.18389892578125,278.81439208984375
IT.ER,285.9969177246094,278.000244140625,275.5797424316406
IT.FV,279.29803466796875,275.9979078504774,272.8643493652344
IT.LZ,287.0713195800781,283.7456593232996,277.6272888183594
IT.LG,286.21160888671875,281.9550698020241,275.9449157714844
IT.LM,278.8714294433594,274.5023153553838,265.5643005371094
IT.MH,281.2293395996094,278.7235344780816,276.4078063964844
IT.ML,285.7034606933594,280.4099426269531,277.89324951171875
IT.PM,286.1741638183594,273.8744715640419,265.1102294921875
IT.SC,288.10418701171875,285.8981628417969,282.9360656738281
IT.TT,289.1230773925781,286.34055379231773,281.1860656738281
IT.TC,287.1839294433594,282.8998229980469,275.5797424316406
IT.BC,276.9060974121094,271.7099139873798,264.6900939941406
IT.UM,284.50457763671875,279.66615125868054,276.4078063964844
IT.VB,272.0035095214844,269.23338317871094,266.3139343261719
IT.VN,281.1033630371094,276.1070556640625,270.8226013183594
