HASC_1,Max,Mean,Min
IT.AB,290.6727600097656,287.3171691894531,284.2131042480469
IT.SD,296.1571350097656,291.13316497802737,286.53375244140625
IT.PU,294.2746276855469,289.7293243408203,286.53375244140625
IT.LB,296.4090881347656,292.7174399239676,288.5627136230469
IT.CM,294.9640808105469,292.05446555397725,287.7958068847656
IT.ER,293.8817443847656,289.2235344780816,287.2316589355469
IT.FV,290.9591979980469,286.64766777886285,278.66607666015625
IT.LZ,294.91656494140625,291.4909362792969,284.5783386230469
IT.LG,294.2492370605469,290.56189519708806,286.09039306640625
IT.LM,291.61773681640625,285.1612256920856,272.8043518066406
IT.MH,290.05914306640625,287.59393310546875,284.5783386230469
IT.ML,293.5480651855469,289.4072074890137,286.6740417480469
IT.PM,294.2492370605469,282.4068346525493,272.1558532714844
IT.SC,295.4833068847656,292.9185737161075,289.5536193847656
IT.TT,296.5848693847656,294.125971476237,290.2765808105469
IT.TC,294.5890808105469,291.96809539794924,287.6190490722656
IT.BC,289.2040100097656,280.42344548152045,272.8043518066406
IT.UM,292.44781494140625,288.7117750379774,284.5783386230469
IT.VB,278.6359558105469,276.4721908569336,274.1234436035156
IT.VN,291.61773681640625,287.2128475413603,276.99322509765625
