HASC_1,Max,Mean,Min
IT.AB,296.2867431640625,294.16777886284723,291.4592590332031
IT.SD,297.2672119140625,295.10850524902344,293.5211181640625
IT.PU,295.4814147949219,294.6130126953125,293.7170715332031
IT.LB,296.4586181640625,295.10838317871094,293.9599304199219
IT.CM,296.4299621582031,295.05574174360794,294.0894775390625
IT.ER,298.3062744140625,294.65229966905383,292.0767822265625
IT.FV,295.9449462890625,292.71548800998266,286.9573059082031
IT.LZ,296.2867431640625,294.5580946978401,291.6148681640625
IT.LG,293.6786804199219,292.76306707208806,292.0767822265625
IT.LM,298.5868835449219,292.3023124363111,282.7073059082031
IT.MH,295.5289306640625,294.27350531684027,291.6148681640625
IT.ML,296.6943054199219,295.6360664367676,294.4195556640625
IT.PM,294.6715087890625,289.5410268683183,281.4465637207031
IT.SC,296.4156494140625,294.3955239688649,291.7812194824219
IT.TT,296.5901184082031,294.95998229980466,293.4319152832031
IT.TC,296.0543212890625,294.09886932373047,292.7857666015625
IT.BC,295.5725402832031,288.4990797776442,282.7073059082031
IT.UM,295.7463684082031,294.6019931369358,291.6148681640625
IT.VB,289.1057434082031,286.51151275634766,284.5158996582031
IT.VN,298.5868835449219,294.09809426700366,285.9771728515625
