HASC_1,Max,Mean,Min
IT.AB,280.2079162597656,277.40157402886285,274.435791015625
IT.SD,285.3915100097656,280.76615447998046,276.327880859375
IT.PU,285.380126953125,279.81853942871095,276.327880859375
IT.LB,286.5171813964844,282.7175532749721,277.829345703125
IT.CM,285.8749084472656,282.665283203125,278.193603515625
IT.ER,284.9335021972656,279.72633361816406,276.5707092285156
IT.FV,282.144775390625,277.8820156521267,270.53466796875
IT.LZ,284.817626953125,281.58530919692095,275.0038146972656
IT.LG,285.7450256347656,282.3907193270597,278.4784240722656
IT.LM,281.461669921875,276.7286337147588,263.7500305175781
IT.MH,280.984619140625,278.04310438368054,275.0038146972656
IT.ML,283.759033203125,279.59712982177734,277.104736328125
IT.PM,285.7450256347656,276.4318446109169,267.0596923828125
IT.SC,286.2635803222656,283.8568115234375,280.2342834472656
IT.TT,287.579345703125,285.1940053304036,281.448486328125
IT.TC,286.294189453125,282.5171951293945,276.5707092285156
IT.BC,280.211669921875,272.1756568321815,264.1230163574219
IT.UM,282.5396423339844,278.722663031684,275.0038146972656
IT.VB,274.2225646972656,272.2697525024414,270.0129699707031
IT.VN,283.0487365722656,278.3693147547105,270.0151672363281
