HASC_1,Max,Mean,Min
IT.AB,282.93524169921875,279.7426452636719,276.7690734863281
IT.SD,287.2610778808594,283.5462249755859,279.9394836425781
IT.PU,286.94989013671875,283.0995666503906,280.8662414550781
IT.LB,288.49285888671875,285.2744816371373,281.84149169921875
IT.CM,287.1670227050781,284.96063232421875,281.0312805175781
IT.ER,286.0120544433594,280.5986158582899,277.8476867675781
IT.FV,283.56707763671875,279.95284356011285,274.0263977050781
IT.LZ,286.1106872558594,283.3537920783548,277.0122375488281
IT.LG,287.1253356933594,283.5159412730824,279.2021789550781
IT.LM,282.74481201171875,278.2126531186311,266.9689025878906
IT.MH,282.24285888671875,279.5299886067708,277.0122375488281
IT.ML,285.7386169433594,282.2823257446289,279.9394836425781
IT.PM,287.1253356933594,277.38229209498354,269.6897277832031
IT.SC,286.3196716308594,283.2245896283318,279.6396789550781
IT.TT,288.2102966308594,286.3511596679688,283.0849914550781
IT.TC,286.97918701171875,283.5346450805664,277.8476867675781
IT.BC,281.16375732421875,274.44114802433893,268.1558532714844
IT.UM,284.5332336425781,280.51447211371527,277.0122375488281
IT.VB,274.8183898925781,273.05943298339844,271.34295654296875
IT.VN,283.6634216308594,279.88964125689336,273.0140075683594
