HASC_1,Max,Mean,Min
IT.AB,284.9933776855469,282.440924750434,279.1912841796875
IT.SD,287.8485107421875,286.0486404418945,282.4481201171875
IT.PU,288.0916748046875,285.31927795410155,282.8950500488281
IT.LB,288.3778076171875,286.64777701241627,284.3491516113281
IT.CM,288.4858703613281,286.5482899058949,283.1531982421875
IT.ER,286.4048156738281,283.8644561767578,281.2729797363281
IT.FV,285.0555419921875,280.5877685546875,273.5771789550781
IT.LZ,287.7791748046875,285.5113309972426,280.0233154296875
IT.LG,286.5252685546875,283.9474348588423,280.0034484863281
IT.LM,285.4516906738281,279.2580380647079,267.9841003417969
IT.MH,286.0903625488281,283.62588840060766,280.0233154296875
IT.ML,287.5057373046875,284.833251953125,282.4481201171875
IT.PM,286.5252685546875,277.22124441046464,268.2369689941406
IT.SC,288.1606750488281,286.08152501723345,283.5740966796875
IT.TT,289.7560729980469,287.90955912272136,285.0122375488281
IT.TC,287.8722839355469,285.95835571289064,282.8745422363281
IT.BC,282.6672058105469,275.0340623121995,267.9841003417969
IT.UM,286.4621276855469,284.01344129774304,280.0233154296875
IT.VB,275.0423583984375,271.9791259765625,269.5942077636719
IT.VN,286.4933776855469,281.3462668026195,273.1524658203125
