HASC_1,Max,Mean,Min
IT.AB,287.0145263671875,284.63703070746527,281.9435729980469
IT.SD,289.6857604980469,287.87774658203125,284.5861511230469
IT.PU,289.9787292480469,287.40765991210935,285.4396667480469
IT.LB,290.6001281738281,288.5628400530134,286.3442687988281
IT.CM,290.1089172363281,288.3980213512074,285.2049560546875
IT.ER,287.7918701171875,285.85909186469183,284.8221435546875
IT.FV,286.6483154296875,283.19039238823785,276.6679992675781
IT.LZ,289.8547058105469,287.4696044921875,282.3224792480469
IT.LG,288.0786437988281,286.2286016290838,283.2528076171875
IT.LM,287.3442687988281,282.44793833857,271.6058349609375
IT.MH,286.9006042480469,285.0326843261719,282.3224792480469
IT.ML,289.0594482421875,286.65674209594727,284.5861511230469
IT.PM,288.0786437988281,280.5660095214844,272.4297180175781
IT.SC,290.3556823730469,288.66237146714155,286.1649169921875
IT.TT,292.2231750488281,289.89500528971354,287.2342529296875
IT.TC,289.3657531738281,287.45830993652345,284.9569091796875
IT.BC,285.7316589355469,278.26668137770434,271.7728271484375
IT.UM,288.1340026855469,285.6949395073785,282.3224792480469
IT.VB,277.9629211425781,276.2416534423828,274.4544677734375
IT.VN,287.3442687988281,283.8430714326746,275.7995300292969
