HASC_1,Max,Mean,Min
IT.AB,297.7844543457031,294.1415066189236,290.7688293457031
IT.SD,299.3814392089844,296.27689056396486,291.89056396484375
IT.PU,297.8274230957031,294.57728576660156,291.89056396484375
IT.LB,298.02337646484375,296.070066179548,293.69036865234375
IT.CM,298.4810485839844,296.63861083984375,293.2561340332031
IT.ER,300.5533142089844,298.4422878689236,295.2173767089844
IT.FV,300.4478454589844,295.9876064724392,288.9820251464844
IT.LZ,298.68743896484375,296.9085854923024,291.4397277832031
IT.LG,301.53509521484375,299.13749278675425,297.7239074707031
IT.LM,301.7590637207031,296.1467179008152,284.1314392089844
IT.MH,296.79876708984375,294.95921834309894,291.4397277832031
IT.ML,298.2004699707031,295.2469291687012,292.9165954589844
IT.PM,300.5181579589844,294.7873246042352,285.7102355957031
IT.SC,298.54095458984375,297.06123441808364,296.14837646484375
IT.TT,299.6379699707031,297.3909545898438,294.83001708984375
IT.TC,300.7369079589844,298.1805725097656,296.3716735839844
IT.BC,299.6997985839844,290.6588134765625,284.1314392089844
IT.UM,297.8645324707031,295.8897399902344,291.4397277832031
IT.VB,292.4182434082031,290.42832946777344,288.95404052734375
IT.VN,301.7590637207031,296.9324753705193,286.9263610839844
