HASC_1,Max,Mean,Min
IT.AB,300.8376159667969,299.54505411783856,297.7767639160156
IT.SD,301.7809753417969,300.1663513183594,298.96588134765625
IT.PU,300.64752197265625,299.7890930175781,299.2552795410156
IT.LB,301.0941467285156,299.62264360700334,298.7835998535156
IT.CM,301.09283447265625,299.82537564364344,299.00885009765625
IT.ER,302.87603759765625,298.96478271484375,295.65142822265625
IT.FV,299.74517822265625,296.4304775661892,290.461669921875
IT.LZ,301.11627197265625,299.3697204589844,298.2074279785156
IT.LG,297.24517822265625,296.16365189985794,295.36529541015625
IT.LM,302.87603759765625,295.35161292034644,284.8988342285156
IT.MH,301.3005065917969,300.0162285698785,298.2289123535156
IT.ML,301.09283447265625,300.17767333984375,299.60845947265625
IT.PM,298.2321472167969,292.032914011102,283.164794921875
IT.SC,301.9176940917969,299.72120576746323,297.8571472167969
IT.TT,303.01568603515625,299.6845998128255,297.8675842285156
IT.TC,301.01861572265625,298.7438140869141,296.31744384765625
IT.BC,299.4372253417969,291.59605290339545,284.963623046875
IT.UM,301.3005065917969,300.2815653483073,298.2289123535156
IT.VB,288.697021484375,287.2501678466797,285.3975524902344
IT.VN,302.87603759765625,297.75448787913604,288.882568359375
