HASC_1,Max,Mean,Min
IT.AB,285.2080078125,282.3238593207465,279.4814453125
IT.SD,287.8043518066406,284.9518188476562,281.8609924316406
IT.PU,287.6900939941406,284.4209930419922,281.8609924316406
IT.LB,288.7682189941406,286.48211669921875,282.8505859375
IT.CM,288.2073669433594,286.31243896484375,283.4163513183594
IT.ER,286.9983825683594,284.00631374782984,281.833984375
IT.FV,285.9368591308594,282.57844712999133,276.4677734375
IT.LZ,287.7584533691406,285.5169085334329,279.9847106933594
IT.LG,287.3938903808594,284.7115312056108,280.3974609375
IT.LM,286.1761169433594,281.21739395805025,270.84100341796875
IT.MH,284.4772033691406,282.7014634874132,279.9847106933594
IT.ML,287.4990234375,284.33044052124023,282.0380859375
IT.PM,287.3938903808594,279.01386140522203,272.1523742675781
IT.SC,289.08203125,286.6590845444623,283.6253356933594
IT.TT,290.2073669433594,288.3353017171224,285.4140625
IT.TC,287.5107421875,285.65423278808595,281.833984375
IT.BC,284.638671875,277.7652540940505,271.6367492675781
IT.UM,286.2607421875,283.51175604926215,279.9847106933594
IT.VB,277.1025390625,274.9482421875,273.2073669433594
IT.VN,286.404296875,283.16643748563877,275.4466247558594
