HASC_1,Max,Mean,Min
ZA.EC,0.799315869808197,0.20439855618653308,0.0
ZA.FS,0.4484359622001648,0.16520671782743596,0.0
ZA.GT,0.387881875038147,0.15856380533013079,0.0
ZA.NL,0.36080774664878845,0.10988124295034354,0.0
ZA.NP,0.38621222972869873,0.1412843595669599,0.0
ZA.MP,0.387881875038147,0.10686397466890733,0.0
ZA.NW,0.4588807225227356,0.1597653567790985,0.0
ZA.NC,0.7655958533287048,0.19806441413260925,0.0
ZA.WC,0.773361325263977,0.18482472760575613,0.0
