HASC_1,Max,Mean,Min
ZA.EC,0.7791674137115479,0.2103788753762926,0.0
ZA.FS,0.6929414868354797,0.237744968698915,0.0
ZA.GT,0.6803122162818909,0.2600550887485345,0.0
ZA.NL,0.6173954010009766,0.19778298464865465,0.0
ZA.NP,0.5696180462837219,0.18804225021964574,0.0
ZA.MP,0.6019690036773682,0.18428370789350831,0.0
ZA.NW,0.6803122162818909,0.19317079377554666,0.0
ZA.NC,0.45053955912590027,0.08487626870473268,0.0
ZA.WC,0.41656163334846497,0.05128301906496992,0.0
