HASC_1,Max,Mean,Min
ZA.EC,0.4186519980430603,0.054751644792844605,0.0
ZA.FS,0.3971439599990845,0.09097250288879198,0.0
ZA.GT,0.4149249196052551,0.1295778520305046,0.0
ZA.NL,0.49404221773147583,0.14668534294454422,0.0
ZA.NP,0.48374271392822266,0.18131297531173282,0.0
ZA.MP,0.5050215125083923,0.15243013092608368,0.0
ZA.NW,0.4087514281272888,0.07157924378989264,0.0
ZA.NC,0.3325102925300598,0.03341296089949488,0.0
ZA.WC,0.34925270080566406,0.06712478357194009,0.0
