HASC_1,Max,Mean,Min
ZA.EC,0.7880468964576721,0.2424869432129362,0.0
ZA.FS,0.7043046951293945,0.2524317107580202,0.0
ZA.GT,0.5825342535972595,0.20897077789737117,0.0
ZA.NL,0.4998832046985626,0.16633352101628296,0.0
ZA.NP,0.5753204226493835,0.2006303932263244,0.0
ZA.MP,0.44731104373931885,0.1617278658565791,0.0
ZA.NW,0.6950541734695435,0.21173040016243855,0.0
ZA.NC,0.5124313831329346,0.1165915011866148,0.0
ZA.WC,0.4182267189025879,0.0724374693554821,0.0
