HASC_1,Max,Mean,Min
ZA.EC,0.5192047357559204,0.12503465114815407,0.0
ZA.FS,0.5012204051017761,0.15619172525937225,0.0
ZA.GT,0.504315197467804,0.21852127690282133,0.0
ZA.NL,0.7342209815979004,0.24066950366193174,0.0
ZA.NP,0.6132062077522278,0.23737923539480807,0.0
ZA.MP,0.6969794631004333,0.22075673825491002,0.0
ZA.NW,0.4358549118041992,0.13922241612883934,0.0
ZA.NC,0.3879948854446411,0.03450818314870842,0.0
ZA.WC,0.3086906671524048,0.003771240511901586,0.0
