HASC_1,Max,Mean,Min
ZA.EC,0.28915295004844666,0.01867720077371077,0.0
ZA.FS,0.3732507824897766,0.013167281675597897,0.0
ZA.GT,0.3333938717842102,0.0525175070738947,0.0
ZA.NL,0.42724642157554626,0.1149889156921406,0.0
ZA.NP,0.423756867647171,0.1276055337771451,0.0
ZA.MP,0.40527454018592834,0.12445904396748333,0.0
ZA.NW,0.228333979845047,0.002376266726181105,0.0
ZA.NC,0.4431041479110718,0.0930604195438495,0.0
ZA.WC,0.4196389615535736,0.12667597953736456,0.0
