HASC_1,Max,Mean,Min
ZA.EC,0.7716432809829712,0.20963115483731323,0.0
ZA.FS,0.7013856768608093,0.23753863704555175,0.0
ZA.GT,0.6755643486976624,0.2603391975992256,0.0
ZA.NL,0.6581339836120605,0.19804403704463266,0.0
ZA.NP,0.5826340317726135,0.22544751512985792,0.0
ZA.MP,0.599484384059906,0.18430368295487234,0.0
ZA.NW,0.6893718838691711,0.19458687185574997,0.0
ZA.NC,0.4489031136035919,0.08482176712031057,0.0
ZA.WC,0.41445523500442505,0.05133892353549284,0.0
