HASC_1,Max,Mean,Min
ZA.EC,0.4197114109992981,0.08482577124277754,0.0
ZA.FS,0.450590580701828,0.13890540058764833,0.0
ZA.GT,0.44421958923339844,0.15952397006266336,0.0
ZA.NL,0.6941767334938049,0.20687151688084104,0.0
ZA.NP,0.49828240275382996,0.21565749932905537,0.0
ZA.MP,0.6541179418563843,0.20154806152533958,0.0
ZA.NW,0.43097352981567383,0.10620118696654622,0.0
ZA.NC,0.31128597259521484,0.01905708385226588,0.0
ZA.WC,0.31402137875556946,0.04264366917447884,0.0
