HASC_1,Max,Mean,Min
ZA.EC,0.36916816234588623,0.022404130116596366,0.0
ZA.FS,0.3718893527984619,0.04853929907305028,0.0
ZA.GT,0.41266071796417236,0.16495137754827738,0.0
ZA.NL,0.4448372423648834,0.1398741517380965,0.0
ZA.NP,0.439892053604126,0.1632692213272365,0.0
ZA.MP,0.4466239809989929,0.13740580756768203,0.0
ZA.NW,0.36493992805480957,0.028764083360147196,0.0
ZA.NC,0.4174236059188843,0.06494111303297367,0.0
ZA.WC,0.40097686648368835,0.09845547395266276,0.0
