HASC_1,Max,Mean,Min
ZA.EC,0.44508635997772217,0.0846283353154229,0.0
ZA.FS,0.44265586137771606,0.13874964094277153,0.0
ZA.GT,0.4350084066390991,0.1595093831244109,0.0
ZA.NL,0.699405312538147,0.20671726981165753,0.0
ZA.NP,0.5035369396209717,0.2153518926431575,0.0
ZA.MP,0.6622580885887146,0.20166523790206103,0.0
ZA.NW,0.44218146800994873,0.10626713349000864,0.0
ZA.NC,0.3406609296798706,0.019141645539997282,0.0
ZA.WC,0.3006250262260437,0.04188193725082676,0.0
