HASC_1,Max,Mean,Min
ZA.EC,0.537619948387146,0.1428078841541733,0.0
ZA.FS,0.41204094886779785,0.12970460293507274,0.0
ZA.GT,0.2927273213863373,0.10953354520542133,0.0
ZA.NL,0.28652098774909973,0.017170025580532215,0.0
ZA.NP,0.2921783924102783,0.037505151802924845,0.0
ZA.MP,0.2840672731399536,0.011561494651901098,0.0
ZA.NW,0.43168604373931885,0.13367132623162534,0.0
ZA.NC,0.7779528498649597,0.18634372092842866,0.0
ZA.WC,0.7547033429145813,0.24609537923384292,0.0
