HASC_1,Max,Mean,Min
ZA.EC,0.7906383275985718,0.20885758659240541,0.0
ZA.FS,0.6908076405525208,0.23746109887233477,0.0
ZA.GT,0.6828211545944214,0.2670657342920701,0.0
ZA.NL,0.6563804149627686,0.20114399918835926,0.0
ZA.NP,0.5859372019767761,0.22352043263938115,0.0
ZA.MP,0.5863404273986816,0.1865960745524396,0.0
ZA.NW,0.6908076405525208,0.19387554775199128,0.0
ZA.NC,0.45225363969802856,0.08421263189908303,0.0
ZA.WC,0.41990143060684204,0.05059109525830459,0.0
