HASC_1,Max,Mean,Min
ZA.EC,0.3370935320854187,0.0456150818807505,0.0
ZA.FS,0.27964675426483154,0.007367335154001298,0.0
ZA.GT,0.0,0.0,0.0
ZA.NL,0.41683119535446167,0.06265462225712409,0.0
ZA.NP,0.38139063119888306,0.08528311635307557,0.0
ZA.MP,0.4036976099014282,0.08478713582050712,0.0
ZA.NW,0.29926571249961853,0.02607508324759288,0.0
ZA.NC,0.4440231919288635,0.12348914887353715,0.0
ZA.WC,0.556172251701355,0.13950945311772678,0.0
