HASC_1,Max,Mean,Min
ZA.EC,0.5233492851257324,0.12500257885860688,0.0
ZA.FS,0.5027709007263184,0.156136700945586,0.0
ZA.GT,0.5040966272354126,0.21869527072542244,0.0
ZA.NL,0.7375704646110535,0.24067318714619462,0.0
ZA.NP,0.6169570088386536,0.2377084378176224,0.0
ZA.MP,0.6999889612197876,0.22080901602063985,0.0
ZA.NW,0.4366854429244995,0.13916124990164716,0.0
ZA.NC,0.3890816569328308,0.03446333759679794,0.0
ZA.WC,0.3195312023162842,0.003777415190940263,0.0
