HASC_1,Max,Mean,Min
ZA.EC,0.7650383710861206,0.25838151726822245,0.0
ZA.FS,0.7334035634994507,0.23275918734576695,0.0
ZA.GT,0.46250009536743164,0.191898375749588,0.0
ZA.NL,0.4582935571670532,0.14849030362819535,0.0
ZA.NP,0.44550567865371704,0.18329783288403328,0.0
ZA.MP,0.45668041706085205,0.14877366438946305,0.0
ZA.NW,0.6759655475616455,0.21213190292732584,0.0
ZA.NC,0.7464820742607117,0.15240878410598457,0.0
ZA.WC,0.5357300639152527,0.13105784614003915,0.0
