HASC_1,Max,Mean,Min
ZA.EC,0.7802029252052307,0.25736565972754355,0.0
ZA.FS,0.6992436647415161,0.2305577067310548,0.0
ZA.GT,0.4521560072898865,0.18830894316650099,0.0
ZA.NL,0.4385676383972168,0.14778781808864058,0.0
ZA.NP,0.4521560072898865,0.18184892393602348,0.0
ZA.MP,0.4462521970272064,0.14748043369720965,0.0
ZA.NW,0.6968095898628235,0.21424122541728946,0.0
ZA.NC,0.7465603351593018,0.15286160480908847,0.0
ZA.WC,0.5382373332977295,0.1303211982826043,0.0
