HASC_1,Max,Mean,Min
ZA.EC,0.771915853023529,0.24163562738013222,0.0
ZA.FS,0.6337512135505676,0.19353445009578524,0.0
ZA.GT,0.4177706241607666,0.17056217768953907,0.0
ZA.NL,0.3910437226295471,0.13270671702190942,0.0
ZA.NP,0.42544111609458923,0.16851188790816699,0.0
ZA.MP,0.4177706241607666,0.13490155394024708,0.0
ZA.NW,0.677487850189209,0.18796400036662816,0.0
ZA.NC,0.7844635248184204,0.18109765625324095,0.0
ZA.WC,0.7625647187232971,0.16334789846686645,0.0
