HASC_1,Max,Mean,Min
ZA.EC,0.6967344284057617,0.1689065752915006,0.0
ZA.FS,0.4273534119129181,0.1487552695300268,0.0
ZA.GT,0.32674044370651245,0.1412958720078071,0.0
ZA.NL,0.30870378017425537,0.07199808755840838,0.0
ZA.NP,0.33867591619491577,0.09032410797945033,0.0
ZA.MP,0.3021041750907898,0.06046346261727569,0.0
ZA.NW,0.44003722071647644,0.1461525037470791,0.0
ZA.NC,0.7900044918060303,0.2021663790625153,0.0
ZA.WC,0.7966944575309753,0.23773563668312814,0.0
