HASC_1,Max,Mean,Min
ZA.EC,0.3641430139541626,0.0820440995194145,0.0
ZA.FS,0.30379223823547363,0.0476762272790908,0.0
ZA.GT,0.0,0.0,0.0
ZA.NL,0.37111207842826843,0.01851956895417043,0.0
ZA.NP,0.3517851233482361,0.025715493865105906,0.0
ZA.MP,0.36413368582725525,0.027251739720026414,0.0
ZA.NW,0.3576856851577759,0.06377811098145685,0.0
ZA.NC,0.6215589642524719,0.14294565514775745,0.0
ZA.WC,0.670647144317627,0.17850724797741122,0.0
