HASC_1,Max,Mean,Min
ZA.EC,0.7778278589248657,0.2414641978002778,0.0
ZA.FS,0.704865038394928,0.252062484164677,0.0
ZA.GT,0.5508654713630676,0.2153488158558806,0.0
ZA.NL,0.49386927485466003,0.16549335546742858,0.0
ZA.NP,0.5715378522872925,0.20143271779051478,0.0
ZA.MP,0.46460235118865967,0.16374277978149407,0.0
ZA.NW,0.6855409145355225,0.21162526462641026,0.0
ZA.NC,0.5163589119911194,0.11661080040770895,0.0
ZA.WC,0.4354415535926819,0.07206596539492192,0.0
