HASC_1,Max,Mean,Min
ZA.EC,0.34296905994415283,0.04512087614626749,0.0
ZA.FS,0.27817457914352417,0.007183393282170319,0.0
ZA.GT,0.0,0.0,0.0
ZA.NL,0.3965252637863159,0.06263951738699784,0.0
ZA.NP,0.39113539457321167,0.08459118698645522,0.0
ZA.MP,0.40166857838630676,0.08413196095224361,0.0
ZA.NW,0.2861723303794861,0.025074391085137097,0.0
ZA.NC,0.4597267508506775,0.12254794304315009,0.0
ZA.WC,0.6376257538795471,0.14060992720397378,0.0
