HASC_1,Max,Mean,Min
ZA.EC,0.42400237917900085,0.08580418188137928,0.0
ZA.FS,0.4471915364265442,0.13951622955370074,0.0
ZA.GT,0.4468931555747986,0.15816049476254396,0.0
ZA.NL,0.6965383291244507,0.20741497929774078,0.0
ZA.NP,0.5626956820487976,0.21615401095539324,0.0
ZA.MP,0.6173801422119141,0.20089053992620287,0.0
ZA.NW,0.4268561005592346,0.10636600672039044,0.0
ZA.NC,0.32192155718803406,0.019219728509189585,0.0
ZA.WC,0.3036502003669739,0.04192413191164011,0.0
