HASC_1,Max,Mean,Min
AL.BE,301.6410827636719,299.9721450805664,298.1957702636719
AL.DB,300.7628479003906,299.9796371459961,298.34552001953125
AL.DU,300.4054260253906,300.40509033203125,300.4047546386719
AL.EB,300.7628479003906,300.3050003051758,299.89044189453125
AL.FI,300.4054260253906,299.3507308959961,298.1957702636719
AL.GK,301.6410827636719,300.1564575195313,298.1957702636719
AL.KE,301.6410827636719,298.2404327392578,294.4955749511719
AL.KK,300.61505126953125,295.8413391113281,291.87579345703125
AL.LZ,300.4047546386719,298.5807596842448,296.99200439453125
AL.SD,300.61505126953125,298.5829119001116,294.0287780761719
AL.TI,300.7628479003906,300.5243428548177,300.4047546386719
AL.VR,301.6410827636719,299.4686584472656,297.74395751953125
