HASC_1,Max,Mean,Min
AL.BE,297.3442077636719,296.41443634033203,295.9701843261719
AL.DB,296.7016296386719,296.19129180908203,295.0863952636719
AL.DU,296.7016296386719,296.6742858886719,296.6469421386719
AL.EB,296.6469421386719,296.29163360595703,295.9701843261719
AL.FI,296.6469421386719,296.3113250732422,296.1241455078125
AL.GK,298.3220520019531,296.79595947265625,295.9701843261719
AL.KE,297.3442077636719,294.6468811035156,291.8295593261719
AL.KK,296.5577392578125,291.9209696451823,287.5151062011719
AL.LZ,296.7016296386719,294.7958068847656,292.5993957519531
AL.SD,296.7016296386719,294.8804713657924,290.1866455078125
AL.TI,296.7016296386719,296.55959065755206,296.3302001953125
AL.VR,298.3220520019531,296.7028285435268,296.1221923828125
