HASC_1,Max,Mean,Min
AL.BE,302.1358947753906,300.6316604614258,298.1886291503906
AL.DB,302.2426452636719,300.93389892578125,300.2367858886719
AL.DU,300.8956604003906,300.6280822753906,300.3605041503906
AL.EB,302.2426452636719,301.3351058959961,300.6905822753906
AL.FI,300.8956604003906,299.8097229003906,298.1886291503906
AL.GK,302.1358947753906,300.53758544921874,298.1886291503906
AL.KE,302.2426452636719,300.18189493815106,297.1026916503906
AL.KK,302.0421447753906,298.8610382080078,296.0265197753906
AL.LZ,300.3605041503906,300.25242106119794,300.15997314453125
AL.SD,302.0421447753906,299.9161158970424,297.3819885253906
AL.TI,302.2426452636719,301.16626993815106,300.3605041503906
AL.VR,302.1358947753906,299.78897966657365,297.8676452636719
