HASC_1,Max,Mean,Min
AL.BE,293.5036926269531,292.8490753173828,291.9457702636719
AL.DB,294.14593505859375,293.3229522705078,292.16583251953125
AL.DU,293.6374816894531,293.4900207519531,293.3425598144531
AL.EB,294.14593505859375,293.4325637817383,292.8552551269531
AL.FI,293.6374816894531,292.4741668701172,291.4581604003906
AL.GK,293.97503662109375,293.074267578125,291.9457702636719
AL.KE,294.14593505859375,292.0401662190755,289.8497619628906
AL.KK,292.6537780761719,289.7045135498047,286.9867858886719
AL.LZ,293.3425598144531,291.9794108072917,290.4298400878906
AL.SD,293.3425598144531,291.30919974190846,287.5001525878906
AL.TI,294.14593505859375,293.7086588541667,293.3425598144531
AL.VR,293.97503662109375,292.4312090192522,291.3110046386719
