HASC_1,Max,Mean,Min
AL.BE,292.8442687988281,292.5545654296875,292.0490417480469
AL.DB,293.7944641113281,292.7467041015625,292.1131591796875
AL.DU,292.6199951171875,292.5395965576172,292.4591979980469
AL.EB,293.7944641113281,292.96300506591797,292.5932922363281
AL.FI,292.6199951171875,291.96163177490234,290.5841979980469
AL.GK,293.3485107421875,292.7133544921875,292.0490417480469
AL.KE,293.7944641113281,291.7570343017578,289.6258544921875
AL.KK,293.0190734863281,290.02960713704425,287.1694641113281
AL.LZ,292.4591979980469,292.03818766276044,291.5422058105469
AL.SD,293.0190734863281,291.2337428501674,287.9549560546875
AL.TI,293.7944641113281,292.9578857421875,292.4591979980469
AL.VR,293.3485107421875,291.96700177873885,290.5841979980469
