HASC_1,Max,Mean,Min
IN.AN,1020381351641088.0,66014163950672.68,0.0
IN.AP,4525200091643904.0,789709356245518.1,0.0
IN.AR,0.0,0.0,0.0
IN.AS,5424306397904896.0,177454453332189.0,0.0
IN.BR,3.173899012617011e+16,3789893012537780.0,0.0
IN.CH,2038671188426752.0,1655713885585408.0,1328150051028992.0
IN.CT,1.031072934526976e+16,1572844316210465.8,0.0
IN.DN,0,0,0
IN.DD,0.0,0.0,0.0
IN.GA,2596209751490560.0,324526218936320.0,0.0
IN.GJ,3688502344548352.0,663163282737526.0,0.0
IN.HR,4173515284545536.0,657914163857287.5,0.0
IN.HP,3571881097560064.0,298742529483454.2,0.0
IN.JK,643522801696768.0,120018600524275.9,0.0
IN.JH,2.2398791319552e+16,3760407629802970.0,0.0
IN.KA,5476515483484160.0,1046962128035077.1,0.0
IN.KL,4416466820530176.0,651976433491840.6,0.0
IN.LD,0.0,0.0,0.0
IN.MP,6556516685447168.0,1573940160566193.2,0.0
IN.MH,8510704793419776.0,1297889221208192.5,0.0
IN.MN,0.0,0.0,0.0
IN.ML,9045918384914432.0,1612244781424839.8,0.0
IN.MZ,0.0,0.0,0.0
IN.NL,0.0,0.0,0.0
IN.DL,4088520566112256.0,2250972311060480.0,0.0
IN.OR,8208298293592064.0,1310179438172485.2,0.0
IN.PY,4073389933199360.0,25515421855645.695,0.0
IN.PB,2038671188426752.0,155177140518026.38,0.0
IN.RJ,6556516685447168.0,585814553333294.2,0.0
IN.SK,533673577283584.0,288207323267072.0,0.0
IN.TN,5468275588726784.0,975912269698651.5,0.0
IN.TG,5258271552176128.0,1856852796915859.5,0.0
IN.TR,6285778053234688.0,1871477227802839.5,0.0
IN.UP,9882429837803520.0,1381600856768693.2,0.0
IN.UT,4334826739990528.0,1155948625540696.8,0.0
IN.WB,1.3735645788766208e+16,1970659773986003.2,0.0
