HASC_1,Max,Mean,Min
IN.AN,1401823101452288.0,72177770725275.17,0.0
IN.AP,2170659157311488.0,129617721212503.06,0.0
IN.AR,5709735965753344.0,526556251767061.7,0.0
IN.AS,5709735965753344.0,660597922006108.1,0.0
IN.BR,6671185332928512.0,1937146353643855.8,0.0
IN.CH,0,0,0
IN.CT,6810843173879808.0,1312256343694834.0,0.0
IN.DN,1567414089154560.0,967700004208640.0,602225684512768.0
IN.DD,768323746791424.0,76141635072455.11,0.0
IN.GA,715485515612160.0,182109420191744.0,0.0
IN.GJ,3399103421612032.0,791063901409385.0,0.0
IN.HR,5330824824094720.0,56710902383986.38,0.0
IN.HP,7817563643838464.0,496451043033706.25,0.0
IN.JK,742460728803328.0,113367199972416.94,0.0
IN.JH,6671186406670336.0,2202592449661120.5,0.0
IN.KA,2201572989730816.0,256377736469234.53,0.0
IN.KL,4327724474695680.0,210662654574155.1,0.0
IN.LD,786201548161024.0,47440494837928.91,0.0
IN.MP,1.1781980056190976e+16,1107853465150466.0,0.0
IN.MH,5433758547181568.0,490708647387761.94,0.0
IN.MN,2684308120666112.0,587460984698197.4,0.0
IN.ML,4323895242915840.0,1342013293981879.5,0.0
IN.MZ,4213468949381120.0,1017726896764354.5,0.0
IN.NL,2684308120666112.0,612285695811037.9,0.0
IN.DL,0.0,0.0,0.0
IN.OR,7167634160222208.0,1162831206005005.5,0.0
IN.PY,1445242804895744.0,7035015222613.333,0.0
IN.PB,0.0,0.0,0.0
IN.RJ,3926179123822592.0,387380494804114.3,0.0
IN.SK,529930077077504.0,346281986542796.8,0.0
IN.TN,0.0,0.0,0.0
IN.TG,2744489470853120.0,246158791242434.22,0.0
IN.TR,4412060452519936.0,1299554318382495.2,0.0
IN.UP,1.1781980056190976e+16,1563503305541931.8,0.0
IN.UT,7817563643838464.0,544450901309188.5,0.0
IN.WB,6932385379647488.0,1538352069435275.2,0.0
