HASC_1,Max,Mean,Min
IN.AN,2714077612736512.0,79778152198593.4,0.0
IN.AP,2851412950122496.0,462270849042100.44,0.0
IN.AR,946895534948352.0,33823945112507.734,0.0
IN.AS,4305183144148992.0,243221711501661.3,0.0
IN.BR,5547420561702912.0,1128481732843533.0,0.0
IN.CH,1497097287237632.0,1115098215088128.0,757972271628288.0
IN.CT,1.3027732099170304e+16,2037654823534312.0,0.0
IN.DN,0,0,0
IN.DD,0.0,0.0,0.0
IN.GA,0.0,0.0,0.0
IN.GJ,2700771804053504.0,578825916099148.9,0.0
IN.HR,3314761806643200.0,771175316261904.1,0.0
IN.HP,6428332312756224.0,580619126926530.1,0.0
IN.JK,4536078170062848.0,256329841414729.16,0.0
IN.JH,1.2613483577212928e+16,1414728635195248.2,0.0
IN.KA,3966213319294976.0,933488966474082.9,0.0
IN.KL,2635678890328064.0,448649337665376.8,0.0
IN.LD,0.0,0.0,0.0
IN.MP,1.168828641837056e+16,1544701494352523.2,0.0
IN.MH,4365765536907264.0,1134384377890229.8,0.0
IN.MN,0.0,0.0,0.0
IN.ML,3330888335097856.0,885860762305772.2,0.0
IN.MZ,0.0,0.0,0.0
IN.NL,0.0,0.0,0.0
IN.DL,2879947907530752.0,1764291497689088.0,0.0
IN.OR,1.1226417446518784e+16,1598693374663911.2,0.0
IN.PY,2682713614057472.0,17216347208719.078,0.0
IN.PB,4536078170062848.0,703979866064124.6,0.0
IN.RJ,3871078451511296.0,670232132675659.9,0.0
IN.SK,5050174481104896.0,1137155510370304.0,0.0
IN.TN,3747533717241856.0,895984837222922.9,0.0
IN.TG,4365765536907264.0,978991493135464.8,0.0
IN.TR,2939042630991872.0,903485664719494.8,0.0
IN.UP,1.2613483577212928e+16,1093918867014238.9,0.0
IN.UT,6428332312756224.0,777345723250830.9,0.0
IN.WB,5136592981196800.0,1171394524215327.5,0.0
