HASC_1,Max,Mean,Min
IN.AN,1235402648190976.0,67881648803396.484,0.0
IN.AP,488188095234048.0,819107542339.0067,0.0
IN.AR,6237877356724224.0,330251845256739.06,0.0
IN.AS,5028172974260224.0,781984861049110.8,0.0
IN.BR,1.26533763072e+16,2105141905078083.5,0.0
IN.CH,0,0,0
IN.CT,3989697395163136.0,164670855849493.16,0.0
IN.DN,0,0,0
IN.DD,0.0,0.0,0.0
IN.GA,0.0,0.0,0.0
IN.GJ,8651880905310208.0,619728835081040.8,0.0
IN.HR,0.0,0.0,0.0
IN.HP,144818277711872.0,10937744821625.264,0.0
IN.JK,239800321835008.0,43811088683258.77,0.0
IN.JH,1.637414405668864e+16,3052288331824883.5,0.0
IN.KA,0.0,0.0,0.0
IN.KL,0.0,0.0,0.0
IN.LD,2116153069535232.0,86073968290237.22,0.0
IN.MP,2611298508472320.0,14356279186574.74,0.0
IN.MH,0.0,0.0,0.0
IN.MN,3519319287791616.0,893726698242048.0,0.0
IN.ML,4534091210817536.0,1773549114608508.8,0.0
IN.MZ,2300472530567168.0,653965300946261.4,0.0
IN.NL,3519319287791616.0,476445348928625.75,0.0
IN.DL,0.0,0.0,0.0
IN.OR,4219389561798656.0,613331792072910.9,0.0
IN.PY,0.0,0.0,0.0
IN.PB,0.0,0.0,0.0
IN.RJ,0.0,0.0,0.0
IN.SK,2707424171524096.0,1005831858752889.2,0.0
IN.TN,0.0,0.0,0.0
IN.TG,0.0,0.0,0.0
IN.TR,5198669217267712.0,1399088718632277.2,0.0
IN.UP,4917713931599872.0,845444052129462.5,0.0
IN.UT,3540225309540352.0,378736669821263.1,0.0
IN.WB,2.2867228370141184e+16,2566600108958261.5,0.0
