HASC_1,Max,Mean,Min
IN.AN,0.0,0.0,0.0
IN.AP,2757444434395136.0,248243527061720.75,0.0
IN.AR,0.0,0.0,0.0
IN.AS,0.0,0.0,0.0
IN.BR,6355277603405824.0,1194264455755783.0,0.0
IN.CH,6060606876549120.0,5696028443410432.0,5269334851059712.0
IN.CT,1.8923340290850816e+16,2009743745545902.2,0.0
IN.DN,0,0,0
IN.DD,0.0,0.0,0.0
IN.GA,0.0,0.0,0.0
IN.GJ,0.0,0.0,0.0
IN.HR,5997770431266816.0,1705182636855546.8,0.0
IN.HP,6062654502207488.0,1078150449200394.4,0.0
IN.JK,2853664586727424.0,668779934887207.0,0.0
IN.JH,6355277603405824.0,1503875397026954.0,0.0
IN.KA,3011851453464576.0,538911897887331.3,0.0
IN.KL,4378941959700480.0,443517355020660.4,0.0
IN.LD,1437830362431488.0,24540196601479.355,0.0
IN.MP,1.850525528935629e+16,1599010730523744.5,0.0
IN.MH,8201447283884032.0,900634905886135.8,0.0
IN.MN,0.0,0.0,0.0
IN.ML,0.0,0.0,0.0
IN.MZ,0.0,0.0,0.0
IN.NL,0.0,0.0,0.0
IN.DL,5997770431266816.0,4148745939714048.0,0.0
IN.OR,8537245006954496.0,1211870139256964.2,0.0
IN.PY,1910748674523136.0,7553840345269.434,0.0
IN.PB,6062654502207488.0,2258427388997171.5,0.0
IN.RJ,5288588115705856.0,879778446068772.8,0.0
IN.SK,0.0,0.0,0.0
IN.TN,4378941959700480.0,613979253224831.6,0.0
IN.TG,4715397886509056.0,1134807283443600.2,0.0
IN.TR,0.0,0.0,0.0
IN.UP,1.8923340290850816e+16,1357631105974761.2,0.0
IN.UT,3563674220363776.0,651709582543511.9,0.0
IN.WB,8528174036025344.0,1007572611716585.4,0.0
