HASC_1,Max,Mean,Min
IN.AN,1362954452729856.0,101350116522519.62,0.0
IN.AP,2503992508678144.0,71091577932711.67,0.0
IN.AR,1.0161261262143488e+16,469685480593221.8,0.0
IN.AS,5487486440570880.0,599422702928193.2,0.0
IN.BR,5017282010939392.0,1658022438655941.5,0.0
IN.CH,0,0,0
IN.CT,8714291611959296.0,1059641094045696.0,0.0
IN.DN,0,0,0
IN.DD,693386298261504.0,40787429309500.234,0.0
IN.GA,0.0,0.0,0.0
IN.GJ,9267079135887360.0,800074334153592.8,0.0
IN.HR,0.0,0.0,0.0
IN.HP,0.0,0.0,0.0
IN.JK,0.0,0.0,0.0
IN.JH,8246092395184128.0,2124719291857679.2,0.0
IN.KA,0.0,0.0,0.0
IN.KL,0.0,0.0,0.0
IN.LD,1195599575646208.0,66352343154688.0,0.0
IN.MP,8714291611959296.0,193767285907599.72,0.0
IN.MH,0.0,0.0,0.0
IN.MN,2977631569969152.0,715488823361039.5,0.0
IN.ML,8356029062447104.0,1466941615139078.5,0.0
IN.MZ,1116722165710848.0,475168587891651.75,0.0
IN.NL,1.0161261262143488e+16,1282496875582984.5,0.0
IN.DL,0.0,0.0,0.0
IN.OR,1.172550767869952e+16,1891741752882881.0,0.0
IN.PY,0.0,0.0,0.0
IN.PB,0.0,0.0,0.0
IN.RJ,2511723449810944.0,63926414159927.67,0.0
IN.SK,3428920695193600.0,904298306357540.6,0.0
IN.TN,0.0,0.0,0.0
IN.TG,0.0,0.0,0.0
IN.TR,7741740828065792.0,1794700214272000.0,0.0
IN.UP,8183013821120512.0,799054423367059.1,0.0
IN.UT,321907698171904.0,7755784054466.704,0.0
IN.WB,8785138708119552.0,2086141869701533.8,0.0
