HASC_1,Max,Mean,Min
IN.AN,0.0,0.0,0.0
IN.AP,4610837981429760.0,464130668407564.94,0.0
IN.AR,105578433085440.0,910158905908.9656,0.0
IN.AS,0.0,0.0,0.0
IN.BR,2.2920378590429184e+16,2298093784872047.0,0.0
IN.CH,6229665379254272.0,4847861791457280.0,3578147186409472.0
IN.CT,2.287850480677683e+16,1335189474388501.0,0.0
IN.DN,0,0,0
IN.DD,0.0,0.0,0.0
IN.GA,0.0,0.0,0.0
IN.GJ,2913841910382592.0,511751199110535.0,0.0
IN.HR,9494368805191680.0,2087792948705639.0,0.0
IN.HP,7141061734432768.0,1172263437489253.2,0.0
IN.JK,5661689777225728.0,349458950867121.0,0.0
IN.JH,2.7688919717904384e+16,3261844220502244.5,0.0
IN.KA,2792892678537216.0,715862187228992.8,0.0
IN.KL,3308932999151616.0,473533019055878.25,0.0
IN.LD,0.0,0.0,0.0
IN.MP,1.6645201590222848e+16,1075544250516589.1,0.0
IN.MH,5179625869148160.0,1127331464519581.8,0.0
IN.MN,0.0,0.0,0.0
IN.ML,0.0,0.0,0.0
IN.MZ,0.0,0.0,0.0
IN.NL,0.0,0.0,0.0
IN.DL,9494368805191680.0,5809502016241664.0,0.0
IN.OR,1.7743316279885824e+16,1309964320597850.8,0.0
IN.PY,1806890996596736.0,18510175979700.223,0.0
IN.PB,6229665379254272.0,2437126056984479.0,0.0
IN.RJ,7820938414391296.0,963535716602691.1,0.0
IN.SK,0.0,0.0,0.0
IN.TN,3308932999151616.0,680224330580636.8,0.0
IN.TG,4318877378936832.0,1366907829591967.5,0.0
IN.TR,0.0,0.0,0.0
IN.UP,2.477320815457075e+16,1731626983675048.5,0.0
IN.UT,5481247463702528.0,891677064248021.1,0.0
IN.WB,1.2748505537839104e+16,363203822349853.06,0.0
