HASC_1,Max,Mean,Min
IN.AN,0.0,0.0,0.0
IN.AP,3335607161978880.0,425331158065132.2,0.0
IN.AR,5681300597899264.0,493585655282568.94,0.0
IN.AS,3284795014512640.0,226685053643871.56,0.0
IN.BR,6101554557878272.0,1697068446831364.0,0.0
IN.CH,5412357798887424.0,4983417535987712.0,4554477273088000.0
IN.CT,2.652596712819917e+16,1401524103595558.5,0.0
IN.DN,1867927984799744.0,1351723432017920.0,1113115802468352.0
IN.DD,1113115802468352.0,94825637594908.44,0.0
IN.GA,1971786468032512.0,746128507841194.6,0.0
IN.GJ,4424031868551168.0,1136879166460855.8,0.0
IN.HR,8596094648844288.0,1889784509798950.5,0.0
IN.HP,6977374088331264.0,983193493715307.6,0.0
IN.JK,6977374088331264.0,421555300083911.4,0.0
IN.JH,7200836404903936.0,1223085646738569.5,0.0
IN.KA,3578993831837696.0,732871070489836.0,0.0
IN.KL,2562713838419968.0,294899554894188.06,0.0
IN.LD,1312433423515648.0,39153058433266.234,0.0
IN.MP,2.652596712819917e+16,1874857775871365.0,0.0
IN.MH,5177412350377984.0,1101012963852619.0,0.0
IN.MN,3833096713535488.0,275970228913341.62,0.0
IN.ML,0.0,0.0,0.0
IN.MZ,0.0,0.0,0.0
IN.NL,2254271030493184.0,469355692907462.06,0.0
IN.DL,4721986366341120.0,3657173451261724.5,0.0
IN.OR,8865932948537344.0,1000358374200172.2,0.0
IN.PY,1834184305803264.0,14915250382806.875,0.0
IN.PB,6977374088331264.0,2063009525366389.2,0.0
IN.RJ,4337287756251136.0,1277998732599623.8,0.0
IN.SK,0.0,0.0,0.0
IN.TN,3304366106738688.0,722632618071381.4,0.0
IN.TG,3703110333628416.0,1021564104138805.5,0.0
IN.TR,0.0,0.0,0.0
IN.UP,2.652596712819917e+16,1683405593601318.8,0.0
IN.UT,8596094648844288.0,525120523794642.56,0.0
IN.WB,9526543478947840.0,1253908049067934.8,0.0
