HASC_1,Max,Mean,Min
IN.AN,736321408598016.0,8296353736436.869,0.0
IN.AP,4489755337162752.0,321448037683509.44,0.0
IN.AR,3729892407508992.0,695403745198601.0,0.0
IN.AS,3729892407508992.0,623967685741593.5,0.0
IN.BR,0.0,0.0,0.0
IN.CH,7378336128958464.0,3697324788285440.0,76340401274880.0
IN.CT,5654028629311488.0,287522425964075.9,0.0
IN.DN,1562719689900032.0,1562719689900032.0,1562719689900032.0
IN.DD,1562719689900032.0,163908076350122.66,0.0
IN.GA,0.0,0.0,0.0
IN.GJ,4569823191236608.0,1093578786331619.6,0.0
IN.HR,6015956933410816.0,1283754362574575.8,0.0
IN.HP,1.510334913314816e+16,1098560901289889.5,0.0
IN.JK,2827780966318080.0,168932068740664.88,0.0
IN.JH,0.0,0.0,0.0
IN.KA,4874427640578048.0,550873592704345.25,0.0
IN.KL,3279700646428672.0,361982193284705.06,0.0
IN.LD,611070565679104.0,11962621258537.674,0.0
IN.MP,6429895143981056.0,992551587267791.1,0.0
IN.MH,1.5767237260476416e+16,731502830653482.0,0.0
IN.MN,2485712054124544.0,884123105929898.6,0.0
IN.ML,2431520304267264.0,973424066475916.1,0.0
IN.MZ,2591983772106752.0,761770832343181.2,0.0
IN.NL,2951500988940288.0,874506796721038.2,0.0
IN.DL,3456036971216896.0,2099657147049574.5,0.0
IN.OR,1197576736997376.0,15272374754238.078,0.0
IN.PY,4149456488366080.0,10541046654425.463,0.0
IN.PB,9351820988121088.0,2014725938603782.2,0.0
IN.RJ,6429895143981056.0,640441289079479.9,0.0
IN.SK,0.0,0.0,0.0
IN.TN,4149456488366080.0,327704809083465.1,0.0
IN.TG,9405164481937408.0,976695848884553.9,0.0
IN.TR,3389658788528128.0,988563068971270.6,0.0
IN.UP,6114083514351616.0,377988234630961.2,0.0
IN.UT,4785570672803840.0,507532892269590.75,0.0
IN.WB,0.0,0.0,0.0
