HASC_1,Max,Mean,Min
IN.AN,1680732237856768.0,75413505511475.84,0.0
IN.AP,2047130394951680.0,77031610004568.33,0.0
IN.AR,6142778727727104.0,403574677534913.2,0.0
IN.AS,4532120357699584.0,683281609411443.9,0.0
IN.BR,4992258994601984.0,1067908098525656.6,0.0
IN.CH,0,0,0
IN.CT,1.5961487893856256e+16,1427244698501559.8,0.0
IN.DN,0,0,0
IN.DD,2594726377160704.0,152630963362394.34,0.0
IN.GA,0.0,0.0,0.0
IN.GJ,1.1698115451027456e+16,1107670278625980.0,0.0
IN.HR,0.0,0.0,0.0
IN.HP,0.0,0.0,0.0
IN.JK,0.0,0.0,0.0
IN.JH,1.5462434168897536e+16,2597116826309043.5,0.0
IN.KA,0.0,0.0,0.0
IN.KL,0.0,0.0,0.0
IN.LD,1612340386594816.0,49002703518663.734,0.0
IN.MP,1.0308492741050368e+16,249574860622650.38,0.0
IN.MH,0.0,0.0,0.0
IN.MN,2355663397191680.0,613307209601396.4,0.0
IN.ML,4018814052204544.0,1716694179703886.8,0.0
IN.MZ,3688863390236672.0,912994104306766.8,0.0
IN.NL,4007433999482880.0,910524752878871.2,0.0
IN.DL,0.0,0.0,0.0
IN.OR,9186271473696768.0,1663494930669959.8,0.0
IN.PY,0.0,0.0,0.0
IN.PB,0.0,0.0,0.0
IN.RJ,1651972331536384.0,22813658688085.664,0.0
IN.SK,1209538086699008.0,444890556486997.3,0.0
IN.TN,0.0,0.0,0.0
IN.TG,0.0,0.0,0.0
IN.TR,5158373834096640.0,1551575069054293.2,0.0
IN.UP,1.1461398328508416e+16,426582984767589.75,0.0
IN.UT,306147349233664.0,9884396760799.549,0.0
IN.WB,1.502836437286912e+16,1885086796580376.5,0.0
