HASC_1,Max,Mean,Min
IN.AN,0.0,0.0,0.0
IN.AP,3717245876305920.0,480958856407477.2,0.0
IN.AR,465942949658624.0,7685985241725.901,0.0
IN.AS,634967696605184.0,2414325842605.262,0.0
IN.BR,8009580357353472.0,1200896393547535.0,0.0
IN.CH,8636946767151104.0,8098672206151680.0,7560397645152256.0
IN.CT,1.1957337128435712e+16,1559454235307173.0,0.0
IN.DN,888545518551040.0,658676687831040.0,427081078931456.0
IN.DD,440662436610048.0,43350046306759.11,0.0
IN.GA,591085210435584.0,73885651304448.0,0.0
IN.GJ,3096796511338496.0,918638185082043.1,0.0
IN.HR,6833500736978944.0,1075426518956623.6,0.0
IN.HP,7560397645152256.0,936355397172819.6,0.0
IN.JK,5407123844366336.0,742891038089034.0,0.0
IN.JH,1.0407520728252416e+16,1668699127426699.8,0.0
IN.KA,2395130925416448.0,361565827623029.7,0.0
IN.KL,1643480644321280.0,111792295319365.81,0.0
IN.LD,1315061943500800.0,51236460210858.664,0.0
IN.MP,1.528174596849664e+16,1309436245237446.0,0.0
IN.MH,5621060460347392.0,684732670603865.9,0.0
IN.MN,764184874713088.0,179415927721528.88,0.0
IN.ML,0.0,0.0,0.0
IN.MZ,845194064822272.0,181872906731520.0,0.0
IN.NL,0.0,0.0,0.0
IN.DL,3807927399874560.0,2525445422929237.5,0.0
IN.OR,6555539580387328.0,1315242917000560.8,0.0
IN.PY,2404023118331904.0,18798351714493.17,0.0
IN.PB,8636946767151104.0,2717531008441127.0,0.0
IN.RJ,5143686656557056.0,1135259356729893.2,0.0
IN.SK,0.0,0.0,0.0
IN.TN,3328591064465408.0,606639860842320.8,0.0
IN.TG,6848607747571712.0,1168753674514661.0,0.0
IN.TR,0.0,0.0,0.0
IN.UP,1.528174596849664e+16,1056631005365416.4,0.0
IN.UT,3165789255368704.0,385586717390596.5,0.0
IN.WB,1.3262466020540416e+16,763651697638791.4,0.0
