HASC_1,Max,Mean,Min
CL.AI,0.005485332105308771,0.00411153222299426,0.00235344679094851
CL.AN,0.00926268007606268,0.0049001054886623095,0.0015415913658216596
CL.AR,0.006187396124005318,0.0048581304959952835,0.003276106668636203
CL.AP,0.009820420295000076,0.007742009539571073,0.0054632388055324554
CL.AT,0.007877704687416553,0.004154063565315815,0.001270847162231803
CL.BI,0.006383694242686033,0.004807657916985807,0.0030300586950033903
CL.CO,0.007000483572483063,0.004632153072515907,0.0014374819584190845
CL.LI,0.0066027212888002396,0.005070964320718001,0.0027183264028280973
CL.LL,0.006132241804152727,0.005093616715289261,0.003964459989219904
CL.LR,0.006187396124005318,0.004980849800631404,0.003995057195425034
CL.MA,0.004648244008421898,0.0037470343855342697,0.0023841033689677715
CL.ML,0.006456809118390083,0.004608674636600833,0.00250438554212451
CL.NB,0.006048556882888079,0.0044194821966812015,0.0030300586950033903
CL.RM,0.006440596655011177,0.004259831222173359,0.0021642018109560013
CL.TA,0.00981946662068367,0.007039022855460644,0.003006693674251437
CL.VS,0.011492845602333546,0.006415462280672632,0.00229676254093647
