HASC_1,Max,Mean,Min
CL.AI,0.0047328476794064045,0.003310849105841235,0.0020299956668168306
CL.AN,0.0101229352876544,0.0035868159776448077,0.0005806688568554819
CL.AR,0.006268342491239309,0.005184559396002442,0.003472129814326763
CL.AP,0.010623295791447163,0.004695306955707363,0.0003257670905441046
CL.AT,0.009675185196101665,0.004392338306188765,0.000694771995767951
CL.BI,0.0063265166245400906,0.00525366346396151,0.003467321628704667
CL.CO,0.009566147811710835,0.005937257690517151,0.002083361614495516
CL.LI,0.007852713577449322,0.00616620354897653,0.00366461300291121
CL.LL,0.006103356834501028,0.0048135376572118775,0.002644261112436652
CL.LR,0.006268342491239309,0.0052722356215651545,0.004221757408231497
CL.MA,0.004857619758695364,0.0035408815200745807,0.0020058557856827974
CL.ML,0.007389307487756014,0.005416567216774351,0.0027564766351133585
CL.NB,0.006499290931969881,0.005255878437310457,0.003553827991709113
CL.RM,0.0074679856188595295,0.005270816468899804,0.0026059551164507866
CL.TA,0.010515689849853516,0.004988114438019693,0.0005741470959037542
CL.VS,0.012367088347673416,0.007514048147162325,0.0024994616396725178
