HASC_1,Max,Mean,Min
CL.AI,0.005930306389927864,0.004489161564331306,0.0028520042542368174
CL.AN,0.01013918872922659,0.0038827590607018827,0.0005456621875055134
CL.AR,0.007019322365522385,0.005877838074229658,0.004274290520697832
CL.AP,0.010682464577257633,0.00573456105000029,0.0012688551796600223
CL.AT,0.00975263211876154,0.004477532385996111,0.0008428112487308681
CL.BI,0.007657728623598814,0.006258014168235518,0.00443995138630271
CL.CO,0.008790693245828152,0.005482323680315976,0.0019600207451730967
CL.LI,0.007795613259077072,0.006476546094442408,0.004359803628176451
CL.LL,0.006709616631269455,0.005506401109558187,0.003981433343142271
CL.LR,0.006869277451187372,0.00564488788534488,0.00423105712980032
CL.MA,0.005311848595738411,0.004413909574250589,0.0028520042542368174
CL.ML,0.00797736831009388,0.006261180865725404,0.004072349984198809
CL.NB,0.007861179299652576,0.006247329991310835,0.004672330338507891
CL.RM,0.007352711167186499,0.00540135454918657,0.0030646538361907005
CL.TA,0.010597587563097477,0.005658064496237784,0.0007308835629373789
CL.VS,0.013213038444519043,0.007550967612156742,0.0026492092292755842
