HASC_1,Max,Mean,Min
CL.AI,0.008508582599461079,0.007502743882421208,0.005527794361114502
CL.AN,0.010797481052577496,0.004957746832965399,0.0011390548897907138
CL.AR,0.009916444309055805,0.008337942161597311,0.007264514919370413
CL.AP,0.012200653553009033,0.008242728240374062,0.0035871472209692
CL.AT,0.009851117618381977,0.005084484034763058,0.0013928614789620042
CL.BI,0.008779505267739296,0.007590614104022582,0.0053891935385763645
CL.CO,0.00902253296226263,0.006192672147375086,0.0025429727975279093
CL.LI,0.00829011108726263,0.006317893567029387,0.003494561417028308
CL.LL,0.00865918304771185,0.007708552379259153,0.00539920711889863
CL.LR,0.009830931201577187,0.008259446459955402,0.0068266987800598145
CL.MA,0.007941464893519878,0.007020038885197469,0.005240103229880333
CL.ML,0.008168279193341732,0.006072848496076308,0.0036784217227250338
CL.NB,0.00814205314964056,0.006520824235243102,0.004654626827687025
CL.RM,0.008115111850202084,0.005219028298077839,0.0030124587938189507
CL.TA,0.01208573579788208,0.0070736979693174365,0.002253234386444092
CL.VS,0.01204886008054018,0.007567408641702251,0.003117780201137066
