HASC_1,Max,Mean,Min
CL.AI,0.004835791420191526,0.0038792298016089356,0.002855447120964527
CL.AN,0.008571970276534557,0.0038118622801705912,0.001127746538259089
CL.AR,0.005588637664914131,0.004417204111814499,0.0024950772058218718
CL.AP,0.009474304504692554,0.005597098497673869,0.002201653318479657
CL.AT,0.008571970276534557,0.004200688449711334,0.0007367252837866545
CL.BI,0.0059761474840343,0.004528245788865856,0.0021582909394055605
CL.CO,0.008191771805286407,0.004735469843422913,0.0014089513570070267
CL.LI,0.007152822334319353,0.0054915616832052665,0.002886759350076318
CL.LL,0.00546497805044055,0.004354246818509541,0.003229089081287384
CL.LR,0.005570676643401384,0.0043074419954791665,0.0032496724743396044
CL.MA,0.004662937950342894,0.00404399774279915,0.0029163232538849115
CL.ML,0.006621864158660173,0.004795968759265777,0.0016281373100355268
CL.NB,0.006193823646754026,0.004166135059980054,0.0019312766380608082
CL.RM,0.0067308214493095875,0.004333041816218091,0.0018007027683779597
CL.TA,0.009382116608321667,0.00527068299241364,0.00206449325196445
CL.VS,0.009701438248157501,0.00621986942439291,0.0013694335939362645
