HASC_1,Max,Mean,Min
CL.AI,0.0051008532755076885,0.003951399412471801,0.00268960720859468
CL.AN,0.008697398006916046,0.003646002971470567,0.0008394785108976066
CL.AR,0.005861726123839617,0.004983855166938156,0.0031711726915091276
CL.AP,0.009562061168253422,0.006278415624466207,0.0033244360238313675
CL.AT,0.008979842998087406,0.004143179769105301,0.0007695870008319616
CL.BI,0.006358511745929718,0.005044813423107068,0.0029149919282644987
CL.CO,0.008460012264549732,0.004640596367054335,0.001329786260612309
CL.LI,0.007401592563837767,0.005727559793740511,0.0029173363000154495
CL.LL,0.005714065860956907,0.004837711053704352,0.003578867996111512
CL.LR,0.005821194965392351,0.004872907867788204,0.003825869644060731
CL.MA,0.004268692806363106,0.00346757797524333,0.002676494186744094
CL.ML,0.006965366657823324,0.005328764783610639,0.0030257373582571745
CL.NB,0.006640799343585968,0.004937503351053844,0.003063606098294258
CL.RM,0.0074165333062410355,0.004522190055078161,0.0016655988292768598
CL.TA,0.009440786205232143,0.005105682318098843,0.0011320875491946936
CL.VS,0.011350520886480808,0.006737564396309226,0.001194940647110343
