HASC_1,Max,Mean,Min
CL.AI,0.007196255028247833,0.00622481235768646,0.004787272308021784
CL.AN,0.010035581886768341,0.00364463273567622,0.000501967326272279
CL.AR,0.008059409447014332,0.007044565072283149,0.005236532539129257
CL.AP,0.010932830162346363,0.005391243036784645,0.0008102771826088428
CL.AT,0.009386765770614147,0.004025857361805875,0.0010389058152213693
CL.BI,0.008181321434676647,0.0068910373818306695,0.0047820270992815495
CL.CO,0.008641627617180347,0.004824073413265464,0.0010907022515311837
CL.LI,0.007660614792257547,0.005522897059563547,0.0029017794877290726
CL.LL,0.008102960884571075,0.006976493609775054,0.005690084304660559
CL.LR,0.008059409447014332,0.007077034329995513,0.00600503571331501
CL.MA,0.006925331894308329,0.006098027031931306,0.004778728820383549
CL.ML,0.007840541191399097,0.005597367171982401,0.0028020807076245546
CL.NB,0.007840541191399097,0.006205886874037485,0.004551555495709181
CL.RM,0.007316815201193094,0.004233909729269466,0.001823004917241633
CL.TA,0.010874338448047638,0.005115126273594796,0.0006504326011054218
CL.VS,0.011571156792342663,0.006757097545472023,0.0013585059205070138
