HASC_1,Max,Mean,Min
CL.AI,0.00524141825735569,0.004122322161779984,0.0027744213584810495
CL.AN,0.009102926589548588,0.0045047592072976084,0.0015227639814838767
CL.AR,0.005542064551264048,0.004769305931404233,0.0034471594262868166
CL.AP,0.010046429000794888,0.0058704444155510925,0.0020664178300648928
CL.AT,0.008314556442201138,0.004274842945472678,0.0012822990538552403
CL.BI,0.005613669753074646,0.004833164569433956,0.0034471594262868166
CL.CO,0.007674957159906626,0.004509134830542556,0.001109365955926478
CL.LI,0.006682103034108877,0.005525176568577687,0.0036445697769522667
CL.LL,0.005445028189569712,0.004624880372399562,0.0034161254297941923
CL.LR,0.005542064551264048,0.004700775823688933,0.0038091186434030533
CL.MA,0.004599237814545631,0.0035312948141935745,0.0027744213584810495
CL.ML,0.00628092372789979,0.005107285185275893,0.003198369638994336
CL.NB,0.00583841884508729,0.004778154660016298,0.0035241290461272
CL.RM,0.00650392472743988,0.004422518117020705,0.0018059158464893699
CL.TA,0.009968545287847519,0.005607331413775682,0.0017212671227753162
CL.VS,0.010722423903644085,0.006305395215014486,0.0013228104216977954
