HASC_1,Max,Mean,Min
CL.AI,0.007431181613355875,0.006116710554220174,0.00445579644292593
CL.AN,0.01102542132139206,0.003975395938021324,0.000799940840806812
CL.AR,0.009410214610397816,0.006964639551006258,0.00457822484895587
CL.AP,0.011476508341729641,0.005629196103351812,0.0016201854450628161
CL.AT,0.010867270641028881,0.004134118290072898,0.0005466609727591276
CL.BI,0.010052196681499481,0.007157497374074799,0.004332136828452349
CL.CO,0.010306191630661488,0.0054157966616280055,0.0006909191142767668
CL.LI,0.009670567698776722,0.006174294510856271,0.0034459747839719057
CL.LL,0.009346160106360912,0.007279488613436881,0.005544654559344053
CL.LR,0.009393366985023022,0.00705296137104077,0.005241624545305967
CL.MA,0.0066573540680110455,0.005659326335743946,0.00445579644292593
CL.ML,0.009616844356060028,0.0059911349151087435,0.003264895873144269
CL.NB,0.009251746349036694,0.006139495371220012,0.004332136828452349
CL.RM,0.0077821328304708,0.004534403776883015,0.0024130663368850946
CL.TA,0.011113318614661694,0.005599984461441636,0.0013128239661455154
CL.VS,0.012416671961545944,0.0073574367469470756,0.0020747303497046232
