HASC_1,Max,Mean,Min
CL.AI,0.005331044550985098,0.004212330395698939,0.0026520928367972374
CL.AN,0.010255579836666584,0.003752887515869554,0.0006554815336130559
CL.AR,0.007146840449422598,0.005858740024268627,0.004250769037753344
CL.AP,0.010518952272832394,0.004745375646355872,0.0002889800234697759
CL.AT,0.009416981600224972,0.004159442012811579,0.0009807887254282832
CL.BI,0.0076071470975875854,0.0061907910387076085,0.004168832208961248
CL.CO,0.008581562899053097,0.004996328903159693,0.0016051671700552106
CL.LI,0.0079691456630826,0.006219514296390116,0.0034000116866081953
CL.LL,0.006683751940727234,0.005388531208920635,0.0035898725036531687
CL.LR,0.006680970545858145,0.005716572715235608,0.004498644731938839
CL.MA,0.005123619921505451,0.003619855154352654,0.002474431414157152
CL.ML,0.008006100542843342,0.0059040172123595285,0.003142479807138443
CL.NB,0.007880215533077717,0.005996149188528459,0.004131400492042303
CL.RM,0.007693295832723379,0.0048710634998445,0.0023632885422557592
CL.TA,0.01038623321801424,0.004955565596465022,0.0004941367660649121
CL.VS,0.012004776857793331,0.00714354164971921,0.0018656494794413447
