HASC_1,Max,Mean,Min
CL.AI,0.00578185124322772,0.004518364945206007,0.0031855134293437004
CL.AN,0.010579151101410389,0.004070473185801914,0.0008067714516073465
CL.AR,0.006642065476626158,0.004956768220290541,0.0030478069093078375
CL.AP,0.011937343515455723,0.006201148291842805,0.0015866184839978814
CL.AT,0.009818595834076405,0.004586045462751716,0.0014233613619580865
CL.BI,0.006982527673244476,0.005149046003463722,0.0031201664824038744
CL.CO,0.008953453972935677,0.005256191230095599,0.0016210302710533142
CL.LI,0.008072497323155403,0.006258638944321622,0.003792685689404607
CL.LL,0.006459754426032305,0.005171777931728253,0.0037714664358645678
CL.LR,0.00660709710791707,0.004938406004969563,0.00351695460267365
CL.MA,0.005390129517763853,0.004325991559053669,0.003142161061987281
CL.ML,0.007037602365016937,0.005399114305251523,0.0035155240911990404
CL.NB,0.00650489516556263,0.004898795528182139,0.003871125867590308
CL.RM,0.007477801758795977,0.0049649458877476195,0.0027007488533854485
CL.TA,0.011874400079250336,0.005908816438168287,0.001159839448519051
CL.VS,0.011026584543287754,0.007046048259852748,0.0024543828330934048
