HASC_1,Max,Mean,Min
CL.AI,0.007672298699617386,0.006170411220457601,0.004399606492370367
CL.AN,0.014210532419383526,0.008584766749749487,0.0027136094868183136
CL.AR,0.00821795966476202,0.006793372519314289,0.005082039628177881
CL.AP,0.01598198153078556,0.011661995719704363,0.007078874856233597
CL.AT,0.011571873910725117,0.006080990180191471,0.0014271378749981523
CL.BI,0.008803197182714939,0.0069824458277296456,0.004936047829687595
CL.CO,0.010518382303416729,0.006382153141717224,0.0017305404180660844
CL.LI,0.009583462961018085,0.007137218063386778,0.00417275121435523
CL.LL,0.008251258172094822,0.0070064645995827094,0.005440223962068558
CL.LR,0.008114167489111423,0.006735143318240132,0.005704470444470644
CL.MA,0.006577957421541214,0.005288752206765553,0.004338889382779598
CL.ML,0.009263663552701473,0.0067859023662382055,0.00417275121435523
CL.NB,0.009132533334195614,0.006580603153755267,0.005009520333260298
CL.RM,0.009330897592008114,0.005684986311410155,0.002500582719221711
CL.TA,0.015793470665812492,0.011072033792734146,0.006847608834505081
CL.VS,0.014422406442463398,0.008670636924522879,0.0019011091208085418
