HASC_1,Max,Mean,Min
CL.AI,0.00732472212985158,0.0058128030351853295,0.0038651505019515753
CL.AN,0.009534466080367565,0.004297706942109145,0.0009506619535386562
CL.AR,0.007795917335897684,0.007093520020134747,0.005541669204831123
CL.AP,0.011006622575223446,0.005877657832267384,0.001085433061234653
CL.AT,0.00896496418863535,0.004634032678994827,0.001134353457018733
CL.BI,0.008209653198719025,0.007164584694518929,0.005541669204831123
CL.CO,0.00829246360808611,0.005520613322479893,0.0014832988381385803
CL.LI,0.008208381943404675,0.007006493319446842,0.004993743728846312
CL.LL,0.007648654282093048,0.006898499118458284,0.005588081199675798
CL.LR,0.00768386060371995,0.007026159969557609,0.005988942459225655
CL.MA,0.005697197746485472,0.004947543764455604,0.0038651505019515753
CL.ML,0.008335856720805168,0.006956817582249641,0.004939821548759937
CL.NB,0.008320915512740612,0.007067952227468292,0.005935298278927803
CL.RM,0.007707860786467791,0.005827216814006013,0.003103224327787757
CL.TA,0.010983098298311234,0.005703898970969021,0.0010376176796853542
CL.VS,0.012087453156709671,0.007632762855409007,0.002544172341004014
