HASC_1,Max,Mean,Min
CL.AI,0.007108451798558235,0.005212089837234663,0.0033412401098757982
CL.AN,0.012399356812238693,0.0067333972678994235,0.003391427220776677
CL.AR,0.007648549508303404,0.006261615315452218,0.004265946801751852
CL.AP,0.013732117600739002,0.008618542614082495,0.004548551980406046
CL.AT,0.011379879899322987,0.00680325632324306,0.003391427220776677
CL.BI,0.00810988899320364,0.006135974910908512,0.0032218715641647577
CL.CO,0.010719142854213715,0.008065782669607712,0.004303735680878162
CL.LI,0.009194853715598583,0.00704315541467319,0.005024077836424112
CL.LL,0.007441284134984016,0.00621369038708508,0.004738969262689352
CL.LR,0.007541261147707701,0.006058116310409137,0.005054316949099302
CL.MA,0.005360446870326996,0.00456692004075446,0.0033412401098757982
CL.ML,0.008755209855735302,0.0053827702067792416,0.002700927434489131
CL.NB,0.008414111100137234,0.005062476324383169,0.002784135052934289
CL.RM,0.008997919037938118,0.006655408402106592,0.004350386559963226
CL.TA,0.013435843400657177,0.00822965858504176,0.004186712205410004
CL.VS,0.013953529298305511,0.009090679133997151,0.0041677579283714294
