HASC_1,Max,Mean,Min
CL.AI,0.005084288772195578,0.004051255766841534,0.0024879102129489183
CL.AN,0.00988007802516222,0.003370398143745678,0.00031001350726000965
CL.AR,0.0053051430732011795,0.00418537479126826,0.0026521803811192513
CL.AP,0.010437977500259876,0.0055736711041794885,0.0014336826279759407
CL.AT,0.00902955885976553,0.0030853003923633567,0.0004439227923285216
CL.BI,0.0055753509514033794,0.004173260614542025,0.002189390128478408
CL.CO,0.007602306082844734,0.003329069133463275,0.0006322188419289887
CL.LI,0.006000610068440437,0.003409820346860215,0.0012289357837289572
CL.LL,0.004993371665477753,0.004420666005707493,0.00339354295283556
CL.LR,0.005178781226277351,0.004218528113727059,0.003439438296481967
CL.MA,0.005084288772195578,0.0041849120410487935,0.002566747134551406
CL.ML,0.005680970381945372,0.00331456463563403,0.0013217451050877571
CL.NB,0.005518050864338875,0.0035080608407345912,0.0019382559694349766
CL.RM,0.00522431917488575,0.0022599460457318594,0.0007252815994434059
CL.TA,0.010348491370677948,0.005190668576397002,0.0006283618859015405
CL.VS,0.011837971396744251,0.0053358796408007805,0.0005551102804020047
