HASC_1,Max,Mean,Min
CL.AI,0.007518237456679344,0.0062371506294431655,0.0044847577810287476
CL.AN,0.013881946913897991,0.008405194740812734,0.004672989249229431
CL.AR,0.008780424483120441,0.00665931599214673,0.004694327712059021
CL.AP,0.014447316527366638,0.010603090799931023,0.006393617019057274
CL.AT,0.012491808272898197,0.007896769769126323,0.0032105494756251574
CL.BI,0.009176517836749554,0.006569512543224153,0.003985310439020395
CL.CO,0.010774875991046429,0.0077538015523358535,0.00410682475194335
CL.LI,0.00972821842879057,0.007316243485547602,0.004829511046409607
CL.LL,0.008975133299827576,0.007276432613204969,0.005069558974355459
CL.LR,0.008641347289085388,0.0067635144971843275,0.005069558974355459
CL.MA,0.007434870582073927,0.006515635369235978,0.0047038644552230835
CL.ML,0.009439890272915363,0.0061401774812685815,0.004266008734703064
CL.NB,0.008947794325649738,0.005485152224233995,0.0039060364942997694
CL.RM,0.00950553547590971,0.006552627526356706,0.003871823428198695
CL.TA,0.014332398772239685,0.010409672763198614,0.006394014228135347
CL.VS,0.01516797672957182,0.00922496913393077,0.0037889331579208374
