HASC_1,Max,Mean,Min
CL.AI,0.00799535308033228,0.006764323867269252,0.005260928999632597
CL.AN,0.013126041740179062,0.008971772481740083,0.0058088949881494045
CL.AR,0.008559053763747215,0.007720880769193172,0.006638909224420786
CL.AP,0.014538274146616459,0.011291056819674041,0.00749864662066102
CL.AT,0.010404731146991253,0.0071708716327188214,0.0037502290215343237
CL.BI,0.008762345649302006,0.007540502651993718,0.005913799162954092
CL.CO,0.010230368003249168,0.007398955058306456,0.003933294676244259
CL.LI,0.009489522315561771,0.006842220822970073,0.003961706068366766
CL.LL,0.00799956452101469,0.006731382313821661,0.004327043425291777
CL.LR,0.008337483741343021,0.007228461825954062,0.005718772765249014
CL.MA,0.008064891211688519,0.007291741277866003,0.005279287230223417
CL.ML,0.009013956412672997,0.006441496557703144,0.003961706068366766
CL.NB,0.008824175223708153,0.00670390494633466,0.005217775236815214
CL.RM,0.009016023017466068,0.005935852415859699,0.004084770102053881
CL.TA,0.014332280494272709,0.010659165289252997,0.007341767195612192
CL.VS,0.013161645270884037,0.008306461410891069,0.004463378805667162
