HASC_1,Max,Mean,Min
CL.AI,0.006197379902005196,0.004114180303938491,0.00269532878883183
CL.AN,0.011710572056472301,0.0044968293525085275,0.0008872518665157259
CL.AR,0.007130391895771027,0.005167085852008313,0.0038033791352063417
CL.AP,0.012503710575401783,0.008124097974763976,0.004085110500454903
CL.AT,0.011210688389837742,0.004255160960516461,0.0007658420945517719
CL.BI,0.008047348819673061,0.005705645540729165,0.003819591598585248
CL.CO,0.010631647892296314,0.0051949168049284945,0.0011783411027863622
CL.LI,0.009597228839993477,0.005990066662585984,0.0026256507262587547
CL.LL,0.006681051570922136,0.004454875750908334,0.0025396812707185745
CL.LR,0.0068536666221916676,0.004372595011123589,0.003063685493543744
CL.MA,0.006076660472899675,0.005162436241174445,0.0028781958390027285
CL.ML,0.009055541828274727,0.005394901663653161,0.0026256507262587547
CL.NB,0.008478092029690742,0.005226622296807666,0.0034770239144563675
CL.RM,0.008740034885704517,0.004434938692221684,0.001695023849606514
CL.TA,0.012503710575401783,0.00711533848196268,0.0016404259949922562
CL.VS,0.013249802403151989,0.0072624267164715815,0.0011436910135671496
