HASC_1,Max,Mean,Min
CL.AI,0.009231074713170528,0.007384782313908401,0.005352402105927467
CL.AN,0.012453541159629822,0.007025100435745323,0.003022297052666545
CL.AR,0.008683665655553341,0.00755719740409404,0.005594238173216581
CL.AP,0.013452197425067425,0.009676476578331657,0.005982383619993925
CL.AT,0.01103733479976654,0.0071014166219023666,0.0033521894365549088
CL.BI,0.009460275061428547,0.0077157278013016495,0.005660280119627714
CL.CO,0.010464494116604328,0.007585589369030103,0.003712042234838009
CL.LI,0.009359820745885372,0.007898202359986803,0.005519414320588112
CL.LL,0.00912489928305149,0.007890603933973532,0.00513305701315403
CL.LR,0.0085426801815629,0.007519087421574763,0.005971098318696022
CL.MA,0.008093818090856075,0.005725965612106213,0.0037369970232248306
CL.ML,0.009057188406586647,0.007884986232966185,0.0064182523638010025
CL.NB,0.00888346042484045,0.007492287860562404,0.006180827040225267
CL.RM,0.009284322150051594,0.006243055769508439,0.0023405193351209164
CL.TA,0.01321934163570404,0.009417677447199822,0.006243292707949877
CL.VS,0.015217766165733337,0.009165209950879216,0.002035462763160467
