HASC_1,Max,Mean,Min
CL.AI,0.008838256821036339,0.007430597557686269,0.005229075904935598
CL.AN,0.011267741210758686,0.004466047331488709,0.000900845043361187
CL.AR,0.009425402618944645,0.006601607904303819,0.0034503936767578125
CL.AP,0.012337286956608295,0.006722355300250153,0.0017274819547310472
CL.AT,0.010159572586417198,0.004851484401492265,0.0007628155872225761
CL.BI,0.00965301226824522,0.006548493690345259,0.002814173698425293
CL.CO,0.01000762078911066,0.006505335792494209,0.0021867358591407537
CL.LI,0.009264549240469933,0.005896735781182845,0.0023347740061581135
CL.LL,0.010049105621874332,0.00789857032022586,0.005097428802400827
CL.LR,0.009425402618944645,0.006802848606769528,0.0047756037674844265
CL.MA,0.007973194122314453,0.005812189627845748,0.004876057151705027
CL.ML,0.009427150711417198,0.005110810902950011,0.002193649997934699
CL.NB,0.009090502746403217,0.005149089711873482,0.002723773242905736
CL.RM,0.008716821670532227,0.004619414710240173,0.0019336446421220899
CL.TA,0.012317736633121967,0.006524245436303318,0.0015012923395261168
CL.VS,0.014314253814518452,0.008276175033595217,0.002235393039882183
