HASC_1,Max,Mean,Min
CL.AI,0.007735543418675661,0.006268499394584643,0.004478666000068188
CL.AN,0.01290104165673256,0.005995163887317451,0.0020016958005726337
CL.AR,0.007191551849246025,0.005390543560497463,0.0030811356846243143
CL.AP,0.013807668350636959,0.008232975223412117,0.0033645164221525192
CL.AT,0.011785878799855709,0.006126443497700299,0.0016660918481647968
CL.BI,0.007717185188084841,0.005280448844478954,0.0030811356846243143
CL.CO,0.010762584395706654,0.006537304431928888,0.00186214130371809
CL.LI,0.00898048561066389,0.00676613658045729,0.00412525050342083
CL.LL,0.007547033950686455,0.00623152873135711,0.004410597961395979
CL.LR,0.007077428046613932,0.005578961955117328,0.004529290366917849
CL.MA,0.007281753700226545,0.006366726758443758,0.004528654273599386
CL.ML,0.008297017775475979,0.005477679452221645,0.004029326606541872
CL.NB,0.007671010214835405,0.004775801731739193,0.0037233561743050814
CL.RM,0.008914045058190823,0.005910521356521973,0.0029151367489248514
CL.TA,0.013613436371088028,0.008020804170519114,0.0033645164221525192
CL.VS,0.014516565948724747,0.00868062727692488,0.0021853374782949686
