HASC_1,Max,Mean,Min
CL.AI,0.006962404120713472,0.005526045315874447,0.0036812073085457087
CL.AN,0.012667521834373474,0.006435703534527488,0.0032183181028813124
CL.AR,0.008404598571360111,0.006243700615596026,0.0029340034816414118
CL.AP,0.013696536421775818,0.009190213297390275,0.0054287356324493885
CL.AT,0.011158809997141361,0.006585701635652562,0.003236000658944249
CL.BI,0.008725350722670555,0.005845509125806746,0.002705697901546955
CL.CO,0.010866350494325161,0.008531150104397017,0.005723262205719948
CL.LI,0.008877302519977093,0.007849851196321348,0.0067544239573180676
CL.LL,0.00842271838337183,0.006856166402270135,0.005351607222110033
CL.LR,0.008317814208567142,0.006620113837665745,0.005509639158844948
CL.MA,0.005673591513186693,0.004855204015547613,0.0036812073085457087
CL.ML,0.008662725798785686,0.005950201866462042,0.00406259810552001
CL.NB,0.008380518294870853,0.004816134770711263,0.003306552767753601
CL.RM,0.008976643905043602,0.007685232342087797,0.006148521322757006
CL.TA,0.01328295934945345,0.008434719666838645,0.004535699728876352
CL.VS,0.013677780516445637,0.009634854688652252,0.005835477728396654
