HASC_1,Max,Mean,Min
IT.AB,287.1376647949219,283.3738098144531,279.7501525878906
IT.SD,287.99444580078125,285.4868423461914,281.9156799316406
IT.PU,288.1747741699219,284.5861083984375,282.24053955078125
IT.LB,288.3531799316406,286.04008919852123,282.9869689941406
IT.CM,288.64678955078125,286.7632390802557,283.43682861328125
IT.ER,287.89581298828125,284.3864017062717,282.20635986328125
IT.FV,286.4853210449219,283.79918416341144,278.53839111328125
IT.LZ,288.8700866699219,286.6754150390625,280.71026611328125
IT.LG,288.50811767578125,285.5191261985085,281.77764892578125
IT.LM,286.3749694824219,282.2301423445992,271.33355712890625
IT.MH,285.6080627441406,283.67442491319446,280.71026611328125
IT.ML,288.42315673828125,284.737735748291,281.9156799316406
IT.PM,288.50811767578125,279.7926314504523,269.2856140136719
IT.SC,288.5924377441406,287.2555147058824,284.6930236816406
IT.TT,288.7897033691406,287.08135274251305,283.37628173828125
IT.TC,287.89581298828125,286.04504852294923,282.20635986328125
IT.BC,286.1803283691406,279.4591580904447,271.33355712890625
IT.UM,287.0338439941406,284.51441446940106,280.71026611328125
IT.VB,279.77227783203125,275.86663818359375,273.10186767578125
IT.VN,286.5634460449219,284.0218452004825,277.4081726074219
