HASC_1,Max,Mean,Min
IT.AB,284.9073181152344,283.21639675564234,280.6817321777344
IT.SD,288.537841796875,285.9066589355469,282.8609313964844
IT.PU,287.9105529785156,285.03546447753905,282.8609313964844
IT.LB,288.8753967285156,286.6619567871094,283.8247985839844
IT.CM,288.4994201660156,286.5282509543679,283.7579040527344
IT.ER,288.1553649902344,284.30302259657117,282.8008728027344
IT.FV,281.1939392089844,278.6331719292535,272.2705383300781
IT.LZ,288.428466796875,286.11438885857075,281.3819274902344
IT.LG,289.031982421875,285.17950439453125,280.6792907714844
IT.LM,285.0355529785156,279.0061088230299,267.0255126953125
IT.MH,286.617919921875,284.20517985026044,281.3819274902344
IT.ML,287.3905334472656,284.9451103210449,283.083251953125
IT.PM,289.031982421875,277.5201078716077,267.6234436035156
IT.SC,288.4906311035156,286.4012289608226,283.762939453125
IT.TT,289.582763671875,287.6339548746745,284.656982421875
IT.TC,288.9886779785156,286.7346893310547,283.3145446777344
IT.BC,280.8291931152344,273.220219538762,267.0255126953125
IT.UM,286.9886779785156,284.4195861816406,281.3819274902344
IT.VB,274.4519958496094,272.04962158203125,269.8889465332031
IT.VN,285.619384765625,279.8410752240349,270.1981201171875
