HASC_1,Max,Mean,Min
IT.AB,284.5661315917969,280.28926934136285,276.6631164550781
IT.SD,287.0732727050781,283.0736999511719,278.5373229980469
IT.PU,287.6758117675781,282.74541931152345,279.5283508300781
IT.LB,289.3561706542969,286.1973331996373,281.5270690917969
IT.CM,288.4098815917969,285.1583612615412,280.2106628417969
IT.ER,287.0837097167969,281.72394307454425,279.0252685546875
IT.FV,283.5254211425781,281.0238783094618,277.7373352050781
IT.LZ,287.7197570800781,284.90279433306523,277.5251159667969
IT.LG,287.8154602050781,284.750693581321,281.6354675292969
IT.LM,283.7617492675781,280.6466382897419,273.8835144042969
IT.MH,282.8935852050781,279.7310316297743,277.5251159667969
IT.ML,286.5381164550781,281.56026458740234,278.5373229980469
IT.PM,287.8154602050781,280.3013514468544,274.9284362792969
IT.SC,290.7298583984375,288.4502348058364,285.0075378417969
IT.TT,290.2174987792969,289.00157165527344,286.3874206542969
IT.TC,287.5254211425781,284.4239898681641,279.0293273925781
IT.BC,283.1054992675781,278.63275850736176,275.1528625488281
IT.UM,285.7588195800781,281.40245564778644,277.5251159667969
IT.VB,281.9608154296875,277.75923919677734,275.7889404296875
IT.VN,283.8363037109375,281.5237462660846,277.5602722167969
