HASC_1,Max,Mean,Min
IT.AB,280.5735168457031,277.6375495062934,274.9797058105469
IT.SD,286.90203857421875,281.4485382080078,276.4697570800781
IT.PU,286.59295654296875,280.49538269042966,276.9765930175781
IT.LB,287.4819641113281,283.65501185825894,279.1666564941406
IT.CM,287.3250427246094,283.4781216708097,277.4530944824219
IT.ER,284.9956359863281,278.8098398844401,276.9123840332031
IT.FV,281.3567810058594,277.84740871853296,272.5736999511719
IT.LZ,287.1717224121094,282.8232816808364,275.4212341308594
IT.LG,285.87518310546875,282.0755587491122,276.3728332519531
IT.LM,279.26068115234375,275.1816684888757,264.5201721191406
IT.MH,280.1157531738281,277.6091783311632,275.4212341308594
IT.ML,285.55731201171875,279.58497619628906,276.4697570800781
IT.PM,285.75653076171875,273.8594601279811,264.8847961425781
IT.SC,286.8003234863281,284.0905115464154,279.9841613769531
IT.TT,287.9888000488281,285.1469451904297,279.2925720214844
IT.TC,287.4339294433594,283.17359161376953,277.3476257324219
IT.BC,278.32269287109375,271.7853745680589,264.83184814453125
IT.UM,283.6946716308594,278.4596421983507,275.4212341308594
IT.VB,271.3390808105469,268.8610076904297,265.8812561035156
IT.VN,280.02703857421875,276.84146477194395,269.6156311035156
