HASC_1,Max,Mean,Min
IT.AB,300.8532409667969,298.67284138997394,296.3890686035156
IT.SD,301.4665222167969,299.42796020507814,296.8246154785156
IT.PU,300.38385009765625,298.62945556640625,296.7406311035156
IT.LB,301.6000061035156,298.453604561942,296.5798034667969
IT.CM,299.8649597167969,297.7159978693182,296.67095947265625
IT.ER,302.4984436035156,297.9930250379774,295.34185791015625
IT.FV,299.99517822265625,296.9421556260851,291.48150634765625
IT.LZ,299.8649597167969,297.58333991555605,296.3890686035156
IT.LG,296.2868347167969,295.7467151988636,294.04791259765625
IT.LM,302.2582092285156,294.999011495839,286.1859436035156
IT.MH,300.0179748535156,298.64481268988715,296.3890686035156
IT.ML,300.8532409667969,299.4719047546387,296.92486572265625
IT.PM,297.4333190917969,291.6693115234375,283.84869384765625
IT.SC,299.6937561035156,297.8315788717831,295.4704284667969
IT.TT,303.93658447265625,299.2626261393229,297.1859436035156
IT.TC,298.9300842285156,297.0094848632813,295.9252014160156
IT.BC,298.78228759765625,292.03654127854566,286.2386779785156
IT.UM,298.97564697265625,297.9652676052517,296.3890686035156
IT.VB,290.38189697265625,288.0497817993164,286.1566467285156
IT.VN,302.4984436035156,297.6668431899127,289.75006103515625
