HASC_1,Max,Mean,Min
IT.AB,284.7989807128906,282.13724093967016,279.24932861328125
IT.SD,287.8393249511719,285.04272003173827,281.4747619628906
IT.PU,287.1925354003906,283.92893676757814,281.4747619628906
IT.LB,288.1808166503906,285.70751299176897,282.3656921386719
IT.CM,287.6983947753906,285.8296009410511,283.2804260253906
IT.ER,285.95196533203125,282.5374230278863,280.97930908203125
IT.FV,283.5912780761719,279.32109917534723,271.1500549316406
IT.LZ,287.5346374511719,285.32322423598345,279.95343017578125
IT.LG,286.60723876953125,283.65059037642044,280.2314147949219
IT.LM,283.4535827636719,278.7997171153193,266.2436218261719
IT.MH,283.8041687011719,282.37415907118054,279.95343017578125
IT.ML,287.0128479003906,284.2973861694336,282.3146057128906
IT.PM,286.51055908203125,276.7370862458882,265.9596862792969
IT.SC,287.3959655761719,285.087303610409,282.3212585449219
IT.TT,288.2944030761719,286.807660929362,283.94171142578125
IT.TC,287.6368713378906,285.0168395996094,281.1850280761719
IT.BC,282.3876647949219,273.5581571138822,266.2436218261719
IT.UM,286.1537780761719,283.0643378363715,279.95343017578125
IT.VB,273.49859619140625,271.2213134765625,268.53314208984375
IT.VN,284.56622314453125,280.1234023150276,270.08538818359375
