HASC_1,Max,Mean,Min
IT.AB,275.6210021972656,272.71683078342016,269.7231750488281
IT.SD,282.6685485839844,276.676318359375,271.9010314941406
IT.PU,282.684814453125,275.7958526611328,272.13250732421875
IT.LB,285.647705078125,280.21892220633373,274.1024475097656
IT.CM,284.462646484375,279.418662331321,272.7364807128906
IT.ER,283.4161071777344,275.5650702582465,272.7940368652344
IT.FV,277.0704040527344,270.3499586317274,262.05804443359375
IT.LZ,284.999755859375,278.87576652975645,270.5970764160156
IT.LG,284.511962890625,279.69183072176844,273.8464050292969
IT.LM,277.493408203125,271.36706808338994,260.5238952636719
IT.MH,277.0986328125,273.5097249348958,270.5970764160156
IT.ML,281.4237365722656,275.0630989074707,271.9010314941406
IT.PM,284.511962890625,270.3909349943462,260.8352966308594
IT.SC,287.236083984375,283.63834336224727,278.2994079589844
IT.TT,287.238037109375,284.29900410970055,278.2674865722656
IT.TC,284.9610290527344,279.3133743286133,272.7940368652344
IT.BC,274.1585388183594,265.7451641376202,260.5238952636719
IT.UM,279.928466796875,274.09134250217016,270.5970764160156
IT.VB,267.9782409667969,265.18597412109375,262.6795349121094
IT.VN,278.3497009277344,271.3315070657169,261.8805236816406
