HASC_1,Max,Mean,Min
SE.BL,1709203576061952.0,1144517256282112.0,0.0
SE.KO,5156677322014720.0,724748330736865.8,0.0
SE.GV,5630285513228288.0,632484015925282.8,0.0
SE.GT,3428110288551936.0,468601201666730.7,0.0
SE.HA,0.0,0.0,0.0
SE.JA,829794660909056.0,254923038411208.1,0.0
SE.JO,3222293845114880.0,490785063728679.4,0.0
SE.KA,2493949264527360.0,828145756893519.8,0.0
SE.KR,1655285093498880.0,1101084604282036.8,0.0
SE.NB,1063861989933056.0,256639469865029.66,0.0
SE.OR,3635562309222400.0,1619860362914286.2,0.0
SE.OG,3222294113550336.0,1002043291704551.2,0.0
SE.SN,1699121811423232.0,245772812759859.2,0.0
SE.SD,3139762290425856.0,1422174549433520.5,0.0
SE.ST,1.055259505983488e+16,2078791313826310.5,0.0
SE.UP,1.055259505983488e+16,2582589469073018.0,0.0
SE.VR,4337352449196032.0,442246778680994.3,0.0
SE.VB,2191317413134336.0,231196559943149.03,0.0
SE.VN,729216458948608.0,84257162411068.23,0.0
SE.VM,6085270726246400.0,2086541699929429.2,0.0
SE.VG,0.0,0.0,0.0
