HASC_1,Max,Mean,Min
ZA.EC,291.0958557128906,281.14790839117927,272.9171447753906
ZA.FS,279.9576721191406,277.3071462696996,272.9947814941406
ZA.GT,281.5564880371094,279.26153767903645,278.3645935058594
ZA.NL,292.5821838378906,282.1915276421441,272.9947814941406
ZA.NP,289.0389099121094,283.40130615234375,277.6388244628906
ZA.MP,289.0389099121094,281.0378577822731,277.0755310058594
ZA.NW,281.5564880371094,278.96865399678546,276.0597229003906
ZA.NC,287.86376953125,279.49347914658586,274.9332580566406
ZA.WC,290.3136291503906,283.08548537034255,276.85986328125
