HASC_1,Max,Mean,Min
ZA.EC,300.3046875,295.6833104314031,290.2002258300781
ZA.FS,298.1324768066406,294.40800265608163,286.98602294921875
ZA.GT,297.2135314941406,295.1409444173177,293.7630310058594
ZA.NL,300.1305236816406,294.39271850585936,286.98602294921875
ZA.NP,300.9195861816406,298.1284749732827,292.1084289550781
ZA.MP,300.4847106933594,295.44100879487536,292.1084289550781
ZA.NW,299.3482971191406,296.6356957753499,293.93524169921875
ZA.NC,304.6103515625,299.51867140732804,291.6191711425781
ZA.WC,303.3450622558594,297.8712979830228,291.33172607421875
