HASC_1,Max,Mean,Min
ZA.EC,292.4229736328125,287.2958031731683,283.4692077636719
ZA.FS,298.9148254394531,294.157091338059,285.9213562011719
ZA.GT,299.2068176269531,297.1936360677083,295.2390441894531
ZA.NL,298.3585205078125,291.2606051974826,284.7995910644531
ZA.NP,301.7504577636719,299.1375893646816,293.3992004394531
ZA.MP,301.2865905761719,296.11924816313245,291.4653015136719
ZA.NW,302.8171691894531,299.07778612772626,295.5971374511719
ZA.NC,301.7439270019531,293.06128088220373,283.2593994140625
ZA.WC,290.0764465332031,287.0598881648137,282.7629699707031
