HASC_1,Max,Mean,Min
ZA.EC,291.7482604980469,283.8166961669922,276.8473815917969
ZA.FS,286.81890869140625,281.1264953613281,277.11920166015625
ZA.GT,288.6766662597656,284.3265665690104,282.33551025390625
ZA.NL,292.8172912597656,286.16619398328993,277.11920166015625
ZA.NP,296.4631042480469,291.32735342349645,284.31695556640625
ZA.MP,295.3215026855469,287.3658614385696,281.76519775390625
ZA.NW,289.0731506347656,284.3120454152425,281.6835021972656
ZA.NC,288.58746337890625,283.54494406960225,280.3085021972656
ZA.WC,288.8049011230469,284.5187927246094,279.9924011230469
