HASC_1,Max,Mean,Min
ZA.EC,298.0922546386719,292.9049826957084,289.7683410644531
ZA.FS,300.0717468261719,296.61503127525594,286.8249816894531
ZA.GT,300.1264343261719,297.00330810546876,295.9672546386719
ZA.NL,298.7836608886719,293.23133680555554,286.8249816894531
ZA.NP,301.6215515136719,298.66840290573407,293.3887939453125
ZA.MP,300.3767395019531,296.1746448335193,292.7003173828125
ZA.NW,302.1550598144531,298.0871302286784,295.8161926269531
ZA.NC,303.3637390136719,297.7335779759791,288.4526062011719
ZA.WC,297.0398254394531,292.1100872333233,288.8233642578125
