HASC_1,Max,Mean,Min
ZA.EC,297.9552001953125,292.61954147751266,288.5214538574219
ZA.FS,301.0684814453125,295.66872327081086,287.4179382324219
ZA.GT,296.0411376953125,293.3992004394531,291.7398681640625
ZA.NL,301.0746765136719,295.0809393988715,287.4179382324219
ZA.NP,301.6218566894531,296.1788692834242,290.5385437011719
ZA.MP,301.1352233886719,294.51995922270277,290.5385437011719
ZA.NW,301.7276611328125,297.0287208557129,292.9568176269531
ZA.NC,303.0209655761719,297.8180462725751,290.0412902832031
ZA.WC,299.1192626953125,292.24798912635214,288.5754699707031
