HASC_1,Max,Mean,Min
ZA.EC,299.2120361328125,293.93933765308276,289.6817626953125
ZA.FS,301.8647155761719,299.1265595534752,289.7787780761719
ZA.GT,301.5219421386719,299.31073404947915,297.6020202636719
ZA.NL,300.3666687011719,296.59596354166666,289.7787780761719
ZA.NP,301.9975280761719,299.39924132149173,295.3712158203125
ZA.MP,300.6394348144531,297.8418978736514,295.0278015136719
ZA.NW,304.4841613769531,301.52748680114746,299.1267395019531
ZA.NC,304.2882080078125,298.22592737767604,288.3025207519531
ZA.WC,295.9851379394531,291.08916438176084,288.0323486328125
