HASC_1,Max,Mean,Min
ZA.EC,297.0516052246094,292.79335475612334,289.1889953613281
ZA.FS,300.4930114746094,296.2488024481412,286.8860778808594
ZA.GT,297.08514404296875,295.150791422526,293.57342529296875
ZA.NL,299.16912841796875,294.0857042100694,286.8860778808594
ZA.NP,300.5600891113281,297.42256711563977,291.0564880371094
ZA.MP,298.9451599121094,294.71763683500745,291.0564880371094
ZA.NW,302.9497375488281,298.47129758199054,294.4018859863281
ZA.NC,305.6352844238281,298.79636214615465,290.7768859863281
ZA.WC,298.5096130371094,293.51028630183293,290.3387145996094
