HASC_1,Max,Mean,Min
ZA.EC,295.3183898925781,286.71972326330234,280.5716857910156
ZA.FS,287.7663269042969,284.7260731664197,277.21978759765625
ZA.GT,290.4616394042969,287.56529541015624,285.6205139160156
ZA.NL,296.5898742675781,288.67943115234374,277.21978759765625
ZA.NP,295.7314758300781,292.1475185178361,285.2201232910156
ZA.MP,295.2337646484375,288.68623933337983,283.8334045410156
ZA.NW,291.5739440917969,288.7942752838135,286.1862487792969
ZA.NC,290.3766784667969,286.73709245161575,282.36041259765625
ZA.WC,290.7015686035156,287.21258873572714,283.4430847167969
