HASC_1,Max,Mean,Min
CA.AB,1.015163779258728,0.03432412205998014,0.0
CA.BC,2.870816469192505,0.02305906798936928,0.0
CA.MB,2.0988008975982666,0.13500316479070038,0.0
CA.NB,0.6773600578308105,0.002594037538573092,0.0
CA.NF,1.2938193082809448,0.006634641561531108,0.0
CA.NT,1.15583336353302,-65.8878910597806,-9999.904296875
CA.NS,0.2638223469257355,0.0030901300700403992,0.0
CA.NU,2.3487448692321777,-453.2294568979652,-9999.904296875
CA.ON,7.318287372589111,0.10783525229792827,0.0
CA.PE,0.004999999422580004,3.29038177509434e-05,0.0
CA.QC,2.141638994216919,0.0455969118673137,0.0
CA.SK,1.1284815073013306,0.08848497974776051,0.0
CA.YT,2.034374952316284,-210.52154861957953,-9999.904296875
