HASC_1,Max,Mean,Min
CA.AB,1.0151143074035645,0.05059788009639209,0.0
CA.BC,2.2732584476470947,0.03722072904048777,0.0
CA.MB,0.8561540246009827,0.02907691575616129,0.0
CA.NB,0.30656614899635315,0.007641550277981265,0.0
CA.NF,1.8603501319885254,0.015808451105029733,0.0
CA.NT,1.931249737739563,-1138.609696788831,-9999.904296875
CA.NS,0.1444573551416397,0.0006443587613392442,0.0
CA.NU,0.8220153450965881,-2150.16440911172,-9999.904296875
CA.ON,4.0248894691467285,0.10090614846475916,0.0
CA.PE,0.04655596986413002,0.0004664067006804264,0.0
CA.QC,2.5170552730560303,-44.675700575901566,-9999.904296875
CA.SK,1.311957836151123,0.05050377336832154,0.0
CA.YT,1.534166693687439,-699.823359261512,-9999.904296875
