HASC_1,Max,Mean,Min
CA.AB,1.9706406593322754,0.10670212263053537,0.0
CA.BC,3.4879114627838135,0.06453437837820501,0.0
CA.MB,0.04733717441558838,0.000457836905807201,0.0
CA.NB,0.13395605981349945,0.005120928648717633,0.0
CA.NF,1.6635075807571411,0.008325105716584682,0.0
CA.NT,3.124999761581421,-72.74797787363829,-9999.904296875
CA.NS,0.00958333257585764,5.274909163497959e-05,0.0
CA.NU,0.716874897480011,-443.996970749121,-9999.904296875
CA.ON,2.9937942028045654,0.0800412397465098,0.0
CA.PE,0.008335132151842117,6.101439126023951e-05,0.0
CA.QC,2.1549832820892334,0.08014565588010958,0.0
CA.SK,1.6730698347091675,0.020436607141717793,0.0
CA.YT,2.694999933242798,-158.36954837941695,-9999.904296875
