HASC_1,Max,Mean,Min
CA.AB,0.8991847038269043,0.006922001657112547,0.0
CA.BC,3.109567880630493,0.09500798513821299,0.0
CA.MB,0.7470548748970032,0.011990106517745638,0.0
CA.NB,0.7218535542488098,0.03476801611396878,0.0
CA.NF,1.5849331617355347,0.040918304106835265,0.0
CA.NT,0.9727063179016113,-1154.2177818319974,-9999.904296875
CA.NS,0.3622562885284424,0.00512017640178057,0.0
CA.NU,0.35729166865348816,-2159.15431317913,-9999.904296875
CA.ON,8.606657981872559,0.22481398520640228,0.0
CA.PE,0.09525859355926514,0.006776257907707874,0.0
CA.QC,4.510429859161377,-66.3358766763845,-9999.904296875
CA.SK,0.4440873861312866,0.012142463042010146,0.0
CA.YT,1.0281249284744263,-740.5732472865129,-9999.904296875
