HASC_1,Max,Mean,Min
CA.AB,0.8705440163612366,0.030450988048111798,0.0
CA.BC,3.0656630992889404,0.11341743924639004,0.0
CA.MB,2.237562656402588,0.022798156529487724,0.0
CA.NB,0.0014022289542481303,7.3194796477600735e-06,0.0
CA.NF,1.021626353263855,-15.514860065987582,-9999.904296875
CA.NT,0.2516833245754242,-4370.389620758406,-9999.904296875
CA.NS,0.6794254779815674,0.010566455905237032,0.0
CA.NU,0.024583330377936363,-3715.5699326483864,-9999.904296875
CA.ON,1.2487901449203491,0.001225227935537626,0.0
CA.PE,0.0021090221125632524,4.618918308971423e-05,0.0
CA.QC,1.1710333824157715,-430.40134763561855,-9999.904296875
CA.SK,1.629935383796692,0.028118633772002948,0.0
CA.YT,0.24937498569488525,-4492.627988139364,-9999.904296875
