HASC_1,Max,Mean,Min
CA.AB,0.13499051332473755,0.00011283372008412058,0.0
CA.BC,1.7159844636917114,0.0030875399530104915,0.0
CA.MB,0.37894997000694275,0.0007429127790198853,0.0
CA.NB,0.08702710270881653,0.0036726216939775447,0.0
CA.NF,0.3159083425998688,-15.930659895334298,-9999.904296875
CA.NT,0.31937503814697266,-3690.9759395275155,-9999.904296875
CA.NS,0.10887720435857773,0.0002445333913873698,0.0
CA.NU,0.19024509191513062,-3709.764707729285,-9999.904296875
CA.ON,0.37894997000694275,0.0031407365342839646,0.0
CA.PE,0.00366915762424469,0.00011935010238525697,0.0
CA.QC,0.9296498894691467,-429.28569208589147,-9999.904296875
CA.SK,0.23750166594982147,0.0003576681452112979,0.0
CA.YT,0.18520832061767578,-2562.4234891820574,-9999.904296875
