HASC_1,Max,Mean,Min
CA.AB,0.43984758853912354,0.0012580228863661148,0.0
CA.BC,0.8476380705833435,0.004287654541053677,0.0
CA.MB,1.389447569847107,0.055609673352859504,0.0
CA.NB,0.015180952847003937,7.774848865330234e-05,0.0
CA.NF,0.8486095666885376,-15.518826669821742,-9999.9013671875
CA.NT,0.25601905584335327,-4374.211312702614,-9999.9013671875
CA.NS,0.01492583192884922,7.749518187741885e-05,0.0
CA.NU,0.10380951315164566,-3715.9433713164817,-9999.9013671875
CA.ON,2.0136191844940186,0.049231886788966686,0.0
CA.PE,0.017567258328199387,0.0004215150742003551,0.0
CA.QC,1.9168570041656494,-430.1649831321459,-9999.9013671875
CA.SK,0.4716380834579468,0.014209130966760589,0.0
CA.YT,0.03851436451077461,-4597.3947691685535,-9999.9013671875
