HASC_1,Max,Mean,Min
CA.AB,0.8486249446868896,0.006936693642048812,0.0
CA.BC,2.280916690826416,0.060481832595377476,0.0
CA.MB,0.19378332793712616,0.0010582314976509296,0.0
CA.NB,0.08006756007671356,0.0001533831423899415,0.0
CA.NF,1.4168071746826172,-4.8731062546403585,-9999.904296875
CA.NT,0.5299999713897705,-3689.293245733489,-9999.904296875
CA.NS,0.7457090020179749,0.01958072844101851,0.0
CA.NU,0.26624998450279236,-3399.1558190647606,-9999.904296875
CA.ON,1.174873948097229,0.01659337518722529,0.0
CA.PE,0.8207953572273254,0.034287711683159264,0.0
CA.QC,0.7511916160583496,-352.38716052529975,-9999.904296875
CA.SK,0.11691918969154358,0.0006931708284291084,0.0
CA.YT,1.8651751279830933,-4273.7985285525265,-9999.904296875
