HASC_1,Max,Mean,Min
CA.AB,1.26235830783844,0.06704467968079549,0.0
CA.BC,2.1234583854675293,0.03527106066167115,0.0
CA.MB,0.10329267382621765,0.0006924350563860775,0.0
CA.NB,0.08626831322908401,0.0008614761755825202,0.0
CA.NF,1.9458999633789062,-8.103414379543384,-9999.904296875
CA.NT,0.54749995470047,-4186.27585638785,-9999.904296875
CA.NS,0.06533730030059814,0.0002772417159984034,0.0
CA.NU,0.19166666269302368,-3611.8878714972325,-9999.904296875
CA.ON,2.5048296451568604,0.06104147987835071,0.0
CA.PE,0.009754026308655739,0.00019659153897079635,0.0
CA.QC,1.918484091758728,-379.76026337294746,-9999.904296875
CA.SK,1.0515998601913452,0.026636956074531794,0.0
CA.YT,0.7236172556877136,-4605.1368478117765,-9999.904296875
