HASC_1,Max,Mean,Min
CA.AB,3.083695888519287,0.15368514554148804,0.0
CA.BC,2.7091739177703857,0.06642195783715371,0.0
CA.MB,1.8197599649429321,0.06641517668882364,0.0
CA.NB,0.3163679838180542,0.007437899099800648,0.0
CA.NF,0.08808000385761261,-15.522573822596186,-9999.90234375
CA.NT,1.1447999477386475,-4373.599199289655,-9999.90234375
CA.NS,0.28590214252471924,0.0034525829997159455,0.0
CA.NU,1.1388959884643555,-3715.5690455181993,-9999.90234375
CA.ON,1.8456922769546509,0.011252963169280544,0.0
CA.PE,0.07570622116327286,0.00255273440979251,0.0
CA.QC,0.925920307636261,-430.40137780542346,-9999.90234375
CA.SK,3.083695888519287,0.44569850666213534,0.0
CA.YT,0.30879998207092285,-4386.311137787611,-9999.90234375
