HASC_1,Max,Mean,Min
CA.AB,1.0549421310424805,0.05488424853099693,0.0
CA.BC,1.7559847831726074,0.022977895095282964,0.0
CA.MB,2.2444539070129395,0.20261968976637543,0.0
CA.NB,0.8566617965698242,0.13857161398772877,0.0
CA.NF,2.069833517074585,-1.9759153445445365,-9999.904296875
CA.NT,1.4852083921432495,-769.1720531663935,-9999.904296875
CA.NS,0.490299254655838,0.03350611443224524,0.0
CA.NU,0.9707211852073669,-2542.1662620698835,-9999.904296875
CA.ON,2.1290059089660645,0.10241677826607808,0.0
CA.PE,0.4273057281970978,0.0429953034207798,0.0
CA.QC,1.2019832134246826,-375.4071894811372,-9999.904296875
CA.SK,1.3905458450317383,0.06902645234965807,0.0
CA.YT,1.4852083921432495,-364.3620341575522,-9999.904296875
