HASC_1,Max,Mean,Min
CA.AB,1.4104102849960327,0.12182261239045415,0.0
CA.BC,1.4991000890731812,0.025172810814161083,0.0
CA.MB,3.5911026000976562,0.18162964554146932,0.0
CA.NB,0.03325122967362404,0.0007329425727741702,0.0
CA.NF,1.1405693292617798,0.009426273190685737,0.0
CA.NT,1.1624672412872314,-124.89024483441284,-9999.904296875
CA.NS,0.04816408082842827,0.00019416235187271603,0.0
CA.NU,1.1945832967758179,-589.614912748956,-9999.904296875
CA.ON,4.78630256652832,0.14564456509711537,0.0
CA.PE,0.006173832807689905,0.00016821694761837044,0.0
CA.QC,3.4476470947265625,0.06328686660210898,0.0
CA.SK,1.727811336517334,0.29704468021187175,0.0
CA.YT,0.45977750420570374,-210.55590989775044,-9999.904296875
