HASC_1,Max,Mean,Min
CA.AB,0.5199922919273376,0.0021198936114633503,0.0
CA.BC,4.296366214752197,0.08791446752489278,0.0
CA.MB,0.46618446707725525,0.003644439026935521,0.0
CA.NB,1.5186824798583984,0.1738397555977658,0.0
CA.NF,1.6641335487365723,-1.6241704972519535,-9999.904296875
CA.NT,5.863958358764648,-399.3038757594256,-9999.904296875
CA.NS,2.107863664627075,0.08187101351876941,0.0
CA.NU,2.5886430740356445,-1559.9326616653811,-9999.904296875
CA.ON,5.154857158660889,0.04706107967206474,0.0
CA.PE,1.1434681415557861,0.18519446483025184,0.0
CA.QC,7.145686626434326,-247.03822016941652,-9999.904296875
CA.SK,0.2073558121919632,0.00044149231445289296,0.0
CA.YT,4.37000036239624,-188.3062911680485,-9999.904296875
