HASC_1,Max,Mean,Min
CA.AB,0.5789249539375305,0.008007817491261813,0.0
CA.BC,2.501566171646118,0.03463478377766967,0.0
CA.MB,1.0429458618164062,0.007575111617310209,0.0
CA.NB,0.07863570004701614,0.00033996289249404034,0.0
CA.NF,0.7557053565979004,0.006277887498741721,0.0
CA.NT,1.18791663646698,-108.3734124156899,-9999.904296875
CA.NS,0.009996824897825718,0.00016979289817576986,0.0
CA.NU,1.502916693687439,-586.442554701824,-9999.904296875
CA.ON,1.221415638923645,0.01804474810271452,0.0
CA.PE,0.015707923099398613,0.00027635013836865813,0.0
CA.QC,0.6839055418968201,0.013963148883194672,0.0
CA.SK,1.2276957035064697,0.007883917128645428,0.0
CA.YT,0.6591666340827942,-113.02292981565765,-9999.904296875
