HASC_1,Max,Mean,Min
CA.AB,1.2090059518814087,0.010533143887521756,0.0
CA.BC,1.2476166486740112,0.007883178234460277,0.0
CA.MB,0.8186666369438171,0.024852635660081234,0.0
CA.NB,1.0416749715805054,0.029728686770330387,0.0
CA.NF,0.8394384980201721,-15.903853019738946,-9999.904296875
CA.NT,0.0060000005178153515,-4374.671403426155,-9999.904296875
CA.NS,1.0420249700546265,0.005940066646630963,0.0
CA.NU,0.05952499806880951,-3716.1317201516863,-9999.904296875
CA.ON,3.444390296936035,0.06274075638821307,0.0
CA.PE,0.16443930566310883,0.015326670518933007,0.0
CA.QC,3.755784749984741,-430.5394656743787,-9999.904296875
CA.SK,0.7470667362213135,0.05057231816253153,0.0
CA.YT,0.6707751750946045,-4605.653203818964,-9999.904296875
