HASC_1,Max,Mean,Min
CA.AB,1.2259355783462524,0.048829274271013884,0.0
CA.BC,7.180044651031494,0.1272068040842549,0.0
CA.MB,0.35739997029304504,0.006906281715467263,0.0
CA.NB,1.082558274269104,0.012002997940376408,0.0
CA.NF,0.933650016784668,-15.923424004660754,-9999.904296875
CA.NT,0.27137500047683716,-4372.989140691685,-9999.904296875
CA.NS,0.36484694480895996,0.0019622822812128105,0.0
CA.NU,0.002749999985098839,-3715.6323537499024,-9999.904296875
CA.ON,0.781541645526886,0.01581941953340412,0.0
CA.PE,0.03944166377186775,0.0008768894795055251,0.0
CA.QC,1.5568499565124512,-430.60301910132677,-9999.904296875
CA.SK,1.311841607093811,0.04307279246049293,0.0
CA.YT,0.007250001188367605,-4602.0409861558255,-9999.904296875
