HASC_1,Max,Mean,Min
CA.AB,2.8376524448394775,0.2047451336466793,0.0
CA.BC,4.291133403778076,-1.2469973182588945,-208.3312530517578
CA.MB,2.6540849208831787,0.0843233421367627,0.0
CA.NB,1.486160397529602,0.1119910498852147,0.0
CA.NF,3.647249937057495,-11.417771220285246,-9999.904296875
CA.NT,0.3633333146572113,-3314.797772049628,-9999.904296875
CA.NS,3.468853235244751,0.1133184070884593,0.0
CA.NU,0.1843666434288025,-3713.6972560096187,-9999.904296875
CA.ON,3.0236082077026367,0.06203266664550535,0.0
CA.PE,1.2782062292099,0.2287953493457574,0.0
CA.QC,2.6616082191467285,-428.8098404106045,-9999.904296875
CA.SK,1.2852773666381836,0.10158358350366281,0.0
CA.YT,3.4122915267944336,-2766.590892096177,-9999.904296875
