HASC_1,Max,Mean,Min
CA.AB,1.5542975664138794,0.01710572707030735,0.0
CA.BC,17.309499740600586,0.09680163692931204,0.0
CA.MB,0.13615000247955322,0.0027489391979435437,0.0
CA.NB,0.21408331394195557,0.0026911493163080304,0.0
CA.NF,0.8268582820892334,-13.881859583686655,-9999.904296875
CA.NT,0.09729167819023132,-4365.496301290648,-9999.904296875
CA.NS,0.009995926171541214,3.1118592021664184e-05,0.0
CA.NU,0.05374998226761818,-3711.637381713999,-9999.904296875
CA.ON,0.7164759635925293,0.012334522045679374,0.0
CA.PE,0.012291666120290756,0.0002155281958672416,0.0
CA.QC,3.145233154296875,-430.13978290299536,-9999.904296875
CA.SK,0.3934691250324249,0.0062336117035121695,0.0
CA.YT,0.43523314595222473,-4593.782944049913,-9999.904296875
