HASC_1,Max,Mean,Min
CA.AB,1.6145139932632446,0.09788190936010495,0.0
CA.BC,1.0356552600860596,-1.868972773727219,-624.9937744140625
CA.MB,4.357885837554932,0.11478494684665706,0.0
CA.NB,0.33675417304039,0.014052418165006015,0.0
CA.NF,1.8690195083618164,0.03517943853192619,0.0
CA.NT,0.43541666865348816,-180.89547143774809,-9999.904296875
CA.NS,0.17697745561599731,0.00469042928640224,0.0
CA.NU,3.1341676712036133,-637.7859132386199,-9999.904296875
CA.ON,2.3256430625915527,0.07653439397012879,0.0
CA.PE,0.18910615146160126,0.014212659844197333,0.0
CA.QC,0.9816142916679382,0.011639705207933903,0.0
CA.SK,1.2857931852340698,0.05853449888402185,0.0
CA.YT,0.24541665613651276,-243.88701139872043,-9999.904296875
