HASC_1,Max,Mean,Min
CA.AB,0.22972498834133148,0.00017493010611028696,0.0
CA.BC,2.7563915252685547,0.031069313541648044,0.0
CA.MB,0.8849167227745056,0.035046781377202706,0.0
CA.NB,0.5043749213218689,-47.739613826878816,-208.3312530517578
CA.NF,1.0427916049957275,-15.929981662496221,-9999.904296875
CA.NT,0.005183331668376923,-4369.319270214769,-9999.904296875
CA.NS,0.24839162826538086,0.007579148507464714,0.0
CA.NU,0.005199998151510954,-3712.0119129821396,-9999.904296875
CA.ON,0.858508288860321,0.04168549137221414,0.0
CA.PE,0.4323749542236328,0.0594881851082811,0.0
CA.QC,1.8391915559768677,-435.3104380158587,-9999.904296875
CA.SK,0.8168749809265137,0.01251537328500916,0.0
CA.YT,0.006516666617244482,-4606.685846879638,-9999.904296875
