HASC_1,Max,Mean,Min
CA.AB,1.7177082300186157,0.08777294293065004,0.0
CA.BC,2.986595392227173,0.053172694132044944,0.0
CA.MB,2.6766443252563477,0.034986787862520484,0.0
CA.NB,2.0720813274383545,0.4218429165387254,0.0
CA.NF,3.016627073287964,-0.7710502837879678,-9999.904296875
CA.NT,2.5670833587646484,-164.47292011389297,-9999.904296875
CA.NS,1.1516190767288208,0.039741183739296214,0.0
CA.NU,2.303212881088257,-943.603515561224,-9999.904296875
CA.ON,2.448664903640747,0.05545025122629195,0.0
CA.PE,0.9118716716766357,0.1558570138307718,0.0
CA.QC,3.182213068008423,-59.8033414547802,-9999.904296875
CA.SK,0.747513473033905,0.00960863989707289,0.0
CA.YT,1.8279166221618652,-168.728389964978,-9999.904296875
