HASC_1,Max,Mean,Min
CN.AH,1.151264909950976e+16,115303048907923.98,0.0
CN.BJ,0.0,0.0,0.0
CN.CQ,1.0984404629323776e+16,2113874468974773.2,0.0
CN.FJ,8807687823294464.0,759321145168397.1,0.0
CN.GS,8340973054590976.0,966386320028095.1,0.0
CN.GD,2.1181999167307776e+16,2403889205743800.0,0.0
CN.GX,6463638017671168.0,1931195156380983.8,0.0
CN.GZ,7281145850888192.0,2843215576954168.5,0.0
CN.HA,3584212485537792.0,1372710235434510.2,0.0
CN.HB,1.6921621390426112e+16,193513711559933.66,0.0
CN.HL,2.3479658494296064e+16,1952381821494901.8,0.0
CN.HE,4.385221738758144e+16,5899256914975071.0,0.0
CN.HU,1.7884092422946816e+16,3402110773055290.0,0.0
CN.HN,1.1571714563506176e+16,3681426639457615.0,0.0
CN.JS,0.0,0.0,0.0
CN.JX,1.5371078067027968e+16,3253357850004456.0,0.0
CN.JL,1.0895133734076416e+16,2345697279507625.0,0.0
CN.LN,1.5333519651766272e+16,3663960882886853.0,0.0
CN.NM,1.7711155564773376e+16,1029332414261058.1,0.0
CN.NX,8060544439287808.0,2442834554084726.0,0.0
CN.QH,6329487398535168.0,1102238293323808.4,0.0
CN.SA,2.222015074480947e+16,2853221387079556.0,0.0
CN.SD,0.0,0.0,0.0
CN.SH,0.0,0.0,0.0
CN.SX,3.895902986672538e+16,7256930613209334.0,0.0
CN.SC,1.1637426489393152e+16,1675810746809443.8,0.0
CN.TJ,0.0,0.0,0.0
CN.XJ,7079265208107008.0,1399589959197615.5,0.0
CN.XZ,4329356293832704.0,1299273229320146.5,0.0
CN.YN,6040164979703808.0,750087336718170.8,0.0
CN.ZJ,0.0,0.0,0.0
