HASC_1,Max,Mean,Min
CN.AH,3764086789636096.0,56503969567708.69,0.0
CN.BJ,0.0,0.0,0.0
CN.CQ,1.5970816562823168e+16,4009054567226717.5,0.0
CN.FJ,7430404554358784.0,916594732292296.5,0.0
CN.GS,1.0300239961391104e+16,913758635329361.6,0.0
CN.GD,3.817339874390835e+16,3923295812634713.0,0.0
CN.GX,1.0135620307386368e+16,2492823180342494.5,0.0
CN.GZ,1.1595041604632576e+16,3714794623184128.5,0.0
CN.HA,3897820528508928.0,1996755456763373.0,0.0
CN.HB,1.470672500948992e+16,139280873838911.4,0.0
CN.HL,1.023141783493673e+17,7043085755252510.0,0.0
CN.HE,3.2771410069815296e+16,3936501509366772.5,0.0
CN.HU,2.428059043810509e+16,5416689754770981.0,0.0
CN.HN,2.428059043810509e+16,6201125695047769.0,0.0
CN.JS,0.0,0.0,0.0
CN.JX,1.7015199064129536e+16,3632622736719830.0,0.0
CN.JL,9.277819131107738e+16,6173140895304196.0,0.0
CN.LN,2.4115719528513536e+16,5317929304655885.0,0.0
CN.NM,5.428329708519424e+16,1160810458382168.5,0.0
CN.NX,1.7672318322999296e+16,2927383162525793.5,0.0
CN.QH,5455006824136704.0,835342617715914.1,0.0
CN.SA,3.2263145787490304e+16,3955583986489654.5,0.0
CN.SD,0.0,0.0,0.0
CN.SH,0.0,0.0,0.0
CN.SX,1.9259344601848218e+17,1.3949074955818656e+16,0.0
CN.SC,1.527836368175104e+16,1843548307357247.0,0.0
CN.TJ,0.0,0.0,0.0
CN.XJ,1.1970529120485376e+16,1243659393309949.5,0.0
CN.XZ,5904941155614720.0,1247247008831181.5,0.0
CN.YN,8054359686381568.0,942687244837293.9,0.0
CN.ZJ,0.0,0.0,0.0
