HASC_1,Max,Mean,Min
CN.AH,0.0,0.0,0.0
CN.BJ,0.0,0.0,0.0
CN.CQ,1.1108356311744512e+16,2709175283180387.5,0.0
CN.FJ,0.0,0.0,0.0
CN.GS,6617650176196608.0,830869416338036.2,0.0
CN.GD,9757614866956288.0,1823442050415810.5,0.0
CN.GX,7284462102511616.0,1851411543997751.8,0.0
CN.GZ,7699507877773312.0,2476370246231033.5,0.0
CN.HA,3975412333936640.0,1907599378568533.2,0.0
CN.HB,7767520832389120.0,542739115520370.3,0.0
CN.HL,4.369974604857344e+16,3117211157079051.0,0.0
CN.HE,5722939232092160.0,460693991660433.75,0.0
CN.HU,5929416563621888.0,1635118303835589.8,0.0
CN.HN,5674691716972544.0,2078041138956369.5,0.0
CN.JS,0.0,0.0,0.0
CN.JX,2949805819035648.0,46383631330589.375,0.0
CN.JL,3.50846214733824e+16,3917365357436420.0,0.0
CN.LN,3.529492669451469e+16,4663799987272146.0,0.0
CN.NM,8612410692730880.0,721695211666853.8,0.0
CN.NX,8612410692730880.0,1658771476744744.8,0.0
CN.QH,4282010721845248.0,1241432870865865.0,0.0
CN.SA,1.4510715587002368e+16,1756839982529348.0,0.0
CN.SD,7241378211823616.0,850380720812652.6,0.0
CN.SH,0.0,0.0,0.0
CN.SX,1.5271069753540608e+16,921647714695688.0,0.0
CN.SC,1.0018093896040448e+16,1939157249498361.5,0.0
CN.TJ,0.0,0.0,0.0
CN.XJ,4655861049851904.0,875604520728007.0,0.0
CN.XZ,3218991552135168.0,928807650477802.2,0.0
CN.YN,4890247078871040.0,1276148924053424.2,0.0
CN.ZJ,0.0,0.0,0.0
