HASC_1,Max,Mean,Min
CN.AH,0.0,0.0,0.0
CN.BJ,0.0,0.0,0.0
CN.CQ,2.181337868717261e+16,3749599168988292.5,0.0
CN.FJ,0.0,0.0,0.0
CN.GS,1.1230322645532672e+16,933642848050531.8,0.0
CN.GD,3.211688282370867e+16,3081593962358291.5,0.0
CN.GX,1.0841735479427072e+16,2732020402695228.0,0.0
CN.GZ,1.164367781429248e+16,2600939166313659.5,0.0
CN.HA,7191662354759680.0,2884896097595847.0,0.0
CN.HB,5884708101554176.0,456176065877168.75,0.0
CN.HL,9.667063427209626e+16,3216868610987711.5,0.0
CN.HE,1.5183748773445632e+16,1290878254628107.8,0.0
CN.HU,1.7564570478444544e+16,3042217131013125.0,0.0
CN.HN,1.8379715542777856e+16,3753310902197492.5,0.0
CN.JS,0.0,0.0,0.0
CN.JX,4194382114717696.0,61175027835820.06,0.0
CN.JL,3.3305716886339584e+16,3614984643823580.0,0.0
CN.LN,1.1024555057348608e+16,2960673144300480.5,0.0
CN.NM,3.856428801248461e+16,838171884256172.0,0.0
CN.NX,2.026409593667584e+16,2901795210988593.0,0.0
CN.QH,7125210620755968.0,1201699168988282.8,0.0
CN.SA,2.3486777402589184e+16,3137632996298123.5,0.0
CN.SD,4452742651183104.0,544153863843964.1,0.0
CN.SH,0.0,0.0,0.0
CN.SX,2.265983084186829e+16,1823686639369476.0,0.0
CN.SC,1.394278454525952e+16,2087925944373275.2,0.0
CN.TJ,0.0,0.0,0.0
CN.XJ,1.584972854984704e+16,940851959446257.2,0.0
CN.XZ,5903210283794432.0,896886554363230.5,0.0
CN.YN,6270371468673024.0,1446587494441411.8,0.0
CN.ZJ,0.0,0.0,0.0
