HASC_1,Max,Mean,Min
CN.AH,1.056923805810688e+16,723655912568346.4,0.0
CN.BJ,1.2435507648659456e+16,3244102007594098.0,0.0
CN.CQ,1.3077393732272128e+16,1968502908357967.8,0.0
CN.FJ,5709494373842944.0,132067840696444.75,0.0
CN.GS,6770716905046016.0,766472430739892.1,0.0
CN.GD,7489002403790848.0,314743697426068.3,0.0
CN.GX,1.2852831367200768e+16,1913820970219814.5,0.0
CN.GZ,1.3077393732272128e+16,2687068115629291.5,0.0
CN.HA,7288612114661376.0,2415341733885242.5,0.0
CN.HB,2.467248258154496e+16,3049266804101675.0,0.0
CN.HL,6130010863697920.0,588741896174690.8,0.0
CN.HE,0.0,0.0,0.0
CN.HU,0.0,0.0,0.0
CN.HN,0.0,0.0,0.0
CN.JS,1.962340707519693e+16,4667761434216924.0,0.0
CN.JX,0.0,0.0,0.0
CN.JL,3.830341169892557e+16,2199084195090916.5,0.0
CN.LN,5.200911190196224e+16,5910887728749180.0,0.0
CN.NM,2.771308535139533e+16,712526951310263.8,0.0
CN.NX,5087595994284032.0,866700125989050.1,0.0
CN.QH,6770716905046016.0,1609453032206423.8,0.0
CN.SA,5278640971448320.0,317136587026989.7,0.0
CN.SD,1.993079358960435e+16,4654863494323445.0,0.0
CN.SH,1.5938487270244352e+16,6695491338278836.0,0.0
CN.SX,3890047979880448.0,104837384745275.08,0.0
CN.SC,1.3077393732272128e+16,1562529349777389.2,0.0
CN.TJ,2.467248258154496e+16,1.0472304656333176e+16,0.0
CN.XJ,8675773271506944.0,999324487431696.4,0.0
CN.XZ,3182929127669760.0,695331416611543.9,0.0
CN.YN,5898706473713664.0,1476289561646605.0,0.0
CN.ZJ,1.5479624775499776e+16,3522697283731710.0,0.0
