HASC_1,Max,Mean,Min
CN.AH,1.542009395179684e+17,1.2963462639854032e+16,0.0
CN.BJ,3.5482094926823424e+16,1.2746117133369344e+16,0.0
CN.CQ,0.0,0.0,0.0
CN.FJ,1.4093390794719232e+16,3510248984755444.0,0.0
CN.GS,4123274367729664.0,262089515410230.25,0.0
CN.GD,1.1802037553463296e+16,1498065004710476.0,0.0
CN.GX,0.0,0.0,0.0
CN.GZ,0.0,0.0,0.0
CN.HA,0.0,0.0,0.0
CN.HB,4.658974364270592e+16,7701188427335318.0,0.0
CN.HL,1.3328376588664832e+16,859497747239532.9,0.0
CN.HE,1.7069325315735552e+17,1.2725473814464538e+16,0.0
CN.HU,2.1219797026996224e+16,4643371620122440.0,0.0
CN.HN,1.0630690450178048e+16,426271639324354.0,0.0
CN.JS,1.4056262305683866e+17,1.299187372819221e+16,0.0
CN.JX,2.1110672645423104e+16,3743509758107593.5,0.0
CN.JL,1.1175305188212736e+16,125454177206531.03,0.0
CN.LN,2.558674367990989e+16,3859543457110664.5,0.0
CN.NM,2.4503436963741696e+16,676847859346286.1,0.0
CN.NX,0.0,0.0,0.0
CN.QH,2997179576745984.0,1414155223217989.0,0.0
CN.SA,2.452820174517043e+16,2038267840643689.5,0.0
CN.SD,1.76959747881173e+17,1.814508109253451e+16,0.0
CN.SH,4.164377956371661e+16,1.087245235691754e+16,0.0
CN.SX,5.721152418322842e+16,8903687202377273.0,0.0
CN.SC,7370150458163200.0,731983770749621.0,0.0
CN.TJ,4.124356592114074e+16,2.010283187926279e+16,0.0
CN.XJ,1.3766656955881882e+17,2317743220024793.5,0.0
CN.XZ,5172635809873920.0,1000652782852811.1,0.0
CN.YN,4727364739137536.0,1111238024274913.5,0.0
CN.ZJ,4.791018409322086e+16,7205295698927406.0,0.0
