HASC_1,Max,Mean,Min
CN.AH,7511355024211968.0,395413907228761.06,0.0
CN.BJ,6702863937961984.0,1079081072328704.0,0.0
CN.CQ,7713146009550848.0,2527589227958802.0,0.0
CN.FJ,6657746380259328.0,253847757052410.94,0.0
CN.GS,8880641064042496.0,1114584920248083.8,0.0
CN.GD,9973095523680256.0,1794016932790272.0,0.0
CN.GX,8579382394224640.0,2101843773711404.5,0.0
CN.GZ,6387501669285888.0,2718348492047508.5,0.0
CN.HA,3749989901664256.0,1557265429883982.8,0.0
CN.HB,1.709650923749376e+16,2166142971694195.8,0.0
CN.HL,1.5765333516222464e+16,1926804556678534.5,0.0
CN.HE,1.225886745493504e+16,1308788511880843.0,0.0
CN.HU,1.225886745493504e+16,2358573159241045.5,0.0
CN.HN,6500998327566336.0,2965560254037388.5,0.0
CN.JS,1.2016041815179264e+16,2945756854402209.5,0.0
CN.JX,6500998327566336.0,897425207932161.1,0.0
CN.JL,1.138924395167744e+16,2263011073900401.5,0.0
CN.LN,2.030251441913856e+16,3339493637619712.0,0.0
CN.NM,1.861126367215616e+16,1193973317600797.5,0.0
CN.NX,8085694694031360.0,2343041556191849.5,0.0
CN.QH,5122746006634496.0,1942227898192028.8,0.0
CN.SA,1.1663207030587392e+16,2275198755996405.0,0.0
CN.SD,1.12343727996928e+16,2421102528709046.0,0.0
CN.SH,9777109723512832.0,4342986222222704.5,0.0
CN.SX,1.3104538999324672e+16,1764134778802683.8,0.0
CN.SC,8155681722990592.0,2102097749268478.8,0.0
CN.TJ,1.094692674469888e+16,4471707304418006.5,0.0
CN.XJ,7499965844684800.0,1531766380723863.5,0.0
CN.XZ,6834873515900928.0,1545728337036703.0,0.0
CN.YN,4770120064827392.0,1738992046727719.8,0.0
CN.ZJ,9563837753720832.0,2941637925672685.0,0.0
