HASC_1,Max,Mean,Min
CN.AH,1.0746339960815616e+16,3943479469179118.0,0.0
CN.BJ,9561131924324352.0,4429579780707669.5,0.0
CN.CQ,9552724525842432.0,1377544049507259.8,0.0
CN.FJ,1.1600367364079616e+16,2868820872463807.0,0.0
CN.GS,6229359362834432.0,988067999218965.2,0.0
CN.GD,1.1032018636767232e+16,1185509505968702.0,0.0
CN.GX,1.838233332534477e+16,1604281881772697.0,0.0
CN.GZ,7488045162954752.0,2660358619067154.0,0.0
CN.HA,4907613242261504.0,1708025211518976.0,0.0
CN.HB,1.0023731040616448e+16,3513861514806754.0,0.0
CN.HL,7786531968253952.0,683926786484689.8,0.0
CN.HE,1.2577804210143232e+16,3662808908072947.0,0.0
CN.HU,1.1912407475552256e+16,1984307417929045.2,0.0
CN.HN,7092816366796800.0,268736548509079.12,0.0
CN.JS,1.5528280312512512e+16,4134405525021661.5,0.0
CN.JX,7736278703407104.0,2688599796733804.0,0.0
CN.JL,7719103666061312.0,1838130383281827.0,0.0
CN.LN,7557528606998528.0,2868454309388118.5,0.0
CN.NM,1.0217015306354688e+16,1101115047155197.4,0.0
CN.NX,4583414078373888.0,504285854118707.2,0.0
CN.QH,6229359362834432.0,2287311473820843.0,0.0
CN.SA,5058272641941504.0,202878059900157.47,0.0
CN.SD,1.0949832290074624e+16,3962746868128552.5,0.0
CN.SH,1.35744857309184e+16,5187420658151272.0,0.0
CN.SX,1.0405711473278976e+16,3480615099753860.5,0.0
CN.SC,8053478681214976.0,1786069010536855.5,0.0
CN.TJ,8674097160519680.0,5721158310755015.0,0.0
CN.XJ,7860391447101440.0,1791080978741987.5,0.0
CN.XZ,6793391648014336.0,1446548846514761.2,0.0
CN.YN,7292162442002432.0,1794903864910223.2,0.0
CN.ZJ,9007197644128256.0,3453417501454191.5,0.0
