HASC_1,Max,Mean,Min
CN.AH,1.5276041178185728e+16,3667825829013690.0,0.0
CN.BJ,1.7172720210935808e+16,2752388989452288.0,0.0
CN.CQ,1.3487039123030016e+16,2597620734211520.5,0.0
CN.FJ,1.0840194659909632e+16,2527638347150007.0,0.0
CN.GS,5852344449236992.0,604801231244422.9,0.0
CN.GD,1.2951262353948672e+16,2677878965414362.5,0.0
CN.GX,8710439563165696.0,2377530064967584.0,0.0
CN.GZ,1.1170872781963264e+16,2839076076044049.0,0.0
CN.HA,6805474464759808.0,2936235825124693.5,0.0
CN.HB,3.452789922254029e+16,4716644918189036.0,0.0
CN.HL,6.457230355962266e+16,3928168396053002.5,0.0
CN.HE,2.125360486206669e+16,3998069528305754.0,0.0
CN.HU,1.6337248140132352e+16,3741668832793941.5,0.0
CN.HN,1.0536017559814144e+16,4421899664411704.0,0.0
CN.JS,1.048588348030976e+16,686059379333529.6,0.0
CN.JX,1.7929315207348224e+16,3890748130861620.5,0.0
CN.JL,7.116259157291827e+16,8883297951419654.0,0.0
CN.LN,7.29319806599168e+16,7128577956650166.0,0.0
CN.NM,6.611775305180774e+16,801248239295327.4,0.0
CN.NX,9996125138321408.0,2443129412324401.0,0.0
CN.QH,4541933284229120.0,762252522484133.9,0.0
CN.SA,2.2150954526703616e+16,2518257741777330.5,0.0
CN.SD,1.8165785369247744e+16,2750122780636891.5,0.0
CN.SH,0.0,0.0,0.0
CN.SX,4.60412977938432e+16,6762014937644918.0,0.0
CN.SC,1.3487039123030016e+16,776409542490875.0,0.0
CN.TJ,0.0,0.0,0.0
CN.XJ,1.7876021105655808e+16,1336311344276878.2,0.0
CN.XZ,4001130598105088.0,1217971947547194.2,0.0
CN.YN,0.0,0.0,0.0
CN.ZJ,1.2286364909305856e+16,1938415469723648.0,0.0
