HASC_1,Max,Mean,Min
CN.AH,1.2929710208057344e+16,3726505125327999.5,0.0
CN.BJ,6208370394529792.0,977322113591657.4,0.0
CN.CQ,9186775058612224.0,2593529541100291.0,0.0
CN.FJ,1.3856205520764928e+16,2563397349441771.5,0.0
CN.GS,6916947119702016.0,662628537088252.6,0.0
CN.GD,1.0615707456765952e+16,2402545805318411.0,0.0
CN.GX,6015297119059968.0,2192594142057453.8,0.0
CN.GZ,6551277899087872.0,3219920546240326.0,0.0
CN.HA,5254969796067328.0,2060640378625137.8,0.0
CN.HB,8353605090279424.0,1822899490844499.2,0.0
CN.HL,7538952873443328.0,1775461126002451.2,0.0
CN.HE,8445801931997184.0,2921902445516117.5,0.0
CN.HU,8627648162955264.0,3057399096497493.5,0.0
CN.HN,7810365815521280.0,3529180807227961.0,0.0
CN.JS,1.0465339577991168e+16,1721574786936680.2,0.0
CN.JX,9496498035228672.0,3415131645088017.0,0.0
CN.JL,7115703710646272.0,2042568375314829.0,0.0
CN.LN,7115703710646272.0,1024962895327484.9,0.0
CN.NM,6961569682423808.0,896259976287356.2,0.0
CN.NX,5566853678104576.0,1830452317963020.2,0.0
CN.QH,6916947119702016.0,1684343368362666.8,0.0
CN.SA,1.0867016730673152e+16,2106589937449518.5,0.0
CN.SD,7871945982869504.0,2051053341296599.2,0.0
CN.SH,0.0,0.0,0.0
CN.SX,1.0867016730673152e+16,3002887096621638.0,0.0
CN.SC,7269826464579584.0,1794784439703457.5,0.0
CN.TJ,0.0,0.0,0.0
CN.XJ,7077390991753216.0,1735232206572826.2,0.0
CN.XZ,5681623257317376.0,1639883586603789.2,0.0
CN.YN,6316161188757504.0,1233498502935650.8,0.0
CN.ZJ,9643734882844672.0,2098956462038921.2,0.0
