HASC_1,Max,Mean,Min
CN.AH,1.2467821908852736e+16,3292705709394466.5,0.0
CN.BJ,0.0,0.0,0.0
CN.CQ,8273560321654784.0,2155343576810435.8,0.0
CN.FJ,5911521582383104.0,1794189618329357.8,0.0
CN.GS,6564909051543552.0,947245719128947.1,0.0
CN.GD,8646677015560192.0,1978873144375919.2,0.0
CN.GX,5275979165466624.0,1768653968113664.0,0.0
CN.GZ,4316970145021952.0,2216462754661352.2,0.0
CN.HA,3885428474118144.0,2162996789010128.5,0.0
CN.HB,1.2777126126157824e+16,2127414917779853.5,0.0
CN.HL,1.5756331264770048e+16,2636116126861047.5,0.0
CN.HE,1.389338168393728e+16,4617659107129678.0,0.0
CN.HU,1.0429042809372672e+16,3325304894186027.5,0.0
CN.HN,5830777807831040.0,2218296395458695.5,0.0
CN.JS,1.1349110703521792e+16,298314136146755.1,0.0
CN.JX,6721076209909760.0,2110742312797252.2,0.0
CN.JL,1.073418090840064e+16,2729478063256228.5,0.0
CN.LN,2.5061793449639936e+16,4047660687839003.5,0.0
CN.NM,1.7454385239949312e+16,1182815769205963.5,0.0
CN.NX,6909224768503808.0,2124913588468199.5,0.0
CN.QH,4704989570138112.0,1668980074605435.5,0.0
CN.SA,1.4556877895499776e+16,2756789847663596.5,0.0
CN.SD,1.1349110703521792e+16,1283640291572644.2,0.0
CN.SH,0.0,0.0,0.0
CN.SX,1.4040941727842304e+16,4608972375637706.0,0.0
CN.SC,8273560321654784.0,1925786842545214.8,0.0
CN.TJ,0.0,0.0,0.0
CN.XJ,7926962903318528.0,1726838353893296.2,0.0
CN.XZ,5452053497249792.0,1673253811584571.0,0.0
CN.YN,4601504480624640.0,1295462991754948.8,0.0
CN.ZJ,4276486051725312.0,328270037135170.94,0.0
