HASC_1,Max,Mean,Min
CN.AH,1.9327273375105024e+16,4465384217883686.0,0.0
CN.BJ,1.0136698344177664e+16,1273683655095389.0,0.0
CN.CQ,9366101754380288.0,3237467101630608.5,0.0
CN.FJ,7431897592365056.0,2697865962561909.5,0.0
CN.GS,7009778542837760.0,741421104249569.6,0.0
CN.GD,1.5306861863501824e+16,2995698909748179.5,0.0
CN.GX,7229409748582400.0,2784607762477421.0,0.0
CN.GZ,1.0658335007178752e+16,4193699776191767.5,0.0
CN.HA,4238876633726976.0,2292419916765108.0,0.0
CN.HB,1.859883188931789e+16,2612312920908232.0,0.0
CN.HL,2.299327707034419e+16,2331894468811942.5,0.0
CN.HE,2.5465380789026816e+16,6421005991689276.0,0.0
CN.HU,1.7945196922667008e+16,3721426028724224.0,0.0
CN.HN,1.129635991519232e+16,3814624212949538.0,0.0
CN.JS,1.5008335866626048e+16,2213290332600845.2,0.0
CN.JX,1.3093063920451584e+16,4197104075407360.0,0.0
CN.JL,1.444132824285184e+16,2724525851278789.0,0.0
CN.LN,9096650538614784.0,1152747155272884.8,0.0
CN.NM,1.1614942335598592e+16,914006037556479.5,0.0
CN.NX,6770669660405760.0,2051299511823278.8,0.0
CN.QH,7021796935073792.0,1440710948760373.2,0.0
CN.SA,1.3678911418269696e+16,2976238580433227.0,0.0
CN.SD,1.4869240129519616e+16,3448631904484995.0,0.0
CN.SH,0.0,0.0,0.0
CN.SX,1.793297022451712e+16,4978699005798508.0,0.0
CN.SC,1.3710359168811008e+16,2401494336273626.5,0.0
CN.TJ,0.0,0.0,0.0
CN.XJ,6219245788594176.0,1542668547256490.5,0.0
CN.XZ,5425626026606592.0,1584163655827653.0,0.0
CN.YN,1.0145809043554304e+16,1495560383540783.5,0.0
CN.ZJ,1.0585794083291136e+16,2624182483680025.5,0.0
