HASC_1,Max,Mean,Min
CN.AH,2.3971473051877376e+16,2072656000528133.2,0.0
CN.BJ,1.3526970507722752e+16,5040663719692060.0,0.0
CN.CQ,1.7853490780962816e+16,2573723308448245.5,0.0
CN.FJ,7220615266172928.0,204100422333864.1,0.0
CN.GS,6424299338465280.0,902021504081220.4,0.0
CN.GD,7789172299399168.0,309434408501248.0,0.0
CN.GX,8818042989445120.0,1866607198498152.8,0.0
CN.GZ,8400303732817920.0,2292825664458686.5,0.0
CN.HA,5591191647158272.0,1990455944032945.5,0.0
CN.HB,2.125180097580237e+16,4292981918067888.0,0.0
CN.HL,1.0420515151806464e+16,1059346714992944.1,0.0
CN.HE,0.0,0.0,0.0
CN.HU,0.0,0.0,0.0
CN.HN,0.0,0.0,0.0
CN.JS,4.865396505470566e+16,9196275565910408.0,0.0
CN.JX,0.0,0.0,0.0
CN.JL,9756833182908416.0,2186728236743767.8,0.0
CN.LN,1.399919894069248e+16,3903503548472948.5,0.0
CN.NM,7354943589580800.0,900163051396346.6,0.0
CN.NX,6822772445544448.0,1044878570796014.5,0.0
CN.QH,5124069930303488.0,1916389607453672.8,0.0
CN.SA,5954991483256832.0,347262106113903.75,0.0
CN.SD,3.017926201520947e+16,9412456307874374.0,0.0
CN.SH,3.662451757285376e+16,1.1877299856119732e+16,0.0
CN.SX,7958457361629184.0,230590712724833.3,0.0
CN.SC,1.6803532338364416e+16,2156462130966653.0,0.0
CN.TJ,2.1398959440265216e+16,1.1207425177831716e+16,0.0
CN.XJ,9220590409875456.0,1283482733348580.0,0.0
CN.XZ,3988713310781440.0,800384956383919.2,0.0
CN.YN,5094593569751040.0,1577594786244528.8,0.0
CN.ZJ,3.3268543944392704e+16,7436973010356833.0,0.0
