HASC_1,Max,Mean,Min
CN.AH,8546297724272640.0,278990090272043.84,0.0
CN.BJ,1.0565558344876032e+16,1368880129892834.0,0.0
CN.CQ,1.2833035862933504e+16,2920187897466446.5,0.0
CN.FJ,6426607346515968.0,309595582938814.75,0.0
CN.GS,1.0157831730757632e+16,1209586257064662.5,0.0
CN.GD,8683017270722560.0,1620730210917860.5,0.0
CN.GX,8014352602890240.0,1921227029356733.5,0.0
CN.GZ,7372498194661376.0,2818259432127305.0,0.0
CN.HA,4946809113804800.0,2454120961535241.5,0.0
CN.HB,2.2282726270828544e+16,2444930644646312.0,0.0
CN.HL,1.9899436033376256e+16,2407773639708583.5,0.0
CN.HE,1.1506506222534656e+16,1402144161928770.8,0.0
CN.HU,7934793702440960.0,2448881998148518.0,0.0
CN.HN,7797679018999808.0,3207100299638505.0,0.0
CN.JS,1.5604479474794496e+16,2839352019230404.0,0.0
CN.JX,7803213621231616.0,936318217842851.9,0.0
CN.JL,1.2644774561447936e+16,3492391375699683.0,0.0
CN.LN,1.6468377786646528e+16,5211218946942792.0,0.0
CN.NM,1.0703513768165376e+16,1203053354157353.0,0.0
CN.NX,1.1501542314082304e+16,2564602126330798.5,0.0
CN.QH,5501877265367040.0,2002830640939643.8,0.0
CN.SA,1.2390911929483264e+16,2307285983285177.5,0.0
CN.SD,1.295036792700928e+16,3391819428032303.5,0.0
CN.SH,1.5604479474794496e+16,5825177286272743.0,0.0
CN.SX,1.0700257109213184e+16,1752865921959506.2,0.0
CN.SC,1.2833035862933504e+16,2458021427147478.5,0.0
CN.TJ,1.7107250950701056e+16,4801207693098353.0,0.0
CN.XJ,5948417498939392.0,1363588930377688.8,0.0
CN.XZ,6352048324870144.0,1454905064005536.2,0.0
CN.YN,5413205518057472.0,1808565386050395.5,0.0
CN.ZJ,1.504318201004032e+16,4146928331376831.5,0.0
