HASC_1,Max,Mean,Min
CN.AH,2.93425186340864e+16,8837254345215777.0,0.0
CN.BJ,3.174071026057216e+16,1.3672316063507342e+16,0.0
CN.CQ,0.0,0.0,0.0
CN.FJ,1.2524818272354304e+16,3974954090151504.0,0.0
CN.GS,7009884843278336.0,437493942620470.9,0.0
CN.GD,1.0848230543720448e+16,594111480929393.8,0.0
CN.GX,7221651427033088.0,93165435136682.67,0.0
CN.GZ,8665843307118592.0,523323423973329.2,0.0
CN.HA,0.0,0.0,0.0
CN.HB,4.208948120492442e+16,1.0815193204204948e+16,0.0
CN.HL,1.3769665150976e+17,4978209016294264.0,0.0
CN.HE,3.5360878064828416e+16,9107879981635314.0,0.0
CN.HU,1.4444435651690496e+16,1890310340368986.2,0.0
CN.HN,0.0,0.0,0.0
CN.JS,3.2521573969690624e+16,1.01838486144578e+16,0.0
CN.JX,1.234796118278144e+16,3422117544398370.5,0.0
CN.JL,1.1896889758711808e+16,631373244685235.6,0.0
CN.LN,8.058565533106176e+16,1.3935042821454994e+16,0.0
CN.NM,6.481982252489114e+16,941162652848700.4,0.0
CN.NX,0.0,0.0,0.0
CN.QH,4212738536505344.0,1630074266310207.0,0.0
CN.SA,2.80950990700544e+16,652171405414205.0,0.0
CN.SD,4.318346520979046e+16,1.1519955221302092e+16,0.0
CN.SH,1.7341259022598144e+16,6626003221469715.0,0.0
CN.SX,4.055680494547763e+16,1.0832323611987904e+16,0.0
CN.SC,7191386403110912.0,934085928996044.8,0.0
CN.TJ,3.338426754321613e+16,1.898749141247457e+16,0.0
CN.XJ,1.397232318283776e+16,1279683281784838.5,0.0
CN.XZ,3900870223724544.0,884059510998318.6,0.0
CN.YN,8665843307118592.0,1568822500551929.5,0.0
CN.ZJ,1.9832683651661824e+16,4831919102603698.0,0.0
