HASC_1,Max,Mean,Min
CN.AH,1.3682588984016896e+16,4488157712673040.5,0.0
CN.BJ,1.4784789261320192e+16,6283576099558741.0,0.0
CN.CQ,9054584555175936.0,1556445735654209.8,0.0
CN.FJ,7659976461910016.0,2753866224663265.5,0.0
CN.GS,5987952672899072.0,957495496533550.5,0.0
CN.GD,8442744452153344.0,962287758399157.6,0.0
CN.GX,6653057886584832.0,1661108727954075.8,0.0
CN.GZ,6653057886584832.0,2492086519383174.5,0.0
CN.HA,6929824505397248.0,2186553088041350.0,0.0
CN.HB,1.7761093149523968e+16,4830351656631578.0,0.0
CN.HL,9718336317292544.0,891949372100157.4,0.0
CN.HE,1.6262198955343872e+16,4754980430368749.0,0.0
CN.HU,1.6869423579136e+16,2407167276301224.5,0.0
CN.HN,5299440424321024.0,293788869625940.8,0.0
CN.JS,2.1038568734457856e+16,4868490232141062.0,0.0
CN.JX,8352821258747904.0,2974994694920856.0,0.0
CN.JL,9718336317292544.0,1582197417042705.0,0.0
CN.LN,1.8321628257583104e+16,3455748165919630.0,0.0
CN.NM,1.16047868854272e+16,1211971517597990.0,0.0
CN.NX,3341851239120896.0,327818769341357.0,0.0
CN.QH,5987952672899072.0,2393640801556043.0,0.0
CN.SA,5204493192921088.0,98169555758347.02,0.0
CN.SD,1.4234013392699392e+16,3608079987281330.5,0.0
CN.SH,1.9675281690198016e+16,6951454410835775.0,0.0
CN.SX,1.5846994803163136e+16,4397652973845456.5,0.0
CN.SC,8025305843236864.0,2064111257898336.8,0.0
CN.TJ,1.43239038369792e+16,8988195207763508.0,0.0
CN.XJ,6808693542748160.0,1810506667039577.5,0.0
CN.XZ,5254799071117312.0,1508980137406766.0,0.0
CN.YN,6624576347832320.0,1941575813907340.8,0.0
CN.ZJ,1.1137869179518976e+16,3575401992532401.5,0.0
