HASC_1,Max,Mean,Min
CN.AH,9332841527640064.0,1329678338427838.2,0.0
CN.BJ,0.0,0.0,0.0
CN.CQ,8670241890500608.0,2494611261230166.5,0.0
CN.FJ,8522644802502656.0,1571151526479334.5,0.0
CN.GS,7957334227681280.0,1300403072812424.0,0.0
CN.GD,9841073597710336.0,2253391936552153.0,0.0
CN.GX,8041276142256128.0,2378632822699483.5,0.0
CN.GZ,7233670356140032.0,3558629296395421.5,0.0
CN.HA,5624062642487296.0,2130470981698154.2,0.0
CN.HB,1.7097396148240384e+16,1004124857311094.8,0.0
CN.HL,9435755386503168.0,2105490212733025.8,0.0
CN.HE,1.7122774036250624e+16,3294563615703686.5,0.0
CN.HU,1.0664197637537792e+16,2838189290270172.5,0.0
CN.HN,8443104692535296.0,3141729966994028.5,0.0
CN.JS,0.0,0.0,0.0
CN.JX,8307864225447936.0,2330046075255251.5,0.0
CN.JL,9121520546742272.0,2582361767231630.5,0.0
CN.LN,1.0646330573586432e+16,3063514368972943.5,0.0
CN.NM,1.273153934327808e+16,1278490195106519.0,0.0
CN.NX,1.1956285935190016e+16,3083939628999046.0,0.0
CN.QH,7402850728542208.0,2059511535409833.5,0.0
CN.SA,1.430525294149632e+16,2803586740299134.5,0.0
CN.SD,8504993560657920.0,594154538401792.0,0.0
CN.SH,9233158557925376.0,962340695922005.4,0.0
CN.SX,2.104095888375808e+16,3927676838342524.0,0.0
CN.SC,8721428773863424.0,2195631634905063.8,0.0
CN.TJ,0.0,0.0,0.0
CN.XJ,9580632149590016.0,1646555578277117.0,0.0
CN.XZ,1.1151336049475584e+16,1773280563297140.2,0.0
CN.YN,6091049067872256.0,1937293333379873.2,0.0
CN.ZJ,6426755522887680.0,270354639553552.25,0.0
