HASC_1,Max,Mean,Min
CN.AH,5.113651198636851e+16,5976465794109805.0,0.0
CN.BJ,7.062727543907942e+16,2.1861322765835376e+16,0.0
CN.CQ,5095065479282688.0,898900597674676.0,0.0
CN.FJ,1.265849268699136e+16,2318262445089938.5,0.0
CN.GS,7373835003232256.0,297766528187609.56,0.0
CN.GD,1.3934725039128576e+16,2527580387846384.0,0.0
CN.GX,1.3934725039128576e+16,1469726076910469.5,0.0
CN.GZ,5474555904655360.0,181247339637830.84,0.0
CN.HA,3823858238881792.0,1532463604153039.5,0.0
CN.HB,7.062727543907942e+16,9109627621316522.0,0.0
CN.HL,1.1636078943404032e+16,1313105297545837.0,0.0
CN.HE,4.562742615526605e+16,6201962068196412.0,0.0
CN.HU,1.6533528145559552e+16,3412343926837646.5,0.0
CN.HN,7821103233761280.0,3138170231517817.0,0.0
CN.JS,5.113651198636851e+16,6920152092762238.0,0.0
CN.JX,9697801004908544.0,2055552953102656.8,0.0
CN.JL,2.693673350542131e+16,2793510153737527.0,0.0
CN.LN,0.0,0.0,0.0
CN.NM,1.3370919313473536e+16,731084988644576.8,0.0
CN.NX,9731412345225216.0,2843384448877987.5,0.0
CN.QH,4658780553871360.0,1470924799877376.8,0.0
CN.SA,2.012648303702835e+16,3613587393500443.0,0.0
CN.SD,7.237805013781709e+16,1.0541492686283184e+16,0.0
CN.SH,2.008977395154944e+16,4366909647168658.5,0.0
CN.SX,5.305275030018458e+16,8172486003783520.0,0.0
CN.SC,3670261350006784.0,56253252525563.79,0.0
CN.TJ,5.115301754568704e+16,1.9313574051000068e+16,0.0
CN.XJ,1.2323502417772544e+16,1672700900917854.5,0.0
CN.XZ,5350201032179712.0,1462492091478501.5,0.0
CN.YN,1.5444064593772544e+16,298712936299752.6,0.0
CN.ZJ,1.5199661627277312e+16,2381149562033493.5,0.0
