HASC_1,Max,Mean,Min
CN.AH,2.400069386187571e+16,5540231906099796.0,0.0
CN.BJ,2.9980819493748736e+16,1.0326402657739662e+16,0.0
CN.CQ,0.0,0.0,0.0
CN.FJ,1.4313347881107456e+16,3549651814602547.5,0.0
CN.GS,4783035031486464.0,278508315442467.56,0.0
CN.GD,2.149886896950477e+16,3960108126356995.0,0.0
CN.GX,9929691657928704.0,2503636461919198.0,0.0
CN.GZ,7695346054463488.0,1486115923318209.0,0.0
CN.HA,4656537507201024.0,1670905803804217.0,0.0
CN.HB,3.857085931244749e+16,7380971005782429.0,0.0
CN.HL,2.394222861955891e+16,3110443775187434.5,0.0
CN.HE,1.5645071210708992e+16,5078591390579896.0,0.0
CN.HU,1.1379216276783104e+16,3071884516326550.0,0.0
CN.HN,9885085201334272.0,4242237474636048.5,0.0
CN.JS,3.941550328591155e+16,8584194237233142.0,0.0
CN.JX,1.2621779306545152e+16,4126128087725943.5,0.0
CN.JL,2.302807060040909e+16,540708724832376.5,0.0
CN.LN,2.91356085846016e+16,3463871601670155.5,0.0
CN.NM,1.8478828355584e+16,892885125261088.4,0.0
CN.NX,0.0,0.0,0.0
CN.QH,5189418931453952.0,1841785767482831.2,0.0
CN.SA,1.2264748338905088e+16,2091879069138765.2,0.0
CN.SD,2.862476517441536e+16,6719295020258003.0,0.0
CN.SH,3.1072209338368e+16,1.2699709976938876e+16,0.0
CN.SX,1.907549594976256e+16,6031977491459225.0,0.0
CN.SC,4287596326813696.0,551442160379864.7,0.0
CN.TJ,3.690099320763187e+16,1.8325955963048188e+16,0.0
CN.XJ,1.1559822872805376e+16,1942279878961642.0,0.0
CN.XZ,5213715561447424.0,1512278522425064.5,0.0
CN.YN,1.3566639899410432e+16,2463546021388064.5,0.0
CN.ZJ,3.4396131773382656e+16,7504958774661457.0,0.0
