HASC_1,Max,Mean,Min
CN.AH,9.12327246390231e+16,1.1310751344425816e+16,0.0
CN.BJ,7.150837938991923e+16,2.315958583242006e+16,0.0
CN.CQ,6718727399669760.0,1393753042690454.8,0.0
CN.FJ,3.045103680828211e+16,4785521789748604.0,0.0
CN.GS,6833879230971904.0,302650626365725.4,0.0
CN.GD,2.5878773538750464e+16,3926872750463955.5,0.0
CN.GX,9033647663349760.0,2410354705432576.0,0.0
CN.GZ,5363333431558144.0,1430808401693578.5,0.0
CN.HA,6166849335066624.0,2642436635685193.5,0.0
CN.HB,2.2500766728060928e+17,1.288426300894372e+16,0.0
CN.HL,5.62531194109952e+16,2833583018234847.0,0.0
CN.HE,3.4418776988450816e+16,8022693823182735.0,0.0
CN.HU,3.111475313691853e+16,3688389474453968.0,0.0
CN.HN,1.484604301115392e+16,3854327509583001.0,0.0
CN.JS,5.561598678243738e+16,6962760396069787.0,0.0
CN.JX,3.1681811226558464e+16,5476053690054519.0,0.0
CN.JL,6216349370023936.0,1202592248826603.2,0.0
CN.LN,3197627042627584.0,45645935818186.21,0.0
CN.NM,1.0043344653018726e+17,1234855923974312.8,0.0
CN.NX,1.3338089657204736e+16,2515776652873479.5,0.0
CN.QH,4470794398728192.0,982020120788313.8,0.0
CN.SA,1.965984772521984e+16,3105057234740383.0,0.0
CN.SD,3.996855333971558e+16,1.014296235717084e+16,0.0
CN.SH,0.0,0.0,0.0
CN.SX,1.449136053163131e+17,1.3404479302935166e+16,0.0
CN.SC,6718727399669760.0,250656372355352.84,0.0
CN.TJ,5.146792884279706e+16,2.3788330972440936e+16,0.0
CN.XJ,2.2553770919460864e+16,1662388075819899.8,0.0
CN.XZ,3210622539923456.0,1250851018089294.2,0.0
CN.YN,0.0,0.0,0.0
CN.ZJ,1.4878660066541568e+17,2.4739349452034064e+16,0.0
