HASC_1,Max,Mean,Min
CN.AH,1.1220594544607232e+16,3963213058908904.5,0.0
CN.BJ,1.328149379940352e+16,4145844515612069.5,0.0
CN.CQ,8730092259770368.0,2519630729590660.5,0.0
CN.FJ,8808661170257920.0,2288109759768322.5,0.0
CN.GS,9299556604837888.0,836294753979316.9,0.0
CN.GD,1.1492346789101568e+16,2322107033714688.0,0.0
CN.GX,6456303824142336.0,2256921292815608.0,0.0
CN.GZ,8386359584620544.0,3290945583822762.0,0.0
CN.HA,4596370384093184.0,2273291596396164.5,0.0
CN.HB,1.3155733935751168e+16,2538925344315072.0,0.0
CN.HL,8421553620385792.0,1862837604668943.2,0.0
CN.HE,1.067896910381056e+16,3210484349744019.0,0.0
CN.HU,1.2698166373646336e+16,3238971770055338.5,0.0
CN.HN,6747139145203712.0,3217294532222288.0,0.0
CN.JS,1.7476084488470528e+16,3607983209451992.0,0.0
CN.JX,8810512301162496.0,2871126627459089.0,0.0
CN.JL,7541210952499200.0,2008729055854747.8,0.0
CN.LN,5846851722936320.0,64046223065088.0,0.0
CN.NM,8236082437029888.0,902446407279956.9,0.0
CN.NX,8236082437029888.0,2559715924616858.5,0.0
CN.QH,7822750890590208.0,1799602345797542.8,0.0
CN.SA,7301515807031296.0,2346954803438220.5,0.0
CN.SD,1.3033412193419264e+16,3102198400698660.5,0.0
CN.SH,1.0664782826831872e+16,937755106344960.0,0.0
CN.SX,1.2292187811217408e+16,3517880599064429.5,0.0
CN.SC,8470059370414080.0,1722187541440979.8,0.0
CN.TJ,1.3044197930041344e+16,3078876695872452.0,0.0
CN.XJ,9437498069483520.0,2050287310906753.5,0.0
CN.XZ,1.0491464790310912e+16,1864668857184931.2,0.0
CN.YN,8730171716665344.0,917695781204654.6,0.0
CN.ZJ,1.3191901855350784e+16,3178338347194580.5,0.0
