HASC_1,Max,Mean,Min
CN.AH,1.285157294178304e+16,3679210397812437.5,0.0
CN.BJ,3210954863017984.0,565876744946426.0,0.0
CN.CQ,1.3105058690367488e+16,2319336866020261.5,0.0
CN.FJ,1.0048828682010624e+16,3296673729277284.5,0.0
CN.GS,9433448989065216.0,1125894792012164.4,0.0
CN.GD,9828552694300672.0,846177343060483.2,0.0
CN.GX,7983822364737536.0,2587212509735427.0,0.0
CN.GZ,8904801865695232.0,3439443130684353.0,0.0
CN.HA,5184753523228672.0,2479094128414265.0,0.0
CN.HB,1.8104968632336384e+16,2820434774542981.5,0.0
CN.HL,3.2330027018223616e+16,1988104234169409.0,0.0
CN.HE,1.345166040367104e+16,2313104569021832.5,0.0
CN.HU,6328209645764608.0,835207838070568.0,0.0
CN.HN,5458681168658432.0,618727503374956.2,0.0
CN.JS,1.6148152541249536e+16,3768209286493686.0,0.0
CN.JX,7994580184072192.0,2510509081904664.5,0.0
CN.JL,2.857029210420019e+16,3431915455779395.5,0.0
CN.LN,1.6931332311482368e+16,4004036750126418.0,0.0
CN.NM,1.1080550693470208e+16,1088295790664259.9,0.0
CN.NX,7955711266914304.0,1632061230484857.2,0.0
CN.QH,9285389655212032.0,2294343277860863.0,0.0
CN.SA,6099479551803392.0,659528430742687.4,0.0
CN.SD,1.8104968632336384e+16,2761137562795560.0,0.0
CN.SH,1.5218721618395136e+16,6051135519224263.0,0.0
CN.SX,4424555049254912.0,354637379832972.56,0.0
CN.SC,9028881323393024.0,2020882527356310.2,0.0
CN.TJ,9286331326791680.0,3778409126900531.0,0.0
CN.XJ,7302195485605888.0,1579918908082345.5,0.0
CN.XZ,5067136380698624.0,1313557174919051.0,0.0
CN.YN,1.1967262797856768e+16,2576813659782287.0,0.0
CN.ZJ,1.0722873333252096e+16,4416819635549484.0,0.0
