HASC_1,Max,Mean,Min
CN.AH,1.4970711953113088e+16,4234990408723872.0,0.0
CN.BJ,1.0388240620060672e+16,4920919438684615.0,0.0
CN.CQ,1.1205602961260544e+16,2325977523220799.5,0.0
CN.FJ,7648530374066176.0,2323863028208485.0,0.0
CN.GS,9943830690267136.0,1222242050619681.8,0.0
CN.GD,6746484162691072.0,605551546532532.8,0.0
CN.GX,5463408317038592.0,1844716173709940.2,0.0
CN.GZ,5908993457258496.0,2497822240219950.0,0.0
CN.HA,5041129816850432.0,2378389354165286.0,0.0
CN.HB,1.6439103289556992e+16,4475380410815492.0,0.0
CN.HL,1.281187133784064e+16,1126760489913433.2,0.0
CN.HE,1.6279637596307456e+16,3423183788262670.5,0.0
CN.HU,6934138800046080.0,981649422848585.1,0.0
CN.HN,4581715955679232.0,453316763117754.2,0.0
CN.JS,2.322153525477376e+16,5787635691650429.0,0.0
CN.JX,7158567484260352.0,1969368715626890.2,0.0
CN.JL,1.990972892250112e+16,4077355255185293.5,0.0
CN.LN,1.6496677326159872e+16,4711558284327039.0,0.0
CN.NM,9745228181274624.0,1160167420903776.2,0.0
CN.NX,9417284879646720.0,2154584132305270.0,0.0
CN.QH,8498408838922240.0,2495382186036244.5,0.0
CN.SA,8638433362706432.0,814886642662099.4,0.0
CN.SD,1.941241680678093e+16,5889237288461121.0,0.0
CN.SH,1.6476835650994176e+16,8393271698192005.0,0.0
CN.SX,1.2433274265665536e+16,2341106454797982.5,0.0
CN.SC,1.1567006205607936e+16,2225710903125850.2,0.0
CN.TJ,1.3806723202547712e+16,7860626465082305.0,0.0
CN.XJ,8498310591545344.0,1666901561936677.5,0.0
CN.XZ,5239412350779392.0,1442809866974280.5,0.0
CN.YN,5881987776643072.0,1883380782668130.5,0.0
CN.ZJ,1.3106095924969472e+16,4455763732805992.0,0.0
