HASC_1,Max,Mean,Min
CN.AH,2.429446318247117e+16,4075921459841910.5,0.0
CN.BJ,0.0,0.0,0.0
CN.CQ,1.421042543230976e+16,3379312104937881.5,0.0
CN.FJ,1.5771352912887808e+16,1832447110121138.0,0.0
CN.GS,1.018110186356736e+16,857426401334837.0,0.0
CN.GD,9.893534475747328e+16,4664053406367744.0,0.0
CN.GX,8111829033156608.0,2573540448592301.0,0.0
CN.GZ,1.0013299638796288e+16,3890228069553240.0,0.0
CN.HA,4731287654891520.0,2128955370353702.0,0.0
CN.HB,7.808972957627187e+16,7679254971659901.0,0.0
CN.HL,6.140336931445146e+16,3229114014059195.0,0.0
CN.HE,7.808972957627187e+16,1.4021076513892372e+16,0.0
CN.HU,2.7394531922018304e+16,5383909818591077.0,0.0
CN.HN,2.5765470153998336e+16,5128715264034812.0,0.0
CN.JS,0.0,0.0,0.0
CN.JX,2.5983557855870976e+16,4894024984943532.0,0.0
CN.JL,7.476418793858662e+16,7268939840506933.0,0.0
CN.LN,7.744509793481523e+16,1.09724958285605e+16,0.0
CN.NM,8.514543313066394e+16,1279600652398120.8,0.0
CN.NX,1.6389035782045696e+16,3245305364862813.5,0.0
CN.QH,7104458412523520.0,772449220872671.9,0.0
CN.SA,4.186524525736755e+16,4474231582049745.5,0.0
CN.SD,4.603921473470464e+16,2934275607030145.5,0.0
CN.SH,0.0,0.0,0.0
CN.SX,5.058790292874854e+16,1.3075029100538916e+16,0.0
CN.SC,2.7767708745465856e+16,2403154007443657.5,0.0
CN.TJ,0.0,0.0,0.0
CN.XJ,5.461631596442419e+16,1328118893988421.5,0.0
CN.XZ,3751973371248640.0,1179100538218710.5,0.0
CN.YN,5637872572956672.0,212995856096874.16,0.0
CN.ZJ,0.0,0.0,0.0
