HASC_1,Max,Mean,Min
UA.CK,0.9494777917861938,0.33099738308893784,0.0
UA.CH,0.6583292484283447,0.25202712665001553,0.0
UA.CV,0.43805810809135437,0.04972113276598975,0.0
UA.KR,0.9169282913208008,0.32010975749128395,0.0
UA.DP,0.9372251629829407,0.38376148888731704,0.0
UA.DT,0.8112033605575562,0.3139534455931876,0.0
UA.IF,0.09975942224264145,0.014649920262012596,0.0
UA.KK,0.8488640785217285,0.4192502253821918,0.0
UA.KS,0.90513014793396,0.3793861230214437,0.0
UA.KM,0.6510530710220337,0.22571743705775588,0.0
UA.KV,0.8887195587158203,0.2884027661021912,0.0
UA.KC,0.5845028162002563,0.2397572100162506,0.0
UA.KH,0.8744214773178101,0.35100427971166726,0.0
UA.LV,0.10024826973676682,0.022259472067617025,0.0
UA.LH,0.5822857618331909,0.2849003504216671,0.0
UA.MY,0.8664569854736328,0.38730753254104444,0.0
UA.OD,0.7871900796890259,0.25689539503382175,0.0
UA.PL,0.8937520980834961,0.3750695194359179,0.0
UA.RV,0.4869937300682068,0.17380569942972876,0.0
UA.SC,0.872626781463623,0.45205706192387474,0.0
UA.SM,0.8587201833724976,0.3516637396067381,0.0
UA.TP,0.28371405601501465,0.05633577218395658,0.0
UA.ZK,0.0,0.0,0.0
UA.VI,0.8886515498161316,0.42855857281635207,0.0
UA.VO,0.3984649181365967,0.12012059366112793,0.0
UA.ZP,0.9372251629829407,0.3854874267228066,0.0
UA.ZT,0.8252318501472473,0.3158694864674048,0.0
