HASC_1,Max,Mean,Min
UA.CK,0.8907378911972046,0.350160221436194,0.0
UA.CH,0.7930045127868652,0.3622307715907929,0.0
UA.CV,0.48841023445129395,0.17491425015032291,0.0
UA.KR,0.7730562686920166,0.20954691339284182,0.0
UA.DP,0.6271688938140869,0.21564296523437781,0.0
UA.DT,0.3434596061706543,0.10127914996340501,0.0
UA.IF,0.4808822572231293,0.1675940313273006,0.0
UA.KK,0.3676466643810272,0.15038852782786957,0.0
UA.KS,0.7718307375907898,0.28518164741496244,0.0
UA.KM,0.5124028921127319,0.2516054677776992,0.0
UA.KV,0.8907378911972046,0.38688463785431604,0.0
UA.KC,0.845067024230957,0.4504830663402875,0.0
UA.KH,0.8003076314926147,0.3282420565100277,0.0
UA.LV,0.49923253059387207,0.17752005825578063,0.0
UA.LH,0.0030407998710870743,3.0407998710870743e-05,0.0
UA.MY,0.906180202960968,0.4283805306141193,0.0
UA.OD,0.906180202960968,0.2829087951353618,0.0
UA.PL,0.7418147921562195,0.25782125923368665,0.0
UA.RV,0.5125734210014343,0.25263923152603884,0.0
UA.SC,0.5904119610786438,0.3342854215039147,0.0
UA.SM,0.5641043186187744,0.2203914360453685,0.0
UA.TP,0.5003315210342407,0.21841518813744187,0.0
UA.ZK,0.38851743936538696,0.14907005505467003,0.0
UA.VI,0.8907378911972046,0.35618120214591426,0.0
UA.VO,0.5163755416870117,0.240913975354913,0.0
UA.ZP,0.571794867515564,0.18496678876025335,0.0
UA.ZT,0.8489494323730469,0.3786615500546465,0.0
