HASC_1,Max,Mean,Min
UA.CK,0.9106364250183105,0.3534659211124693,0.0
UA.CH,0.854011595249176,0.36311623808883486,0.0
UA.CV,0.4904942512512207,0.17462333353857198,0.0
UA.KR,0.8019806146621704,0.2111639305949211,0.0
UA.DP,0.5942907333374023,0.21977746125091524,0.0
UA.DT,0.3479437232017517,0.10373285168027582,0.0
UA.IF,0.48478591442108154,0.16816560326167096,0.0
UA.KK,0.3917633295059204,0.15170890836244716,0.0
UA.KS,0.7511897087097168,0.28711280052860577,0.0
UA.KM,0.5120297074317932,0.2519163150340319,0.0
UA.KV,0.9106364250183105,0.3903378566557711,0.0
UA.KC,0.8723725080490112,0.4480479086438815,0.0
UA.KH,0.8507992029190063,0.32821125468286144,0.0
UA.LV,0.493421733379364,0.1771649302638791,0.0
UA.LH,0.008701512590050697,8.701512590050697e-05,0.0
UA.MY,0.9022972583770752,0.4295797298897754,0.0
UA.OD,0.9038029313087463,0.2786693829206788,0.0
UA.PL,0.7167142629623413,0.26009150235741224,0.0
UA.RV,0.5155011415481567,0.2532782018692656,0.0
UA.SC,0.5722206234931946,0.3333689106835259,0.0
UA.SM,0.5587587952613831,0.2198223146299521,0.0
UA.TP,0.5094135999679565,0.21884177951142192,0.0
UA.ZK,0.3870289623737335,0.14729061602812374,0.0
UA.VI,0.9106364250183105,0.35367186631386477,0.0
UA.VO,0.5172374248504639,0.239622162050241,0.0
UA.ZP,0.5417627096176147,0.186270186115825,0.0
UA.ZT,0.8286811113357544,0.37494512203365865,0.0
