HASC_1,Max,Mean,Min
UA.CK,0.6430003643035889,0.21347018677209104,0.0
UA.CH,0.5595307350158691,0.20365001018794757,0.0
UA.CV,0.8015068173408508,0.2646018467843533,0.0
UA.KR,0.39895379543304443,0.11780848395493296,0.0
UA.DP,0.35358455777168274,0.0842636390691897,0.0
UA.DT,0.0,0.0,0.0
UA.IF,0.5183613300323486,0.17687550242300387,0.0
UA.KK,0.0,0.0,0.0
UA.KS,0.4739484190940857,0.15736118108034133,0.0
UA.KM,0.8801233172416687,0.4744569882750511,0.0
UA.KV,0.7357408404350281,0.2649980519305576,0.0
UA.KC,0.5689069032669067,0.28430407245953876,0.0
UA.KH,0.5729750990867615,0.1941993463189662,0.0
UA.LV,0.5121240019798279,0.20151350598920276,0.0
UA.LH,0.0,0.0,0.0
UA.MY,0.6043707132339478,0.2567188782351358,0.0
UA.OD,0.8064926266670227,0.26541554121946803,0.0
UA.PL,0.3501974940299988,0.09909283525689884,0.0
UA.RV,0.8917901515960693,0.3990799513730136,0.0
UA.SC,0.2877522110939026,0.17974520226319632,0.0
UA.SM,0.32748955488204956,0.03031811580682794,0.0
UA.TP,0.8094308376312256,0.2787043140269816,0.0
UA.ZK,0.5055502653121948,0.22059592514327078,0.0
UA.VI,0.8986765742301941,0.44626537431031466,0.0
UA.VO,0.8410988450050354,0.2841514265769488,0.0
UA.ZP,0.3259580731391907,0.06014484412643801,0.0
UA.ZT,0.8529800176620483,0.4832035024659802,0.0
