HASC_1,Max,Mean,Min
UA.CK,0.8565984964370728,0.26148948312870096,0.0
UA.CH,0.9014074802398682,0.3443051806044957,0.0
UA.CV,0.37888795137405396,0.08963583201790849,0.0
UA.KR,0.9201160669326782,0.3052552743918366,0.0
UA.DP,0.8695425391197205,0.34589322787873883,0.0
UA.DT,0.5787385702133179,0.23746695153969377,0.0
UA.IF,0.13967320322990417,0.03962914767548626,0.0
UA.KK,0.7740042805671692,0.35588609107903074,0.0
UA.KS,0.9268164038658142,0.35472532249987127,0.0
UA.KM,0.4907930791378021,0.2263497747015208,0.0
UA.KV,0.5844274759292603,0.2229290467997392,0.0
UA.KC,0.5042126774787903,0.22602768739064535,0.0
UA.KH,0.8695425391197205,0.2865426058278364,0.0
UA.LV,0.386355996131897,0.06645308287396026,0.0
UA.LH,0.4454665184020996,0.19663500562310218,0.0
UA.MY,0.9268164038658142,0.3251954136150224,0.0
UA.OD,0.6825644373893738,0.1993637375381528,0.0
UA.PL,0.8711634874343872,0.3746559874878989,0.0
UA.RV,0.5282822251319885,0.22932198863815179,0.0
UA.SC,0.8649500012397766,0.5359555549091763,0.0
UA.SM,0.8576836585998535,0.34257968825598556,0.0
UA.TP,0.3823278844356537,0.14111540184239857,0.0
UA.ZK,0.09569335728883743,0.016022904961242933,0.0
UA.VI,0.5147073864936829,0.2571456160706778,0.0
UA.VO,0.48849955201148987,0.20269509859673387,0.0
UA.ZP,0.8133639097213745,0.31985544472459765,0.0
UA.ZT,0.5277597308158875,0.28153537921231203,0.0
