HASC_1,Max,Mean,Min
UA.CK,0.7089656591415405,0.2156441998668015,0.0
UA.CH,0.5586268305778503,0.20499150617609893,0.0
UA.CV,0.7848098278045654,0.2605840149025122,0.0
UA.KR,0.3769316077232361,0.1186183495892692,0.0
UA.DP,0.35442596673965454,0.08518413248855401,0.0
UA.DT,0.0,0.0,0.0
UA.IF,0.5091875195503235,0.17879943586426017,0.0
UA.KK,0.0,0.0,0.0
UA.KS,0.507593035697937,0.15985732128222782,0.0
UA.KM,0.886864423751831,0.4700081918388605,0.0
UA.KV,0.7703314423561096,0.2680768516253341,0.0
UA.KC,0.5488359928131104,0.27125849078098935,0.0
UA.KH,0.5851510763168335,0.19707830438092977,0.0
UA.LV,0.5162715911865234,0.2083612702510975,0.0
UA.LH,0.0,0.0,0.0
UA.MY,0.599036455154419,0.2576448958326172,0.0
UA.OD,0.8014626502990723,0.2670132406055927,0.0
UA.PL,0.3629548251628876,0.10043561244728388,0.0
UA.RV,0.896834135055542,0.3949164843017405,0.0
UA.SC,0.2766268849372864,0.17560119926929474,0.0
UA.SM,0.3318128287792206,0.03199780473296414,0.0
UA.TP,0.8518118858337402,0.2728878874331713,0.0
UA.ZK,0.5009784698486328,0.22406141358343037,0.0
UA.VI,0.8937972187995911,0.44907294974351925,0.0
UA.VO,0.8123912811279297,0.2771852401556907,0.0
UA.ZP,0.33955395221710205,0.0620576303603742,0.0
UA.ZT,0.8410707712173462,0.4902541971567905,0.0
