HASC_1,Max,Mean,Min
UA.CK,0.5129178762435913,0.20333114652229206,0.0
UA.CH,0.7057700157165527,0.2499869932967519,0.0
UA.CV,0.16347374022006989,0.03392499187029898,0.0
UA.KR,0.9195820689201355,0.2491068721541928,0.0
UA.DP,0.8753189444541931,0.3490792511798003,0.0
UA.DT,0.7918033003807068,0.3105220011443146,0.0
UA.IF,0.0958913266658783,0.015547749592870887,0.0
UA.KK,0.8012329936027527,0.4133583399068032,0.0
UA.KS,0.8634432554244995,0.2823976619789998,0.0
UA.KM,0.39132341742515564,0.15244900835677982,0.0
UA.KV,0.5247089266777039,0.22162257134914398,0.0
UA.KC,0.4258430004119873,0.1874190332988898,0.0
UA.KH,0.5122842192649841,0.21497375605737462,0.0
UA.LV,0.10028152167797089,0.023092823544074135,0.0
UA.LH,0.5944761037826538,0.2836668008565903,0.0
UA.MY,0.5021335482597351,0.2504551153589081,0.0
UA.OD,0.47985947132110596,0.12455905120515702,0.0
UA.PL,0.9096435904502869,0.32236834919011154,0.0
UA.RV,0.48222631216049194,0.1764835459815169,0.0
UA.SC,0.48588985204696655,0.23501436660687128,0.0
UA.SM,0.8732324242591858,0.345152493690451,0.0
UA.TP,0.3213302493095398,0.05857094717794098,0.0
UA.ZK,0.0,0.0,0.0
UA.VI,0.4870797097682953,0.2299345867553105,0.0
UA.VO,0.3985474407672882,0.12388636810438973,0.0
UA.ZP,0.8934217095375061,0.3857213883172898,0.0
UA.ZT,0.5242019295692444,0.2660158741654772,0.0
