HASC_1,Max,Mean,Min
UA.CK,0.5506771802902222,0.165079775565703,0.0
UA.CH,0.3478901982307434,0.07679446927079606,0.0
UA.CV,0.8578049540519714,0.3507780278722445,0.0
UA.KR,0.3485427796840668,0.1046708559927841,0.0
UA.DP,0.3294035792350769,0.019201405956076032,0.0
UA.DT,0.0,0.0,0.0
UA.IF,0.8616696000099182,0.29281724566294826,0.0
UA.KK,0.0,0.0,0.0
UA.KS,0.35210520029067993,0.13240994357814392,0.0
UA.KM,0.8611707091331482,0.4344613391906023,0.0
UA.KV,0.5565053820610046,0.20821426233107393,0.0
UA.KC,0.44476285576820374,0.18019370983044306,0.0
UA.KH,0.3942021131515503,0.13195546101309172,0.0
UA.LV,0.8057025671005249,0.2646214223846241,0.0
UA.LH,0.0715738832950592,0.005218818321009166,0.0
UA.MY,0.36791813373565674,0.17819841279760823,0.0
UA.OD,0.7272018194198608,0.2059829102030822,0.0
UA.PL,0.32249218225479126,0.01898484194168338,0.0
UA.RV,0.8523043394088745,0.40825469114563684,0.0
UA.SC,0.3432350754737854,0.195861311422454,0.0
UA.SM,0.0,0.0,0.0
UA.TP,0.8616696000099182,0.4231169412378222,0.0
UA.ZK,0.8267110586166382,0.2938937751406973,0.0
UA.VI,0.7703828811645508,0.36729824589565396,0.0
UA.VO,0.8935098648071289,0.40965645015239716,0.0
UA.ZP,0.3162069320678711,0.021101939730301854,0.0
UA.ZT,0.7622039318084717,0.3963052975107925,0.0
