HASC_1,Max,Mean,Min
UA.CK,0.0,0.0,0.0
UA.CH,0.10051228106021881,0.010319348358727496,0.0
UA.CV,0.5697530508041382,0.18434592659274737,0.0
UA.KR,0.0,0.0,0.0
UA.DP,0.0978778824210167,0.009001394541535453,0.0
UA.DT,0.38299211859703064,0.06139332260782561,0.0
UA.IF,0.6627048254013062,0.23671418538799993,0.0
UA.KK,0.3825885057449341,0.09363264135650493,0.0
UA.KS,0.0,0.0,0.0
UA.KM,0.36295056343078613,0.18095290185883642,0.0
UA.KV,0.0,0.0,0.0
UA.KC,0.0,0.0,0.0
UA.KH,0.0,0.0,0.0
UA.LV,0.759573757648468,0.2785113757407224,0.0
UA.LH,0.4851979911327362,0.21177360489964486,0.0
UA.MY,0.0,0.0,0.0
UA.OD,0.34838470816612244,0.042408841783275864,0.0
UA.PL,0.09834714978933334,0.009082801851959461,0.0
UA.RV,0.5282304286956787,0.1721306883370165,0.0
UA.SC,0.0,0.0,0.0
UA.SM,0.10160554945468903,0.039284758190812376,0.0
UA.TP,0.5789413452148438,0.22096246702130884,0.0
UA.ZK,0.7814491391181946,0.3449170237237757,0.0
UA.VI,0.33781224489212036,0.0726075423100762,0.0
UA.VO,0.5653224587440491,0.27206712458040805,0.0
UA.ZP,0.08185353875160217,0.0037849945729826616,0.0
UA.ZT,0.31307822465896606,0.02967696487339157,0.0
