HASC_1,Max,Mean,Min
UA.CK,0.09808550775051117,0.015594408681084002,0.0
UA.CH,0.40037447214126587,0.09466296055960277,0.0
UA.CV,0.3107343912124634,0.046992003528672895,0.0
UA.KR,0.09398321807384491,0.006544016598724155,0.0
UA.DP,0.3833129107952118,0.09307712891324413,0.0
UA.DT,0.4848339855670929,0.17698436350492405,0.0
UA.IF,0.3525192141532898,0.12563877934403142,0.0
UA.KK,0.5160812139511108,0.23084958170407585,0.0
UA.KS,0.09523605555295944,0.010112453744018998,0.0
UA.KM,0.0,0.0,0.0
UA.KV,0.10042205452919006,0.014624900211911705,0.0
UA.KC,0.043389201164245605,0.00614131649005382,0.0
UA.KH,0.09755957126617432,0.014441785585165593,0.0
UA.LV,0.367669939994812,0.12388556963695144,0.0
UA.LH,0.5160812139511108,0.25440000876784324,0.0
UA.MY,0.030721141025424004,0.00048591340808613225,0.0
UA.OD,0.0,0.0,0.0
UA.PL,0.3858599364757538,0.10152255366383879,0.0
UA.RV,0.0,0.0,0.0
UA.SC,0.0,0.0,0.0
UA.SM,0.4875833988189697,0.1479156344352911,0.0
UA.TP,0.32203608751296997,0.031589043565873,0.0
UA.ZK,0.45108306407928467,0.18981616989229666,0.0
UA.VI,0.0,0.0,0.0
UA.VO,0.34903085231781006,0.03927936926242206,0.0
UA.ZP,0.38557228446006775,0.09174125727325205,0.0
UA.ZT,0.0011266509536653757,1.1380312663286623e-05,0.0
