HASC_1,Max,Mean,Min
UA.CK,0.0,0.0,0.0
UA.CH,0.1018543615937233,0.010200997408266256,0.0
UA.CV,0.5873697400093079,0.18657514130075772,0.0
UA.KR,0.0,0.0,0.0
UA.DP,0.09801505506038666,0.0088385292991772,0.0
UA.DT,0.37845343351364136,0.06080686135894873,0.0
UA.IF,0.6356242299079895,0.2364206685696119,0.0
UA.KK,0.3897266089916229,0.09325468936835282,0.0
UA.KS,0.0,0.0,0.0
UA.KM,0.36201775074005127,0.17548547610640525,0.0
UA.KV,0.0,0.0,0.0
UA.KC,0.0,0.0,0.0
UA.KH,0.0,0.0,0.0
UA.LV,0.7539798021316528,0.27991593684311267,0.0
UA.LH,0.4890305697917938,0.21064113035798074,0.0
UA.MY,0.0,0.0,0.0
UA.OD,0.34250497817993164,0.04429656680084157,0.0
UA.PL,0.097031369805336,0.008744581524634096,0.0
UA.RV,0.4769566059112549,0.17168964200589637,0.0
UA.SC,0.0,0.0,0.0
UA.SM,0.1018543615937233,0.039373425817272316,0.0
UA.TP,0.5355292558670044,0.2198164772707969,0.0
UA.ZK,0.8116070628166199,0.3407930885300492,0.0
UA.VI,0.32960593700408936,0.07225613104947115,0.0
UA.VO,0.5427411198616028,0.27342856607653876,0.0
UA.ZP,0.08345676213502884,0.0036710690967087403,0.0
UA.ZT,0.3331443667411804,0.03140503615658316,0.0
