HASC_1,Max,Mean,Min
UA.CK,0.0,0.0,0.0
UA.CH,0.0998031497001648,0.010444792121479479,0.0
UA.CV,0.5815743207931519,0.18225696136554081,0.0
UA.KR,0.0,0.0,0.0
UA.DP,0.09820063412189484,0.009223105480246244,0.0
UA.DT,0.3739687502384186,0.061505714781613145,0.0
UA.IF,0.6054263710975647,0.2357441908047523,0.0
UA.KK,0.3884183168411255,0.0939361741184257,0.0
UA.KS,0.0,0.0,0.0
UA.KM,0.36813077330589294,0.18544598631560802,0.0
UA.KV,0.0,0.0,0.0
UA.KC,0.0,0.0,0.0
UA.KH,0.0,0.0,0.0
UA.LV,0.7660409808158875,0.2777672581098698,0.0
UA.LH,0.48052892088890076,0.21257805328816176,0.0
UA.MY,0.0,0.0,0.0
UA.OD,0.3479338586330414,0.04125902383043003,0.0
UA.PL,0.09526340663433075,0.00930405043808504,0.0
UA.RV,0.5197134613990784,0.1722485548627488,0.0
UA.SC,0.0,0.0,0.0
UA.SM,0.10140874236822128,0.03936447090857958,0.0
UA.TP,0.5552805066108704,0.22193032689392567,0.0
UA.ZK,0.8186764121055603,0.3479579102360841,0.0
UA.VI,0.34498918056488037,0.0729474068978296,0.0
UA.VO,0.5713399648666382,0.2743350335142829,0.0
UA.ZP,0.08682850748300552,0.0039406447783351594,0.0
UA.ZT,0.3373967111110687,0.030388590447296568,0.0
