HASC_1,Max,Mean,Min
UA.CK,0.22048720717430115,0.03217847648556926,0.0
UA.CH,0.49302294850349426,0.17449408570038422,0.0
UA.CV,0.2793944478034973,0.0275249765564998,0.0
UA.KR,0.5764146447181702,0.1017498984950483,0.0
UA.DP,0.9144942760467529,0.29966492079855767,0.0
UA.DT,0.8115107417106628,0.3143903911113739,0.0
UA.IF,0.33043044805526733,0.048685041313738,0.0
UA.KK,0.9144942760467529,0.33734990736203535,0.0
UA.KS,0.5309064388275146,0.1098758132272304,0.0
UA.KM,0.0,0.0,0.0
UA.KV,0.2559218406677246,0.04050377802361089,0.0
UA.KC,0.10003707557916641,0.05796348613997301,0.0
UA.KH,0.5195432305335999,0.0624748261620001,0.0
UA.LV,0.33716607093811035,0.04946972482785997,0.0
UA.LH,0.8910230994224548,0.41497297808527944,0.0
UA.MY,0.10364866256713867,0.019351609066738953,0.0
UA.OD,0.0,0.0,0.0
UA.PL,0.6598241329193115,0.2099711843110897,0.0
UA.RV,0.0,0.0,0.0
UA.SC,0.0,0.0,0.0
UA.SM,0.5051575303077698,0.1794835050900777,0.0
UA.TP,0.0,0.0,0.0
UA.ZK,0.3542559742927551,0.15584650912293882,0.0
UA.VI,0.0,0.0,0.0
UA.VO,0.0,0.0,0.0
UA.ZP,0.8007582426071167,0.3147671494692091,0.0
UA.ZT,0.10063155740499496,0.01382757891384024,0.0
