HASC_1,Max,Mean,Min
UA.CK,0.851920485496521,0.3296614861381905,0.0
UA.CH,0.8906740546226501,0.4061407425573894,0.0
UA.CV,0.46971628069877625,0.15635690595954657,0.0
UA.KR,0.8503120541572571,0.27379397447738385,0.0
UA.DP,0.7295239567756653,0.2992111982449013,0.0
UA.DT,0.4238134026527405,0.15855060345377803,0.0
UA.IF,0.38518333435058594,0.12258455536707684,0.0
UA.KK,0.561825156211853,0.25648049830592107,0.0
UA.KS,0.851597011089325,0.35130629104872546,0.0
UA.KM,0.5128053426742554,0.25468028606846926,0.0
UA.KV,0.8906740546226501,0.30267100645737216,0.0
UA.KC,0.8373147249221802,0.3783208876848221,0.0
UA.KH,0.8668900728225708,0.3361885348538391,0.0
UA.LV,0.4407256543636322,0.11677229543285514,0.0
UA.LH,0.33333253860473633,0.10847645012661815,0.0
UA.MY,0.9236563444137573,0.4242648164649586,0.0
UA.OD,0.8388551473617554,0.1773800433480314,0.0
UA.PL,0.8508353233337402,0.32597476475768616,0.0
UA.RV,0.525549590587616,0.25219784533096984,0.0
UA.SC,0.7390013933181763,0.3681221803029378,0.0
UA.SM,0.7671982049942017,0.2987721487879753,0.0
UA.TP,0.49049267172813416,0.18775659194216132,0.0
UA.ZK,0.22216245532035828,0.05089529603719711,0.0
UA.VI,0.5128053426742554,0.2596949179812024,0.0
UA.VO,0.5242034792900085,0.2174533268848023,0.0
UA.ZP,0.7150884866714478,0.2540276716389353,0.0
UA.ZT,0.525549590587616,0.28108105424678687,0.0
