HASC_1,Max,Mean,Min
UA.CK,0.5784004926681519,0.21815654834998505,0.0
UA.CH,0.5511826276779175,0.20969245821193216,0.0
UA.CV,0.8171228766441345,0.2663361397882303,0.0
UA.KR,0.38012391328811646,0.12175032123923302,0.0
UA.DP,0.3426051735877991,0.0850148150433704,0.0
UA.DT,0.0,0.0,0.0
UA.IF,0.5094025135040283,0.17624312354090774,0.0
UA.KK,0.0,0.0,0.0
UA.KS,0.4563436508178711,0.15856884680688382,0.0
UA.KM,0.90392005443573,0.46926603987813,0.0
UA.KV,0.7875502705574036,0.26797120465022145,0.0
UA.KC,0.5728906989097595,0.26621035238107044,0.0
UA.KH,0.5784004926681519,0.19121381039379023,0.0
UA.LV,0.5189683437347412,0.210546456484331,0.0
UA.LH,0.0,0.0,0.0
UA.MY,0.5978476405143738,0.2553455893482481,0.0
UA.OD,0.8491635322570801,0.27154201656884075,0.0
UA.PL,0.35763275623321533,0.09905387760588416,0.0
UA.RV,0.8693162202835083,0.40017464672299946,0.0
UA.SC,0.38445794582366943,0.18313773307535383,0.0
UA.SM,0.3404947519302368,0.032476987146462,0.0
UA.TP,0.7733834385871887,0.2764932136051357,0.0
UA.ZK,0.5030128955841064,0.22402240787491653,0.0
UA.VI,0.8429588079452515,0.4486671087021629,0.0
UA.VO,0.8693162202835083,0.2823743551195442,0.0
UA.ZP,0.3378852307796478,0.06006371223158192,0.0
UA.ZT,0.8655240535736084,0.4874851182855741,0.0
