HASC_1,Max,Mean,Min
UA.CK,0.4817847013473511,0.1581832700009857,0.0
UA.CH,0.5217017531394958,0.2449648960360459,0.0
UA.CV,0.0,0.0,0.0
UA.KR,0.49251437187194824,0.14078929980233726,0.0
UA.DP,0.5084664225578308,0.21194197478539803,0.0
UA.DT,0.895771324634552,0.3583959859511084,0.0
UA.IF,0.0,0.0,0.0
UA.KK,0.8955129384994507,0.3495983090251684,0.0
UA.KS,0.4805302619934082,0.16342760020246108,0.0
UA.KM,0.10095583647489548,0.022954083172953686,0.0
UA.KV,0.4870055019855499,0.17910866984025095,0.0
UA.KC,0.3536459803581238,0.127333735426267,0.0
UA.KH,0.47518545389175415,0.16079287741239331,0.0
UA.LV,0.0,0.0,0.0
UA.LH,0.895771324634552,0.43668112099170686,0.0
UA.MY,0.4689626097679138,0.14202936179935932,0.0
UA.OD,0.09788496792316437,0.02187763370344625,0.0
UA.PL,0.5170267820358276,0.21247653679715262,0.0
UA.RV,0.10046060383319855,0.038283666103697295,0.0
UA.SC,0.3206619918346405,0.13198440128730404,0.0
UA.SM,0.5173585414886475,0.20642838509132463,0.0
UA.TP,0.003251141868531704,8.36324252304621e-05,0.0
UA.ZK,0.0,0.0,0.0
UA.VI,0.14125344157218933,0.04641555711876796,0.0
UA.VO,0.08347636461257935,0.010351770770906515,0.0
UA.ZP,0.7811954617500305,0.21812488670860017,0.0
UA.ZT,0.39695411920547485,0.13698936338451775,0.0
