HASC_1,Max,Mean,Min
UA.CK,9.753702761372551e-05,1.1965181069431959e-06,0.0
UA.CH,0.22717216610908508,0.03653642022324661,0.0
UA.CV,0.3615802526473999,0.12065676463147004,0.0
UA.KR,0.0007697221590206027,5.345292770976408e-06,0.0
UA.DP,0.28155797719955444,0.026946074232020747,0.0
UA.DT,0.39079800248146057,0.12880896705333605,0.0
UA.IF,0.5444641709327698,0.16240547487029322,0.0
UA.KK,0.4744545519351959,0.16661561939067074,0.0
UA.KS,0.0,0.0,0.0
UA.KM,0.3416981101036072,0.05994643553603964,0.0
UA.KV,0.007162551395595074,5.550847579412e-05,0.0
UA.KC,0.0,0.0,0.0
UA.KH,0.013874518685042858,0.00012627152398085817,0.0
UA.LV,0.573618471622467,0.20574781809140136,0.0
UA.LH,0.51011061668396,0.24359303798526524,0.0
UA.MY,0.0,0.0,0.0
UA.OD,0.3203752636909485,0.005000618989674413,0.0
UA.PL,0.10037335753440857,0.03093368779162928,0.0
UA.RV,0.3424229919910431,0.04581498658940704,0.0
UA.SC,0.0,0.0,0.0
UA.SM,0.4019192159175873,0.09145901480223984,0.0
UA.TP,0.35750341415405273,0.1565436313394457,0.0
UA.ZK,0.5827676057815552,0.2660240239717744,0.0
UA.VI,0.0,0.0,0.0
UA.VO,0.5235942602157593,0.17923881323379162,0.0
UA.ZP,0.09925033897161484,0.027697524474776386,0.0
UA.ZT,0.0,0.0,0.0
