HASC_1,Max,Mean,Min
UA.CK,0.09955967962741852,0.014502929121070858,0.0
UA.CH,0.39966529607772827,0.08852818201754302,0.0
UA.CV,0.3173670172691345,0.05225839444125692,0.0
UA.KR,0.09651622176170349,0.006176125893502656,0.0
UA.DP,0.38879111409187317,0.09175618078846609,0.0
UA.DT,0.48127421736717224,0.1773057720385307,0.0
UA.IF,0.3626188635826111,0.12489814591812498,0.0
UA.KK,0.49724364280700684,0.23186838723319983,0.0
UA.KS,0.09572761505842209,0.009205837700237706,0.0
UA.KM,0.0,0.0,0.0
UA.KV,0.09786902368068695,0.012373779641916199,0.0
UA.KC,0.03612134978175163,0.0046989265295754494,0.0
UA.KH,0.09897848218679428,0.013981995217310375,0.0
UA.LV,0.3942232131958008,0.12592440272715907,0.0
UA.LH,0.5152168273925781,0.2533336240798235,0.0
UA.MY,0.02672521024942398,0.00037374623263111483,0.0
UA.OD,0.0,0.0,0.0
UA.PL,0.38991495966911316,0.10012871990049327,0.0
UA.RV,0.0,0.0,0.0
UA.SC,0.0,0.0,0.0
UA.SM,0.422923743724823,0.14568385086022317,0.0
UA.TP,0.32804155349731445,0.035721433494472876,0.0
UA.ZK,0.452669620513916,0.1900078821362871,0.0
UA.VI,0.0,0.0,0.0
UA.VO,0.34175488352775574,0.04031510796252783,0.0
UA.ZP,0.3835945129394531,0.08927604144379969,0.0
UA.ZT,0.000699599739164114,7.066664031960747e-06,0.0
