HASC_1,Max,Mean,Min
UA.CK,0.2999039888381958,0.034261396570530324,0.0
UA.CH,0.008771290071308613,0.00011816134008132928,0.0
UA.CV,0.771752119064331,0.2476147972047329,0.0
UA.KR,0.26082247495651245,0.0031226433735961714,0.0
UA.DP,1.933274688781239e-05,1.4215255064567934e-07,0.0
UA.DT,0.09889333695173264,0.0224962456175054,0.0
UA.IF,0.7955471873283386,0.3051387110242137,0.0
UA.KK,0.09868992120027542,0.029374904246651568,0.0
UA.KS,0.30792269110679626,0.016177708469331264,0.0
UA.KM,0.5601133108139038,0.2814391005784273,0.0
UA.KV,0.3321533203125,0.011449710496890475,0.0
UA.KC,0.0,0.0,0.0
UA.KH,0.32374194264411926,0.03913532801856827,0.0
UA.LV,0.8412220478057861,0.34306136836056356,0.0
UA.LH,0.7264638543128967,0.19053833703510464,0.0
UA.MY,0.3176712691783905,0.0875151877798099,0.0
UA.OD,0.37309885025024414,0.1261522753582317,0.0
UA.PL,0.0,0.0,0.0
UA.RV,0.5668469071388245,0.2767582833766937,0.0
UA.SC,0.0,0.0,0.0
UA.SM,0.061012595891952515,0.005300724542636696,0.0
UA.TP,0.7955471873283386,0.2912125780712813,0.0
UA.ZK,0.8806877732276917,0.3950940284765128,0.0
UA.VI,0.3831601142883301,0.1884592743590474,0.0
UA.VO,0.746394693851471,0.35580394310610636,0.0
UA.ZP,0.0,0.0,0.0
UA.ZT,0.3717859983444214,0.16127945418761233,0.0
