HASC_1,Max,Mean,Min
UA.CK,0.0,0.0,0.0
UA.CH,0.10045765340328217,0.010250984711366607,0.0
UA.CV,0.5086421966552734,0.18125765571991603,0.0
UA.KR,0.0,0.0,0.0
UA.DP,0.09864457696676254,0.008795367438625256,0.0
UA.DT,0.356717586517334,0.06046335763213309,0.0
UA.IF,0.5686830878257751,0.23182290847654696,0.0
UA.KK,0.3929504156112671,0.09316593725400578,0.0
UA.KS,0.0,0.0,0.0
UA.KM,0.352275550365448,0.17562605580314994,0.0
UA.KV,0.0,0.0,0.0
UA.KC,0.0,0.0,0.0
UA.KH,0.0,0.0,0.0
UA.LV,0.7965138554573059,0.28111070987802966,0.0
UA.LH,0.4841998815536499,0.21144841335713863,0.0
UA.MY,0.0,0.0,0.0
UA.OD,0.3465094566345215,0.04358623774807748,0.0
UA.PL,0.09039951860904694,0.008669368335638326,0.0
UA.RV,0.5069092512130737,0.16909524242510088,0.0
UA.SC,0.0,0.0,0.0
UA.SM,0.10186069458723068,0.039498581966230024,0.0
UA.TP,0.5541529655456543,0.21969168540090322,0.0
UA.ZK,0.7526161074638367,0.3414033497824813,0.0
UA.VI,0.340251088142395,0.07391975158073667,0.0
UA.VO,0.5434886813163757,0.27464046377640267,0.0
UA.ZP,0.08310035616159439,0.003701461429976743,0.0
UA.ZT,0.33478760719299316,0.03228065515327446,0.0
