HASC_1,Max,Mean,Min
UA.CK,0.6659566164016724,0.21455847059509583,0.0
UA.CH,0.562898576259613,0.20445801279256268,0.0
UA.CV,0.8070919513702393,0.26223625366886455,0.0
UA.KR,0.38754647970199585,0.11798118594257782,0.0
UA.DP,0.3484577238559723,0.08475240013178657,0.0
UA.DT,0.0,0.0,0.0
UA.IF,0.5148286819458008,0.17751789543731714,0.0
UA.KK,0.0,0.0,0.0
UA.KS,0.4817890524864197,0.15821886509656907,0.0
UA.KM,0.8833587169647217,0.4733221955597401,0.0
UA.KV,0.730127215385437,0.2667287338637944,0.0
UA.KC,0.5567700266838074,0.279403880238533,0.0
UA.KH,0.5741851329803467,0.19507600542377024,0.0
UA.LV,0.5166010856628418,0.2088583735404191,0.0
UA.LH,0.0,0.0,0.0
UA.MY,0.6033797264099121,0.25787060388496946,0.0
UA.OD,0.8037440776824951,0.2663691673351794,0.0
UA.PL,0.3491883873939514,0.09971183096921002,0.0
UA.RV,0.8955045938491821,0.3966550034555522,0.0
UA.SC,0.28349095582962036,0.1778891815079583,0.0
UA.SM,0.32930833101272583,0.031077154741312066,0.0
UA.TP,0.823530912399292,0.27484777476638556,0.0
UA.ZK,0.5053238272666931,0.22221023668393944,0.0
UA.VI,0.8990233540534973,0.4468400614957015,0.0
UA.VO,0.8261239528656006,0.2817352313499946,0.0
UA.ZP,0.328285813331604,0.06122294289895171,0.0
UA.ZT,0.8398070335388184,0.4884944579215965,0.0
