HASC_1,Max,Mean,Min
UA.CK,0.7585455179214478,0.21232378456209386,0.0
UA.CH,0.5612228512763977,0.20583001914478483,0.0
UA.CV,0.7850621938705444,0.26521347761154174,0.0
UA.KR,0.35407236218452454,0.11631748240648045,0.0
UA.DP,0.34694361686706543,0.08417693883701063,0.0
UA.DT,0.0,0.0,0.0
UA.IF,0.521088719367981,0.1770676177592925,0.0
UA.KK,0.0,0.0,0.0
UA.KS,0.5726015567779541,0.16513530500233173,0.0
UA.KM,0.8824187517166138,0.46731583774089813,0.0
UA.KV,0.7005943059921265,0.26586462579893344,0.0
UA.KC,0.42582446336746216,0.25036387145519257,0.0
UA.KH,0.5457274317741394,0.19160299716877335,0.0
UA.LV,0.521088719367981,0.2112229089770052,0.0
UA.LH,0.0,0.0,0.0
UA.MY,0.5763373374938965,0.25536019314121416,0.0
UA.OD,0.8331636786460876,0.2664686744766576,0.0
UA.PL,0.3598940372467041,0.09683215070377897,0.0
UA.RV,0.8691024780273438,0.40486340563405643,0.0
UA.SC,0.3137355446815491,0.1920781930287679,0.0
UA.SM,0.3372209668159485,0.029636827142288286,0.0
UA.TP,0.8049849271774292,0.28153956215828657,0.0
UA.ZK,0.5099372863769531,0.22315220523512724,0.0
UA.VI,0.8282921314239502,0.44891059522827464,0.0
UA.VO,0.7908467054367065,0.27814517721727294,0.0
UA.ZP,0.336014986038208,0.05880341725423932,0.0
UA.ZT,0.84940505027771,0.48857702329905345,0.0
