HASC_1,Max,Mean,Min
UA.CK,0.09802135825157166,0.01489092282697259,0.0
UA.CH,0.40018340945243835,0.09318156572916204,0.0
UA.CV,0.3272463381290436,0.05251160746750732,0.0
UA.KR,0.09589030593633652,0.006383113204919984,0.0
UA.DP,0.3807552456855774,0.09221055742608207,0.0
UA.DT,0.4799461364746094,0.17732410754792946,0.0
UA.IF,0.35160860419273376,0.12529584919504913,0.0
UA.KK,0.5074889659881592,0.23151783349125513,0.0
UA.KS,0.09562608599662781,0.00967686168336428,0.0
UA.KM,0.0,0.0,0.0
UA.KV,0.09971489012241364,0.013697943880426024,0.0
UA.KC,0.03643253073096275,0.0051399308473871015,0.0
UA.KH,0.09821867942810059,0.014221253322570451,0.0
UA.LV,0.3798666298389435,0.12517548928520195,0.0
UA.LH,0.5149440765380859,0.2536351328343153,0.0
UA.MY,0.028534576296806335,0.0004275150216686837,0.0
UA.OD,0.0,0.0,0.0
UA.PL,0.3858701288700104,0.10121574466013246,0.0
UA.RV,0.0,0.0,0.0
UA.SC,0.0,0.0,0.0
UA.SM,0.4463087320327759,0.14659425145946442,0.0
UA.TP,0.3254254162311554,0.03458169486839324,0.0
UA.ZK,0.46057426929473877,0.18949442447134943,0.0
UA.VI,0.0,0.0,0.0
UA.VO,0.3346462845802307,0.03949681443295309,0.0
UA.ZP,0.38753339648246765,0.0908834847015521,0.0
UA.ZT,0.0009700173977762461,9.798155533093395e-06,0.0
