HASC_1,Max,Mean,Min
UA.CK,0.36446040868759155,0.07089345329690591,0.0
UA.CH,0.11784109473228455,0.001871982788933175,0.0
UA.CV,0.7664298415184021,0.31074505498011906,0.0
UA.KR,0.29137590527534485,0.010015453149924901,0.0
UA.DP,0.0,0.0,0.0
UA.DT,0.006861846894025803,9.961129848257144e-05,0.0
UA.IF,0.8530063629150391,0.34044214568020387,0.0
UA.KK,0.06885647773742676,0.003985040505150599,0.0
UA.KS,0.3267936408519745,0.0320176969699484,0.0
UA.KM,0.7896823883056641,0.3480310821905732,0.0
UA.KV,0.3537401556968689,0.10857542033243756,0.0
UA.KC,0.28226006031036377,0.12493392320660253,0.0
UA.KH,0.3361341059207916,0.060324425441252084,0.0
UA.LV,0.8619653582572937,0.35027631454997593,0.0
UA.LH,0.09998975694179535,0.04094210580360299,0.0
UA.MY,0.3361341059207916,0.11666495838089959,0.0
UA.OD,0.598518431186676,0.14512565792823323,0.0
UA.PL,0.0,0.0,0.0
UA.RV,0.7772780656814575,0.3461019168184562,0.0
UA.SC,0.30425891280174255,0.06944250963003167,0.0
UA.SM,0.0,0.0,0.0
UA.TP,0.8300454020500183,0.38134859362617135,0.0
UA.ZK,0.8530063629150391,0.352461500601335,0.0
UA.VI,0.5671364665031433,0.26912875085448223,0.0
UA.VO,0.7847719192504883,0.40982647414331314,0.0
UA.ZP,0.0,0.0,0.0
UA.ZT,0.5693646669387817,0.29088343122992855,0.0
