HASC_1,Max,Mean,Min
UA.CK,0.8648529052734375,0.2619882847980729,0.0
UA.CH,0.9014952182769775,0.3468706742638633,0.0
UA.CV,0.38488203287124634,0.08986761902148525,0.0
UA.KR,0.9150269031524658,0.30000495610551703,0.0
UA.DP,0.8641965985298157,0.346295714707059,0.0
UA.DT,0.6008421778678894,0.23736874303541894,0.0
UA.IF,0.13242417573928833,0.039415685942879426,0.0
UA.KK,0.8004069328308105,0.35282212030142546,0.0
UA.KS,0.9103716611862183,0.35004696721831957,0.0
UA.KM,0.4829555153846741,0.2249986484181136,0.0
UA.KV,0.6157820224761963,0.2209948669893272,0.0
UA.KC,0.5013734102249146,0.23483151073257127,0.0
UA.KH,0.8648529052734375,0.2884547889483075,0.0
UA.LV,0.3896511197090149,0.06775641923929841,0.0
UA.LH,0.4752488136291504,0.19751685194671154,0.0
UA.MY,0.9152917861938477,0.3268826192879415,0.0
UA.OD,0.5122580528259277,0.16122497338801622,0.0
UA.PL,0.8648529052734375,0.37277407778633964,0.0
UA.RV,0.5076773166656494,0.22924382391978393,0.0
UA.SC,0.868492841720581,0.5364140338367887,0.0
UA.SM,0.8477516770362854,0.34229521205027896,0.0
UA.TP,0.39354920387268066,0.14266646551550366,0.0
UA.ZK,0.09762615710496902,0.016909248864094756,0.0
UA.VI,0.5074238777160645,0.2571389373236646,0.0
UA.VO,0.4903087019920349,0.2050987516904806,0.0
UA.ZP,0.8029857277870178,0.32310263516884,0.0
UA.ZT,0.5191605091094971,0.2797977455487155,0.0
