HASC_1,Max,Mean,Min
AT.BU,287.2301330566406,286.5166206359863,285.57061767578125
AT.KA,286.2418518066406,281.8894792036577,277.3461608886719
AT.NO,287.0585632324219,284.10218302408856,280.09356689453125
AT.OO,282.9703674316406,281.05906168619794,278.0907897949219
AT.SZ,282.5758361816406,279.9376281738281,276.9687194824219
AT.ST,286.4762268066406,282.0564444405692,278.0907897949219
AT.TR,280.1088562011719,278.2560994466146,275.9591369628906
AT.VO,281.1940002441406,277.4379089355469,275.9137268066406
AT.WI,285.9003601074219,284.76918029785156,283.63800048828125
