HASC_1,Max,Mean,Min
AT.BU,298.816162109375,297.30704498291016,295.8265686035156
AT.KA,295.7188415527344,291.9760242808949,287.7123107910156
AT.NO,298.0335998535156,294.12896728515625,290.6143493652344
AT.OO,294.178466796875,292.14735412597656,288.5430603027344
AT.SZ,293.9375915527344,290.64832458496096,287.0921936035156
AT.ST,297.3975524902344,292.42581830705916,288.5430603027344
AT.TR,291.8008728027344,288.68805541992185,285.820068359375
AT.VO,293.2647399902344,288.6252746582031,286.1117248535156
AT.WI,295.8265686035156,294.5449981689453,293.263427734375
