HASC_1,Max,Mean,Min
AT.BU,273.9894714355469,273.6929473876953,273.3711242675781
AT.KA,274.1754455566406,269.4637534401634,262.8453063964844
AT.NO,273.9894714355469,272.4927232530382,268.6150207519531
AT.OO,272.45233154296875,269.8466517130534,264.6072082519531
AT.SZ,271.5953063964844,267.5489532470703,261.5464782714844
AT.ST,273.8235778808594,270.0504346575056,264.6072082519531
AT.TR,269.3511657714844,264.2202473958333,257.3984680175781
AT.VO,271.5511779785156,262.95115966796874,257.3984680175781
AT.WI,273.5206604003906,272.84539794921875,272.1701354980469
