HASC_1,Max,Mean,Min
AT.BU,287.1522521972656,285.78548431396484,284.7261657714844
AT.KA,283.0518493652344,281.6460238370028,279.964599609375
AT.NO,287.1522521972656,284.9240197075738,281.662353515625
AT.OO,285.0360412597656,283.23115793863934,280.5049743652344
AT.SZ,285.0360412597656,281.784619140625,279.675537109375
AT.ST,285.975830078125,282.5674787248884,280.3018493652344
AT.TR,284.2547912597656,280.65651245117186,277.3592834472656
AT.VO,285.7606506347656,280.2620910644531,276.9336853027344
AT.WI,286.7847595214844,285.5244140625,284.2640686035156
