HASC_1,Max,Mean,Min
AT.BU,285.6912841796875,285.17565536499023,284.2768859863281
AT.KA,282.8940734863281,279.8568503639915,276.9297180175781
AT.NO,285.6912841796875,283.69168938530817,281.0296630859375
AT.OO,283.9985656738281,281.8748779296875,277.7034912109375
AT.SZ,283.9985656738281,279.65716552734375,275.6307373046875
AT.ST,285.5112609863281,281.3100149972098,277.7034912109375
AT.TR,281.8748779296875,277.1595825195312,272.1325378417969
AT.VO,282.9217529296875,276.19496459960936,272.1325378417969
AT.WI,285.3791198730469,284.6592254638672,283.9393310546875
