HASC_1,Max,Mean,Min
AT.BU,294.727294921875,293.0046043395996,291.7520446777344
AT.KA,290.7872009277344,286.9441667036577,282.34515380859375
AT.NO,294.335693359375,291.1824968126085,287.3630676269531
AT.OO,291.3786926269531,288.746821085612,283.62835693359375
AT.SZ,290.8103332519531,286.1553070068359,281.5098571777344
AT.ST,292.04339599609375,288.14311654227123,283.62835693359375
AT.TR,287.0088806152344,283.5065897623698,280.58343505859375
AT.VO,288.3653259277344,283.57138671875,280.58343505859375
AT.WI,292.4021301269531,291.24473571777344,290.08734130859375
