HASC_1,Max,Mean,Min
AT.BU,291.8209533691406,290.7999038696289,289.8095397949219
AT.KA,290.8102111816406,287.54054953835225,284.5820007324219
AT.NO,291.7613830566406,289.3047570122613,286.78936767578125
AT.OO,291.4159851074219,288.83482869466144,285.1910705566406
AT.SZ,291.4159851074219,287.46918334960935,284.2275085449219
AT.ST,290.3173522949219,287.7543029785156,285.1910705566406
AT.TR,289.6962585449219,285.70360107421874,282.23272705078125
AT.VO,291.2408752441406,285.5973754882813,282.23272705078125
AT.WI,290.52471923828125,289.54017639160156,288.5556335449219
