HASC_1,Max,Mean,Min
AT.BU,275.1971740722656,274.23197174072266,273.1683654785156
AT.KA,274.385986328125,268.6273720481179,263.1360168457031
AT.NO,275.1971740722656,272.51204087999133,266.95196533203125
AT.OO,272.1329650878906,269.0561014811198,263.7342834472656
AT.SZ,270.64263916015625,266.6538024902344,262.15216064453125
AT.ST,273.9352111816406,268.87354169573103,263.7342834472656
AT.TR,267.9698486328125,264.1533630371094,260.5000915527344
AT.VO,269.1176452636719,263.5728698730469,261.2398376464844
AT.WI,273.732177734375,272.7951202392578,271.8580627441406
