HASC_1,Max,Mean,Min
AT.BU,268.5321960449219,267.51033782958984,266.3885803222656
AT.KA,269.2080078125,261.75025801225144,254.98365783691406
AT.NO,268.1053771972656,265.4126163058811,262.277587890625
AT.OO,267.3842468261719,264.07839584350586,255.78981018066406
AT.SZ,267.3255920410156,260.26874389648435,254.98365783691406
AT.ST,267.70745849609375,262.89991651262557,255.78981018066406
AT.TR,262.69256591796875,257.8450073242187,254.98365783691406
AT.VO,264.3091735839844,257.8499481201172,255.25286865234375
AT.WI,266.3885803222656,265.51368713378906,264.6387939453125
