HASC_1,Max,Mean,Min
AT.BU,275.2944641113281,274.3505172729492,273.9041442871094
AT.KA,275.4674072265625,271.88364202325994,270.0595703125
AT.NO,276.3761901855469,274.6658935546875,272.8082580566406
AT.OO,278.2045593261719,275.1096496582031,270.66986083984375
AT.SZ,278.2045593261719,272.84865112304686,269.6468811035156
AT.ST,274.7779235839844,272.78331865583147,270.5960388183594
AT.TR,275.4488525390625,271.1966878255208,267.7179260253906
AT.VO,276.0659484863281,271.616259765625,267.7179260253906
AT.WI,275.4046630859375,275.3495635986328,275.2944641113281
