HASC_1,Max,Mean,Min
CN.AH,0.00938334595412016,0.006408689976928549,0.0034572945442050695
CN.BJ,0.0020292261615395546,0.0017276312618588025,0.001180078717879951
CN.CQ,0.009430075995624065,0.007562231788735675,0.004442240577191114
CN.FJ,0.014178581535816193,0.011271405435199368,0.009266362525522709
CN.GS,0.005521045532077551,0.0027073921207714864,0.0006324113928712904
CN.GD,0.015620377846062183,0.012077662233216099,0.008652990683913231
CN.GX,0.014947083778679371,0.009953540533819456,0.007680640090256929
CN.GZ,0.008998380042612553,0.007773736587319619,0.006959106307476759
CN.HA,0.016673393547534943,0.01566739571059034,0.014235642738640308
CN.HB,0.004096812102943659,0.002077953597198766,0.0011130035854876041
CN.HL,0.002965913387015462,0.0019459587770670078,0.0008257290464825928
CN.HE,0.006566033232957125,0.004320273712230257,0.00241770944558084
CN.HU,0.008237586356699467,0.006432080109204564,0.004204934928566217
CN.HN,0.010155822150409222,0.008227975087260806,0.005824472289532423
CN.JS,0.009508038870990276,0.006574260455986055,0.0036922951694577932
CN.JX,0.010928458534181118,0.009401753682538237,0.007704958785325289
CN.JL,0.002919938415288925,0.002068566425737959,0.0013978142524138093
CN.LN,0.004969900939613581,0.002600960913516673,0.0014377891784533858
CN.NM,0.003129826160147786,0.0015138653692358859,0.0008257290464825928
CN.NX,0.004063274245709181,0.002898220092688194,0.001756336190737784
CN.QH,0.005228108260780573,0.0022786557947712745,0.0006324113928712904
CN.SA,0.0055348738096654415,0.003515074960887432,0.001896327710710466
CN.SD,0.005865480285137892,0.003826528912759386,0.002596026984974742
CN.SH,0.01025802455842495,0.009477569255977869,0.008528774604201317
CN.SX,0.0036485062446445227,0.0023879617188327217,0.0017288783565163612
CN.SC,0.01140593085438013,0.006591787865051092,0.0027055207174271345
CN.TJ,0.003026829333975911,0.0021483542566949673,0.001835332252085209
CN.XJ,0.0028380814474076033,0.0018012857029878087,0.0006040892330929637
CN.XZ,0.013594615273177624,0.0032743144828667184,0.0008436006028205156
CN.YN,0.017128773033618927,0.011490808920813845,0.006420280318707228
CN.ZJ,0.01170490775257349,0.009582536000954477,0.00803604256361723
