HASC_1,Max,Mean,Min
CN.AH,0.021587379276752472,0.018089799727830622,0.0155593641102314
CN.BJ,0.0142839839681983,0.013060370460152626,0.011364786885678768
CN.CQ,0.019162822514772415,0.01709370509437893,0.01362133864313364
CN.FJ,0.02248542197048664,0.01996555834494788,0.018157649785280228
CN.GS,0.014317362569272518,0.007609620906713635,0.003200976410880685
CN.GD,0.02246253378689289,0.021099271559262577,0.01949978806078434
CN.GX,0.02239641360938549,0.020411034297082842,0.01652464084327221
CN.GZ,0.020442334935069084,0.01683519484523015,0.011855927295982838
CN.HA,0.021515535190701485,0.02077581804423105,0.01950773410499096
CN.HB,0.01580938510596752,0.0128727579895075,0.010325917042791843
CN.HL,0.013909507542848587,0.012134132766896307,0.00838630273938179
CN.HE,0.018437711521983147,0.015627525628933422,0.0121630122885108
CN.HU,0.02111976034939289,0.017512778540895807,0.013552992604672909
CN.HN,0.02108892612159252,0.01961303176870058,0.016173211857676506
CN.JS,0.019595790654420853,0.016928831169095177,0.014165409840643406
CN.JX,0.021809903904795647,0.020482926800007552,0.018646884709596634
CN.JL,0.013419955037534237,0.011367354197082695,0.00917793158441782
CN.LN,0.014996537007391453,0.012833664481194667,0.010154255665838718
CN.NM,0.013522633351385593,0.009550030287003741,0.004659740719944239
CN.NX,0.011882789433002472,0.009355880717253861,0.00733169773593545
CN.QH,0.009214728139340878,0.006522045711115483,0.0036271102726459503
CN.SA,0.015106209553778172,0.012209229375002906,0.008975435048341751
CN.SD,0.017018644139170647,0.01447712650988251,0.012737441807985306
CN.SH,0.019096065312623978,0.018194191344082355,0.017134834080934525
CN.SX,0.014916746877133846,0.01206665629571354,0.010388701222836971
CN.SC,0.019162822514772415,0.011746856486663605,0.007416177075356245
CN.TJ,0.014866678975522518,0.013982059095393528,0.013180741108953953
CN.XJ,0.008220124989748001,0.0047682965173597635,0.0028578126803040504
CN.XZ,0.019805599004030228,0.007325574379164453,0.0028131091967225075
CN.YN,0.019963273778557777,0.015693711334621753,0.0091354139149189
CN.ZJ,0.02132575400173664,0.019518135965131876,0.018157649785280228
