HASC_1,Max,Mean,Min
CN.AH,0.0031164968386292458,0.0023380740717079285,0.0016976874321699142
CN.BJ,0.0013492786092683673,0.0011007127065498095,0.0008946044836193323
CN.CQ,0.005025355610996485,0.0034408401394181924,0.002451785607263446
CN.FJ,0.00935368612408638,0.005315047484051822,0.0033124370966106653
CN.GS,0.0034606538247317076,0.0015252824244207017,0.0006615205784328282
CN.GD,0.009627867490053177,0.005876255640170619,0.0033191924449056387
CN.GX,0.00936004426330328,0.004680956368209775,0.0030760448426008224
CN.GZ,0.00782526470720768,0.003898488871084574,0.002786286873742938
CN.HA,0.013098129071295261,0.010785945868563084,0.008899260312318802
CN.HB,0.0020955486688762903,0.0011396571189294209,0.0006905877380631864
CN.HL,0.0008855147752910852,0.00045651178984391173,0.00017964809376280755
CN.HE,0.002787836594507098,0.0020697873404037347,0.001194614451378584
CN.HU,0.0034178972709923983,0.002787360198064042,0.002320675179362297
CN.HN,0.004111735615879297,0.0031903693043104893,0.0025008998345583677
CN.JS,0.0037636440247297287,0.0022405021591112018,0.0015719616785645485
CN.JX,0.005008587148040533,0.003489743255760888,0.0027332783211022615
CN.JL,0.0014795943861827254,0.0005904655346832307,0.00042275435407646
CN.LN,0.003061580704525113,0.0011591645429071822,0.0005492850323207676
CN.NM,0.001743901171721518,0.0007532129501308894,0.00033184236963279545
CN.NX,0.0024209104012697935,0.0016281433259684812,0.001047430676408112
CN.QH,0.002817440079525113,0.001224827648501002,0.0006091480026952922
CN.SA,0.0034606538247317076,0.0020527286639359468,0.0009283506660722196
CN.SD,0.003362266579642892,0.001838896305707749,0.0012540501775220037
CN.SH,0.0049633667804300785,0.003505051415413618,0.002605485962703824
CN.SX,0.002018440281972289,0.0011945627000484918,0.0008173370733857155
CN.SC,0.007674107328057289,0.0033823408640156955,0.0012579741887748241
CN.TJ,0.0015139266615733504,0.001305571238679642,0.0011594974203035235
CN.XJ,0.0021799486130476,0.00106280743031276,0.0004207352176308632
CN.XZ,0.0073513672687113285,0.0017088811235536434,0.0005286966334097087
CN.YN,0.013104644604027271,0.00771008292969026,0.002599525498226285
CN.ZJ,0.00646715285256505,0.0035398724129456177,0.0023841143120080233
