HASC_1,Max,Mean,Min
CN.AH,0.02001677267253399,0.018031789740133617,0.014532193541526794
CN.BJ,0.010913316160440445,0.009902250093336288,0.008927368558943272
CN.CQ,0.020976485684514046,0.018990159196698147,0.01496945321559906
CN.FJ,0.02242734283208847,0.020192497474109304,0.01802375167608261
CN.GS,0.016665242612361908,0.007697163795290346,0.0023616787511855364
CN.GD,0.02254210226237774,0.020346572316145596,0.018018506467342377
CN.GX,0.02332220785319805,0.02048778071154639,0.017304522916674614
CN.GZ,0.02127816528081894,0.018788590633238737,0.014859621413052082
CN.HA,0.022256316617131233,0.020832360234288944,0.01909838430583477
CN.HB,0.014303627423942089,0.010905912035320065,0.008927368558943272
CN.HL,0.012719258666038513,0.01147969479596666,0.009189232252538204
CN.HE,0.019779307767748833,0.0155064008917801,0.01166512817144394
CN.HU,0.02161354012787342,0.01845606565031977,0.01326189935207367
CN.HN,0.022092603147029877,0.020144774036093074,0.01570870913565159
CN.JS,0.01896645873785019,0.015213620687763278,0.011892740614712238
CN.JX,0.021960677579045296,0.0204286965685831,0.018806559965014458
CN.JL,0.013334219343960285,0.011450329554025774,0.00860669557005167
CN.LN,0.015029375441372395,0.01295663299107993,0.010895037092268467
CN.NM,0.012813672423362732,0.009407906222842493,0.005417370703071356
CN.NX,0.011495374143123627,0.00830709668533767,0.006472213193774223
CN.QH,0.009826842695474625,0.00652521557765462,0.0021353797055780888
CN.SA,0.016679709777235985,0.011990025532819951,0.007537149358540773
CN.SD,0.014972791075706482,0.01258964599110186,0.010203782469034195
CN.SH,0.0159344132989645,0.015059845801442862,0.014550313353538513
CN.SX,0.013998135924339294,0.011307048636513788,0.009124859236180782
CN.SC,0.021010182797908783,0.01312601634611686,0.007443053647875786
CN.TJ,0.012466694228351116,0.011187613179737871,0.010000967420637608
CN.XJ,0.0072011384181678295,0.004162658429150419,0.001540038618259132
CN.XZ,0.018132628872990608,0.007036480701971435,0.0017916198121383786
CN.YN,0.02084805816411972,0.01588721214128392,0.009885095991194248
CN.ZJ,0.020996512845158577,0.018519339266053418,0.015064026229083538
