HASC_1,Max,Mean,Min
CN.AH,0.022921135649085045,0.019907395445948675,0.01468663290143013
CN.BJ,0.015789715573191643,0.014398525254084514,0.012534826062619686
CN.CQ,0.020837673917412758,0.01910492694815216,0.014804411679506302
CN.FJ,0.022287577390670776,0.019472181668569302,0.017541775479912758
CN.GS,0.016804266721010208,0.009215450452904056,0.0045715258456766605
CN.GD,0.022163281217217445,0.020695286531802973,0.018954483792185783
CN.GX,0.022578129544854164,0.02032968663063246,0.016565529629588127
CN.GZ,0.02073531411588192,0.01873772317925707,0.01467884425073862
CN.HA,0.022040575742721558,0.020392292755700293,0.017923245206475258
CN.HB,0.017064619809389114,0.013702795176886686,0.01127756666392088
CN.HL,0.017274746671319008,0.015101541609147588,0.012022226117551327
CN.HE,0.021748751401901245,0.016137561914098413,0.011467824690043926
CN.HU,0.022341936826705933,0.019684744012054233,0.014965900219976902
CN.HN,0.021601885557174683,0.020060436145126165,0.017949629575014114
CN.JS,0.021642575040459633,0.01773620221334008,0.01473511103540659
CN.JX,0.022921135649085045,0.0204056953407929,0.018264660611748695
CN.JL,0.015890805050730705,0.012996036447239694,0.010363945737481117
CN.LN,0.01664118841290474,0.013581063517909726,0.011053930036723614
CN.NM,0.016842732205986977,0.011477261713161222,0.005654223263263702
CN.NX,0.013913520611822605,0.010953143321196823,0.008820979855954647
CN.QH,0.010986536741256714,0.007398506059014241,0.004570412915199995
CN.SA,0.017299382016062737,0.014153437776258215,0.011130064725875854
CN.SD,0.015687037259340286,0.01432175311492756,0.012470453046262264
CN.SH,0.020810017362236977,0.01940760686993599,0.018254486843943596
CN.SX,0.01481490209698677,0.013060225261929067,0.01127756666392088
CN.SC,0.020837673917412758,0.013488224053230042,0.0075169093906879425
CN.TJ,0.016179291531443596,0.015276205810633573,0.013818471692502499
CN.XJ,0.011161059141159058,0.006430558881533823,0.003308145562186837
CN.XZ,0.01811143569648266,0.008587959128227539,0.004926650319248438
CN.YN,0.019887495785951614,0.016251682551795398,0.01054355502128601
CN.ZJ,0.021710922941565514,0.02012195532912748,0.017541775479912758
