HASC_1,Max,Mean,Min
CN.AH,0.016890427097678185,0.015564395360545151,0.013921480625867844
CN.BJ,0.009151994250714779,0.008193704299628735,0.00719735911116004
CN.CQ,0.01929718255996704,0.016801955907241158,0.012752433307468891
CN.FJ,0.02037101984024048,0.017911488302694314,0.01446300745010376
CN.GS,0.015458643436431885,0.0075562362943663065,0.001885433099232614
CN.GD,0.020771881565451622,0.019468200098298773,0.01770550012588501
CN.GX,0.02127351425588131,0.01902777283001192,0.016005733981728554
CN.GZ,0.019106129184365273,0.017156856182294015,0.013763329945504665
CN.HA,0.02161397598683834,0.020351325560893332,0.018781879916787148
CN.HB,0.012662787921726704,0.009039319124958008,0.006112555041909218
CN.HL,0.012307862751185894,0.009935353119166112,0.007512468844652176
CN.HE,0.01710532046854496,0.015204181576359875,0.011402823962271214
CN.HU,0.01875358819961548,0.016052218952349255,0.012401322834193707
CN.HN,0.01939668320119381,0.018163281277968332,0.015828510746359825
CN.JS,0.017010590061545372,0.015814697065462287,0.014211714267730713
CN.JX,0.01939668320119381,0.017278871931870218,0.01457871962338686
CN.JL,0.012067059986293316,0.010420056594604696,0.008643685840070248
CN.LN,0.013264238834381104,0.010751133485708707,0.007732847239822149
CN.NM,0.010995764285326004,0.007752682750974343,0.005034426227211952
CN.NX,0.011740903370082378,0.01038983091711998,0.008559921756386757
CN.QH,0.009737709537148476,0.006062993777692184,0.001885433099232614
CN.SA,0.015458643436431885,0.01217511280750235,0.007887739688158035
CN.SD,0.016216179355978966,0.013172985846176743,0.010076581500470638
CN.SH,0.01703920029103756,0.01668316125869751,0.015881279483437538
CN.SX,0.01531622838228941,0.009846513128109477,0.006786882411688566
CN.SC,0.01929718255996704,0.0126706345173984,0.0068206582218408585
CN.TJ,0.010579644702374935,0.009290486658838663,0.008273262530565262
CN.XJ,0.007919528521597385,0.004386331823976909,0.001562634133733809
CN.XZ,0.017238834872841835,0.006890326913264466,0.0013005823129788041
CN.YN,0.01962778903543949,0.015417790481844893,0.00990317203104496
CN.ZJ,0.017449915409088135,0.015652590709035855,0.014109194278717041
