HASC_1,Max,Mean,Min
CN.AH,0.006870995741337538,0.005828931998823666,0.004505684599280357
CN.BJ,0.004247318487614393,0.003180037825726546,0.0025239496026188135
CN.CQ,0.008721760474145412,0.007254198517488397,0.005892049055546522
CN.FJ,0.011945974081754684,0.008376180370948437,0.006579012144356966
CN.GS,0.006867737974971533,0.003295401107717418,0.0008807686972431839
CN.GD,0.014415672980248928,0.010957212022305289,0.007984251715242863
CN.GX,0.014060587622225285,0.00982089524070934,0.007239114493131638
CN.GZ,0.009952794760465622,0.008103821862441225,0.007174741476774216
CN.HA,0.016278674826025963,0.014927939600532963,0.013512701727449894
CN.HB,0.006600311025977135,0.0036713713918360745,0.0021822163835167885
CN.HL,0.0025893559213727713,0.0019438324682014823,0.0012648808769881725
CN.HE,0.006807656493037939,0.005535062856359195,0.0043367650359869
CN.HU,0.007161231245845556,0.00645179339751069,0.005257617216557264
CN.HN,0.00945807620882988,0.00752699031791353,0.00571323512122035
CN.JS,0.007022470701485872,0.005764236655802681,0.004505684599280357
CN.JX,0.010031632147729397,0.007784169298452391,0.006326526869088411
CN.JL,0.0036253046710044146,0.0025438995766712148,0.0019385128980502486
CN.LN,0.006711811292916536,0.004127790378176688,0.0025469770189374685
CN.NM,0.005069425329566002,0.0022081597330364977,0.0013541091466322541
CN.NX,0.006031047087162733,0.004277174573336893,0.002014230703935027
CN.QH,0.005064100492745638,0.0022195471935958925,0.00065746990730986
CN.SA,0.007140727248042822,0.005692475232838963,0.0023832032456994057
CN.SD,0.006283134687691927,0.004777839890448376,0.003958951216191053
CN.SH,0.008247624151408672,0.0070857950020581486,0.006316831335425377
CN.SX,0.006555647123605013,0.004281196450638409,0.002559553598985076
CN.SC,0.01123882457613945,0.006326461013836356,0.0029701897874474525
CN.TJ,0.004810741171240807,0.004144560016522353,0.003354758955538273
CN.XJ,0.0028159329667687416,0.0016096764180443639,0.000506034295540303
CN.XZ,0.011209260672330856,0.0025729078116610918,0.000506034295540303
CN.YN,0.016501199454069138,0.010975128435832145,0.004282842855900526
CN.ZJ,0.009894938208162785,0.007217115371308306,0.006018331274390221
