HASC_1,Max,Mean,Min
CN.AH,0.014082089997828007,0.01242612092755735,0.010067438706755638
CN.BJ,0.006504352670162916,0.005481870092738133,0.004422541242092848
CN.CQ,0.013182775117456913,0.012215777300298214,0.009774183854460716
CN.FJ,0.013489381410181522,0.012502487764918599,0.011486507020890713
CN.GS,0.010110036469995975,0.003188266219557122,0.0006363598513416946
CN.GD,0.016758577898144722,0.014528699820460398,0.012758549302816391
CN.GX,0.017276106402277946,0.014688152368612512,0.00879396591335535
CN.GZ,0.014519826509058475,0.011067831309703298,0.004756824113428593
CN.HA,0.01814235933125019,0.016255204432776997,0.013744966126978397
CN.HB,0.0094144893810153,0.005997583182473289,0.002710208995267749
CN.HL,0.004882907960563898,0.00399893393656119,0.0025584257673472166
CN.HE,0.01400849875062704,0.01127475054486643,0.008444046601653099
CN.HU,0.014599617570638657,0.01276843603478656,0.009565169923007488
CN.HN,0.014634585939347744,0.01374669391457196,0.012004510499536991
CN.JS,0.012661115266382694,0.010570998984174086,0.008328810334205627
CN.JX,0.014487243257462978,0.013535113336229828,0.01217267569154501
CN.JL,0.00495153246447444,0.0041676575568056215,0.002865210874006152
CN.LN,0.00576779805123806,0.004809369810247495,0.0040133954025805
CN.NM,0.006076470483094454,0.0025995601327729605,0.000603910069912672
CN.NX,0.005967631936073303,0.004154695437618476,0.0028470512479543686
CN.QH,0.0036515153478831053,0.0025260794054930463,0.0017626044573262334
CN.SA,0.011098996736109257,0.00788379343187747,0.004184381105005741
CN.SD,0.010782218538224697,0.007975806400645524,0.005682762246578932
CN.SH,0.011759416200220585,0.010512026026844978,0.009650206193327904
CN.SX,0.010614212602376938,0.0074792966699680765,0.004129088018089533
CN.SC,0.013182775117456913,0.00626536873049843,0.0020236929412931204
CN.TJ,0.006971653085201979,0.0060406357303939085,0.005259172525256872
CN.XJ,0.00445745000615716,0.0015884573712449815,0.0006055293488316238
CN.XZ,0.0102842403575778,0.00273751910327275,0.0011317094322293997
CN.YN,0.01531821209937334,0.007374496460747119,0.0030294021125882864
CN.ZJ,0.01348493155092001,0.011737141758203506,0.009689624421298504
