HASC_1,Max,Mean,Min
CN.AH,0.015395425260066986,0.014402734206265045,0.012426001019775867
CN.BJ,0.011203866451978683,0.009901716946982421,0.008378925733268261
CN.CQ,0.018351180478930473,0.01620262430008987,0.013183060102164745
CN.FJ,0.018588008359074593,0.01575149099567327,0.012701772153377533
CN.GS,0.01438103336840868,0.007490100023910554,0.003930550999939442
CN.GD,0.021417878568172455,0.019675193731732005,0.016867898404598236
CN.GX,0.02181047387421131,0.01970350312203476,0.016178710386157036
CN.GZ,0.019722245633602142,0.017625641638938434,0.014551741071045399
CN.HA,0.021957658231258392,0.020822937023781594,0.019039414823055267
CN.HB,0.015807412564754486,0.010476763457022977,0.007116897031664848
CN.HL,0.012052160687744617,0.010535732347342333,0.008103393949568272
CN.HE,0.016213200986385345,0.013789832014354724,0.009903691709041595
CN.HU,0.016213200986385345,0.014688207645944897,0.012574139051139355
CN.HN,0.020090682432055473,0.01704910179538714,0.013737939298152924
CN.JS,0.015455824322998524,0.014488181385856409,0.012426001019775867
CN.JX,0.019012393429875374,0.015853007612618764,0.013351541943848133
CN.JL,0.012836399488151073,0.010879928056426623,0.008490982465445995
CN.LN,0.01722298376262188,0.013233640806082591,0.008585476316511631
CN.NM,0.012616735883057117,0.007893344132616272,0.004906875547021627
CN.NX,0.010581913404166698,0.008705886272603975,0.007122220937162638
CN.QH,0.009051266126334667,0.006241549872943471,0.003930550999939442
CN.SA,0.014734211377799511,0.011153197177918628,0.007842564024031162
CN.SD,0.01782856695353985,0.015038727247156203,0.011416378431022167
CN.SH,0.01504494994878769,0.014172735344618558,0.013534012250602245
CN.SX,0.01240358967334032,0.00926869734492455,0.007490101736038923
CN.SC,0.018351180478930473,0.012239886543307548,0.005768958013504744
CN.TJ,0.01362445205450058,0.011604266156527128,0.010191542096436024
CN.XJ,0.007929029874503613,0.005361846943963118,0.0020095929503440857
CN.XZ,0.01860676519572735,0.007508804611634554,0.0037723209243267775
CN.YN,0.019851626828312874,0.015660782979631967,0.009077650494873524
CN.ZJ,0.016371192410588264,0.013844474757972517,0.012325547635555267
