HASC_1,Max,Mean,Min
CN.AH,0.00841278675943613,0.007421799029947983,0.006502257660031319
CN.BJ,0.004779604263603687,0.0038454686649716818,0.0029861407820135355
CN.CQ,0.009333240799605846,0.007403235173905673,0.005324787925928831
CN.FJ,0.013557224534451962,0.009258972111575562,0.007208613213151693
CN.GS,0.007590480148792267,0.003575032985842119,0.0007777686696499586
CN.GD,0.013697572983801365,0.009849304486584814,0.007056025322526693
CN.GX,0.013288446702063084,0.00826853544441695,0.0065764859318733215
CN.GZ,0.009467232041060925,0.007373658796915641,0.006444402039051056
CN.HA,0.015331217087805271,0.013569712771901063,0.011719494126737118
CN.HB,0.006059514358639717,0.0040012256214671795,0.0024758456274867058
CN.HL,0.0031796174589544535,0.002509687834843002,0.0016307310434058309
CN.HE,0.007794328033924103,0.006295281536051933,0.0038035588804632425
CN.HU,0.008765646256506443,0.0073183395489606826,0.005139457527548075
CN.HN,0.008765646256506443,0.0077429170423484114,0.005999591667205095
CN.JS,0.00858969334512949,0.007675118663778098,0.006731299217790365
CN.JX,0.0085758650675416,0.00777733877537326,0.006629414856433868
CN.JL,0.003743874840438366,0.002764472468428452,0.00206910353153944
CN.LN,0.004803287331014872,0.003190126977171059,0.002351887756958604
CN.NM,0.006427871063351631,0.003213497943613889,0.0014718050369992852
CN.NX,0.0066582635045051575,0.0062294087153585516,0.005457427818328142
CN.QH,0.0045075686648488045,0.0016834776200551045,0.0005529647460207343
CN.SA,0.007590480148792267,0.006141024680497746,0.004962074104696512
CN.SD,0.008317497558891773,0.0063290597638115285,0.004613823723047972
CN.SH,0.009491550736129284,0.00853660488501191,0.007928319275379181
CN.SX,0.006196684669703245,0.004509359145083943,0.0035081582609564066
CN.SC,0.009570546448230743,0.005635754677514808,0.001731760916300118
CN.TJ,0.005699263885617256,0.004766542041166263,0.0038194535300135612
CN.XJ,0.0037268279120326042,0.0017989483220489059,0.00046879801084287465
CN.XZ,0.008266317658126354,0.0018637491042282795,0.0005280798068270087
CN.YN,0.012238769792020321,0.008114446651541277,0.0026648121420294046
CN.ZJ,0.011801510117948055,0.008673564457383594,0.0073540485464036465
