HASC_1,Max,Mean,Min
CN.AH,0.016522347927093506,0.01399417938147154,0.010456661693751812
CN.BJ,0.009643335826694965,0.007706729086259237,0.005778054241091013
CN.CQ,0.016388356685638428,0.014771450371683939,0.011714081279933453
CN.FJ,0.02067003771662712,0.018031631692730147,0.014182190410792828
CN.GS,0.012732286937534809,0.004745474562632164,0.0019629402086138725
CN.GD,0.02246580459177494,0.020409941767589954,0.018209557980298996
CN.GX,0.02266448736190796,0.01943511296946978,0.014643927104771137
CN.GZ,0.01960764452815056,0.015911265013691705,0.011860787868499756
CN.HA,0.022500455379486084,0.02104569368419193,0.018731536343693733
CN.HB,0.012321730144321918,0.007662870584627484,0.004531523212790489
CN.HL,0.010124941356480122,0.007604989984628341,0.004145681858062744
CN.HE,0.015464246273040771,0.011352332556455196,0.007839302532374859
CN.HU,0.01635322906076908,0.014074939580279448,0.011219441890716553
CN.HN,0.01960764452815056,0.017163580969221645,0.013664186000823975
CN.JS,0.015500009059906006,0.013931749728866495,0.011387924663722515
CN.JX,0.01969124935567379,0.017798756773937757,0.014889339916408062
CN.JL,0.008497814647853374,0.006953044505617408,0.004815360531210899
CN.LN,0.009279589168727398,0.007631160968477711,0.0062135267071425915
CN.NM,0.007444400805979967,0.004188151125145971,0.001832406036555767
CN.NX,0.007967649959027767,0.004128596108571133,0.0019030971452593803
CN.QH,0.00668885326012969,0.004149794552682174,0.002312283031642437
CN.SA,0.012967209331691265,0.008375163886133427,0.003028591861948371
CN.SD,0.014075696468353271,0.011283958924468606,0.009057779796421528
CN.SH,0.014539182186126709,0.014079161547124385,0.013808190822601318
CN.SX,0.010179619304835796,0.006532924986016509,0.0047645773738622665
CN.SC,0.016388356685638428,0.010076145020624002,0.0051178340800106525
CN.TJ,0.011328081600368023,0.009344380899247799,0.007750371936708689
CN.XJ,0.00696549890562892,0.0037138075236708987,0.002332031959667802
CN.XZ,0.014986296184360981,0.005352455269681608,0.0029964253772050142
CN.YN,0.018258513882756233,0.013131935125241032,0.007168551441282034
CN.ZJ,0.01762113906443119,0.014540936160636576,0.013157467357814312
