HASC_1,Max,Mean,Min
CN.AH,0.012988727539777756,0.007891962285308788,0.0046808747574687
CN.BJ,0.005268894135951996,0.004282012707195603,0.0035280417650938034
CN.CQ,0.013272288255393505,0.010680952909119103,0.006752175744622946
CN.FJ,0.014576278626918793,0.011671647060148675,0.009601118974387646
CN.GS,0.00761644309386611,0.0040407430150103995,0.0025435315910726786
CN.GD,0.016749542206525803,0.0144112079015261,0.011868320405483246
CN.GX,0.017222246155142784,0.015158615478304858,0.01133187860250473
CN.GZ,0.015364171005785465,0.012633138384001378,0.00850685779005289
CN.HA,0.019146760925650597,0.016846158586087682,0.014859996736049652
CN.HB,0.006489120423793793,0.0043951438527812465,0.002932233503088355
CN.HL,0.006482126656919718,0.004330148742546212,0.0026854705065488815
CN.HE,0.007579328957945108,0.005498913941975636,0.0035462805535644293
CN.HU,0.01119184773415327,0.008206614315332402,0.006309194024652243
CN.HN,0.015144825913012028,0.012499504103478823,0.007368408143520355
CN.JS,0.010003888048231602,0.007283917995384679,0.004855675622820854
CN.JX,0.01480960939079523,0.012999677623976285,0.009813630022108555
CN.JL,0.006482126656919718,0.005212756307123022,0.003148876829072833
CN.LN,0.006439847405999899,0.005631397886454691,0.004077795427292585
CN.NM,0.00574541324749589,0.0031060429711667996,0.0019145435653626919
CN.NX,0.004246714524924755,0.0030767384519362275,0.0020811385475099087
CN.QH,0.005340260919183493,0.0032421668063461993,0.0012202590005472302
CN.SA,0.008161389268934727,0.004839767095594046,0.002675436669960618
CN.SD,0.006649099290370941,0.005359860981116071,0.004481318406760693
CN.SH,0.009936017915606499,0.00930592492222786,0.008675259537994862
CN.SX,0.004660489968955517,0.003575055315662679,0.0028486677911132574
CN.SC,0.012965522706508636,0.007019034553414736,0.0034104613587260246
CN.TJ,0.005899908486753702,0.005207057110965252,0.004717511590570211
CN.XJ,0.006556592881679535,0.0038396669312422,0.0010592469479888678
CN.XZ,0.011704765260219574,0.003438018230017184,0.0010592469479888678
CN.YN,0.016448181122541428,0.01035432795413419,0.00433008186519146
CN.ZJ,0.01423883531242609,0.011118726919225434,0.009262326173484325
