HASC_1,Max,Mean,Min
CN.AH,0.011688116937875748,0.010403634320634106,0.00928453914821148
CN.BJ,0.004887386690825224,0.0036364986668699062,0.002493464620783925
CN.CQ,0.012224557809531689,0.01131993441073143,0.009395563043653965
CN.FJ,0.016696017235517502,0.012230554194157493,0.009806198999285698
CN.GS,0.00900209229439497,0.00389651314301341,0.001208388595841825
CN.GD,0.017305416986346245,0.014569065392111676,0.012056234292685986
CN.GX,0.016865771263837814,0.013211209461400189,0.010812007822096348
CN.GZ,0.01285859290510416,0.011483237612992525,0.01009929459542036
CN.HA,0.020545683801174164,0.018029603486259777,0.01643948070704937
CN.HB,0.008893215097486973,0.004771828488907823,0.0018656686879694462
CN.HL,0.007409217301756144,0.004522873387500132,0.0024031437933444977
CN.HE,0.011540456674993038,0.009645119816347768,0.00693246116861701
CN.HU,0.012095016427338123,0.011138509803762039,0.009207291528582573
CN.HN,0.013031684793531895,0.011976642820697565,0.010843797586858273
CN.JS,0.01095776166766882,0.010168962162704421,0.009216828271746635
CN.JX,0.013530137948691845,0.011734412287847258,0.010328812524676323
CN.JL,0.007466994225978851,0.005021253527418055,0.002565904287621379
CN.LN,0.008903148584067822,0.005480416458284045,0.00286349025554955
CN.NM,0.004120910074561834,0.0024854000782998245,0.0014591850340366364
CN.NX,0.0064974259585142136,0.004538088961613967,0.00327575602568686
CN.QH,0.007450146600604057,0.003145742201743694,0.0012983916094526649
CN.SA,0.01032213680446148,0.006791480433700296,0.003015521913766861
CN.SD,0.010291936807334423,0.009163524903124198,0.006873333360999823
CN.SH,0.011408531107008457,0.01083829766139388,0.010458353906869888
CN.SX,0.009277863427996635,0.0053625374975790445,0.0023661490995436907
CN.SC,0.013518535532057285,0.009104270573991996,0.0031864687334746122
CN.TJ,0.007779482752084732,0.00550587276335467,0.004249616526067257
CN.XJ,0.005234364420175552,0.002270352537905685,0.0006853924714960158
CN.XZ,0.015871884301304817,0.004267326624291699,0.0006174233858473599
CN.YN,0.01684860698878765,0.012054761239726628,0.006923400331288576
CN.ZJ,0.014011107385158539,0.010985913947878177,0.009733560495078564
