HASC_1,Max,Mean,Min
CN.AH,0.003605295205488801,0.0031606823322363198,0.0027935996185988188
CN.BJ,0.0024940664879977703,0.0021446931551998625,0.001697609550319612
CN.CQ,0.005341817159205675,0.004507720009828715,0.003778506303206086
CN.FJ,0.0076106879860162735,0.003956960024440597,0.0029031923040747643
CN.GS,0.003988831304013729,0.0015355768290729347,0.000553324178326875
CN.GD,0.009376256726682186,0.00565521686361466,0.0035678239073604345
CN.GX,0.009067823179066181,0.005060395953178252,0.00381279899738729
CN.GZ,0.006386726628988981,0.00474269867528421,0.003821580670773983
CN.HA,0.012085407972335815,0.009985821410304024,0.008691200986504555
CN.HB,0.003690808080136776,0.002150001126516721,0.0013375971466302872
CN.HL,0.0015334184281527996,0.0012875359094214063,0.0009309345041401684
CN.HE,0.00400412967428565,0.003182798336684421,0.0019144908292219043
CN.HU,0.004515060689300299,0.0037676096211985816,0.003112365258857608
CN.HN,0.004315067548304796,0.00389914138621272,0.003463515779003501
CN.JS,0.003414004109799862,0.0029762602241065065,0.002610255731269717
CN.JX,0.004110583569854498,0.0035131582957495687,0.002946107881143689
CN.JL,0.002205083379521966,0.0014857924758905061,0.0012143744388595223
CN.LN,0.004111974500119686,0.002234455136248819,0.0015382464043796062
CN.NM,0.002019554143771529,0.0012567396907197347,0.0008821481023915112
CN.NX,0.003047554986551404,0.0017957708024529413,0.0010507298866286874
CN.QH,0.001913229119963944,0.0008408436789527856,0.0004933420568704605
CN.SA,0.0041778176091611385,0.002734025293951466,0.0013292724033817649
CN.SD,0.0038458595518022776,0.00300363952992484,0.002528120530769229
CN.SH,0.003766982816159725,0.0033596169203519823,0.003000228898599744
CN.SX,0.0026850395370274782,0.0018688795735707154,0.0013375971466302872
CN.SC,0.006450940389186144,0.003510703549732287,0.0008150531793944538
CN.TJ,0.0028608336579054594,0.002551391657272523,0.0023793871514499187
CN.XJ,0.002419481286779046,0.0013321810136128136,0.0004574451595544815
CN.XZ,0.0075165932066738605,0.0014412481315780386,0.0004694852977991104
CN.YN,0.008609025739133358,0.006299485608197555,0.003093490144237876
CN.ZJ,0.004426528234034777,0.0032263033484157765,0.0027935996185988188
