HASC_1,Max,Mean,Min
CN.AH,0.022042298689484596,0.01876184701298674,0.015384536236524582
CN.BJ,0.01568716950714588,0.01278345136401745,0.01020688097923994
CN.CQ,0.02008631080389023,0.018930574879050255,0.016354264691472054
CN.FJ,0.02127300202846527,0.019274695583715522,0.01774662919342518
CN.GS,0.015768231824040413,0.008976493117804027,0.004834355786442757
CN.GD,0.022625312209129333,0.020846124691299244,0.018567107617855072
CN.GX,0.02288280427455902,0.0202512741664943,0.01684636063873768
CN.GZ,0.020185811445116997,0.0187068289050307,0.014874638058245182
CN.HA,0.022314732894301414,0.021081070105234783,0.018729232251644135
CN.HB,0.016344090923666954,0.012289357823458049,0.008572600781917572
CN.HL,0.013877890072762966,0.012385789860567566,0.010837259702384472
CN.HE,0.01960057206451893,0.01597040082929255,0.010145527310669422
CN.HU,0.021785125136375427,0.01919104755368261,0.016023974865674973
CN.HN,0.02142558991909027,0.019583710643288853,0.01772882789373398
CN.JS,0.01957768388092518,0.017497857799753547,0.015462101437151432
CN.JX,0.022042298689484596,0.019989654448040774,0.017999352887272835
CN.JL,0.013644557446241379,0.01206696308562877,0.00964993517845869
CN.LN,0.015396774746477604,0.013451002837147242,0.010368846356868744
CN.NM,0.013852140866219997,0.009490688044999567,0.004158955067396164
CN.NX,0.01203157752752304,0.009679131743991199,0.005026441533118486
CN.QH,0.011244160123169422,0.00784812418336723,0.004834355786442757
CN.SA,0.01745639555156231,0.013044866752655556,0.0066902064718306065
CN.SD,0.01704837940633297,0.014862536638975143,0.01269056648015976
CN.SH,0.01892092078924179,0.01820280384272337,0.01739567704498768
CN.SX,0.013768852688372135,0.010703956368505149,0.00841977447271347
CN.SC,0.019868554547429085,0.01367043753942618,0.008537791669368744
CN.TJ,0.016344090923666954,0.015535462563010779,0.014630179852247238
CN.XJ,0.008398236706852913,0.0053043164646791345,0.002678853226825595
CN.XZ,0.018319470807909966,0.007021920699853359,0.0028650977183133364
CN.YN,0.019269011914730072,0.015534033865800925,0.008978229947388172
CN.ZJ,0.020458562299609184,0.01911925704202108,0.01774662919342518
