HASC_1,Max,Mean,Min
CN.AH,0.007563915569335222,0.005536930473883533,0.0030548248905688524
CN.BJ,0.0018439562991261482,0.0013445518740739387,0.0009359788964502513
CN.CQ,0.007572657894343138,0.00647968849491166,0.003975159954279661
CN.FJ,0.010994917713105679,0.00881493912913419,0.006963816937059164
CN.GS,0.003748900955542922,0.001620282907911454,0.0004882983630523086
CN.GD,0.013271021656692028,0.00958820526735692,0.006640362087637186
CN.GX,0.013099041767418385,0.009980170075426396,0.006751941982656717
CN.GZ,0.010352777317166328,0.007760607046433366,0.005857395473867655
CN.HA,0.01429018098860979,0.013132723314421517,0.011927928775548935
CN.HB,0.0024435988161712885,0.0015959986998459858,0.000814276107121259
CN.HL,0.0010895602172240615,0.0005019287933003909,0.00023111427435651422
CN.HE,0.006308006588369608,0.0034801414371998626,0.0022132666781544685
CN.HU,0.007765061687678099,0.005916850849254323,0.0034848523791879416
CN.HN,0.009960976429283619,0.008057110323724184,0.005984154064208269
CN.JS,0.006510503124445677,0.0047582247733281785,0.003173954552039504
CN.JX,0.009206620045006275,0.008297286842438117,0.006963816937059164
CN.JL,0.0014107098104432225,0.000886706502232873,0.0005866559804417193
CN.LN,0.0023401251528412104,0.0012826405811974387,0.0008589994977228343
CN.NM,0.002303170273080468,0.0009902787185603543,0.00026489520678296685
CN.NX,0.002604650566354394,0.002152663908953614,0.0017701854230836034
CN.QH,0.0021490028593689203,0.0007690025606579865,0.0003698689106386155
CN.SA,0.004994479473680258,0.0028005666257134485,0.0014534861547872424
CN.SD,0.003887501545250416,0.002617491780256387,0.0019249391043558717
CN.SH,0.0065866378135979176,0.005816689552739262,0.005292502697557211
CN.SX,0.003022876800969243,0.0020850689395809094,0.0011250447714701295
CN.SC,0.007120616268366575,0.0037663795358429735,0.000856068916618824
CN.TJ,0.0021169455721974373,0.0017153077483685179,0.0013622712576761842
CN.XJ,0.003960815258324146,0.0014552155741612057,0.00045943728764541447
CN.XZ,0.006339715793728828,0.0010723496339334992,0.00033189085661433637
CN.YN,0.01283042412251234,0.007609502803957598,0.0021346481516957283
CN.ZJ,0.009055144153535366,0.007473120130925325,0.005559293087571859
