HASC_1,Max,Mean,Min
CN.AH,0.021091146394610405,0.02000263253123396,0.018906595185399055
CN.BJ,0.018884025514125824,0.017624172740257703,0.01578235812485218
CN.CQ,0.01991017907857895,0.017800181577711002,0.015986444428563118
CN.FJ,0.022561073303222656,0.019093965019645363,0.017114482820034027
CN.GS,0.015399140305817127,0.008322485365124062,0.004045171197503805
CN.GD,0.02294921875,0.020935245070465004,0.01716073602437973
CN.GX,0.0226567592471838,0.01936070181275766,0.015019737184047699
CN.GZ,0.019598009064793587,0.016717481271674235,0.013551873154938221
CN.HA,0.0225194301456213,0.021349484810516947,0.019470853731036186
CN.HB,0.019720716401934624,0.01705856540120474,0.01167281810194254
CN.HL,0.01862589828670025,0.01577417484520587,0.01133426371961832
CN.HE,0.020658813416957855,0.01862064447206787,0.016084514558315277
CN.HU,0.021081291139125824,0.01828283983992324,0.015256565995514393
CN.HN,0.02000109665095806,0.01847159623035363,0.016444368287920952
CN.JS,0.021418573334813118,0.020012668477228053,0.019275350496172905
CN.JX,0.021172208711504936,0.019457922382673746,0.017125608399510384
CN.JL,0.018393201753497124,0.015937161588765406,0.012677036225795746
CN.LN,0.01943652145564556,0.01697883545708509,0.015438082627952099
CN.NM,0.018289251253008842,0.011324034379970914,0.005984071642160416
CN.NX,0.012007556855678558,0.009833734893404385,0.008164330385625362
CN.QH,0.01008177176117897,0.006554352208023965,0.004045171197503805
CN.SA,0.017212869599461555,0.014120892747693384,0.009971939958631992
CN.SD,0.020167989656329155,0.018712276802398266,0.01727485843002796
CN.SH,0.02187379263341427,0.021250186674296855,0.02073161117732525
CN.SX,0.018784524872899055,0.01492936587011492,0.011641506105661392
CN.SC,0.020572029054164886,0.012858221577241634,0.005658948328346014
CN.TJ,0.018884025514125824,0.018476922234350986,0.01782226748764515
CN.XJ,0.011563622392714024,0.00618659954991658,0.003448290517553687
CN.XZ,0.019646011292934418,0.008207518920279676,0.003448290517553687
CN.YN,0.01954396814107895,0.015107846885387386,0.00911283865571022
CN.ZJ,0.022292455658316612,0.020139160909150775,0.01767444796860218
