HASC_1,Max,Mean,Min
CN.AH,0.01027107797563076,0.0070806450870198505,0.004505640361458063
CN.BJ,0.0027696748729795218,0.0021343733757161177,0.0014471072936430573
CN.CQ,0.008872037753462791,0.00795927983911141,0.005933449137955904
CN.FJ,0.01586374267935753,0.012796169500155696,0.01028649602085352
CN.GS,0.006561364512890577,0.0034947147712845244,0.000743757642339915
CN.GD,0.018440252169966698,0.013894675664980954,0.008785651065409184
CN.GX,0.018326764926314354,0.013106771696781375,0.00814827810972929
CN.GZ,0.01305310521274805,0.008677760252538018,0.0040724738501012325
CN.HA,0.01912912353873253,0.017471811468047754,0.014827732928097248
CN.HB,0.00440471014007926,0.002438001469524559,0.001297082519158721
CN.HL,0.0032991236075758934,0.0022138743741285903,0.0018358686938881874
CN.HE,0.007273918017745018,0.005431392468818569,0.0033932190854102373
CN.HU,0.008882449008524418,0.00701194333599969,0.005592749919742346
CN.HN,0.011220461688935757,0.008120940629761297,0.006434366572648287
CN.JS,0.00853014551103115,0.0064894018623118215,0.004566596355289221
CN.JX,0.012003745883703232,0.009699194790454398,0.007609452586621046
CN.JL,0.003967212047427893,0.0025465059335584993,0.0019269842887297273
CN.LN,0.004462725017219782,0.0027911436922250336,0.0015891054645180702
CN.NM,0.00428418954834342,0.0022196890377738283,0.0009868403431028128
CN.NX,0.005162483546882868,0.003980024642420604,0.0027529457584023476
CN.QH,0.003946787677705288,0.0022032358295594654,0.0010485410457476974
CN.SA,0.006994571071118116,0.005153033518581651,0.00215213093906641
CN.SD,0.005525992717593908,0.004217769767274148,0.0029721520841121674
CN.SH,0.008635764941573143,0.008178637083619832,0.007594352588057518
CN.SX,0.005851194728165865,0.0035027987638337386,0.0016046225791797042
CN.SC,0.008989022113382816,0.004910650940086597,0.0023823638912290335
CN.TJ,0.0035921793896704912,0.0027657590637152844,0.0022584854159504175
CN.XJ,0.003085341304540634,0.0016562590414947518,0.00038632345967926085
CN.XZ,0.007820532657206059,0.0015475515650284317,0.00038632345967926085
CN.YN,0.017235761508345604,0.007792250640303283,0.003230816451832652
CN.ZJ,0.013450629077851772,0.010186056083623777,0.007935847155749798
