HASC_1,Max,Mean,Min
UA.CK,4297044986429440.0,1280198560298715.5,0.0
UA.CH,1.982376300458803e+16,5244988984098030.0,0.0
UA.CV,3439310221082624.0,1502711524507946.0,0.0
UA.KR,4510872617615360.0,1262336074929493.2,0.0
UA.DP,7226416156377088.0,2616994506535153.0,0.0
UA.DT,2.730006626382643e+16,6365435112321870.0,0.0
UA.IF,3446305649065984.0,1084228494920317.9,0.0
UA.KK,2.2920075795234816e+16,5153257480669477.0,0.0
UA.KS,3508339472334848.0,1419718997608584.5,0.0
UA.KM,3331154891505664.0,1287139780212381.0,0.0
UA.KV,1.372296811905024e+16,1974458169241818.8,0.0
UA.KC,8446687769001984.0,2452666603711146.5,0.0
UA.KH,3536756049707008.0,1275794138022576.5,0.0
UA.LV,4720671032606720.0,1341976428696660.2,0.0
UA.LH,2.730006626382643e+16,6612095450700841.0,0.0
UA.MY,2807904931414016.0,1326232416715112.0,0.0
UA.OD,4903367130218496.0,1060604831773090.0,0.0
UA.PL,6810506018947072.0,2391682260050709.0,0.0
UA.RV,7017703294369792.0,1707708038536471.2,0.0
UA.SC,3166859775967232.0,1966083318160497.8,0.0
UA.SM,1.0564580166074368e+16,3313789675468663.5,0.0
UA.TP,3712996811472896.0,1568779507073024.0,0.0
UA.ZK,0.0,0.0,0.0
UA.VI,3316509858332672.0,1504990351321341.0,0.0
UA.VO,1.2444008462680064e+16,2722471319702860.5,0.0
UA.ZP,6049355135975424.0,2526082196570112.0,0.0
UA.ZT,9646273208516608.0,1978962273600156.8,0.0
