HASC_1,Max,Mean,Min
UA.CK,6603330755231744.0,1719484615379236.5,0.0
UA.CH,6498615157587968.0,2750589203219992.5,0.0
UA.CV,0.0,0.0,0.0
UA.KR,3349554262966272.0,1424047514117006.2,0.0
UA.DP,1.876431268426547e+16,4510388254595950.0,0.0
UA.DT,1.1336291299885056e+16,3692338057602446.0,0.0
UA.IF,0.0,0.0,0.0
UA.KK,1.4817462151282688e+16,6756830500608531.0,0.0
UA.KS,7636322466398208.0,2078244596543215.0,0.0
UA.KM,6923283270205440.0,2989647678063485.5,0.0
UA.KV,6498615157587968.0,2147359814860303.5,0.0
UA.KC,4829091039543296.0,2591652970146474.5,0.0
UA.KH,1.876431268426547e+16,2141961337922508.0,0.0
UA.LV,0.0,0.0,0.0
UA.LH,1.1336291299885056e+16,4830300331104566.0,0.0
UA.MY,8707669846130688.0,2521138633902912.5,0.0
UA.OD,5565726249189376.0,1804645181685760.0,0.0
UA.PL,1.8657803937775616e+16,3055616002516582.5,0.0
UA.RV,6249947825438720.0,3083882823279885.5,0.0
UA.SC,3332733828857856.0,2214724925245212.5,0.0
UA.SM,1.0408243356499968e+16,2320282825396647.5,0.0
UA.TP,3443516873113600.0,287919038267392.0,0.0
UA.ZK,0.0,0.0,0.0
UA.VI,5283763256819712.0,2885368183679130.0,0.0
UA.VO,6434462304829440.0,2952550083508782.5,0.0
UA.ZP,7636322466398208.0,2315688876776206.5,0.0
UA.ZT,6691053314768896.0,3486402342548904.0,0.0
