HASC_1,Max,Mean,Min
UA.CK,1.004823168155648e+16,2095002655529965.5,0.0
UA.CH,1.9779329420427264e+16,6266798064404513.0,0.0
UA.CV,0.0,0.0,0.0
UA.KR,3069085382344704.0,983970867285560.9,0.0
UA.DP,9868945787977728.0,2128688500957119.5,0.0
UA.DT,1.9841048100470784e+16,5050917864293841.0,0.0
UA.IF,0.0,0.0,0.0
UA.KK,2.101989421665485e+16,5219294547290572.0,0.0
UA.KS,5034735684288512.0,1654454938496639.0,0.0
UA.KM,1.2383570756632576e+16,4906252921620773.0,0.0
UA.KV,1.9779329420427264e+16,5157870432205359.0,0.0
UA.KC,1.4353062369951744e+16,6378619140046848.0,0.0
UA.KH,8182727132053504.0,1892417916886192.5,0.0
UA.LV,0.0,0.0,0.0
UA.LH,2.2261689521012736e+16,6635046888884142.0,0.0
UA.MY,8433254185041920.0,2537761931549975.5,0.0
UA.OD,8433254185041920.0,1507511072715529.8,0.0
UA.PL,1.3712827701264384e+16,2076381097023506.8,0.0
UA.RV,7212197130272768.0,3953263877853769.0,0.0
UA.SC,1963619856154624.0,1420185354254563.5,0.0
UA.SM,1.145959551598592e+16,2711269071126528.0,0.0
UA.TP,4888665994035200.0,580465803132928.0,0.0
UA.ZK,0.0,0.0,0.0
UA.VI,1.2646718034149376e+16,4721965244367377.0,0.0
UA.VO,7403725291257856.0,3090563141788558.0,0.0
UA.ZP,8496306989301760.0,2023910761562112.0,0.0
UA.ZT,1.2646718034149376e+16,5556276591752947.0,0.0
