HASC_1,Max,Mean,Min
UA.CK,0.0,0.0,0.0
UA.CH,1.3718172788064256e+16,3754327634083840.0,0.0
UA.CV,8473238719954944.0,2766542129192414.0,0.0
UA.KR,0.0,0.0,0.0
UA.DP,1.4336432256581632e+16,3021354558949075.5,0.0
UA.DT,1.981077072851763e+16,6325971601755043.0,0.0
UA.IF,1.6350357454061568e+16,4112342085232716.0,0.0
UA.KK,1.4051198109745152e+16,4454849047881447.0,0.0
UA.KS,0.0,0.0,0.0
UA.KM,1.2609276656746496e+16,4749409994250650.0,0.0
UA.KV,0.0,0.0,0.0
UA.KC,0.0,0.0,0.0
UA.KH,0.0,0.0,0.0
UA.LV,1.6088329015525376e+16,5192593734990658.0,0.0
UA.LH,1.988515956208435e+16,9837928656226222.0,0.0
UA.MY,0.0,0.0,0.0
UA.OD,1.2348706359607296e+16,2068825273828067.2,0.0
UA.PL,4868207991062528.0,896432582703747.6,0.0
UA.RV,1.6474754739339264e+16,5687703201357434.0,0.0
UA.SC,0.0,0.0,0.0
UA.SM,1.3718172788064256e+16,3798193864823574.5,0.0
UA.TP,1.7009690768572416e+16,5626951578419200.0,0.0
UA.ZK,1.533887977095168e+16,5029957492499673.0,0.0
UA.VI,1.3627628435013632e+16,5847845103094053.0,0.0
UA.VO,1.900438417624269e+16,4835022745147981.0,0.0
UA.ZP,1.4336432256581632e+16,2430381077180812.5,0.0
UA.ZT,1.2085797452775424e+16,4196784817323068.0,0.0
