HASC_1,Max,Mean,Min
UA.CK,0.0,0.0,0.0
UA.CH,8350487480893440.0,2764623046142374.5,0.0
UA.CV,7157645140033536.0,3039871269810995.0,0.0
UA.KR,0.0,0.0,0.0
UA.DP,1.636988130164736e+16,4030162603851137.5,0.0
UA.DT,1.526818460925952e+16,3101184828709145.0,0.0
UA.IF,1.0270224582443008e+16,3583135310391169.5,0.0
UA.KK,1.4444271369191424e+16,6066007946801271.0,0.0
UA.KS,0.0,0.0,0.0
UA.KM,6916541782163456.0,3697369485724877.0,0.0
UA.KV,0.0,0.0,0.0
UA.KC,0.0,0.0,0.0
UA.KH,0.0,0.0,0.0
UA.LV,1.0998211875438592e+16,4056661453147705.0,0.0
UA.LH,1.1892239382872064e+16,2718116830462955.0,0.0
UA.MY,0.0,0.0,0.0
UA.OD,9828489343533056.0,1129671430928214.5,0.0
UA.PL,1.2001116803825664e+16,2507749855534572.0,0.0
UA.RV,2.084651712433357e+16,5671973207948348.0,0.0
UA.SC,0.0,0.0,0.0
UA.SM,9926771080167424.0,3804564654759217.5,0.0
UA.TP,8856149013037056.0,3978691549855744.0,0.0
UA.ZK,6276452605493248.0,2642644936830603.5,0.0
UA.VI,5771096016027648.0,2733488731558966.0,0.0
UA.VO,1.0728578123563008e+16,4298889884053557.0,0.0
UA.ZP,1.636988130164736e+16,1410642331054275.0,0.0
UA.ZT,1.0941922034057216e+16,3545163274495397.5,0.0
