HASC_1,Max,Mean,Min
UA.CK,1.8001961357934592e+16,2857984728324333.0,0.0
UA.CH,2.766310052200448e+16,7890255637964602.0,0.0
UA.CV,0.0,0.0,0.0
UA.KR,3821348635803648.0,401965177595494.4,0.0
UA.DP,9953173317877760.0,2509403038753938.5,0.0
UA.DT,1.4025141616902144e+16,3188971321679024.5,0.0
UA.IF,7412755996868608.0,930885537985629.1,0.0
UA.KK,1.0562987806949376e+16,2982020905665822.5,0.0
UA.KS,1169134255603712.0,91251979515524.73,0.0
UA.KM,0.0,0.0,0.0
UA.KV,2.8785993951739904e+16,1.009436691243257e+16,0.0
UA.KC,2.8785993951739904e+16,1.5355960766409386e+16,0.0
UA.KH,6368182906388480.0,1369042189159027.0,0.0
UA.LV,1.4250381513064448e+16,3520633570792945.5,0.0
UA.LH,1.4025141616902144e+16,4206412053129898.5,0.0
UA.MY,3227179370414080.0,683089903605372.5,0.0
UA.OD,0.0,0.0,0.0
UA.PL,9407208886370304.0,2576007144070556.5,0.0
UA.RV,0.0,0.0,0.0
UA.SC,0.0,0.0,0.0
UA.SM,2.13700929650688e+16,2829380829332548.5,0.0
UA.TP,0.0,0.0,0.0
UA.ZK,1.7388309315584e+16,4465518115016099.5,0.0
UA.VI,0.0,0.0,0.0
UA.VO,0.0,0.0,0.0
UA.ZP,7862981312380928.0,1280905967835951.5,0.0
UA.ZT,2.4567627397464064e+16,7735300009647626.0,0.0
