HASC_1,Max,Mean,Min
DE.BW,296.7098388671875,294.8610773501189,291.8039245605469
DE.BY,296.4689636230469,293.4858684133976,285.9347839355469
DE.BE,294.8114013671875,293.6752075195312,292.6258544921875
DE.BR,295.0509948730469,293.14352798461914,290.8781433105469
DE.HB,289.6545104980469,289.4761149088542,289.2436828613281
DE.HH,290.1177062988281,289.53685302734374,289.2215576171875
DE.HE,295.7446594238281,292.96924591064453,289.7567138671875
DE.MV,293.1453857421875,290.8687674782493,289.5740966796875
DE.NI,292.0552062988281,290.13918407543287,289.1538391113281
DE.NW,292.1121826171875,290.5264772687639,289.5711669921875
DE.RP,296.7098388671875,293.60847812228735,290.0998229980469
DE.SL,295.4686279296875,294.60819244384766,293.8836669921875
DE.SN,295.0509948730469,293.92495888157896,292.8429870605469
DE.ST,294.5600891113281,292.27270186574833,290.8416748046875
DE.SH,290.5213623046875,289.45283106753703,288.8576354980469
DE.TH,295.1672058105469,293.09681193033856,290.9686279296875
