HASC_1,Max,Mean,Min
DE.BW,286.8635559082031,285.63806285028875,284.6002197265625
DE.BY,287.0090637207031,285.06894050760474,280.1529541015625
DE.BE,286.3316650390625,286.06585083007815,285.8085632324219
DE.BR,286.3316650390625,285.6498603820801,284.7619934082031
DE.HB,284.7838134765625,284.6451416015625,284.5705871582031
DE.HH,284.8625793457031,284.6955993652344,284.5966491699219
DE.HE,286.0305480957031,284.5996337890625,283.2776184082031
DE.MV,285.5592041015625,284.80261646617544,284.2131652832031
DE.NI,285.4937744140625,284.72431409681167,283.6916809082031
DE.NW,285.9716491699219,284.44239916120256,283.0966491699219
DE.RP,286.8635559082031,284.7907935248481,283.5517272949219
DE.SL,285.2951965332031,284.88675689697266,284.4986572265625
DE.SN,286.3619384765625,284.99156429893094,283.8320007324219
DE.ST,285.9976806640625,285.1403439170436,283.8993835449219
DE.SH,285.0364074707031,284.3728171900699,283.5260009765625
DE.TH,285.3801574707031,284.4956580268012,283.8320007324219
