HASC_1,Max,Mean,Min
DE.BW,299.21875,297.00148607336956,294.0677185058594
DE.BY,298.6780700683594,294.68477939037564,287.5530700683594
DE.BE,298.3860778808594,298.1944641113281,297.8570861816406
DE.BR,298.3860778808594,297.46633529663086,295.9690856933594
DE.HB,295.6578674316406,295.5786641438802,295.486328125
DE.HH,295.8941955566406,295.55051879882814,295.3421325683594
DE.HE,298.7923278808594,297.1026382446289,295.4046325683594
DE.MV,297.4440002441406,295.99236366965556,294.5608825683594
DE.NI,297.255859375,296.080078125,295.1744689941406
DE.NW,299.259765625,297.29872349330356,295.4046325683594
DE.RP,299.21875,298.10530429416235,297.1591796875
DE.SL,298.94921875,298.64688873291016,298.2262268066406
DE.SN,298.3720703125,296.42698267886516,294.6800231933594
DE.ST,298.103515625,296.82307032534953,295.44921875
DE.SH,296.1656799316406,294.87964188425167,293.703125
DE.TH,297.4814453125,296.1754404703776,295.291015625
