HASC_1,Max,Mean,Min
DE.BW,301.3972473144531,297.2976870329484,293.6501770019531
DE.BY,302.22796630859375,296.32375838908746,288.2217712402344
DE.BE,298.4766540527344,297.3908630371094,296.4128723144531
DE.BR,298.9304504394531,297.2411231994629,295.1980285644531
DE.HB,297.62445068359375,297.36620076497394,297.0313415527344
DE.HH,297.50335693359375,297.26064453125,297.0313415527344
DE.HE,302.22796630859375,299.37328186035154,295.88616943359375
DE.MV,298.9304504394531,297.1894073486328,294.24554443359375
DE.NI,298.57562255859375,297.3703151393581,295.6856384277344
DE.NW,301.1570129394531,298.6774640764509,295.88616943359375
DE.RP,301.3972473144531,299.56835598415796,297.53656005859375
DE.SL,300.19085693359375,299.69476318359375,299.2136535644531
DE.SN,298.3477478027344,296.2511950041118,294.92132568359375
DE.ST,298.0098571777344,296.7584630062706,295.5027160644531
DE.SH,297.5769348144531,296.11920808490953,294.3848571777344
DE.TH,300.56976318359375,297.9851599799262,295.6856384277344
