HASC_1,Max,Mean,Min
DE.BW,283.9898986816406,281.76525613536006,277.97900390625
DE.BY,282.2176818847656,278.17833303897936,275.5091247558594
DE.BE,277.2240295410156,276.9375,276.7198181152344
DE.BR,277.9677734375,276.96871185302734,276.1181945800781
DE.HB,279.5279846191406,279.2510274251302,278.9095764160156
DE.HH,279.3155212402344,278.7174133300781,278.45068359375
DE.HE,283.3948669433594,280.2582305908203,276.6981506347656
DE.MV,280.0094299316406,277.8183413418856,276.4142150878906
DE.NI,284.3157653808594,280.19643092799834,277.7521057128906
DE.NW,284.7596130371094,282.6691371372768,279.115478515625
DE.RP,283.9898986816406,282.8581373426649,280.5279846191406
DE.SL,283.7115783691406,283.3206787109375,282.830078125
DE.SN,277.975830078125,276.5134646767064,275.1372375488281
DE.ST,279.5440368652344,277.8617505525288,276.6321105957031
DE.SH,282.1998596191406,279.28330913342927,278.0503845214844
DE.TH,278.77587890625,277.3917253282335,275.5091247558594
