HASC_1,Max,Mean,Min
DE.BW,295.4498291015625,293.46354210895043,291.4312744140625
DE.BY,296.0676574707031,293.3663856019365,286.6523132324219
DE.BE,299.0637512207031,297.5478759765625,296.4660949707031
DE.BR,299.3742980957031,296.81434377034503,293.1607666015625
DE.HB,287.7633056640625,287.4586181640625,287.1871337890625
DE.HH,290.1047668457031,288.60828857421876,287.4254150390625
DE.HE,294.9091491699219,292.69706268310546,290.4114074707031
DE.MV,298.3886413574219,293.0373646129261,289.0979309082031
DE.NI,294.3551025390625,289.66204256624786,286.7190246582031
DE.NW,291.7984619140625,289.9630453927176,287.2776184082031
DE.RP,295.4498291015625,292.5260518391927,290.4488525390625
DE.SL,293.1802978515625,292.76395416259766,292.1174621582031
DE.SN,298.7239074707031,295.76160952919406,293.2066650390625
DE.ST,297.1373291015625,294.37749441046464,292.4657897949219
DE.SH,291.5933837890625,288.3689623380962,287.0289306640625
DE.TH,295.3420715332031,293.3859354654948,292.1301574707031
