HASC_1,Max,Mean,Min
DE.BW,282.9476013183594,281.5455216117527,280.5556640625
DE.BY,282.7259216308594,280.0733941260805,276.0089416503906
DE.BE,278.8990783691406,278.7653015136719,278.6526794433594
DE.BR,279.0184020996094,278.6597162882487,277.9124450683594
DE.HB,279.708984375,279.54726155598956,279.4534606933594
DE.HH,279.4793395996094,279.38226318359375,279.2384338378906
DE.HE,281.3533630371094,279.7926940917969,278.34130859375
DE.MV,279.4554138183594,278.9114171808416,278.3821716308594
DE.NI,281.8479919433594,279.64129061312286,277.2547302246094
DE.NW,282.4781799316406,280.4634257725307,278.34130859375
DE.RP,282.4609375,280.7266133626302,279.7080078125
DE.SL,281.3482971191406,280.91471099853516,280.2294921875
DE.SN,279.0184020996094,278.1283746016653,276.9425354003906
DE.ST,279.07373046875,278.51611328125,277.2547302246094
DE.SH,280.78125,279.51093332391036,278.8768005371094
DE.TH,280.0330505371094,278.54647657606336,277.2288513183594
