HASC_1,Max,Mean,Min
DE.BW,284.3552551269531,283.0677145253057,280.7286376953125
DE.BY,285.3630676269531,282.73133817632146,274.7693176269531
DE.BE,283.9727783203125,283.6607971191406,283.3051452636719
DE.BR,285.3487548828125,283.80336888631183,282.4561767578125
DE.HB,283.0356140136719,282.6343485514323,282.0186767578125
DE.HH,282.5720520019531,282.0928955078125,281.7758483886719
DE.HE,285.3630676269531,284.2386932373047,282.8627624511719
DE.MV,286.0440673828125,283.59283447265625,281.9187316894531
DE.NI,284.9457702636719,283.4517673801731,281.7758483886719
DE.NW,285.9727783203125,284.32765197753906,282.2452392578125
DE.RP,284.5886535644531,283.3879801432292,282.2807312011719
DE.SL,283.6134033203125,283.2166748046875,282.5948486328125
DE.SN,284.8158874511719,283.63798924496297,282.4994812011719
DE.ST,284.8158874511719,283.9252367521587,282.4561767578125
DE.SH,283.1609191894531,282.1933802554482,281.6791687011719
DE.TH,284.9721374511719,283.949952867296,282.5727233886719
