HASC_1,Max,Mean,Min
DE.BW,291.6136474609375,289.90270863408625,287.4704284667969
DE.BY,292.5146789550781,289.9634250072723,281.8359680175781
DE.BE,295.6999206542969,295.272705078125,294.9300537109375
DE.BR,295.6999206542969,294.41601943969727,292.8587646484375
DE.HB,292.5397644042969,292.03965250651044,291.4665222167969
DE.HH,293.3265380859375,292.60772705078125,291.4665222167969
DE.HE,292.5146789550781,291.33216705322263,290.0856628417969
DE.MV,293.9827880859375,293.1270557750355,291.8376159667969
DE.NI,294.1846008300781,292.5320013922614,291.4665222167969
DE.NW,293.0439758300781,291.34061322893416,289.4980773925781
DE.RP,291.4062805175781,290.37865871853296,289.6269836425781
DE.SL,290.6302490234375,290.27982330322266,289.7178039550781
DE.SN,295.2419128417969,292.94031725431745,290.7897644042969
DE.ST,295.0553894042969,293.7269656532689,291.5729675292969
DE.SH,293.6191711425781,292.3447474429482,290.7855224609375
DE.TH,293.6367492675781,292.06378851996527,291.1103820800781
