HASC_1,Max,Mean,Min
DE.BW,293.7596740722656,291.06115589971125,287.49176025390625
DE.BY,293.4455261230469,289.69938042823304,281.0282287597656
DE.BE,294.53277587890625,294.2216430664063,293.77691650390625
DE.BR,294.53277587890625,293.0784543355306,290.2912292480469
DE.HB,291.9393615722656,291.4301350911458,290.62261962890625
DE.HH,292.6818542480469,291.8720336914063,290.62261962890625
DE.HE,293.4455261230469,292.1975387573242,291.2245178222656
DE.MV,293.4093933105469,292.3779588179155,290.7167053222656
DE.NI,293.3527526855469,292.21109998548354,290.2091979980469
DE.NW,293.3553771972656,292.3914533342634,291.1092834472656
DE.RP,293.7596740722656,292.17976548936633,291.1105651855469
DE.SL,292.48687744140625,292.24713134765625,291.75543212890625
DE.SN,294.0926818847656,290.85399426912005,289.0451354980469
DE.ST,293.77691650390625,291.9038166246916,289.8114318847656
DE.SH,292.9706115722656,290.86293913188734,288.39703369140625
DE.TH,292.52984619140625,290.9567701551649,289.0451354980469
