HASC_1,Max,Mean,Min
AT.BU,280.6080017089844,279.70580673217773,278.5284118652344
AT.KA,280.6585998535156,277.02060491388494,274.2159118652344
AT.NO,280.3504943847656,278.5854017469618,275.4151306152344
AT.OO,280.234619140625,277.71332295735675,274.3929748535156
AT.SZ,279.5721740722656,276.527099609375,274.1646423339844
AT.ST,279.5560607910156,276.6668395996094,274.3929748535156
AT.TR,278.5252990722656,274.98622843424477,270.0696716308594
AT.VO,279.740478515625,273.77100830078126,270.0696716308594
AT.WI,279.2811584472656,278.6156311035156,277.9501037597656
