HASC_1,Max,Mean,Min
AT.BU,288.1079406738281,287.49035263061523,286.4536437988281
AT.KA,288.7453308105469,284.72259244051844,281.0265808105469
AT.NO,287.8367919921875,286.07474602593317,282.7550964355469
AT.OO,288.7023620605469,285.71873474121094,281.2700500488281
AT.SZ,288.7023620605469,284.28461303710935,281.0265808105469
AT.ST,287.8367919921875,284.4007350376674,281.2700500488281
AT.TR,287.8416748046875,283.55357055664064,281.0265808105469
AT.VO,289.9604797363281,284.12933959960935,281.2233581542969
AT.WI,286.4930419921875,285.6042022705078,284.7153625488281
