HASC_1,Max,Mean,Min
AT.BU,273.4638977050781,272.3893928527832,271.8567199707031
AT.KA,274.4582214355469,271.3646906072443,266.6062316894531
AT.NO,273.7347106933594,272.6042768690321,270.9552917480469
AT.OO,274.23577880859375,272.19873046875,267.8963928222656
AT.SZ,273.9320373535156,270.48663330078125,265.7746276855469
AT.ST,273.4638977050781,271.6873081752232,267.8963928222656
AT.TR,271.70703125,267.63624471028646,262.31451416015625
AT.VO,273.4411315917969,266.6147888183594,262.31451416015625
AT.WI,272.83148193359375,272.64869689941406,272.4659118652344
