HASC_1,Max,Mean,Min
AT.BU,281.03985595703125,279.89245986938477,278.66827392578125
AT.KA,281.52813720703125,276.1759504838423,271.1500549316406
AT.NO,280.3766174316406,278.0042673746745,272.9257507324219
AT.OO,278.7870788574219,275.98346455891925,271.6188659667969
AT.SZ,278.57989501953125,274.5607513427734,270.60675048828125
AT.ST,280.2731018066406,275.58275277274,271.6188659667969
AT.TR,277.3307189941406,273.2358032226563,269.9496765136719
AT.VO,279.0304260253906,273.878125,271.45733642578125
AT.WI,279.07012939453125,278.12872314453125,277.18731689453125
