HASC_1,Max,Mean,Min
AT.BU,278.0870056152344,277.51423263549805,276.3786315917969
AT.KA,278.0570983886719,273.43149358575994,267.7420349121094
AT.NO,277.7578125,276.07972208658856,272.62548828125
AT.OO,277.3714294433594,274.09629821777344,268.9554138183594
AT.SZ,277.3714294433594,272.0152069091797,266.8249816894531
AT.ST,277.5755920410156,273.83451189313615,268.9554138183594
AT.TR,274.47216796875,269.75958048502605,266.1583251953125
AT.VO,276.5748291015625,269.773388671875,266.9241638183594
AT.WI,277.2091064453125,276.8203887939453,276.4316711425781
