HASC_1,Max,Mean,Min
AT.BU,288.300048828125,287.32178115844727,286.3462829589844
AT.KA,286.091064453125,282.4441028941761,278.5111389160156
AT.NO,288.300048828125,285.75384521484375,281.680908203125
AT.OO,286.8251037597656,284.0342839558919,278.9413146972656
AT.SZ,286.8251037597656,282.0970977783203,278.5111389160156
AT.ST,287.1177673339844,283.031247820173,278.9413146972656
AT.TR,285.6044006347656,280.5647725423177,276.0101623535156
AT.VO,287.5533142089844,280.42267456054685,276.0101623535156
AT.WI,287.3706970214844,286.4058532714844,285.4410095214844
