HASC_1,Max,Mean,Min
AT.BU,273.4806823730469,272.4135932922363,271.26617431640625
AT.KA,274.83209228515625,270.6715753728693,266.99224853515625
AT.NO,273.8359069824219,271.7086300320095,270.1965637207031
AT.OO,274.55059814453125,271.4774856567383,268.11419677734375
AT.SZ,274.55059814453125,269.7552215576172,266.2499694824219
AT.ST,273.4806823730469,270.4539315359933,268.11419677734375
AT.TR,274.4872741699219,268.90627237955727,265.07867431640625
AT.VO,274.7095031738281,268.33067016601564,263.8603820800781
AT.WI,272.0506896972656,271.8525695800781,271.6544494628906
