HASC_1,Max,Mean,Min
AT.BU,276.6443176269531,274.9151954650879,273.3360900878906
AT.KA,276.4114990234375,272.67324274236506,268.0990905761719
AT.NO,276.6443176269531,272.9819115532769,271.4178771972656
AT.OO,273.6371154785156,272.10197194417316,268.3618469238281
AT.SZ,273.879150390625,271.1983703613281,267.6564636230469
AT.ST,276.6443176269531,272.9309517996652,268.3618469238281
AT.TR,273.1277160644531,269.5998881022135,266.5251770019531
AT.VO,274.7477722167969,269.6085571289062,266.8013916015625
AT.WI,273.3360900878906,272.91798400878906,272.4998779296875
