HASC_1,Max,Mean,Min
AT.BU,300.90875244140625,299.5355415344238,298.0949401855469
AT.KA,296.7206115722656,292.8520230379972,288.8260803222656
AT.NO,300.90875244140625,296.2921617296007,292.09625244140625
AT.OO,296.4295959472656,294.2201385498047,289.32867431640625
AT.SZ,296.4295959472656,292.15208129882814,287.6535339355469
AT.ST,298.7453308105469,293.72085353306363,289.32867431640625
AT.TR,293.7326354980469,289.91773478190106,285.6659240722656
AT.VO,295.0663146972656,288.95647583007815,285.5187683105469
AT.WI,298.6515808105469,296.90875244140625,295.1659240722656
