HASC_1,Max,Mean,Min
HR.BB,276.55120849609375,274.89830322265624,274.0976867675781
HR.SP,276.55120849609375,275.5490010579427,274.4093322753906
HR.DN,287.87176513671875,286.17634752061633,283.6167297363281
HR.GZ,275.70355224609375,275.37815348307294,274.98626708984375
HR.IS,285.47918701171875,282.97349548339844,279.5989685058594
HR.KA,283.1235656738281,278.07484218052457,275.2392883300781
HR.KK,274.98626708984375,274.4850769042969,274.0976867675781
HR.KZ,275.44464111328125,274.5042215983073,273.9534606933594
HR.LS,285.5464172363281,281.87998744419644,277.1711730957031
HR.ME,274.0976867675781,273.45989990234375,272.8221130371094
HR.OB,275.68646240234375,274.3764190673828,273.7773132324219
HR.PS,276.55120849609375,275.24886322021484,274.0906066894531
HR.PG,286.2988586425781,281.62266540527344,275.0979919433594
HR.SB,287.5058898925781,284.15578206380206,277.80487060546875
HR.SM,276.55120849609375,275.50336201985675,274.66717529296875
HR.SD,287.5058898925781,285.3910435267857,279.4038391113281
HR.VA,274.11456298828125,274.1061248779297,274.0976867675781
HR.VP,275.68646240234375,274.8147481282552,274.0906066894531
HR.VS,276.0545349121094,275.10365600585936,274.4093322753906
HR.ZD,287.0823669433594,284.3547799246652,277.1711730957031
HR.ZG,275.44464111328125,274.7764892578125,274.0976867675781
