HASC_1,Max,Mean,Min
HR.BB,281.9996643066406,281.6443176269531,281.3222351074219
HR.SP,282.6617736816406,281.96168009440106,281.3222351074219
HR.DN,288.23565673828125,287.30358547634546,285.37042236328125
HR.GZ,281.59747314453125,280.69713338216144,279.56768798828125
HR.IS,286.11456298828125,284.937749226888,282.7362976074219
HR.KA,284.6949768066406,281.2597176688058,279.56768798828125
HR.KK,281.9996643066406,281.72483825683594,281.4669494628906
HR.KZ,280.9262390136719,280.24840291341144,279.34210205078125
HR.LS,286.5133361816406,283.6582990373884,280.0375671386719
HR.ME,281.4669494628906,281.2560119628906,281.0450744628906
HR.OB,283.53204345703125,282.5549672444661,281.3915710449219
HR.PS,281.9010314941406,281.6125259399414,281.3222351074219
HR.PG,286.9032897949219,283.6932037353516,279.3490905761719
HR.SB,288.15557861328125,285.65680440266925,281.04962158203125
HR.SM,281.83526611328125,280.9280649820964,279.56768798828125
HR.SD,288.15557861328125,286.56225149972096,282.2245788574219
HR.VA,281.4669494628906,280.97190856933594,280.47686767578125
HR.VP,281.9010314941406,281.70928955078125,281.3915710449219
HR.VS,283.7138366699219,282.10753173828124,280.1754455566406
HR.ZD,287.51690673828125,285.54185703822543,280.0375671386719
HR.ZG,281.59747314453125,280.80772705078124,279.57110595703125
