HASC_1,Max,Mean,Min
HR.BB,283.1751403808594,282.813623046875,282.36785888671875
HR.SP,282.9773864746094,282.60272216796875,282.36785888671875
HR.DN,287.2391052246094,285.8412916395399,283.57635498046875
HR.GZ,283.0115661621094,281.8266194661458,280.03582763671875
HR.IS,285.71697998046875,284.680414835612,282.7768859863281
HR.KA,284.6470031738281,281.51229422433033,279.3680114746094
HR.KK,283.1751403808594,282.92506408691406,282.6722106933594
HR.KZ,282.4324645996094,281.9391377766927,281.1668395996094
HR.LS,285.7684020996094,283.1326424734933,279.3680114746094
HR.ME,283.0503234863281,282.9458312988281,282.8413391113281
HR.OB,283.35809326171875,282.82703653971356,282.0698547363281
HR.PS,282.6722106933594,282.3932113647461,282.0698547363281
HR.PG,286.20135498046875,283.6270050048828,279.5232849121094
HR.SB,286.7514953613281,284.4154408772786,279.8110656738281
HR.SM,283.0115661621094,282.01995340983075,280.03582763671875
HR.SD,286.7332458496094,285.09979248046875,280.83416748046875
HR.VA,282.8413391113281,282.52972412109375,282.2181091308594
HR.VP,282.6722106933594,282.4016621907552,282.0698547363281
HR.VS,283.35565185546875,282.5486206054687,281.14129638671875
HR.ZD,286.7514953613281,284.74143763950894,279.3680114746094
HR.ZG,283.0115661621094,282.2286315917969,280.6396789550781
