HASC_1,Max,Mean,Min
HR.BB,281.3711242675781,280.0693725585937,279.2869873046875
HR.SP,279.6650695800781,279.23389689127606,278.9226379394531
HR.DN,287.7925109863281,286.0326978895399,283.2689208984375
HR.GZ,281.3711242675781,280.80467732747394,280.5099792480469
HR.IS,285.5093078613281,282.8192138671875,279.8411865234375
HR.KA,283.9194641113281,281.26917811802457,278.6387023925781
HR.KK,281.3711242675781,280.17044830322266,279.2869873046875
HR.KZ,280.5099792480469,278.8211161295573,277.4299011230469
HR.LS,285.8680419921875,283.3957781110491,280.4255065917969
HR.ME,279.2869873046875,278.7219696044922,278.1569519042969
HR.OB,279.3890380859375,278.8133188883464,278.1276550292969
HR.PS,280.3654479980469,279.40771484375,278.6777038574219
HR.PG,286.2980651855469,282.6797821044922,276.7522277832031
HR.SB,287.5171203613281,284.83033243815106,279.5716552734375
HR.SM,281.3711242675781,280.5478108723958,279.6650695800781
HR.SD,287.5171203613281,285.4945722307478,280.3618469238281
HR.VA,279.2869873046875,278.9052276611328,278.5234680175781
HR.VP,280.3654479980469,279.3219299316406,278.6777038574219
HR.VS,279.5980224609375,279.24823608398435,278.7602233886719
HR.ZD,287.3944091796875,285.1292506626674,280.4255065917969
HR.ZG,281.3711242675781,279.6660522460937,278.5234680175781
