HASC_1,Max,Mean,Min
HR.BB,270.3123779296875,269.54400024414065,268.964599609375
HR.SP,269.3414001464844,269.10345458984375,268.97943115234375
HR.DN,281.3711242675781,279.3133850097656,274.9100646972656
HR.GZ,271.04107666015625,270.3228454589844,269.6150817871094
HR.IS,279.9588317871094,277.84215291341144,274.0911560058594
HR.KA,276.3584289550781,271.5652335030692,269.2630615234375
HR.KK,270.3123779296875,269.6826171875,268.964599609375
HR.KZ,271.04107666015625,270.52353922526044,270.1504821777344
HR.LS,278.93109130859375,274.42600795200894,269.2630615234375
HR.ME,270.0380554199219,269.9225616455078,269.80706787109375
HR.OB,269.9114685058594,269.3463134765625,268.7178649902344
HR.PS,268.9895324707031,268.91285705566406,268.7178649902344
HR.PG,280.3926086425781,275.6149017333984,269.1921691894531
HR.SB,281.1924133300781,276.72373962402344,269.7139892578125
HR.SM,271.04107666015625,269.7068837483724,268.964599609375
HR.SD,281.4539489746094,278.1699698311942,271.3797302246094
HR.VA,270.3790588378906,270.20855712890625,270.0380554199219
HR.VP,268.97943115234375,268.8872985839844,268.7178649902344
HR.VS,269.69293212890625,269.05568237304686,268.1605529785156
HR.ZD,280.6909484863281,277.2496555873326,269.2630615234375
HR.ZG,271.04107666015625,270.35023803710936,269.9806213378906
