HASC_1,Max,Mean,Min
BR.AC,0.020663077011704445,0.01967853238949409,0.018592331558465958
BR.AL,0.01908506266772747,0.017432529234180327,0.015503854490816593
BR.AP,0.020983511582016945,0.019723809592552103,0.016919584944844246
BR.AM,0.021361803635954857,0.0205635654279235,0.018664492294192314
BR.BA,0.0198349691927433,0.01658446409829377,0.013396075926721096
BR.CE,0.0203410517424345,0.018659592702470976,0.01599579118192196
BR.DF,0.017080439254641533,0.01681346260011196,0.01666177436709404
BR.ES,0.016408732160925865,0.015333764469967438,0.014480403624475002
BR.GO,0.01938292756676674,0.01705494889029069,0.014860283583402634
BR.MA,0.02104867994785309,0.019603998934636352,0.016204169020056725
BR.MT,0.02096189558506012,0.018485468706672954,0.014065236784517765
BR.MS,0.017949555069208145,0.015596055772242158,0.013826818205416203
BR.MG,0.017731163650751114,0.015787008444382116,0.011823944747447968
BR.PA,0.021146908402442932,0.020077160693335473,0.016023289412260056
BR.PB,0.019139422103762627,0.017276667524129152,0.0160121638327837
BR.PR,0.01617635414004326,0.012904408662460553,0.010877900756895542
BR.PE,0.019083792343735695,0.01612262837588787,0.013726524077355862
BR.PI,0.020845547318458557,0.01739449230463881,0.013936013914644718
BR.RJ,0.015135101042687893,0.014320904320036923,0.012699417769908905
BR.RN,0.02060839906334877,0.018641094837723107,0.01682199351489544
BR.RS,0.013735742308199406,0.010942453361915804,0.008509371429681778
BR.RO,0.021084601059556007,0.01989281852212217,0.018033795058727264
BR.RR,0.021230831742286682,0.018552137465540613,0.014291257597506046
BR.SC,0.020934874191880226,0.012882407895236645,0.010476880706846714
BR.SP,0.015248269774019718,0.01327479303362641,0.011137139983475208
BR.SE,0.01890990510582924,0.0173302222309368,0.016123585402965546
BR.TO,0.020284784957766533,0.018740874680655974,0.016068747267127037
