HASC_1,Max,Mean,Min
BR.AC,0.01815664954483509,0.01675467643027122,0.015895169228315353
BR.AL,0.016836445778608322,0.014171816800770006,0.01165799330919981
BR.AP,0.01995464228093624,0.017227153199077663,0.014395357109606266
BR.AM,0.02051476761698723,0.019231307699436435,0.01621258445084095
BR.BA,0.018316548317670822,0.014950247363277196,0.012107809074223042
BR.CE,0.017327269539237022,0.013513005691869506,0.011011720634996891
BR.DF,0.015157978981733322,0.014970793854445219,0.014658094383776188
BR.ES,0.017916958779096603,0.01628984321052065,0.014966449700295925
BR.GO,0.018150608986616135,0.015530427212070208,0.01393520925194025
BR.MA,0.018946608528494835,0.016431355474852635,0.013788502663373947
BR.MT,0.019620221108198166,0.01681458930200113,0.013678989373147488
BR.MS,0.018183033913373947,0.016112987457435262,0.013678989373147488
BR.MG,0.017117144539952278,0.015284279199999452,0.013611119240522385
BR.PA,0.020345648750662804,0.018179683201987658,0.013893724419176579
BR.PB,0.016785582527518272,0.012769518594723195,0.010486961342394352
BR.PR,0.01665397547185421,0.014437581961735701,0.012947679497301579
BR.PE,0.01727704331278801,0.012821074463427068,0.010486961342394352
BR.PI,0.017327269539237022,0.013822088488622715,0.011222482658922672
BR.RJ,0.017923634499311447,0.016780143258748232,0.0142759894952178
BR.RN,0.018519045785069466,0.01434180615790959,0.011188467033207417
BR.RS,0.015053550712764263,0.01234335756440342,0.008170885033905506
BR.RO,0.02044292353093624,0.01836162708285782,0.01636374182999134
BR.RR,0.02053956314921379,0.01843113186402937,0.015181501396000385
BR.SC,0.020055415108799934,0.014528739705400646,0.01233192253857851
BR.SP,0.01811881922185421,0.014965173013803392,0.013236007653176785
BR.SE,0.016874592751264572,0.01452375143500311,0.012693843804299831
BR.TO,0.018778761848807335,0.01722287073627942,0.014195404015481472
