HASC_1,Max,Mean,Min
BR.AC,0.018731391057372093,0.017638169458279243,0.01645560748875141
BR.AL,0.016632670536637306,0.01401849914538233,0.011404787190258503
BR.AP,0.01919773779809475,0.015297764470264062,0.011646066792309284
BR.AM,0.020532244816422462,0.018917206099299647,0.015641961246728897
BR.BA,0.015943164005875587,0.012014120897552386,0.007924114353954792
BR.CE,0.015982583165168762,0.01207346828847096,0.008810952305793762
BR.DF,0.014046783559024334,0.013932103912035624,0.013654187321662903
BR.ES,0.015478248707950115,0.013930337145351447,0.012192045338451862
BR.GO,0.016627585515379906,0.014654385879111942,0.013440881855785847
BR.MA,0.01721266470849514,0.013029265790017413,0.008745546452701092
BR.MT,0.019715899601578712,0.01566645913658171,0.013901825062930584
BR.MS,0.016946112737059593,0.015316525734094687,0.013070061802864075
BR.MG,0.016529357060790062,0.013626421455957808,0.011976674199104309
BR.PA,0.019715899601578712,0.01594346585165583,0.010848477482795715
BR.PB,0.017459826543927193,0.012971292162546888,0.009194329380989075
BR.PR,0.014893806539475918,0.013141713821544098,0.011132036335766315
BR.PE,0.017085349187254906,0.011775784511119127,0.008877232670783997
BR.PI,0.015296733938157558,0.009900817382884654,0.008104280568659306
BR.RJ,0.01615392602980137,0.014177701504970039,0.012001310475170612
BR.RN,0.01800755225121975,0.014383008607245725,0.010566349141299725
BR.RS,0.013403370976448059,0.011130767969200305,0.007579997647553682
BR.RO,0.017934435978531837,0.015760666949467525,0.014188244938850403
BR.RR,0.020272528752684593,0.0181788257270884,0.014928615652024746
BR.SC,0.019816672429442406,0.013052964706044152,0.010823364369571209
BR.SP,0.016900496557354927,0.014496395281414585,0.012001310475170612
BR.SE,0.016113394871354103,0.01382012658619455,0.012097631581127644
BR.TO,0.01721266470849514,0.014056510110903118,0.009338651783764362
