HASC_1,Max,Mean,Min
BR.AC,0.019054308533668518,0.018118885532021522,0.017359310761094093
BR.AL,0.018594319000840187,0.017221328655355854,0.015709612518548965
BR.AP,0.018912846222519875,0.017723988741636276,0.015375985763967037
BR.AM,0.02036338485777378,0.01919847849118747,0.014011118561029434
BR.BA,0.019565794616937637,0.01710757900615634,0.015437974594533443
BR.CE,0.018856579437851906,0.01767599624421062,0.016674572601914406
BR.DF,0.016410086303949356,0.016230000803867977,0.015986813232302666
BR.ES,0.01869986020028591,0.016834869192769893,0.014514181762933731
BR.GO,0.018205856904387474,0.017097267125791404,0.01542223896831274
BR.MA,0.019311482086777687,0.017936912777482487,0.016485903412103653
BR.MT,0.019101357087492943,0.017652843496362165,0.015624894760549068
BR.MS,0.01801130548119545,0.014678025509902212,0.009195697493851185
BR.MG,0.018636280670762062,0.016163794402180628,0.0123477503657341
BR.PA,0.0196007639169693,0.018297423114975814,0.014066272415220737
BR.PB,0.018361622467637062,0.01696294458815828,0.01524056401103735
BR.PR,0.014202012680470943,0.011901964863332419,0.010258409194648266
BR.PE,0.018368935212492943,0.016802631467580795,0.015254073776304722
BR.PI,0.018904900178313255,0.017309354520157763,0.01609267108142376
BR.RJ,0.016271168366074562,0.014849939866474381,0.012513372115790844
BR.RN,0.01890171878039837,0.01774657408482042,0.015836769714951515
BR.RS,0.013675582595169544,0.010180705523662336,0.008495621383190155
BR.RO,0.018757715821266174,0.017982575814757082,0.016522301360964775
BR.RR,0.019824877381324768,0.015362348313328255,0.011811944656074047
BR.SC,0.019559437409043312,0.01197193534869068,0.009878210723400116
BR.SP,0.017529381439089775,0.013786370414170888,0.011009745299816132
BR.SE,0.01910961978137493,0.017567120492458344,0.016614330932497978
BR.TO,0.018405809998512268,0.017641109397151956,0.016615284606814384
