HASC_1,Max,Mean,Min
BR.AC,0.018031470477581024,0.016877409643851794,0.01495142001658678
BR.AL,0.017011357471346855,0.015597685191192125,0.014214864932000637
BR.AP,0.019327832385897636,0.01825435879498215,0.01645425148308277
BR.AM,0.019749674946069717,0.018689680922317604,0.016238244250416756
BR.BA,0.01653881184756756,0.012122039607522754,0.009005976840853691
BR.CE,0.01820790208876133,0.015183209297086659,0.01215429324656725
BR.DF,0.010592494159936905,0.010289490378151337,0.009989612735807896
BR.ES,0.015097650699317455,0.01334519379843886,0.010986678302288055
BR.GO,0.01167109701782465,0.010419244274089579,0.009010744281113148
BR.MA,0.019041094928979874,0.014040733214284553,0.009204420261085033
BR.MT,0.018387828022241592,0.012350056672475183,0.009503715671598911
BR.MS,0.013024996966123581,0.010863479277364505,0.009398015215992928
BR.MG,0.015835316851735115,0.010945847400897506,0.008608294650912285
BR.PA,0.019742999225854874,0.01727338447709697,0.011724662035703659
BR.PB,0.018848134204745293,0.015542795328656211,0.009869528003036976
BR.PR,0.013905715197324753,0.011782174667295737,0.010681185871362686
BR.PE,0.01860685460269451,0.014387502949684858,0.011048190295696259
BR.PI,0.01795358769595623,0.01173859684679069,0.009005976840853691
BR.RJ,0.014054965227842331,0.01140585296821815,0.009025606326758862
BR.RN,0.018952084705233574,0.01643229035082562,0.014633211307227612
BR.RS,0.014239024370908737,0.011424965896866226,0.007777485530823469
BR.RO,0.01917142979800701,0.016012828176220257,0.012324205599725246
BR.RR,0.019480103626847267,0.01776443152908194,0.014660072512924671
BR.SC,0.0195001307874918,0.012955523289318354,0.011195056140422821
BR.SP,0.013901423662900925,0.010754482488673512,0.009025606326758862
BR.SE,0.01578652113676071,0.014624661632946559,0.013363710604608059
BR.TO,0.015356890857219696,0.011721445092310509,0.009192975237965584
