HASC_1,Max,Mean,Min
BR.AC,0.018825579434633255,0.016881054625488244,0.01517491415143013
BR.AL,0.015372483991086483,0.013090801425278187,0.010949184186756611
BR.AP,0.017524132505059242,0.014248740259494823,0.011503745801746845
BR.AM,0.019970623776316643,0.018342345645787322,0.015399504452943802
BR.BA,0.016077090054750443,0.011137000618379581,0.007756442297250032
BR.CE,0.01635635830461979,0.012030438327326858,0.007956634275615215
BR.DF,0.014077235013246536,0.013940329818675915,0.01370863988995552
BR.ES,0.01464355830103159,0.012686833309439512,0.011008153669536114
BR.GO,0.01619947887957096,0.014505472157907207,0.010103752836585045
BR.MA,0.018063275143504143,0.014134634461742445,0.010443102568387985
BR.MT,0.018768994137644768,0.015422301414931557,0.012697745114564896
BR.MS,0.017085758969187737,0.015252609036920606,0.012996245175600052
BR.MG,0.015650002285838127,0.013017939274558927,0.009851982817053795
BR.PA,0.019275078549981117,0.015472702526392575,0.011199206113815308
BR.PB,0.015615829266607761,0.01119604698033072,0.00864455197006464
BR.PR,0.015235631726682186,0.011407560310684718,0.008213251829147339
BR.PE,0.01614861562848091,0.010733428318053484,0.007956634275615215
BR.PI,0.016264645382761955,0.010609808770057402,0.008152375929057598
BR.RJ,0.01296254899352789,0.01199263910314551,0.010295123793184757
BR.RN,0.01689883880317211,0.01263553485402773,0.009085387922823429
BR.RS,0.011563986539840698,0.010205665199432225,0.008178681135177612
BR.RO,0.018768994137644768,0.016307476566483577,0.014525938779115677
BR.RR,0.019769081845879555,0.018039496489957476,0.014677255414426327
BR.SC,0.018332529813051224,0.01037311445007909,0.007809688802808523
BR.SP,0.014950800687074661,0.011655312446453193,0.009290904738008976
BR.SE,0.015222757123410702,0.013376398012042046,0.011818300001323223
BR.TO,0.01727410964667797,0.013481153701259583,0.010318011976778507
