HASC_1,Max,Mean,Min
BR.AC,0.017898153513669968,0.015587134157808928,0.012176266871392727
BR.AL,0.014814924448728561,0.012957468236747541,0.01140601560473442
BR.AP,0.018173765391111374,0.015691938462777662,0.011786372400820255
BR.AM,0.02003597281873226,0.018170852923769666,0.01491569634526968
BR.BA,0.015085131861269474,0.011792567426215875,0.00958767905831337
BR.CE,0.015215467661619186,0.011240010037375936,0.008443508297204971
BR.DF,0.013266951777040958,0.012624943784127632,0.012216479517519474
BR.ES,0.014788221567869186,0.013449226362774005,0.01234093401581049
BR.GO,0.014408978633582592,0.012510514672612771,0.010492556728422642
BR.MA,0.017076721414923668,0.012885234326307402,0.009560976177453995
BR.MT,0.01912807486951351,0.012877110609483882,0.010402115993201733
BR.MS,0.012076448649168015,0.010704192202971426,0.009281390346586704
BR.MG,0.013602963648736477,0.011830955743789673,0.010160201229155064
BR.PA,0.019520672038197517,0.015776179694417407,0.01071841735392809
BR.PB,0.015087992884218693,0.011074960231781006,0.008628123439848423
BR.PR,0.012769293040037155,0.009899556648750335,0.00877880398184061
BR.PE,0.015011063776910305,0.011092213317751884,0.009026600047945976
BR.PI,0.015379022806882858,0.010666987388149689,0.008666508831083775
BR.RJ,0.013945014216005802,0.01288957976632648,0.01048683375120163
BR.RN,0.01662054844200611,0.012011314678037989,0.008814248256385326
BR.RS,0.011801313608884811,0.010144942501906009,0.007470442447811365
BR.RO,0.018516769632697105,0.015357816012369262,0.012702218256890774
BR.RR,0.020238151773810387,0.01819824654441536,0.014752776362001896
BR.SC,0.017866363748908043,0.01040634351237765,0.008700682781636715
BR.SP,0.013713113032281399,0.011223347746942303,0.009317471645772457
BR.SE,0.014802049845457077,0.01340842546362962,0.012065958231687546
BR.TO,0.01603308506309986,0.012120403547736781,0.009560976177453995
