HASC_1,Max,Mean,Min
BR.AC,0.012424441985785961,0.010273430174073348,0.00740779610350728
BR.AL,0.016673697158694267,0.015467356547321143,0.013818076811730862
BR.AP,0.01949148438870907,0.018534254566845248,0.01743313856422901
BR.AM,0.018159838393330574,0.014698485651350967,0.009785306639969349
BR.BA,0.016079874709248543,0.011542826824760074,0.009288601577281952
BR.CE,0.01757618971168995,0.015045203734189272,0.013231567107141018
BR.DF,0.00958916824311018,0.00884189767142137,0.00839532632380724
BR.ES,0.014296025969088078,0.01006846226608524,0.008550853468477726
BR.GO,0.010496589355170727,0.007483973233320285,0.003985019400715828
BR.MA,0.01907409355044365,0.015304057981025,0.010198882780969143
BR.MT,0.014326543547213078,0.007860902616837384,0.004281532485038042
BR.MS,0.0070457179099321365,0.004808449005895807,0.0035288056824356318
BR.MG,0.011031441390514374,0.008422037323770842,0.0050815860740840435
BR.PA,0.01949148438870907,0.015858448978620474,0.009135853499174118
BR.PB,0.017275145277380943,0.01450867106905207,0.01197096984833479
BR.PR,0.010257534682750702,0.006829386236719214,0.006003351882100105
BR.PE,0.016947081312537193,0.01415427252650261,0.011890542693436146
BR.PI,0.017848622053861618,0.012719252205600865,0.010117821395397186
BR.RJ,0.011399400420486927,0.009729581281404805,0.007288983557373285
BR.RN,0.018434178084135056,0.0151163125410676,0.01329085323959589
BR.RS,0.009051453322172165,0.00706439627235574,0.006262750830501318
BR.RO,0.01320693176239729,0.00997621527252098,0.007297249510884285
BR.RR,0.017371149733662605,0.016612801606651774,0.014683376997709274
BR.SC,0.01745380088686943,0.008152631858258316,0.006003351882100105
BR.SP,0.011150173842906952,0.007341865035198112,0.00517429132014513
BR.SE,0.016264887526631355,0.014963190071284771,0.013905655592679977
BR.TO,0.0174490325152874,0.01119742878816194,0.007919521071016788
