HASC_1,Max,Mean,Min
BR.AC,0.018600353971123695,0.016754422035927957,0.01503997016698122
BR.AL,0.016607174649834633,0.015222515665778988,0.01359785720705986
BR.AP,0.019764471799135208,0.018872166620725293,0.018099356442689896
BR.AM,0.019936133176088333,0.01857791287097341,0.012998790480196476
BR.BA,0.0167549941688776,0.012076752444700843,0.008456517942249775
BR.CE,0.019439587369561195,0.015737026865626204,0.012146682478487492
BR.DF,0.010052095167338848,0.009621179662644863,0.009314586408436298
BR.ES,0.015607248060405254,0.013708391799949683,0.011967867612838745
BR.GO,0.012649745680391788,0.010206894352450036,0.009053279645740986
BR.MA,0.020208565518260002,0.015555487029620858,0.00828048586845398
BR.MT,0.01883305050432682,0.012687940265714508,0.008878916501998901
BR.MS,0.015417148359119892,0.012871930837746738,0.010513514280319214
BR.MG,0.014707617461681366,0.010707847691039638,0.009053279645740986
BR.PA,0.020100165158510208,0.01800141171321234,0.012577902525663376
BR.PB,0.01784122921526432,0.014652330108219758,0.00967706274241209
BR.PR,0.013708006590604782,0.011394214553710742,0.009897123090922832
BR.PE,0.017114529386162758,0.013839371800422669,0.011528383009135723
BR.PI,0.019439587369561195,0.012043243058417972,0.008078147657215595
BR.RJ,0.01518492866307497,0.014180269299281968,0.011570662260055542
BR.RN,0.018984684720635414,0.01594902494729593,0.013288707472383976
BR.RS,0.012206287123262882,0.010501593359605928,0.009663154371082783
BR.RO,0.019634772092103958,0.017050928053342632,0.012002519331872463
BR.RR,0.019467560574412346,0.01788646044481671,0.01469490211457014
BR.SC,0.019551483914256096,0.011845098597542295,0.009663154371082783
BR.SP,0.014943649061024189,0.011771614276020243,0.009509931318461895
BR.SE,0.016604313626885414,0.015091628168842621,0.013950240798294544
BR.TO,0.018175650388002396,0.012225465107433222,0.009180039167404175
