HASC_1,Max,Mean,Min
BR.AC,0.01808086223900318,0.01633445858382262,0.0147433215752244
BR.AL,0.015490525402128696,0.01398136976518129,0.012271716259419918
BR.AP,0.01988394372165203,0.01846195732132863,0.017542989924550056
BR.AM,0.020648790523409843,0.018969568637800492,0.015331103466451168
BR.BA,0.017011476680636406,0.010744887257590511,0.008049004711210728
BR.CE,0.016915472224354744,0.013084235681413576,0.010486914776265621
BR.DF,0.011725101619958878,0.01140522351488471,0.010971381328999996
BR.ES,0.016668153926730156,0.014130769834782068,0.012354526668787003
BR.GO,0.01420624554157257,0.011720140202669427,0.00862399023026228
BR.MA,0.02026286907494068,0.013922059801636173,0.007964128628373146
BR.MT,0.01902659237384796,0.014734705548439034,0.011219336651265621
BR.MS,0.015156739391386509,0.011895281638112641,0.009060138836503029
BR.MG,0.014402383007109165,0.010610707851108347,0.007904761470854282
BR.PA,0.0204030591994524,0.018160013236377788,0.01252428162842989
BR.PB,0.017281047999858856,0.013272249489091337,0.009890073910355568
BR.PR,0.011076443828642368,0.009257334809845839,0.00741775194182992
BR.PE,0.016564838588237762,0.012488856688141823,0.009940539486706257
BR.PI,0.016770197078585625,0.01054461310176473,0.007964128628373146
BR.RJ,0.015118592418730259,0.012640567461925524,0.008406235836446285
BR.RN,0.018573597073554993,0.014453301013543689,0.0114232636988163
BR.RS,0.009427701123058796,0.007232598366990553,0.00577918067574501
BR.RO,0.019171232357621193,0.01716332494591673,0.012975846417248249
BR.RR,0.020640207454562187,0.01861566657807385,0.015228583477437496
BR.SC,0.020376993343234062,0.008693814585161096,0.00577918067574501
BR.SP,0.0126287080347538,0.009831567341000727,0.007904761470854282
BR.SE,0.014544480480253696,0.0135043291375041,0.012489630840718746
BR.TO,0.01818576641380787,0.01151310855143324,0.008155577816069126
