HASC_1,Max,Mean,Min
BR.AC,0.01897788979113102,0.018178170890762256,0.016647428274154663
BR.AL,0.01790945790708065,0.01638305138208364,0.014814149588346481
BR.AP,0.018849462270736694,0.017667094845387896,0.01689506508409977
BR.AM,0.019261768087744713,0.01854196339767885,0.016922563314437866
BR.BA,0.01821717619895935,0.014639763714660546,0.011432739906013012
BR.CE,0.017987022176384926,0.016444166881385548,0.015173048712313175
BR.DF,0.01376399677246809,0.013527061479787031,0.012976579368114471
BR.ES,0.017331531271338463,0.015206280809182387,0.013223263435065746
BR.GO,0.017089933156967163,0.013625943945953622,0.010558697395026684
BR.MA,0.018146922811865807,0.01683116043902567,0.014935902319848537
BR.MT,0.018642833456397057,0.016542838380713642,0.010703655891120434
BR.MS,0.015758605673909187,0.011741077498525612,0.009785029105842113
BR.MG,0.015507153235375881,0.012695713319105677,0.0111498162150383
BR.PA,0.01875186897814274,0.017578735847911232,0.015430222265422344
BR.PB,0.01769583486020565,0.016179318423382938,0.014800162054598331
BR.PR,0.014250528067350388,0.010837270734974971,0.009197724051773548
BR.PE,0.017762908712029457,0.015847680419683458,0.014333974570035934
BR.PI,0.01794029213488102,0.01663403522811438,0.014891237951815128
BR.RJ,0.01709025166928768,0.014777456617189778,0.011879694648087025
BR.RN,0.01778007484972477,0.016965604868942295,0.01590976119041443
BR.RS,0.012107939459383488,0.010248542680874863,0.009287607856094837
BR.RO,0.01922203041613102,0.018459709754420652,0.0168540570884943
BR.RR,0.01925477385520935,0.016740526470324295,0.012727352790534496
BR.SC,0.0185630414634943,0.011556250710954081,0.009197724051773548
BR.SP,0.015044938772916794,0.01197728269392311,0.010444891639053822
BR.SE,0.017934253439307213,0.01634599920362234,0.01518067717552185
BR.TO,0.017879575490951538,0.016495794394157,0.014818917959928513
