HASC_1,Max,Mean,Min
BR.AC,0.018445415422320366,0.016099032415793493,0.01377876941114664
BR.AL,0.0153048075735569,0.013367384721181895,0.01119240466505289
BR.AP,0.01910313405096531,0.01783973856245057,0.01637657918035984
BR.AM,0.019940776750445366,0.018387076991273864,0.014607512392103672
BR.BA,0.013475819490849972,0.009652229458528576,0.006944500375539064
BR.CE,0.01686152257025242,0.012229577750609866,0.009762846864759922
BR.DF,0.007441604044288397,0.00664609329154094,0.006201906129717827
BR.ES,0.012219511903822422,0.010136326488394003,0.008952541276812553
BR.GO,0.008145097643136978,0.006832129834947409,0.005774104502052069
BR.MA,0.01884881965816021,0.013853545674718306,0.008329791948199272
BR.MT,0.018168214708566666,0.01163752249496448,0.005774104502052069
BR.MS,0.010969404131174088,0.00888242172582667,0.006298862863332033
BR.MG,0.010540727525949478,0.008405500944556282,0.006071570795029402
BR.PA,0.019200408831238747,0.01694448956339462,0.010758642107248306
BR.PB,0.01666395179927349,0.012248047976754606,0.009681307710707188
BR.PR,0.013552590273320675,0.010161593616104279,0.00914407055824995
BR.PE,0.016288045793771744,0.01199039502069354,0.00973932258784771
BR.PI,0.017446601763367653,0.01046627691309703,0.007991952821612358
BR.RJ,0.014297409914433956,0.01154935280619948,0.00905267708003521
BR.RN,0.018291238695383072,0.012734008503371272,0.010371608659625053
BR.RS,0.00997766200453043,0.007244268757810371,0.004726413171738386
BR.RO,0.018422527238726616,0.01625714674592018,0.012658520601689816
BR.RR,0.019940776750445366,0.01784680321226629,0.01436909381300211
BR.SC,0.019290689378976822,0.010850596294369338,0.007919950410723686
BR.SP,0.014460011385381222,0.009309753798649158,0.00702826539054513
BR.SE,0.01392881479114294,0.012483714214925255,0.01123563852161169
BR.TO,0.01709851063787937,0.009445934922917298,0.0068342718295753
