HASC_1,Max,Mean,Min
BR.AC,0.01871730200946331,0.01681114866469915,0.014573746360838413
BR.AL,0.017399005591869354,0.01624520211235473,0.014517161063849926
BR.AP,0.018993230536580086,0.018516868068757703,0.017866624519228935
BR.AM,0.020618610084056854,0.018986166209869072,0.013479086570441723
BR.BA,0.017903180792927742,0.011261719973937509,0.007598570082336664
BR.CE,0.01789809577167034,0.015733085010714572,0.012880177237093449
BR.DF,0.009820949286222458,0.009410683841754993,0.008991967886686325
BR.ES,0.01574978418648243,0.014026660149773726,0.01245372649282217
BR.GO,0.012748888693749905,0.010793876848765649,0.008112361654639244
BR.MA,0.019728513434529305,0.014818566973458548,0.009096316061913967
BR.MT,0.017843736335635185,0.013536227438150812,0.009730986319482327
BR.MS,0.013519140891730785,0.011134447053421375,0.00857068132609129
BR.MG,0.014301472343504429,0.011205282569447956,0.008114666678011417
BR.PA,0.01995866745710373,0.017734477439939042,0.01339468639343977
BR.PB,0.01663988083600998,0.0147255840129219,0.010582774877548218
BR.PR,0.01261044666171074,0.009728372550736636,0.006822677329182625
BR.PE,0.016426576301455498,0.014108212403953076,0.010663996450603008
BR.PI,0.017846914008259773,0.011914455331861973,0.008827697485685349
BR.RJ,0.015615635551512241,0.013504664551604676,0.010483435355126858
BR.RN,0.018370481207966805,0.015655136217587982,0.013941936194896698
BR.RS,0.00865063164383173,0.0065658933738559746,0.005452485755085945
BR.RO,0.019137553870677948,0.0164343464291758,0.012224208563566208
BR.RR,0.02038527838885784,0.018642705875668634,0.01541123166680336
BR.SC,0.020226968452334404,0.008567740701420128,0.005452485755085945
BR.SP,0.012932629324495792,0.01105818412460313,0.009530555456876755
BR.SE,0.017903180792927742,0.016362372852329696,0.014974606223404408
BR.TO,0.016971440985798836,0.011819024380572416,0.00862051174044609
