HASC_1,Max,Mean,Min
BR.AC,0.015683431178331375,0.013369372128867185,0.010952887125313282
BR.AL,0.015879729762673378,0.014589257244216768,0.013560552150011063
BR.AP,0.01879463531076908,0.01794083501701638,0.016972322016954422
BR.AM,0.01798115111887455,0.016479579298241776,0.010388153605163097
BR.BA,0.016682563349604607,0.011205580759188396,0.007171807810664177
BR.CE,0.0168926902115345,0.013710479043295672,0.01186634972691536
BR.DF,0.0072062197141349316,0.006733753407994906,0.006497560068964958
BR.ES,0.014557301066815853,0.010275519417169003,0.008081374689936638
BR.GO,0.009811260737478733,0.006777875736588612,0.005899844691157341
BR.MA,0.019253987818956375,0.014252519372423163,0.009760635904967785
BR.MT,0.016211766749620438,0.008196328195368814,0.005251504946500063
BR.MS,0.009142814204096794,0.006589091191602539,0.005195873323827982
BR.MG,0.011625704355537891,0.007936055361671319,0.006081678438931704
BR.PA,0.019279737025499344,0.015938888138583216,0.008781530894339085
BR.PB,0.017033198848366737,0.013093330868287012,0.010555364191532135
BR.PR,0.009798465296626091,0.008433556631923867,0.007478016894310713
BR.PE,0.016204772517085075,0.013170082662254572,0.010969258844852448
BR.PI,0.0168926902115345,0.011749081460661009,0.009353178553283215
BR.RJ,0.012141325511038303,0.010591265710967558,0.008247393183410168
BR.RN,0.018017390742897987,0.014049545861780643,0.011388716287910938
BR.RS,0.009499647654592991,0.007559840695157779,0.005988694727420807
BR.RO,0.01586637832224369,0.011787222356845935,0.007908918894827366
BR.RR,0.018073974177241325,0.016703885906700338,0.01374031975865364
BR.SC,0.017471889033913612,0.009101653374942406,0.0071966033428907394
BR.SP,0.011280315928161144,0.008099734423552999,0.0063059511594474316
BR.SE,0.016682563349604607,0.015220081766269036,0.014029919169843197
BR.TO,0.016916213557124138,0.009952310709869143,0.006913520861417055
