HASC_1,Max,Mean,Min
BR.AC,0.01927497610449791,0.017951559647917746,0.015894677489995956
BR.AL,0.01766803488135338,0.016339658661500403,0.014121956191956997
BR.AP,0.02008877508342266,0.019079003483057022,0.018488194793462753
BR.AM,0.020428283140063286,0.019196104281630547,0.013384290039539337
BR.BA,0.016615813598036766,0.011273400191463492,0.008121198043227196
BR.CE,0.01792966015636921,0.014592334274844876,0.011100874282419682
BR.DF,0.010346678085625172,0.009789520098517338,0.009248362854123116
BR.ES,0.016555096954107285,0.014362759171770169,0.012907452881336212
BR.GO,0.013306248001754284,0.011111457977676764,0.008121198043227196
BR.MA,0.019907895475625992,0.0143426011362281,0.008171663619577885
BR.MT,0.01896503195166588,0.013830393667995315,0.010386732406914234
BR.MS,0.013999727554619312,0.011083844096161598,0.0059418142773211
BR.MG,0.014974064193665981,0.01154950062403142,0.008689112029969692
BR.PA,0.020145360380411148,0.01795978357835476,0.01314841490238905
BR.PB,0.017827298492193222,0.015345127787441015,0.01006089337170124
BR.PR,0.013596005737781525,0.009714053293021444,0.005221314262598753
BR.PE,0.01777738891541958,0.014320202711969614,0.010759460739791393
BR.PI,0.017498280853033066,0.010900272928962581,0.00817055068910122
BR.RJ,0.01724015362560749,0.014862807984981272,0.012717352248728275
BR.RN,0.018363263458013535,0.016084919073458374,0.013735559768974781
BR.RS,0.006867196876555681,0.005288736132360929,0.004679348785430193
BR.RO,0.019582374021410942,0.016920334773345126,0.012728002853691578
BR.RR,0.020234687253832817,0.01835393543574917,0.015092954970896244
BR.SC,0.01953437551856041,0.008201726018187572,0.004691388923674822
BR.SP,0.014598793350160122,0.012224368077914903,0.010360506363213062
BR.SE,0.016994105651974678,0.015304568822362594,0.013372209854424
BR.TO,0.016609614714980125,0.011653299107112818,0.008121198043227196
