HASC_1,Max,Mean,Min
BR.AC,2.466688394546509,0.11725879932837623,0.0
BR.AL,0.014273027889430523,3.042360842828789e-05,0.0
BR.AP,0.1521148830652237,0.006775921015101123,0.0
BR.AM,8.697367668151855,0.4426130767885384,0.0
BR.BA,2.3060929775238037,0.07885956649829332,0.0
BR.CE,1.8949675559997559,0.11621724342544777,0.0
BR.DF,1.8639966249465942,0.44834496690468356,0.0
BR.ES,2.75579833984375,0.08181858104270645,0.0
BR.GO,3.6281652450561523,0.266894454840464,0.0
BR.MA,2.2055370807647705,0.0782996302688216,0.0
BR.MT,5.463023662567139,0.31740093904629074,0.0
BR.MS,1.5130219459533691,0.004496770066413377,0.0
BR.MG,5.209986209869385,0.31685522963740387,0.0
BR.PA,4.302667140960693,0.18559976816152,0.0
BR.PB,1.5929158926010132,0.02307758752190591,0.0
BR.PR,0.0,0.0,0.0
BR.PE,1.5929158926010132,0.027351154750871624,0.0
BR.PI,3.6986172199249268,0.057415692388851636,0.0
BR.RJ,2.1282284259796143,0.26969777752784907,0.0
BR.RN,1.8949675559997559,0.060535788822173045,0.0
BR.RS,0.00885538849979639,1.8046213126717026e-05,0.0
BR.RO,3.9569785594940186,0.23711060566245615,0.0
BR.RR,0.6825816035270691,0.00850532138330696,0.0
BR.SC,0.11107927560806274,8.357841324355577e-05,0.0
BR.SP,1.4814411401748657,0.008484989289976532,0.0
BR.SE,0.2749635875225067,0.0027443833495967933,0.0
BR.TO,4.204578399658203,0.2354919023970875,0.0
