HASC_1,Max,Mean,Min
BR.AC,2.387373924255371,0.269584608628619,0.0
BR.AL,0.06876705586910248,0.0002623392689612604,0.0
BR.AP,1.5232266187667847,0.07973711099635745,0.0
BR.AM,5.642167568206787,0.2614661115809926,0.0
BR.BA,1.7277140617370605,0.032199895416759924,0.0
BR.CE,2.2809548377990723,0.1855175397578446,0.0
BR.DF,0.8533780574798584,0.12835010615262119,0.0
BR.ES,1.9404972791671753,0.02427191374791182,0.0
BR.GO,2.3689117431640625,0.08266699059558538,0.0
BR.MA,3.312056303024292,0.15779545660958844,0.0
BR.MT,4.473188400268555,0.26304883707143945,0.0
BR.MS,0.8769593834877014,0.003498310414522162,0.0
BR.MG,2.2287967205047607,0.13510317949208447,0.0
BR.PA,4.034852504730225,0.19428239949824344,0.0
BR.PB,2.1528286933898926,0.09530933624298372,0.0
BR.PR,0.5462333559989929,0.002583187718243135,0.0
BR.PE,1.7771248817443848,0.07233591974016597,0.0
BR.PI,5.068367004394531,0.12803110472538592,0.0
BR.RJ,2.8715291023254395,0.3113589513529506,0.0
BR.RN,2.027174234390259,0.1400115712307942,0.0
BR.RS,0.013477477245032787,1.917956956208739e-05,0.0
BR.RO,6.538936138153076,0.3162288145994175,0.0
BR.RR,0.21712626516819,0.002041232075928184,0.0
BR.SC,0.887745201587677,0.0003577759293905278,0.0
BR.SP,1.6342707872390747,0.03324202286446504,0.0
BR.SE,4.1334983507113066e-06,1.8917612589067766e-08,0.0
BR.TO,2.403385877609253,0.13528351223936708,0.0
