HASC_1,Max,Mean,Min
BR.AC,1.8430525064468384,0.06271040228781588,0.0
BR.AL,12.794205665588379,0.5790513681788598,0.0
BR.AP,5.570850372314453,0.4952183349550124,0.0
BR.AM,15.72552490234375,0.6432405940642179,0.0
BR.BA,6.0909647941589355,0.0437525899975431,0.0
BR.CE,2.5980403423309326,0.09241978659409161,0.0
BR.DF,0.007658276241272688,0.0005260305567992271,0.0
BR.ES,1.61343514919281,0.010655061142064038,0.0
BR.GO,0.4096622169017792,0.008641685609403019,0.0
BR.MA,4.044192790985107,0.08360680252914303,0.0
BR.MT,1.754237413406372,0.03279847977218974,0.0
BR.MS,0.6257253885269165,0.018581052707639614,0.0
BR.MG,0.8654322624206543,0.013313160210221577,0.0
BR.PA,7.178416728973389,0.28529745013187746,0.0
BR.PB,3.773383617401123,0.07897972707352904,0.0
BR.PR,2.033987283706665,0.2188770193087777,0.0
BR.PE,4.620490074157715,0.2729062334655082,0.0
BR.PI,4.717624187469482,0.11969540751072151,0.0
BR.RJ,1.61343514919281,0.03394131956967309,0.0
BR.RN,0.7698725461959839,0.014944215259774124,0.0
BR.RS,2.8829448223114014,0.25597837144446406,0.0
BR.RO,2.015533208847046,0.09895521659274564,0.0
BR.RR,1.987962007522583,0.06296177825109767,0.0
BR.SC,2.425276517868042,0.011983185188738277,0.0
BR.SP,0.9371463656425476,0.041227066393976525,0.0
BR.SE,4.04467248916626,0.21216348109792682,0.0
BR.TO,2.371708631515503,0.1447443692689454,0.0
