HASC_1,Max,Mean,Min
BR.AC,0.0,0.0,0.0
BR.AL,1.6638323068618774,0.09398449159920588,0.0
BR.AP,1.7749289274215698,0.09737936119900754,0.0
BR.AM,3.6866514682769775,0.04455249419467379,0.0
BR.BA,4.325087547302246,0.11268089950427056,0.0
BR.CE,0.4576565623283386,0.009552559560459847,0.0
BR.DF,0.14806850254535675,0.05910978009077636,0.0
BR.ES,0.4987718164920807,0.007635746455529742,0.0
BR.GO,0.3892068564891815,0.015270585161515892,0.0
BR.MA,2.9448463916778564,0.08448237300449765,0.0
BR.MT,0.1807156354188919,0.0017001741484899838,0.0
BR.MS,0.0,0.0,0.0
BR.MG,1.5646761655807495,0.046639085392084285,0.0
BR.PA,5.550539493560791,0.14048341041382215,0.0
BR.PB,1.0748388767242432,0.030174598170121223,0.0
BR.PR,0.0,0.0,0.0
BR.PE,0.9388607740402222,0.08576126528785255,0.0
BR.PI,2.0280821323394775,0.055270879751649314,0.0
BR.RJ,0.15827250480651855,0.0004193213444371698,0.0
BR.RN,0.7291685342788696,0.01695565965802049,0.0
BR.RS,0.0,0.0,0.0
BR.RO,0.025957446545362473,1.0467276461781441e-05,0.0
BR.RR,3.3803586959838867,0.1456888506373447,0.0
BR.SC,0.16096284985542297,5.436768086805504e-05,0.0
BR.SP,0.0034042552579194307,7.353661991473424e-07,0.0
BR.SE,0.7403910756111145,0.034793155191378836,0.0
BR.TO,2.41475772857666,0.08573378771073245,0.0
