HASC_1,Max,Mean,Min
BR.AC,0.3192499577999115,0.0030612101454318055,0.0
BR.AL,0.0017552723875269294,2.174119414197863e-05,0.0
BR.AP,0.2037726491689682,0.005024561204518287,0.0
BR.AM,3.9482176303863525,0.09945164762688442,0.0
BR.BA,0.45895862579345703,0.0008337995716793578,0.0
BR.CE,0.0,0.0,0.0
BR.DF,0.0,0.0,0.0
BR.ES,0.14881549775600433,0.0007662195476883008,0.0
BR.GO,0.0685345008969307,0.0007175306862563958,0.0
BR.MA,0.031476546078920364,9.106286018777746e-06,0.0
BR.MT,0.27083873748779297,0.0008521401910622778,0.0
BR.MS,8.807808876037598,0.5326648375455125,0.0
BR.MG,1.9269615411758423,0.03293221380986809,0.0
BR.PA,0.9622640013694763,0.010137467757099939,0.0
BR.PB,0.00040825130417943,1.405340117657246e-07,0.0
BR.PR,2.709134817123413,0.3745316193239633,0.0
BR.PE,0.0,0.0,0.0
BR.PI,0.0,0.0,0.0
BR.RJ,2.443859815597534,0.17675798239986223,0.0
BR.RN,0.004294204991310835,2.4218175732949584e-06,0.0
BR.RS,0.0070862118154764175,2.5330548820546083e-05,0.0
BR.RO,0.2579458951950073,0.0016496473074258861,0.0
BR.RR,1.3158842325210571,0.09526973587962727,0.0
BR.SC,0.9419758319854736,0.0028862335601363472,0.0
BR.SP,6.358070373535156,0.8387570244804262,0.0
BR.SE,0.004999999888241291,6.04333757040182e-05,0.0
BR.TO,0.031476546078920364,3.912914594073183e-05,0.0
