HASC_1,Max,Mean,Min
BR.AC,0.8841677308082581,0.019699299301124497,0.0
BR.AL,0.05416666343808174,0.0015008960189754695,0.0
BR.AP,1.0142349004745483,0.0959762274788223,0.0
BR.AM,3.4682018756866455,0.22133640069592958,0.0
BR.BA,0.19104166328907013,0.0004765643613216349,0.0
BR.CE,0.7048856616020203,0.017735530007779072,0.0
BR.DF,0.07912375032901764,0.017176866146791644,0.0
BR.ES,0.17544178664684296,0.00020375789378322302,0.0
BR.GO,1.008826494216919,0.028258188394189997,0.0
BR.MA,1.8945859670639038,0.05130718487737112,0.0
BR.MT,6.647546291351318,0.26917184446180614,0.0
BR.MS,1.191229224205017,0.05024550439707711,0.0
BR.MG,1.3137420415878296,0.044251499853610356,0.0
BR.PA,4.436151504516602,0.25014731012761593,0.0
BR.PB,0.03437500074505806,0.0004269791626642326,0.0
BR.PR,2.2067272663116455,0.371030586244424,0.0
BR.PE,0.19104166328907013,0.0016452049481573826,0.0
BR.PI,0.3582126796245575,0.006054890892918526,0.0
BR.RJ,0.8719342350959778,0.040527432556949926,0.0
BR.RN,0.20168256759643555,0.005017166571138211,0.0
BR.RS,4.006686210632324,0.32881060110953503,0.0
BR.RO,2.9130098819732666,0.1570044131056221,0.0
BR.RR,2.9357635974884033,0.24316883862045263,0.0
BR.SC,2.2067272663116455,0.019341637447666444,0.0
BR.SP,1.828443169593811,0.12240009199711678,0.0
BR.SE,0.03958332911133766,0.0008032330459951331,0.0
BR.TO,1.9394779205322266,0.03615616276975536,0.0
