HASC_1,Max,Mean,Min
BR.AC,4.100607395172119,0.2606843678441232,0.0
BR.AL,1.8205957412719727,0.28211009552481997,0.0
BR.AP,0.07479166239500046,0.00040963082043691125,0.0
BR.AM,3.9220314025878906,0.1837887577851714,0.0
BR.BA,3.2016799449920654,0.41484281917092825,0.0
BR.CE,1.8437213897705078,0.10021694024958162,0.0
BR.DF,1.5926947593688965,0.641665038640623,0.0
BR.ES,1.6974434852600098,0.07936877401211012,0.0
BR.GO,2.9265518188476562,0.26584259908557634,0.0
BR.MA,4.281063556671143,0.15655691510700936,0.0
BR.MT,4.283937931060791,0.2291682485138033,0.0
BR.MS,0.49843618273735046,0.014988606198147954,0.0
BR.MG,3.0957186222076416,0.5180536592915932,0.0
BR.PA,4.0972208976745605,0.10995282989914917,0.0
BR.PB,1.361964225769043,0.08833192455632012,0.0
BR.PR,1.895793080329895,0.09024827936523383,0.0
BR.PE,3.404578447341919,0.4661763176940851,0.0
BR.PI,6.996632099151611,0.49379511103049767,0.0
BR.RJ,1.961222529411316,0.4268651740142593,0.0
BR.RN,1.1714330911636353,0.04570512518951039,0.0
BR.RS,0.7019345760345459,0.0034607533355499828,0.0
BR.RO,2.1295077800750732,0.1325816548651962,0.0
BR.RR,0.5335319638252258,0.0051581809492669585,0.0
BR.SC,0.41876623034477234,0.0003449893673164741,0.0
BR.SP,2.626605749130249,0.24787546843302846,0.0
BR.SE,1.8205957412719727,0.3294526450421226,0.0
BR.TO,2.5626466274261475,0.4655937463763395,0.0
