HASC_1,Max,Mean,Min
BR.AC,0.18508096039295197,0.002204566234102798,0.0
BR.AL,0.057872969657182693,0.0008927804890838917,0.0
BR.AP,1.8321058750152588,0.07919386897842133,0.0
BR.AM,8.021620750427246,0.17349338163620215,0.0
BR.BA,3.85265851020813,0.0876921890497915,0.0
BR.CE,1.2077707052230835,0.021012946490201426,0.0
BR.DF,0.3704785704612732,0.0960892533498677,0.0
BR.ES,0.010015505366027355,9.104718748496209e-06,0.0
BR.GO,4.013673305511475,0.24436100441031022,0.0
BR.MA,7.078231334686279,0.5612900693390401,0.0
BR.MT,6.867283344268799,0.33684328909864925,0.0
BR.MS,8.315171241760254,1.13121873276502,0.0
BR.MG,2.6083505153656006,0.0906638442154897,0.0
BR.PA,8.000880241394043,0.4283039698725559,0.0
BR.PB,1.8157141208648682,0.0029968315280655623,0.0
BR.PR,6.271625995635986,1.0044166995047572,0.0
BR.PE,6.477022647857666,0.19262279935379195,0.0
BR.PI,6.477022647857666,0.28402004490932026,0.0
BR.RJ,0.23974379897117615,0.010814105537607517,0.0
BR.RN,0.4407142996788025,0.003807122165602525,0.0
BR.RS,5.874563694000244,0.13831974179806278,0.0
BR.RO,3.414046049118042,0.11888222691997012,0.0
BR.RR,1.3687764406204224,0.013200152105087216,0.0
BR.SC,6.249022483825684,0.049504039168994464,0.0
BR.SP,6.396846294403076,0.3520761053925397,0.0
BR.SE,0.1919277012348175,0.007203044496089817,0.0
BR.TO,5.579189777374268,0.5254149449324499,0.0
