HASC_1,Max,Mean,Min
BR.AC,4.731663703918457,0.3634073156494424,0.0
BR.AL,6.247013092041016,0.5804050036282095,0.0
BR.AP,4.750154495239258,0.1801796684321875,0.0
BR.AM,8.011259078979492,0.37621499368482825,0.0
BR.BA,2.2651143074035645,0.041859993262378006,0.0
BR.CE,2.3216054439544678,0.06806203174089423,0.0
BR.DF,0.16572125256061554,0.02383918513446765,0.0
BR.ES,1.0875695943832397,0.0013832389739989247,0.0
BR.GO,1.9482803344726562,0.11401866755473221,0.0
BR.MA,2.3224434852600098,0.04914168856162741,0.0
BR.MT,4.861324787139893,0.15251803051295948,0.0
BR.MS,3.1041674613952637,0.16004033090583628,0.0
BR.MG,2.4715819358825684,0.06586974139050353,0.0
BR.PA,4.126501083374023,0.1527788949912147,0.0
BR.PB,3.74539852142334,0.052911112074973135,0.0
BR.PR,1.6122565269470215,0.10992990550767495,0.0
BR.PE,2.8904948234558105,0.20688992539078985,0.0
BR.PI,1.496350884437561,0.0070890696687187565,0.0
BR.RJ,1.0041313171386719,0.06017562744893641,0.0
BR.RN,3.74539852142334,0.11218239838612229,0.0
BR.RS,0.9725144505500793,0.03157234886696357,0.0
BR.RO,5.635395050048828,0.26593542676924004,0.0
BR.RR,4.469497203826904,0.0790082998883777,0.0
BR.SC,3.111050605773926,0.006453905420365352,0.0
BR.SP,4.032511234283447,0.28871125640963785,0.0
BR.SE,6.247013092041016,0.7763185243311954,0.0
BR.TO,1.450854778289795,0.03507365799309508,0.0
