HASC_1,Max,Mean,Min
BR.AC,3.588578939437866,0.19515084998763063,0.0
BR.AL,0.07272164523601532,0.0002902273893253047,0.0
BR.AP,2.444211721420288,0.1851431647767987,0.0
BR.AM,4.331902027130127,0.1902865336686428,0.0
BR.BA,0.18072913587093353,0.002039375507351719,0.0
BR.CE,0.876244306564331,0.024299459989050285,0.0
BR.DF,0.03234042599797249,0.004307825895602356,0.0
BR.ES,0.4699675440788269,0.0021816480676963568,0.0
BR.GO,0.8388232588768005,0.03648913543920415,0.0
BR.MA,0.9134238362312317,0.01407528414938538,0.0
BR.MT,3.460836172103882,0.20754906092382394,0.0
BR.MS,1.031563401222229,0.06413170075917936,0.0
BR.MG,1.0836149454116821,0.04187859806729544,0.0
BR.PA,3.5506629943847656,0.1340110101275836,0.0
BR.PB,0.21512828767299652,0.0010740181736036034,0.0
BR.PR,1.154282569885254,0.011804454321193796,0.0
BR.PE,0.07272164523601532,0.0006778394718850671,0.0
BR.PI,0.33809784054756165,0.003733998073828861,0.0
BR.RJ,0.4105108082294464,0.04709917261584282,0.0
BR.RN,0.8220633864402771,0.01161155509113343,0.0
BR.RS,0.0018703170353546739,1.0310479115444772e-06,0.0
BR.RO,3.6485655307769775,0.37637237608059404,0.0
BR.RR,1.0370179414749146,0.06982712728324172,0.0
BR.SC,0.8057433366775513,0.0006520440183630963,0.0
BR.SP,0.7586392164230347,0.047033044796731364,0.0
BR.SE,0.04112587124109268,0.0004057824159855155,0.0
BR.TO,0.2845117449760437,0.002699388653521804,0.0
