HASC_1,Max,Mean,Min
BR.AC,1.2740166187286377,0.03198968828025211,0.0
BR.AL,0.031071588397026062,0.000413659808149154,0.0
BR.AP,0.312301367521286,0.0012552140201902327,0.0
BR.AM,1.2043695449829102,0.02929814828725645,0.0
BR.BA,5.129428386688232,0.13806697193468043,0.0
BR.CE,0.009166666306555271,4.720106229300223e-05,0.0
BR.DF,0.04140419140458107,0.0034269423106104715,0.0
BR.ES,0.7901131510734558,0.014778251406712167,0.0
BR.GO,2.7246291637420654,0.10593364671088618,0.0
BR.MA,0.8654209971427917,0.011669701799357009,0.0
BR.MT,4.004031658172607,0.12394520829458738,0.0
BR.MS,4.095539569854736,0.28244112392667886,0.0
BR.MG,2.3020784854888916,0.07794999756147954,0.0
BR.PA,1.943494439125061,0.039746924680572594,0.0
BR.PB,0.023893048986792564,4.7914605083187686e-05,0.0
BR.PR,0.03199983388185501,0.00021549888072481052,0.0
BR.PE,0.5179446339607239,0.001411791837211618,0.0
BR.PI,1.3787058591842651,0.030675244035312545,0.0
BR.RJ,0.12093380093574524,0.0020427429203765416,0.0
BR.RN,0.025208331644535065,4.750900526710003e-05,0.0
BR.RS,0.0016666665906086564,2.2687401425757153e-06,0.0
BR.RO,1.3160120248794556,0.04571171372573599,0.0
BR.RR,0.6090101599693298,0.026881844385078898,0.0
BR.SC,0.10227198153734207,6.637586176608585e-05,0.0
BR.SP,1.203778624534607,0.017107214122376778,0.0
BR.SE,0.023541666567325592,0.0001293692644046155,0.0
BR.TO,1.5287772417068481,0.07473096194400677,0.0
