HASC_1,Max,Mean,Min
BR.AC,3.5573017597198486,0.12282328159851477,0.0
BR.AL,0.0470569021999836,0.00037716071393364975,0.0
BR.AP,2.0658187866210938,0.087974097455293,0.0
BR.AM,3.566781759262085,0.20052267753390648,0.0
BR.BA,0.2747260630130768,0.001906345778659955,0.0
BR.CE,0.1355416476726532,0.00028418530094221164,0.0
BR.DF,0.0,0.0,0.0
BR.ES,0.009209414944052696,1.1525488846966036e-05,0.0
BR.GO,0.0,0.0,0.0
BR.MA,0.43201661109924316,0.0014186254470650499,0.0
BR.MT,0.26499998569488525,0.00018462750952623637,0.0
BR.MS,0.8621395230293274,0.009266658919134346,0.0
BR.MG,0.04939286783337593,1.9015632707621562e-05,0.0
BR.PA,1.3810068368911743,0.023322240396841908,0.0
BR.PB,0.052291665226221085,9.135993318012629e-05,0.0
BR.PR,1.447999358177185,0.10710896559542953,0.0
BR.PE,0.0053789434023201466,3.448125553101874e-05,0.0
BR.PI,1.1073331832885742,0.0026801139265056036,0.0
BR.RJ,0.018947670236229897,2.1630751952115034e-05,0.0
BR.RN,0.0572916679084301,0.00015833960311631813,0.0
BR.RS,4.242619037628174,0.42607424554336715,0.0
BR.RO,2.173776149749756,0.06497917583048138,0.0
BR.RR,3.566781759262085,0.08932221235978562,0.0
BR.SC,1.8370290994644165,0.011847959741698517,0.0
BR.SP,0.5209272503852844,0.002223421387354281,0.0
BR.SE,0.0470569021999836,0.0015080738569447647,0.0
BR.TO,0.010833333246409893,1.1991091452539619e-05,0.0
