HASC_1,Max,Mean,Min
BR.AC,0.10303851962089539,0.0005016697853722239,0.0
BR.AL,0.064301036298275,0.0012890596397313512,0.0
BR.AP,1.7549487352371216,0.12229776595251655,0.0
BR.AM,1.1878241300582886,0.023530044976316212,0.0
BR.BA,0.12114369869232178,0.0001617929927434474,0.0
BR.CE,0.4066629707813263,0.005093928121273715,0.0
BR.DF,0.0010876188753172755,3.266387752124241e-05,0.0
BR.ES,0.22807534039020538,0.00013553211856678782,0.0
BR.GO,0.0864962562918663,0.00018126121851781606,0.0
BR.MA,0.3438473641872406,0.0004730893825602606,0.0
BR.MT,0.08754029124975204,0.0001789334872752524,0.0
BR.MS,2.54312801361084,0.08372525653703422,0.0
BR.MG,0.18194778263568878,0.00021429451123231637,0.0
BR.PA,3.658047676086426,0.09467649351777513,0.0
BR.PB,0.12720061838626862,0.0002459626830909538,0.0
BR.PR,1.5202569961547852,0.1487482063441177,0.0
BR.PE,0.13471712172031403,0.0008996752065800925,0.0
BR.PI,0.1155981793999672,0.0002298125586613827,0.0
BR.RJ,0.06667173653841019,0.0008117298829313734,0.0
BR.RN,0.38973820209503174,0.0008295174858482442,0.0
BR.RS,0.30747130513191223,0.0018894858669999315,0.0
BR.RO,0.06920181214809418,0.0002750989637854338,0.0
BR.RR,5.00858736038208,0.21158313770628107,0.0
BR.SC,0.6137081384658813,0.003629104841165051,0.0
BR.SP,2.54312801361084,0.03314493409844267,0.0
BR.SE,0.04998264089226723,0.00038299618617341656,0.0
BR.TO,0.05610258877277374,0.0003766387993056756,0.0
