HASC_1,Max,Mean,Min
BR.AC,1.221713662147522,0.0697804657916105,0.0
BR.AL,0.020057102665305138,0.0005567783083412863,0.0
BR.AP,1.2070802450180054,0.1419815884927582,0.0
BR.AM,5.047759056091309,0.09949904194494696,0.0
BR.BA,0.044322866946458817,4.372923999379095e-05,0.0
BR.CE,0.046566661447286606,8.644529294715972e-05,0.0
BR.DF,0.0,0.0,0.0
BR.ES,0.01908300817012787,7.667503102598874e-06,0.0
BR.GO,0.13288573920726776,0.00017774345139076576,0.0
BR.MA,1.009335994720459,0.014545119904581105,0.0
BR.MT,0.40015020966529846,0.0016041450998939173,0.0
BR.MS,0.569226086139679,0.02342765373628428,0.0
BR.MG,1.519652009010315,0.011338109258684954,0.0
BR.PA,2.84261155128479,0.057850424051285425,0.0
BR.PB,0.011581343598663807,3.483110811183046e-05,0.0
BR.PR,1.4271327257156372,0.026276109642523797,0.0
BR.PE,0.044322866946458817,0.00017579009839243544,0.0
BR.PI,0.9464002251625061,0.000735447071274224,0.0
BR.RJ,0.7986293435096741,0.06438633308177857,0.0
BR.RN,0.14933471381664276,0.00018349263521119977,0.0
BR.RS,0.336041659116745,0.002615039528149691,0.0
BR.RO,0.620841920375824,0.0006618933040097157,0.0
BR.RR,3.3529417514801025,0.21398310840994653,0.0
BR.SC,0.3580036163330078,0.00012496861002424096,0.0
BR.SP,3.165942907333374,0.18709742644555494,0.0
BR.SE,0.030712438747286797,0.0008582874165008216,0.0
BR.TO,0.06744973361492157,4.933102156494742e-05,0.0
