HASC_1,Max,Mean,Min
BR.AC,5.095166206359863,0.3038581653673588,0.0
BR.AL,0.053381290286779404,0.002767428719402409,0.0
BR.AP,0.7623178958892822,0.03828061289642268,0.0
BR.AM,7.277177333831787,0.3324391977808394,0.0
BR.BA,2.790113687515259,0.051594484248167975,0.0
BR.CE,1.1076029539108276,0.016995889758226253,0.0
BR.DF,0.8444387316703796,0.30458763715895737,0.0
BR.ES,2.5115363597869873,0.012212382502262833,0.0
BR.GO,3.192753553390503,0.43934474483839475,0.0
BR.MA,1.7283138036727905,0.08002095623724544,0.0
BR.MT,4.133852005004883,0.2747913724105404,0.0
BR.MS,3.0102455615997314,0.26397834154934546,0.0
BR.MG,2.1501243114471436,0.12046311323168042,0.0
BR.PA,1.851790428161621,0.12680494655997684,0.0
BR.PB,0.06240476667881012,0.0005296234424158699,0.0
BR.PR,0.717564582824707,0.026091784978250602,0.0
BR.PE,0.3912864625453949,0.022178413095286564,0.0
BR.PI,1.4067860841751099,0.07415091045000567,0.0
BR.RJ,0.5813865065574646,0.0036051771976131192,0.0
BR.RN,0.09634262323379517,0.0014774425786943021,0.0
BR.RS,0.025408340618014336,4.359532190188583e-05,0.0
BR.RO,1.7705612182617188,0.101616792132601,0.0
BR.RR,0.5502172112464905,0.005461130959550549,0.0
BR.SC,0.9882509112358093,0.0009835118965731912,0.0
BR.SP,2.062192916870117,0.14226691623066906,0.0
BR.SE,0.11643233895301819,0.00897892596735832,0.0
BR.TO,2.942838668823242,0.233504570926797,0.0
