HASC_1,Max,Mean,Min
BR.AC,2.1135928630828857,0.047434430592203,0.0
BR.AL,0.0775739923119545,0.0016700670136243947,0.0
BR.AP,4.0050950050354,0.31340936744104436,0.0
BR.AM,8.337525367736816,0.22916247348168817,0.0
BR.BA,2.283721685409546,0.06826209350660159,0.0
BR.CE,3.997347593307495,0.23841340807081035,0.0
BR.DF,0.9382405281066895,0.4353124470292748,0.0
BR.ES,0.3333128094673157,0.0030518820380471814,0.0
BR.GO,2.942680597305298,0.30754333062261274,0.0
BR.MA,2.7730343341827393,0.2471942570656514,0.0
BR.MT,4.657992839813232,0.2593329073938971,0.0
BR.MS,3.4244701862335205,0.10990817943005819,0.0
BR.MG,2.054194927215576,0.2258734169612037,0.0
BR.PA,5.417146682739258,0.368831545253415,0.0
BR.PB,2.816965341567993,0.10569377381812868,0.0
BR.PR,1.1130181550979614,0.01252002061641496,0.0
BR.PE,1.4183731079101562,0.04595531506716408,0.0
BR.PI,4.464931011199951,0.23981318520396933,0.0
BR.RJ,1.2953823804855347,0.15212439117539261,0.0
BR.RN,4.358477592468262,0.15133372737570894,0.0
BR.RS,0.17666561901569366,0.0004550755899348343,0.0
BR.RO,3.6573894023895264,0.24064041099721567,0.0
BR.RR,2.4646809101104736,0.05901659909922598,0.0
BR.SC,2.5185487270355225,0.002694662007340559,0.0
BR.SP,3.2964353561401367,0.17866780482216943,0.0
BR.SE,0.03511301800608635,0.00025230971077356906,0.0
BR.TO,3.2287681102752686,0.26493764069277287,0.0
