HASC_1,Max,Mean,Min
BR.AC,5.383117198944092,0.39627954264618154,0.0
BR.AL,0.08976495265960693,0.0011486578635650994,0.0
BR.AP,6.222784042358398,0.4513709671400669,0.0
BR.AM,5.644507884979248,0.2075272774358314,0.0
BR.BA,3.4339981079101562,0.08744498694258689,0.0
BR.CE,0.6530869603157043,0.024316769448912277,0.0
BR.DF,0.5094917416572571,0.21288135318787066,0.0
BR.ES,1.9935822486877441,0.04646133247569397,0.0
BR.GO,4.768907070159912,0.23158643015602656,0.0
BR.MA,2.975236177444458,0.19620693398398958,0.0
BR.MT,6.302206516265869,0.353349285223733,0.0
BR.MS,1.6344598531723022,0.008503049628088212,0.0
BR.MG,4.17714786529541,0.1694311147715918,0.0
BR.PA,6.987848281860352,0.48715211109110695,0.0
BR.PB,0.47883689403533936,0.0013818556864004493,0.0
BR.PR,0.10880555957555771,0.0002986146852541204,0.0
BR.PE,0.47883689403533936,0.020900832875379523,0.0
BR.PI,2.441380739212036,0.09707624724181318,0.0
BR.RJ,1.508070468902588,0.05195616244500343,0.0
BR.RN,0.2590181529521942,0.0017761057872169358,0.0
BR.RS,0.904924213886261,0.0007021588420467373,0.0
BR.RO,3.3953311443328857,0.37092697502566996,0.0
BR.RR,1.4013872146606445,0.10388762191018032,0.0
BR.SC,1.2956370115280151,0.0010415073315492894,0.0
BR.SP,0.6323953866958618,0.004203421672245895,0.0
BR.SE,0.20344434678554535,0.0033441469834467733,0.0
BR.TO,4.768907070159912,0.5717284885632095,0.0
