HASC_1,Max,Mean,Min
BR.AC,0.0501987487077713,0.0002326449913932331,0.0
BR.AL,0.017396030947566032,0.0003202162389018384,0.0
BR.AP,0.5417065024375916,0.03201831722751029,0.0
BR.AM,2.279841661453247,0.0387619813396773,0.0
BR.BA,0.15632884204387665,0.00014506374088319848,0.0
BR.CE,0.03646496310830116,0.00011374805268735225,0.0
BR.DF,0.0,0.0,0.0
BR.ES,0.015539739280939102,1.4637245139453835e-05,0.0
BR.GO,0.04684356972575188,0.00013131786177702316,0.0
BR.MA,0.05150635913014412,0.00016748813498400307,0.0
BR.MT,0.15164968371391296,0.0005844153628818236,0.0
BR.MS,1.5082697868347168,0.0057392004990288814,0.0
BR.MG,0.10710316151380539,0.0003138800994044934,0.0
BR.PA,2.284919261932373,0.05015092936850239,0.0
BR.PB,0.005821708589792252,5.910520741584584e-06,0.0
BR.PR,0.6687436699867249,0.0018039585557542074,0.0
BR.PE,0.012266427278518677,2.4445060356655343e-05,0.0
BR.PI,0.03074496239423752,1.1397691838651158e-05,0.0
BR.RJ,0.05701083317399025,0.0005432674656967046,0.0
BR.RN,0.06738202273845673,9.348092843564135e-05,0.0
BR.RS,0.03237445652484894,6.825719445721427e-06,0.0
BR.RO,0.1185416653752327,0.00023624400984513023,0.0
BR.RR,0.7769660353660583,0.06039924873690108,0.0
BR.SC,1.7608240842819214,0.00134296989841702,0.0
BR.SP,1.5082697868347168,0.010057201960818074,0.0
BR.SE,0.01979166641831398,4.5289854504150984e-05,0.0
BR.TO,0.01858997903764248,6.486215533246917e-05,0.0
