HASC_1,Max,Mean,Min
BR.AC,3.6550633907318115,0.2607565158260305,0.0
BR.AL,0.12909843027591705,0.0017712909842849125,0.0
BR.AP,2.1811585426330566,0.15521361979219894,0.0
BR.AM,7.55945348739624,0.39189970894239745,0.0
BR.BA,3.094970703125,0.052090351254089326,0.0
BR.CE,2.0002620220184326,0.11365338463329303,0.0
BR.DF,0.23781102895736694,0.014174080910025068,0.0
BR.ES,0.2397163361310959,0.0014563564619749182,0.0
BR.GO,2.5157601833343506,0.060942447200228615,0.0
BR.MA,3.3701674938201904,0.12957852764916397,0.0
BR.MT,5.568272113800049,0.21445694045410071,0.0
BR.MS,3.102198362350464,0.04377098816698675,0.0
BR.MG,2.2160885334014893,0.04863294978809199,0.0
BR.PA,2.876371145248413,0.08386843560370578,0.0
BR.PB,2.005735397338867,0.03816731958313524,0.0
BR.PR,4.24668025970459,0.1232704699012699,0.0
BR.PE,1.3203362226486206,0.08130523758496526,0.0
BR.PI,4.591939449310303,0.163331833878107,0.0
BR.RJ,0.2105385810136795,0.00238166977144795,0.0
BR.RN,0.5678730607032776,0.01983236074068995,0.0
BR.RS,0.28385427594184875,0.009514382743233058,0.0
BR.RO,3.011324167251587,0.13451984780596066,0.0
BR.RR,0.842409074306488,0.03548129835972196,0.0
BR.SC,0.7285650372505188,0.0021750075956086384,0.0
BR.SP,2.8991706371307373,0.08960162466401896,0.0
BR.SE,0.14890946447849274,0.0027854157699738497,0.0
BR.TO,3.3701674938201904,0.07944012298240698,0.0
