HASC_1,Max,Mean,Min
BR.AC,0.18803422152996063,0.00353602868876813,0.0
BR.AL,0.12239442020654678,0.0009333749893874574,0.0
BR.AP,0.9749378561973572,0.07981918229111418,0.0
BR.AM,3.9420392513275146,0.06234956005783761,0.0
BR.BA,0.2862628996372223,0.0023185288944701475,0.0
BR.CE,0.1715095490217209,0.006963007328358849,0.0
BR.DF,0.0,0.0,0.0
BR.ES,0.0006174201262183487,1.7873451299663005e-07,0.0
BR.GO,0.0,0.0,0.0
BR.MA,0.6531404256820679,0.011672700449177266,0.0
BR.MT,0.12959212064743042,0.0010472575213884116,0.0
BR.MS,0.003333333181217313,4.435463366413338e-06,0.0
BR.MG,0.0037499999161809683,3.8047888759953004e-07,0.0
BR.PA,1.3560744524002075,0.051578210886866274,0.0
BR.PB,0.027916664257645607,0.00017790898969270716,0.0
BR.PR,0.0,0.0,0.0
BR.PE,0.07383568584918976,0.0002521721076039796,0.0
BR.PI,0.28671833872795105,0.002028200701250079,0.0
BR.RJ,0.012122134678065777,5.166667655834721e-05,0.0
BR.RN,0.1891804337501526,0.0012433331914976982,0.0
BR.RS,0.001725553534924984,3.2193162965018355e-07,0.0
BR.RO,0.024991320446133614,6.41997036151772e-05,0.0
BR.RR,1.8951091766357422,0.1411737498711106,0.0
BR.SC,0.13190877437591553,4.3307386501895075e-05,0.0
BR.SP,0.005084567703306675,1.965946580115963e-06,0.0
BR.SE,0.11721201986074448,0.0038148197821286575,0.0
BR.TO,0.14370034635066986,0.003990942449959643,0.0
