HASC_1,Max,Mean,Min
BR.AC,0.20558445155620575,0.010504964501738958,0.0
BR.AL,0.03588932752609253,0.001637777808685226,0.0
BR.AP,1.4181532859802246,0.1030736632588985,0.0
BR.AM,2.7254092693328857,0.06306588080364538,0.0
BR.BA,0.11504971981048584,0.0002825963973583376,0.0
BR.CE,0.039791665971279144,8.896543697399186e-05,0.0
BR.DF,0.0,0.0,0.0
BR.ES,0.023709939792752266,3.5524292994145446e-05,0.0
BR.GO,0.11226274818181992,0.00010914545298200446,0.0
BR.MA,0.4547179043292999,0.007909986075437393,0.0
BR.MT,0.672403872013092,0.008669609187002653,0.0
BR.MS,0.13108637928962708,0.001291718764693812,0.0
BR.MG,0.016417108476161957,1.4753947593876486e-05,0.0
BR.PA,2.6016135215759277,0.07456018504584612,0.0
BR.PB,0.06731909513473511,0.0005559915752979052,0.0
BR.PR,0.46705958247184753,0.004912979889393917,0.0
BR.PE,0.06949200481176376,0.0007491227911418052,0.0
BR.PI,0.19599641859531403,0.0016260963642249489,0.0
BR.RJ,0.09565997868776321,0.00022769179108932062,0.0
BR.RN,0.0529356449842453,0.00019131426284894456,0.0
BR.RS,4.31637716293335,0.7133844556356432,0.0
BR.RO,0.5812651515007019,0.020901251215853515,0.0
BR.RR,4.004033088684082,0.10425499697868916,0.0
BR.SC,2.3816163539886475,0.0048297315097856645,0.0
BR.SP,0.20999638736248016,0.0004386968656778849,0.0
BR.SE,0.04749999940395355,0.001966287683183341,0.0
BR.TO,0.12376084923744202,0.0019516711997762588,0.0
