HASC_1,Max,Mean,Min
BR.AC,1.7450255155563354,0.06254831501759504,0.0
BR.AL,0.2804971933364868,0.009775747600480736,0.0
BR.AP,2.585894823074341,0.13893980480439636,0.0
BR.AM,4.146625995635986,0.2214329310760139,0.0
BR.BA,2.5158355236053467,0.13762518095554066,0.0
BR.CE,1.6629271507263184,0.27086495971537433,0.0
BR.DF,1.6238733530044556,0.13351179557616594,0.0
BR.ES,2.3100883960723877,0.03129782736435539,0.0
BR.GO,2.8382415771484375,0.07105500544889191,0.0
BR.MA,4.774290561676025,0.45412525213230037,0.0
BR.MT,5.439612865447998,0.053874021266372855,0.0
BR.MS,0.9592587351799011,0.00402269531395402,0.0
BR.MG,2.107154130935669,0.03880262822155165,0.0
BR.PA,4.048297882080078,0.25450539039125053,0.0
BR.PB,1.218397855758667,0.039120295804438564,0.0
BR.PR,0.7703394293785095,0.0027900466228952133,0.0
BR.PE,1.9157308340072632,0.2558314556009357,0.0
BR.PI,6.499875545501709,0.6547497598341854,0.0
BR.RJ,1.546190619468689,0.04993188212825367,0.0
BR.RN,0.6746599078178406,0.024497336785545963,0.0
BR.RS,0.0324740968644619,7.520689527317795e-05,0.0
BR.RO,1.495470404624939,0.054090421481901824,0.0
BR.RR,0.8099520802497864,0.028553018428511944,0.0
BR.SC,2.0497422218322754,0.0009018831567753821,0.0
BR.SP,1.7587614059448242,0.005894882806578314,0.0
BR.SE,0.5093482136726379,0.023028007287716437,0.0
BR.TO,4.048297882080078,0.18242453236232262,0.0
