HASC_1,Max,Mean,Min
BR.AC,0.8506312966346741,0.04376269170169027,0.0
BR.AL,0.016523508355021477,0.0004384217256067888,0.0
BR.AP,2.456955671310425,0.3318623840567348,0.0
BR.AM,7.847610950469971,0.07160925465651913,0.0
BR.BA,0.35539141297340393,0.0004607437361554547,0.0
BR.CE,0.21317856013774872,0.002031600207921336,0.0
BR.DF,0.014999999664723873,0.0005619028244199127,0.0
BR.ES,0.10582668334245682,0.00022624974956461812,0.0
BR.GO,0.8027195930480957,0.04230151661591107,0.0
BR.MA,3.0240345001220703,0.07374513751955034,0.0
BR.MT,2.7615833282470703,0.10162301414988394,0.0
BR.MS,2.270923376083374,0.35107320244804824,0.0
BR.MG,2.7992706298828125,0.08922956092946269,0.0
BR.PA,5.402849197387695,0.17836244835424175,0.0
BR.PB,0.03612097352743149,0.00011511989734911425,0.0
BR.PR,1.225416898727417,0.10692642409924448,0.0
BR.PE,0.12199702113866806,0.00048552729405068026,0.0
BR.PI,0.8933320641517639,0.004018493470405068,0.0
BR.RJ,1.1234362125396729,0.04847007684497334,0.0
BR.RN,0.07578838616609573,0.00029812665723506077,0.0
BR.RS,0.33103013038635254,0.0028983344657565815,0.0
BR.RO,1.5435315370559692,0.026406754883870884,0.0
BR.RR,2.249376058578491,0.08091457746361942,0.0
BR.SC,0.41900718212127686,0.0004475391216768004,0.0
BR.SP,2.1626033782958984,0.21648496280216145,0.0
BR.SE,0.01916666515171528,0.0002880501028323345,0.0
BR.TO,0.9571549296379089,0.006010035658096652,0.0
