HASC_1,Max,Mean,Min
IN.AN,4708174288388096.0,322647504912590.75,0.0
IN.AP,5139269819564032.0,1305304550723662.2,0.0
IN.AR,5482447370190848.0,1493028611878374.2,0.0
IN.AS,6374214651084800.0,230106034456348.44,0.0
IN.BR,1.2845292625854464e+16,3710042867355413.0,0.0
IN.CH,5709312911474688.0,5432875797184512.0,5017197722206208.0
IN.CT,1.7560039287947264e+16,3311206254561612.5,0.0
IN.DN,3880809236791296.0,3517254817808384.0,3174781037838336.0
IN.DD,3797436405383168.0,223378612081362.8,0.0
IN.GA,3418566871220224.0,1706104112912793.5,0.0
IN.GJ,5861869612957696.0,2320130626149646.5,0.0
IN.HR,6289320864382976.0,2658332435154912.5,0.0
IN.HP,8864469438431232.0,2618710841122071.5,0.0
IN.JK,3595058888572928.0,1432621605191680.0,0.0
IN.JH,1.5785118283071488e+16,3466643391070610.5,0.0
IN.KA,5131823956885504.0,2074073438328516.2,0.0
IN.KL,4536892066365440.0,1207965389128990.8,0.0
IN.LD,0.0,0.0,0.0
IN.MP,1.0447119252979712e+16,3238111063229511.0,0.0
IN.MH,7403210432053248.0,2452861271368264.0,0.0
IN.MN,0.0,0.0,0.0
IN.ML,5858363845902336.0,745316561423928.9,0.0
IN.MZ,0.0,0.0,0.0
IN.NL,0.0,0.0,0.0
IN.DL,5757775711830016.0,4739145595821170.0,0.0
IN.OR,1.4085294781366272e+16,2990934605713899.5,0.0
IN.PY,4639590639992832.0,50196858325521.75,0.0
IN.PB,8864469438431232.0,3391823728765813.0,0.0
IN.RJ,6683858707677184.0,2080822481489697.5,0.0
IN.SK,7486081826029568.0,3078122396188672.0,0.0
IN.TN,5284919139893248.0,1919595475542551.2,0.0
IN.TG,5709705364111360.0,2472046487293191.0,0.0
IN.TR,0.0,0.0,0.0
IN.UP,1.6710763192254464e+16,2780167318712834.0,0.0
IN.UT,7039397711052800.0,2954405625363752.0,0.0
IN.WB,1.2405961494888448e+16,2752206528140629.5,0.0
