HASC_1,Max,Mean,Min
IN.AN,3843130562445312.0,365938124786882.56,0.0
IN.AP,8851850287644672.0,383889125208304.94,0.0
IN.AR,5054506492493824.0,794346425208342.5,0.0
IN.AS,5054506492493824.0,462037157261096.44,0.0
IN.BR,8089915036270592.0,3145269345971429.5,0.0
IN.CH,1.0679436181504e+16,7590344573059072.0,3950388512292864.0
IN.CT,1.579241757999104e+16,3016562730598400.0,0.0
IN.DN,0,0,0
IN.DD,3242791844970496.0,190752461468852.72,0.0
IN.GA,2926519848534016.0,1000151366285870.5,0.0
IN.GJ,6160719879864320.0,2033739117154921.2,0.0
IN.HR,8779172461674496.0,2258999749175722.0,0.0
IN.HP,1.1694324068646912e+16,2254535804984050.5,0.0
IN.JK,3852759610687488.0,1498069320863981.0,0.0
IN.JH,8053108240285696.0,1872454292548643.2,0.0
IN.KA,0.0,0.0,0.0
IN.KL,0.0,0.0,0.0
IN.LD,2799601685889024.0,345210767053385.1,0.0
IN.MP,1.4043044114333696e+16,2796050351301207.5,0.0
IN.MH,9372372406632448.0,1162859752918342.2,0.0
IN.MN,4751792902504448.0,1239901557291070.0,0.0
IN.ML,0.0,0.0,0.0
IN.MZ,4112163824205824.0,1926206139805323.8,0.0
IN.NL,5054506492493824.0,1618855625032871.5,0.0
IN.DL,8257632972308480.0,6239810449921365.0,0.0
IN.OR,8444605783605248.0,914797916179804.9,0.0
IN.PY,5292970592960512.0,7152662963460.151,0.0
IN.PB,1.0679436181504e+16,1437656694605265.5,0.0
IN.RJ,6051084397182976.0,654175496631394.1,0.0
IN.SK,3577664002588672.0,2902146882207744.0,0.0
IN.TN,7597730574630912.0,408317911398825.8,0.0
IN.TG,1.0093851750432768e+16,1690850243838576.2,0.0
IN.TR,5799323614838784.0,1130365031244406.2,0.0
IN.UP,1.4043044114333696e+16,3213427636882989.5,0.0
IN.UT,1.1694324068646912e+16,2622953212090696.5,0.0
IN.WB,4177178623213568.0,300143030492013.7,0.0
