HASC_1,Max,Mean,Min
IN.AN,4202871654449152.0,276863214346293.53,0.0
IN.AP,4599948091850752.0,372426270254507.44,0.0
IN.AR,9445274107772928.0,696254050390266.8,0.0
IN.AS,9445274107772928.0,1279331538550611.5,0.0
IN.BR,9453792101662720.0,2634736678656278.5,0.0
IN.CH,0,0,0
IN.CT,1.5850693843746816e+16,3153869330261515.5,0.0
IN.DN,0,0,0
IN.DD,0.0,0.0,0.0
IN.GA,0.0,0.0,0.0
IN.GJ,2.658415105015808e+16,1875293835574853.2,0.0
IN.HR,0.0,0.0,0.0
IN.HP,2756628122173440.0,322440895963029.6,0.0
IN.JK,2596611867803648.0,632183092263918.2,0.0
IN.JH,1.8628909545291776e+16,3521765956327907.0,0.0
IN.KA,0.0,0.0,0.0
IN.KL,0.0,0.0,0.0
IN.LD,2379491875749888.0,104849623847602.34,0.0
IN.MP,1.491381222637568e+16,1083991525939159.9,0.0
IN.MH,0.0,0.0,0.0
IN.MN,3915004424224768.0,1431140526689299.2,0.0
IN.ML,7308843558109184.0,3016331021758779.0,0.0
IN.MZ,4477062098190336.0,2042744046634052.2,0.0
IN.NL,4563903652560896.0,716327284462933.4,0.0
IN.DL,0.0,0.0,0.0
IN.OR,1.457567481987072e+16,2967083870792429.0,0.0
IN.PY,3645160755822592.0,14356488573027.363,0.0
IN.PB,0.0,0.0,0.0
IN.RJ,0.0,0.0,0.0
IN.SK,3177806842298368.0,1914781308107539.8,0.0
IN.TN,0.0,0.0,0.0
IN.TG,2448181556150272.0,16768366822947.068,0.0
IN.TR,9652561040637952.0,3647126525444096.0,0.0
IN.UP,1.5850693843746816e+16,2274212248621551.5,0.0
IN.UT,4858254404354048.0,1341005260346342.2,0.0
IN.WB,1.8628909545291776e+16,3356635353932903.5,0.0
