HASC_1,Max,Mean,Min
IN.AN,0.0,0.0,0.0
IN.AP,5749178261045248.0,605378095122961.2,0.0
IN.AR,0.0,0.0,0.0
IN.AS,0.0,0.0,0.0
IN.BR,1.2467902439489536e+16,2194490978710292.5,0.0
IN.CH,6140530312347648.0,5635522152103936.0,5300504502468608.0
IN.CT,1.7562804173144064e+16,1641570063375707.2,0.0
IN.DN,0,0,0
IN.DD,0.0,0.0,0.0
IN.GA,0.0,0.0,0.0
IN.GJ,0.0,0.0,0.0
IN.HR,7772530911739904.0,2868145419996869.0,0.0
IN.HP,6603513291341824.0,2218351426964648.8,0.0
IN.JK,6340364940083200.0,1788169677761310.2,0.0
IN.JH,1.4841231574040576e+16,3269506425437674.5,0.0
IN.KA,6316504786141184.0,1362799494634609.8,0.0
IN.KL,0.0,0.0,0.0
IN.LD,0.0,0.0,0.0
IN.MP,6517909761294336.0,1652285428594186.0,0.0
IN.MH,7235350225223680.0,2050060941394300.0,0.0
IN.MN,0.0,0.0,0.0
IN.ML,0.0,0.0,0.0
IN.MZ,0.0,0.0,0.0
IN.NL,0.0,0.0,0.0
IN.DL,7772530911739904.0,5881008046880996.0,0.0
IN.OR,1.857983310148403e+16,3006916416465678.0,0.0
IN.PY,3064687872704512.0,11875925363466.35,0.0
IN.PB,6288845733625856.0,2337457094632364.0,0.0
IN.RJ,6179007850610688.0,1618347334089631.5,0.0
IN.SK,0.0,0.0,0.0
IN.TN,2450250119774208.0,175362218593142.44,0.0
IN.TG,7235350225223680.0,2617768348974597.0,0.0
IN.TR,0.0,0.0,0.0
IN.UP,7772530911739904.0,1786413774783518.0,0.0
IN.UT,7290314532323328.0,2156728667632071.0,0.0
IN.WB,1.7854325078360064e+16,2927576124646298.5,0.0
