HASC_1,Max,Mean,Min
IN.AN,3728491442864128.0,161165615022936.3,0.0
IN.AP,5134470193610752.0,341640308901221.8,0.0
IN.AR,6338014519230464.0,1910183116636664.0,0.0
IN.AS,6338014519230464.0,1192855235325217.2,0.0
IN.BR,8812369337647104.0,338798865495573.6,0.0
IN.CH,4379757466615808.0,3917828633657344.0,3245790537449472.0
IN.CT,7062615230513152.0,719796691096917.4,0.0
IN.DN,0,0,0
IN.DD,0.0,0.0,0.0
IN.GA,0.0,0.0,0.0
IN.GJ,3541144432541696.0,165419067499707.84,0.0
IN.HR,9907255822516224.0,2253169413544397.0,0.0
IN.HP,1.110586737819648e+16,2349273055691902.0,0.0
IN.JK,9787640983322624.0,2273467329300772.5,0.0
IN.JH,8812369337647104.0,124139403918161.17,0.0
IN.KA,4110600187674624.0,825598270698718.6,0.0
IN.KL,0.0,0.0,0.0
IN.LD,2551706642546688.0,296510244468588.2,0.0
IN.MP,6010964570800128.0,275189019048863.72,0.0
IN.MH,1.0255552974159872e+16,384057128790978.75,0.0
IN.MN,4542259701743616.0,1899931316204339.2,0.0
IN.ML,5064609329315840.0,2131181494583036.0,0.0
IN.MZ,3873589128331264.0,1018854284278547.8,0.0
IN.NL,4542259701743616.0,1965187995596078.8,0.0
IN.DL,4594141832937472.0,3654639629340217.0,0.0
IN.OR,5994992124297216.0,400622665551594.8,0.0
IN.PY,3357640612642816.0,7819862460601.177,0.0
IN.PB,1.1480486236913664e+16,2842551784809478.0,0.0
IN.RJ,5183236326031360.0,1420033273367128.0,0.0
IN.SK,4576946931367936.0,2473898840529305.5,0.0
IN.TN,4197250079129600.0,278066120170465.6,0.0
IN.TG,5731783106625536.0,1352734441797694.0,0.0
IN.TR,5283671451893760.0,1456348638216192.0,0.0
IN.UP,9907255822516224.0,1190046103018391.0,0.0
IN.UT,7896174430257152.0,2173075360666408.8,0.0
IN.WB,8812369337647104.0,991908977491026.4,0.0
