HASC_1,Max,Mean,Min
IN.AN,0.0,0.0,0.0
IN.AP,4969614853275648.0,838705975791399.9,0.0
IN.AR,6665191706066944.0,757319829383529.4,0.0
IN.AS,7154394386661376.0,586490785552173.1,0.0
IN.BR,8207769475743744.0,2899886662850802.0,0.0
IN.CH,7476766578835456.0,7230375042482176.0,6983983506128896.0
IN.CT,1.490495385632768e+16,2140020007748880.5,0.0
IN.DN,3781382891372544.0,3536569934457514.5,3414163456000000.0
IN.DD,3647525135319040.0,392316032851057.75,0.0
IN.GA,4361150594547712.0,2227860162582937.5,0.0
IN.GJ,7962185393242112.0,2024275037133377.8,0.0
IN.HR,8388626790481920.0,2820843458446572.5,0.0
IN.HP,8275373871595520.0,2478191047063137.0,0.0
IN.JK,6831854690762752.0,2333870074019487.0,0.0
IN.JH,1.1401255901462528e+16,3235646132214333.0,0.0
IN.KA,5553460359462912.0,1590249136025014.8,0.0
IN.KL,3253340553084928.0,407368147984496.25,0.0
IN.LD,0.0,0.0,0.0
IN.MP,1.500542387879936e+16,2832042875804514.0,0.0
IN.MH,5553460359462912.0,1703291271513393.0,0.0
IN.MN,3553448976973824.0,247445518488497.22,0.0
IN.ML,0.0,0.0,0.0
IN.MZ,0.0,0.0,0.0
IN.NL,4597954153283584.0,939151205597184.0,0.0
IN.DL,7288152016289792.0,5783528395389156.0,0.0
IN.OR,1.963597629698867e+16,2280902895562167.0,0.0
IN.PY,3912195784048640.0,21915547966695.227,0.0
IN.PB,8188188719841280.0,4104681900619652.5,0.0
IN.RJ,8283995481571328.0,2675354138739980.0,0.0
IN.SK,0.0,0.0,0.0
IN.TN,4810478798766080.0,1420498489560186.2,0.0
IN.TG,5586814001741824.0,1872773457778242.8,0.0
IN.TR,0.0,0.0,0.0
IN.UP,1.500542387879936e+16,2703276905396501.0,0.0
IN.UT,8424366287093760.0,2840931876105600.5,0.0
IN.WB,1.2104654506688512e+16,1967738430701365.8,0.0
