HASC_1,Max,Mean,Min
IN.AN,4134843399012352.0,362386860676820.0,0.0
IN.AP,7281594138099712.0,862593187879389.5,0.0
IN.AR,3828395603394560.0,1427443464972970.8,0.0
IN.AS,3726529716551680.0,1104557065109504.0,0.0
IN.BR,0.0,0.0,0.0
IN.CH,1.066672844701696e+16,9881108866924544.0,9271908826611712.0
IN.CT,3049882046693376.0,13615544851309.715,0.0
IN.DN,3907485010231296.0,3596875257085952.0,3462432177520640.0
IN.DD,3907485010231296.0,387277066862592.0,0.0
IN.GA,3360073980051456.0,1969911231623987.2,0.0
IN.GJ,7850801858871296.0,3112524712549770.0,0.0
IN.HR,1.2208442391396352e+16,3405404091264301.0,0.0
IN.HP,9534510643281920.0,1527788116187964.0,0.0
IN.JK,8393165497171968.0,1674762189759094.2,0.0
IN.JH,0.0,0.0,0.0
IN.KA,5887113820110848.0,1794472854953027.5,0.0
IN.KL,7461691780497408.0,1041540494754717.6,0.0
IN.LD,3275063960797184.0,123355566583435.64,0.0
IN.MP,8595711859884032.0,2088340269362004.2,0.0
IN.MH,1.0275509539700736e+16,1979843426340722.8,0.0
IN.MN,3261497232850944.0,1654107463425137.8,0.0
IN.ML,3726529716551680.0,2042600887338220.2,0.0
IN.MZ,3273931431608320.0,2055281889439471.0,0.0
IN.NL,3350582370762752.0,1602110805362460.5,0.0
IN.DL,1.0709628727853056e+16,7326464257964260.0,0.0
IN.OR,0.0,0.0,0.0
IN.PY,4574796763365376.0,31135926824033.33,0.0
IN.PB,1.7942869050392576e+16,5762281024513987.0,0.0
IN.RJ,1.0845622424829952e+16,2230704917488305.0,0.0
IN.SK,0.0,0.0,0.0
IN.TN,7365588666023936.0,1053160045750700.6,0.0
IN.TG,1.0233509054513152e+16,2148698289091758.5,0.0
IN.TR,3573708337709056.0,1846829517198677.2,0.0
IN.UP,1.1881561020432384e+16,491238650977899.94,0.0
IN.UT,0.0,0.0,0.0
IN.WB,3751554611937280.0,106189329621527.92,0.0
