HASC_1,Max,Mean,Min
IN.AN,0.0,0.0,0.0
IN.AP,8697560566857728.0,1078397120101977.1,0.0
IN.AR,5211484862808064.0,1293625972640036.5,0.0
IN.AS,4484137519939584.0,120035311520851.44,0.0
IN.BR,8788527974187008.0,1037593104856455.0,0.0
IN.CH,0,0,0
IN.CT,1.6790097680662528e+16,2442893275713221.0,0.0
IN.DN,2632549738217472.0,2324759586362709.5,2050842320437248.0
IN.DD,2050842320437248.0,120637783555132.23,0.0
IN.GA,2162728097546240.0,1284253820964044.8,0.0
IN.GJ,6034344762146816.0,1480942993991959.0,0.0
IN.HR,0.0,0.0,0.0
IN.HP,2257128257486848.0,676841460519634.9,0.0
IN.JK,2577702200541184.0,524373614641648.5,0.0
IN.JH,1.2879685650219008e+16,1756885364924908.5,0.0
IN.KA,5771174936051712.0,1781068067577055.2,0.0
IN.KL,4351087486173184.0,1054976636020922.1,0.0
IN.LD,0.0,0.0,0.0
IN.MP,2.5777809595039744e+16,2379076447979941.0,0.0
IN.MH,1.2673185770110976e+16,1816886495564819.8,0.0
IN.MN,0.0,0.0,0.0
IN.ML,0.0,0.0,0.0
IN.MZ,0.0,0.0,0.0
IN.NL,0.0,0.0,0.0
IN.DL,0.0,0.0,0.0
IN.OR,2.796492075879629e+16,2858522014182109.0,0.0
IN.PY,3720205645643776.0,43718268631908.35,0.0
IN.PB,0.0,0.0,0.0
IN.RJ,6369109008711680.0,1180325202034490.0,0.0
IN.SK,0.0,0.0,0.0
IN.TN,8043104724582400.0,1737503115903456.8,0.0
IN.TG,1.0270305113079808e+16,2565497280796696.0,0.0
IN.TR,0.0,0.0,0.0
IN.UP,2.5777809595039744e+16,2214945587142185.8,0.0
IN.UT,1.7944245587410944e+16,2069588693423203.8,0.0
IN.WB,0.0,0.0,0.0
