HASC_1,Max,Mean,Min
IN.AN,0.0,0.0,0.0
IN.AP,6089062645497856.0,650106659718227.4,0.0
IN.AR,2386486229991424.0,115330840037223.67,0.0
IN.AS,0.0,0.0,0.0
IN.BR,1.4686371159474176e+16,3207363767985345.5,0.0
IN.CH,6650585596035072.0,6047908268867584.0,5305295001616384.0
IN.CT,2.696263645318349e+16,3161431179355862.5,0.0
IN.DN,0,0,0
IN.DD,0.0,0.0,0.0
IN.GA,0.0,0.0,0.0
IN.GJ,5545322470178816.0,1135537415682308.8,0.0
IN.HR,8547352675614720.0,2758409993991230.5,0.0
IN.HP,1.20527251308544e+16,2985308320890496.5,0.0
IN.JK,8433007761293312.0,1287443137038169.5,0.0
IN.JH,2.1575504070967296e+16,3960703724682737.5,0.0
IN.KA,4855934048272384.0,1268526115275403.2,0.0
IN.KL,3516831159549952.0,28134649276399.617,0.0
IN.LD,0.0,0.0,0.0
IN.MP,1.6854594130804736e+16,2844922751687794.0,0.0
IN.MH,1.2366900914814976e+16,2404708799689774.5,0.0
IN.MN,0.0,0.0,0.0
IN.ML,0.0,0.0,0.0
IN.MZ,0.0,0.0,0.0
IN.NL,0.0,0.0,0.0
IN.DL,7401252463837184.0,5880852712230457.0,0.0
IN.OR,2.7256757961097216e+16,3578804285827931.0,0.0
IN.PY,4127633759535104.0,19152952520081.055,0.0
IN.PB,1.0669111080124416e+16,3604866251023160.0,0.0
IN.RJ,8005168889069568.0,2043900761397802.5,0.0
IN.SK,0.0,0.0,0.0
IN.TN,3516831159549952.0,516734947761710.94,0.0
IN.TG,1.0960524611158016e+16,2782091143841718.0,0.0
IN.TR,0.0,0.0,0.0
IN.UP,1.850617870732493e+16,2819859187460172.0,0.0
IN.UT,8591425482522624.0,2643036812805552.5,0.0
IN.WB,2.1575504070967296e+16,982346011420969.8,0.0
