HASC_1,Max,Mean,Min
IN.AN,2950959286190080.0,37866913001278.37,0.0
IN.AP,1078629027020800.0,3468862013796.7705,0.0
IN.AR,5814729662529536.0,1683523071996923.8,0.0
IN.AS,6210556532883456.0,1460699885428047.0,0.0
IN.BR,6732579206070272.0,2397131691628527.5,0.0
IN.CH,0,0,0
IN.CT,0.0,0.0,0.0
IN.DN,6399092175405056.0,6181718332888405.0,6059536892821504.0
IN.DD,6399092175405056.0,554103856838883.56,0.0
IN.GA,1621017562710016.0,202627195338752.0,0.0
IN.GJ,8570141772087296.0,2936733458445214.0,0.0
IN.HR,0.0,0.0,0.0
IN.HP,0.0,0.0,0.0
IN.JK,0.0,0.0,0.0
IN.JH,1.2436833719812096e+16,2667329808878429.5,0.0
IN.KA,5047649577205760.0,611348036169829.4,0.0
IN.KL,7472734678286336.0,578008028763766.6,0.0
IN.LD,3106718422663168.0,332270136640332.56,0.0
IN.MP,5515824634789888.0,156920787750863.8,0.0
IN.MH,9971997085794304.0,969500148902917.8,0.0
IN.MN,5991771435696128.0,2719901114899570.0,0.0
IN.ML,5940170624860160.0,2626961242405651.5,0.0
IN.MZ,5258817013022720.0,2977883259526622.0,0.0
IN.NL,7502157888618496.0,1874346561256975.5,0.0
IN.DL,0.0,0.0,0.0
IN.OR,7822095908077568.0,776114802867246.8,0.0
IN.PY,0.0,0.0,0.0
IN.PB,0.0,0.0,0.0
IN.RJ,6298312915288064.0,1242653212967590.0,0.0
IN.SK,5229394876432384.0,3100160249194086.5,0.0
IN.TN,7472734678286336.0,789017162824894.9,0.0
IN.TG,0.0,0.0,0.0
IN.TR,7878222540701696.0,3166760712099157.5,0.0
IN.UP,0.0,0.0,0.0
IN.UT,0.0,0.0,0.0
IN.WB,1.2436833719812096e+16,2429383807249960.5,0.0
