HASC_1,Max,Mean,Min
IN.AN,5054903776968704.0,356369906237121.9,0.0
IN.AP,9778201718947840.0,1105478846489090.5,0.0
IN.AR,4361231662055424.0,144747858143914.66,0.0
IN.AS,4361231662055424.0,94143873674505.48,0.0
IN.BR,7303190844276736.0,2134595451256964.8,0.0
IN.CH,9479865774374912.0,8653327503982592.0,7951568234086400.0
IN.CT,8024727633264640.0,1494017653823358.5,0.0
IN.DN,4315352821399552.0,3934001668554752.0,3526743138762752.0
IN.DD,4010806085681152.0,235929769745950.12,0.0
IN.GA,4254746537885696.0,1348774862234344.8,0.0
IN.GJ,7148478606082048.0,2153807752528274.0,0.0
IN.HR,9000576415170560.0,3421093204021941.0,0.0
IN.HP,9528552449900544.0,3568910838590543.0,0.0
IN.JK,9037015991451648.0,2695647016287156.5,0.0
IN.JH,1.5478392119885824e+16,2670958397885926.5,0.0
IN.KA,4793908278067200.0,1022395792697924.6,0.0
IN.KL,5605938954240000.0,1066950375716744.8,0.0
IN.LD,0.0,0.0,0.0
IN.MP,6685757083222016.0,2619654616951046.0,0.0
IN.MH,6606101546008576.0,1645290386977885.0,0.0
IN.MN,0.0,0.0,0.0
IN.ML,3238823026753536.0,255585193023242.25,0.0
IN.MZ,0.0,0.0,0.0
IN.NL,0.0,0.0,0.0
IN.DL,7871279189196800.0,6553741778660011.0,0.0
IN.OR,7492242956615680.0,1663510768484070.2,0.0
IN.PY,5637201484316672.0,69321456846809.77,0.0
IN.PB,1.0074423465869312e+16,4471345991797925.5,0.0
IN.RJ,8704135624916992.0,1990158333214908.5,0.0
IN.SK,5143652296818688.0,3008561307189248.0,0.0
IN.TN,7033722448642048.0,2113435300939781.2,0.0
IN.TG,6791697283416064.0,1544726124602593.8,0.0
IN.TR,0.0,0.0,0.0
IN.UP,8138373541658624.0,2749174315331404.0,0.0
IN.UT,7661333671575552.0,3269371124811912.5,0.0
IN.WB,1.5478392119885824e+16,2224747094230084.2,0.0
