HASC_1,Max,Mean,Min
AL.BE,6341297484857344.0,2551377473568768.0,0.0
AL.DB,1.1535105336016896e+16,5901567525912576.0,0.0
AL.DU,1.1535105336016896e+16,6479287625798997.0,0.0
AL.EB,7375429509840896.0,2710667824778445.0,0.0
AL.FI,7635481189679104.0,4758470200918016.0,0.0
AL.GK,4311969729347584.0,2398804431077376.0,0.0
AL.KE,4046624233881600.0,1753038663240908.8,0.0
AL.KK,1.0711733261828096e+16,6030458487832576.0,0.0
AL.LZ,1.406881499185152e+16,6769197775113421.0,0.0
AL.SD,1.406881499185152e+16,8168577462960128.0,0.0
AL.TI,1.1535105336016896e+16,4963245193079467.0,0.0
AL.VR,5276269612630016.0,2039560826477609.0,0.0
