HASC_1,Max,Mean,Min
ZA.EC,1.6782453712617472e+16,1553913257421663.0,0.0
ZA.FS,1.2768233396371456e+16,2245790507549887.2,0.0
ZA.GT,1.2768233396371456e+16,2987375509518563.5,0.0
ZA.NL,1.7364116838547456e+16,1797696776854968.8,0.0
ZA.NP,3824503289282560.0,576816157859432.6,0.0
ZA.MP,1.2768233396371456e+16,1284154991987697.2,0.0
ZA.NW,8745190143557632.0,846904096012963.0,0.0
ZA.NC,3578261003042816.0,459957526723878.5,0.0
ZA.WC,2801213372366848.0,256128084945324.66,0.0
