HASC_1,Max,Mean,Min
ZA.EC,4319018575986688.0,632679681254407.9,0.0
ZA.FS,5360569083232256.0,520662005175076.4,0.0
ZA.GT,1.4810200435326976e+16,3561631392989184.0,0.0
ZA.NL,4474803213828096.0,799492469769763.1,0.0
ZA.NP,1.4973208402853888e+16,1834413232861960.2,0.0
ZA.MP,1.970980678480691e+16,3801252834471457.0,0.0
ZA.NW,9062026659758080.0,392189284614379.75,0.0
ZA.NC,2044933519179776.0,122469544033476.75,0.0
ZA.WC,6130338354954240.0,412726183268301.44,0.0
