HASC_1,Max,Mean,Min
ZA.EC,2157117259644928.0,447839688835340.56,0.0
ZA.FS,1.0724918811426816e+16,965918801337554.2,0.0
ZA.GT,1.165379246227456e+16,2790500268184497.0,0.0
ZA.NL,4683421854990336.0,638749284029009.0,0.0
ZA.NP,2218046202576896.0,524411060879360.0,0.0
ZA.MP,1.165379246227456e+16,1774335814555621.8,0.0
ZA.NW,1785500985720832.0,95578538919793.11,0.0
ZA.NC,3030024265400320.0,217776855666825.1,0.0
ZA.WC,1970342285279232.0,151968287235185.78,0.0
