HASC_1,Max,Mean,Min
ZA.EC,3116110979268608.0,120565765891285.16,0.0
ZA.FS,3644568050335744.0,23666026300881.453,0.0
ZA.GT,3179194653605888.0,574215788720583.1,0.0
ZA.NL,2.33782586114048e+16,4072874016473554.0,0.0
ZA.NP,5198375548878848.0,951581459023516.8,0.0
ZA.MP,1.809009086562304e+16,1237603721843748.5,0.0
ZA.NW,3047543973871616.0,66640698268297.37,0.0
ZA.NC,2704858733871104.0,227291843072440.56,0.0
ZA.WC,5235699888422912.0,346263000835942.25,0.0
