HASC_1,Max,Mean,Min
IN.AN,303.0455627441406,302.47253036499023,302.1315002441406
IN.AP,307.28448486328125,304.7177136564908,301.7421569824219
IN.AR,298.12237548828125,288.49396887490917,273.9584655761719
IN.AS,300.39190673828125,296.51847353848547,290.24346923828125
IN.BR,306.3437194824219,303.6108391803244,282.9374694824219
IN.CH,300.6181335449219,300.6181335449219,300.6181335449219
IN.CT,308.4198913574219,305.5228566654393,302.3105163574219
IN.DN,306.08526611328125,304.39710998535156,302.7089538574219
IN.DD,302.7089538574219,302.16241455078125,301.6158752441406
IN.GA,303.1373596191406,302.88946533203125,302.78448486328125
IN.GJ,308.4667663574219,305.3055432128906,300.3534851074219
IN.HR,304.95245361328125,302.3809073311942,299.8183288574219
IN.HP,301.4823913574219,284.512264251709,262.6695251464844
IN.JK,296.93389892578125,273.87478185583046,259.0181579589844
IN.JH,305.64385986328125,304.2084227062407,302.3105163574219
IN.KA,308.1607971191406,303.8699383857923,301.0260314941406
IN.KL,304.29620361328125,303.0414147949219,301.1334533691406
IN.LD,303.2408752441406,303.0706848144531,302.84112548828125
IN.MP,309.1490783691406,306.3105924129486,304.01300048828125
IN.MH,309.2304382324219,306.50678340724255,301.0260314941406
IN.MN,300.4696960449219,296.0094380696615,290.6728210449219
IN.ML,301.06573486328125,297.65743255615234,291.5729064941406
IN.MZ,300.8905944824219,298.56685638427734,295.56475830078125
IN.NL,296.9862976074219,293.79505920410156,289.5087585449219
IN.DL,303.41143798828125,303.09503173828125,302.7955627441406
IN.OR,307.1777038574219,304.6689457612879,301.7245788574219
IN.PY,304.9869689941406,304.1235707600911,303.06182861328125
IN.PB,302.29425048828125,299.1238697193287,291.2711486816406
IN.RJ,307.9316101074219,303.8702743992661,298.1991882324219
IN.SK,294.55596923828125,283.27021408081055,272.0741271972656
IN.TN,306.7030944824219,304.09590885556975,301.1334533691406
IN.TG,309.0722351074219,307.0389735445063,305.2695007324219
IN.TR,301.59112548828125,300.33995666503904,298.9693908691406
IN.UP,307.1249694824219,305.03510276869974,301.2525939941406
IN.UT,303.10675048828125,291.6778891427176,265.2112121582031
IN.WB,306.10675048828125,302.6240796855852,291.86651611328125
