HASC_1,Max,Mean,Min
IN.AN,301.3684387207031,300.8269844055176,300.2236022949219
IN.AP,301.0670166015625,297.5744173232823,294.3453369140625
IN.AR,298.1408996582031,287.9362899425418,271.0239562988281
IN.AS,298.1408996582031,295.2220847389915,289.6265869140625
IN.BR,294.8027038574219,292.48724763289744,279.6192626953125
IN.CH,294.9019775390625,294.9019775390625,294.9019775390625
IN.CT,298.9182434082031,294.5864913189997,292.3629150390625
IN.DN,300.8114929199219,298.9351806640625,297.0588684082031
IN.DD,300.8515319824219,300.8315124511719,300.8114929199219
IN.GA,301.4035949707031,300.8006591796875,299.9091491699219
IN.GJ,301.2408447265625,297.6131046549479,294.9478759765625
IN.HR,296.9914855957031,295.6143232073103,293.7574462890625
IN.HP,295.3349304199219,282.24885082244873,262.4276123046875
IN.JK,295.0702819824219,273.5990863376194,255.7507781982422
IN.JH,296.4250793457031,294.08674185616627,292.3785400390625
IN.KA,301.5051574707031,296.5030290652544,292.6496887207031
IN.KL,301.7492980957031,299.9747106933594,296.7255554199219
IN.LD,301.7167663574219,301.5371368408203,301.3446960449219
IN.MP,297.1959228515625,294.4461135864258,292.0289306640625
IN.MH,301.4035949707031,295.37288002889665,292.6496887207031
IN.MN,297.6028137207031,294.3459025065104,291.4527587890625
IN.ML,297.6096496582031,294.9424877166748,289.6265869140625
IN.MZ,298.8430480957031,295.8065586090088,292.3101806640625
IN.NL,296.9882507324219,294.13109915597096,290.8521728515625
IN.DL,295.9888916015625,295.4291076660156,294.8612976074219
IN.OR,300.9215087890625,296.8132292803596,293.5133056640625
IN.PY,301.3170166015625,300.2716013590495,299.6386413574219
IN.PB,297.1353759765625,295.60436559606484,290.2486572265625
IN.RJ,297.1959228515625,295.7760088371508,293.4397277832031
IN.SK,291.6318054199219,280.1330375671387,266.2751159667969
IN.TN,302.0527038574219,299.38107247188174,296.2349853515625
IN.TG,299.0214538574219,294.5435557263963,292.4635009765625
IN.TR,300.1298522949219,298.0256072998047,296.9045715332031
IN.UP,297.1812744140625,294.61032769231514,291.8808288574219
IN.UT,294.5396728515625,286.92433166503906,263.9667053222656
IN.WB,300.8573913574219,294.75200338924634,290.2867431640625
