HASC_1,Max,Mean,Min
IN.AN,301.7822570800781,301.3133354187012,300.68719482421875
IN.AP,302.1858825683594,298.7603646892391,295.0039367675781
IN.AR,301.5752258300781,292.2201034191043,276.43621826171875
IN.AS,301.7588195800781,299.7849093350497,294.7259216308594
IN.BR,301.7744445800781,300.4069286844005,285.6360778808594
IN.CH,300.02020263671875,300.02020263671875,300.02020263671875
IN.CT,300.0439758300781,298.50918378986296,296.6263122558594
IN.DN,302.52899169921875,301.79168701171875,301.05438232421875
IN.DD,302.52899169921875,302.28517150878906,302.0413513183594
IN.GA,301.34149169921875,300.6521987915039,300.06610107421875
IN.GJ,303.4267883300781,300.76853434244794,297.9638977050781
IN.HR,302.42742919921875,300.58222525460377,299.44110107421875
IN.HP,300.0286560058594,287.4627504348755,267.747802734375
IN.JK,298.67742919921875,278.2884691026476,260.84649658203125
IN.JH,301.6611633300781,299.3360682896205,296.8105773925781
IN.KA,301.3310852050781,297.00752806052185,294.07781982421875
IN.KL,301.46453857421875,299.4738757324219,295.19598388671875
IN.LD,301.6474914550781,301.30613708496094,301.1233825683594
IN.MP,302.80828857421875,299.0622253417969,296.6263122558594
IN.MH,302.52899169921875,298.5810049088275,296.1399841308594
IN.MN,301.23016357421875,298.1685099283854,295.63348388671875
IN.ML,302.5823669433594,300.52593994140625,295.7112731933594
IN.MZ,301.96258544921875,299.1258125305176,296.06317138671875
IN.NL,300.82977294921875,298.03147670200894,295.3265075683594
IN.DL,300.7373352050781,300.53062947591144,300.3838195800781
IN.OR,301.7002258300781,298.9950233908261,295.9759216308594
IN.PY,301.7581481933594,300.75360107421875,300.00750732421875
IN.PB,301.80242919921875,299.98809701425057,295.03387451171875
IN.RJ,303.2093200683594,300.60349158084756,297.1702575683594
IN.SK,296.01629638671875,286.45475006103516,275.1521911621094
IN.TN,302.6181945800781,298.91209727320177,294.69403076171875
IN.TG,299.8304138183594,298.63221513464094,297.47430419921875
IN.TR,302.23602294921875,301.34441833496095,299.74578857421875
IN.UP,303.5088195800781,301.1258079604347,297.43035888671875
IN.UT,302.75360107421875,293.3530284336635,270.0613708496094
IN.WB,302.7803039550781,300.8873853496477,294.56707763671875
