HASC_1,Max,Mean,Min
IN.AN,302.2418518066406,301.47770436604816,299.80303955078125
IN.AP,304.8310241699219,302.455890812286,298.35577392578125
IN.AR,297.3707580566406,286.6523579442224,269.8559265136719
IN.AS,299.4892272949219,295.2708872014826,288.98663330078125
IN.BR,300.9423522949219,298.70319664996606,280.6529846191406
IN.CH,296.2936096191406,296.2936096191406,296.2936096191406
IN.CT,303.6044616699219,299.34534491867316,295.42803955078125
IN.DN,304.1813049316406,302.24639892578125,300.3114929199219
IN.DD,300.3114929199219,300.20440673828125,300.0973205566406
IN.GA,301.64483642578125,301.20440673828125,300.9423522949219
IN.GJ,305.27178955078125,302.15546956380206,297.4736022949219
IN.HR,299.7997741699219,297.12848009381975,295.8847351074219
IN.HP,296.38702392578125,282.01862049102783,261.5000305175781
IN.JK,293.6464538574219,271.9969047263817,256.6243591308594
IN.JH,299.13507080078125,297.8520231701079,295.2877502441406
IN.KA,305.0875549316406,302.8910467685797,300.0536804199219
IN.KL,303.54327392578125,302.0957983398437,299.5680236816406
IN.LD,301.82061767578125,301.70147399902345,301.52764892578125
IN.MP,305.1441955566406,301.2870228290558,296.5195007324219
IN.MH,305.1441955566406,303.17041390841126,299.9169616699219
IN.MN,296.9264221191406,293.6770426432292,289.0761413574219
IN.ML,299.4892272949219,296.32948875427246,289.5553283691406
IN.MZ,298.5068054199219,295.7516288757324,292.5221252441406
IN.NL,296.3258361816406,292.61404854910717,288.4999694824219
IN.DL,297.8199768066406,297.3116149902344,297.0009460449219
IN.OR,303.27960205078125,299.59639470717485,296.9537658691406
IN.PY,302.93975830078125,302.524169921875,302.1200866699219
IN.PB,296.38702392578125,295.05291748046875,288.1796569824219
IN.RJ,305.27178955078125,300.0296658602628,295.3268127441406
IN.SK,292.18585205078125,280.8181266784668,267.8655700683594
IN.TN,304.96319580078125,302.6075228987069,299.5680236816406
IN.TG,305.0875549316406,303.780765614611,302.5309143066406
IN.TR,299.25421142578125,298.0148529052734,296.3922424316406
IN.UP,301.8271179199219,299.17754643506345,296.0849304199219
IN.UT,298.2001647949219,288.4307654244559,263.4498291015625
IN.WB,299.9364929199219,298.2278370576746,290.16729736328125
