HASC_1,Max,Mean,Min
IN.AN,302.5303649902344,301.6264305114746,300.8643493652344
IN.AP,307.8982238769531,304.69578322319137,301.36370849609375
IN.AR,300.1365051269531,289.8633451240007,275.3044738769531
IN.AS,302.0205993652344,298.7101156061346,292.36761474609375
IN.BR,307.3865051269531,305.17869169815725,284.78851318359375
IN.CH,303.35198974609375,303.35198974609375,303.35198974609375
IN.CT,309.3330993652344,306.109109847272,302.89886474609375
IN.DN,306.50433349609375,304.83538818359375,303.16644287109375
IN.DD,303.16644287109375,302.70909118652344,302.2517395019531
IN.GA,303.8240051269531,303.4356460571289,303.21722412109375
IN.GJ,309.3728332519531,305.97397705078123,301.27972412109375
IN.HR,308.0694274902344,305.89037649972096,302.3200988769531
IN.HP,304.09417724609375,288.26048469543457,267.0448303222656
IN.JK,300.4170837402344,278.69053932472514,263.87225341796875
IN.JH,306.71722412109375,304.96624828520277,302.89886474609375
IN.KA,307.7986145019531,304.05963056515424,299.7413024902344
IN.KL,303.87738037109375,302.27842041015623,298.7510681152344
IN.LD,303.80120849609375,303.41969909667966,302.25823974609375
IN.MP,310.67669677734375,308.02934169769287,303.8708801269531
IN.MH,310.4053649902344,306.9390546454758,302.7107238769531
IN.MN,303.7947082519531,299.13465372721356,293.95452880859375
IN.ML,302.0381774902344,299.7996025085449,294.24359130859375
IN.MZ,301.9620056152344,300.06512451171875,297.84808349609375
IN.NL,299.6833801269531,296.76772853306363,292.7185363769531
IN.DL,307.38128662109375,307.08180745442706,306.91253662109375
IN.OR,308.1482238769531,305.0187427296358,301.36370849609375
IN.PY,305.53363037109375,304.5151824951172,303.46722412109375
IN.PB,305.92620849609375,302.8712327745226,294.0017395019531
IN.RJ,310.4281005859375,307.6201893199574,303.78948974609375
IN.SK,295.8584899902344,285.2178382873535,274.68060302734375
IN.TN,306.1924743652344,303.26871148471173,298.7510681152344
IN.TG,309.17620849609375,307.32695818961935,305.18402099609375
IN.TR,302.57464599609375,301.6097351074219,300.67620849609375
IN.UP,309.0954895019531,306.6970368942412,302.2888488769531
IN.UT,306.1365051269531,294.491334097726,269.2076110839844
IN.WB,305.7165832519531,303.2892982632506,293.24554443359375
