HASC_1,Max,Mean,Min
IN.AN,302.2321472167969,301.5280024210612,300.6605529785156
IN.AP,301.28424072265625,299.0891159266642,295.03228759765625
IN.AR,295.23052978515625,284.1972407851108,268.115478515625
IN.AS,297.0661315917969,293.02348396994853,286.2341003417969
IN.BR,299.3112487792969,296.7573341701342,276.6154479980469
IN.CH,295.7875061035156,295.7875061035156,295.7875061035156
IN.CT,301.88970947265625,298.8523274406058,295.8500061035156
IN.DN,302.99224853515625,301.50608825683594,300.0199279785156
IN.DD,300.3851623535156,300.2025451660156,300.0199279785156
IN.GA,301.9235534667969,301.64068603515625,301.3656311035156
IN.GJ,303.39068603515625,300.8528361002604,297.84283447265625
IN.HR,298.70513916015625,297.1466522216797,294.88385009765625
IN.HP,295.7875061035156,280.5751986503601,255.23460388183594
IN.JK,294.71295166015625,268.91131761338977,251.9738311767578
IN.JH,299.42681884765625,297.7011958530971,295.8298034667969
IN.KA,302.6169128417969,299.276132045648,294.6540222167969
IN.KL,302.4183654785156,300.70995727539065,295.8952331542969
IN.LD,302.0960998535156,301.84388122558596,301.55377197265625
IN.MP,302.6752014160156,299.33317852020264,297.37017822265625
IN.MH,303.39068603515625,300.7472724289191,297.9772644042969
IN.MN,296.88092041015625,292.3894287109375,286.7126159667969
IN.ML,297.44635009765625,294.17279052734375,286.53033447265625
IN.MZ,297.3122253417969,294.85205078125,291.3483581542969
IN.NL,293.51959228515625,290.3704572405134,285.72955322265625
IN.DL,297.8376159667969,297.55214436848956,297.2259826660156
IN.OR,301.2018737792969,299.0991736019359,296.90826416015625
IN.PY,302.0641784667969,299.8650767008464,298.05572509765625
IN.PB,297.2709045410156,295.2471449110243,289.4662170410156
IN.RJ,302.2406311035156,299.09933217366535,295.17779541015625
IN.SK,289.88580322265625,277.4979438781738,264.4743957519531
IN.TN,302.4183654785156,298.2477032891635,294.43756103515625
IN.TG,301.8141784667969,300.4597310816988,298.47564697265625
IN.TR,298.4323425292969,297.04140319824216,295.7633972167969
IN.UP,300.8317565917969,298.3966529770653,295.4017639160156
IN.UT,297.9310607910156,287.5773805890764,260.166015625
IN.WB,300.1830139160156,297.2779864142923,287.67584228515625
