HASC_1,Max,Mean,Min
IN.AN,300.9023132324219,300.10674413045246,299.3108215332031
IN.AP,299.3033447265625,296.6273707559664,292.3899230957031
IN.AR,289.4345397949219,281.10459651503453,266.7065124511719
IN.AS,290.1314697265625,287.8324376886541,283.1096496582031
IN.BR,289.6816101074219,288.446277120839,275.7734069824219
IN.CH,286.8759460449219,286.8759460449219,286.8759460449219
IN.CT,297.1809387207031,291.4811806600602,286.7971496582031
IN.DN,297.7541809082031,297.3923645019531,297.0305480957031
IN.DD,297.0305480957031,296.9905090332031,296.9504699707031
IN.GA,300.5058288574219,300.17639923095703,299.7974853515625
IN.GJ,297.7541809082031,294.98071940104165,292.8811340332031
IN.HR,290.1093444824219,287.549681527274,286.4254150390625
IN.HP,287.1156921386719,275.9765377044678,255.3994140625
IN.JK,285.8502197265625,265.290155198839,252.4514617919922
IN.JH,290.1203918457031,288.5652182442801,286.7971496582031
IN.KA,301.2291259765625,297.20875549316406,293.3765869140625
IN.KL,301.6288757324219,300.1861047363281,295.9748840332031
IN.LD,301.4316101074219,301.0723571777344,300.7746887207031
IN.MP,297.3957824707031,292.5532920360565,288.0992431640625
IN.MH,300.4433288574219,295.9962483390433,290.8837585449219
IN.MN,289.2463684082031,287.1454793294271,283.7808837890625
IN.ML,289.8261413574219,288.21351051330566,284.1446533203125
IN.MZ,290.7118835449219,288.41204833984375,286.0836181640625
IN.NL,288.4182434082031,286.02730233328685,282.7185363769531
IN.DL,287.4480285644531,287.0856221516927,286.7922668457031
IN.OR,297.4143371582031,292.36228269689224,288.3004150390625
IN.PY,301.4211730957031,299.2405141194661,297.7590637207031
IN.PB,288.8908996582031,286.4213155110677,283.5473327636719
IN.RJ,295.4862976074219,291.9617647113222,287.0165710449219
IN.SK,284.6516418457031,276.4935989379883,266.987060546875
IN.TN,301.6288757324219,298.12001405913253,295.3469543457031
IN.TG,298.7662353515625,296.3901600939162,294.0894775390625
IN.TR,291.8632507324219,289.6927032470703,288.9736022949219
IN.UP,292.3095397949219,289.04308840307857,286.4206848144531
IN.UT,288.2701416015625,282.2628064836775,259.7648620605469
IN.WB,294.4182434082031,289.3690538593367,283.7089538574219
