HASC_1,Max,Mean,Min
IN.AN,302.1543273925781,301.4807357788086,301.02996826171875
IN.AP,306.9668273925781,303.78417801530395,299.9563903808594
IN.AR,298.3730773925781,287.83250249818315,273.3279724121094
IN.AS,301.7187805175781,296.8736391934481,290.1995544433594
IN.BR,306.19793701171875,303.80318550441575,281.7640075683594
IN.CH,301.3613586425781,301.3613586425781,301.3613586425781
IN.CT,307.7461242675781,304.95272777119624,302.0774841308594
IN.DN,304.9173278808594,303.86004638671875,302.8027648925781
IN.DD,302.8027648925781,302.38153076171875,301.9602966308594
IN.GA,303.0989685058594,302.52296447753906,302.1380310058594
IN.GJ,307.2864685058594,304.8525809733073,300.7480773925781
IN.HR,304.0071716308594,302.59369986397877,299.9544372558594
IN.HP,301.69403076171875,284.08389472961426,259.9658508300781
IN.JK,298.9544372558594,273.2410871717665,257.5935363769531
IN.JH,305.2903747558594,303.84153747558594,301.9231872558594
IN.KA,306.2383117675781,302.611081245618,298.54364013671875
IN.KL,302.57879638671875,300.81478515625,297.3001403808594
IN.LD,303.0520935058594,302.80750732421876,301.9309997558594
IN.MP,307.2558898925781,305.2364590167999,302.7122497558594
IN.MH,308.2265930175781,305.2415506331647,302.1562805175781
IN.MN,299.9394836425781,296.35728963216144,291.1435852050781
IN.ML,302.89715576171875,297.95394134521484,290.1995544433594
IN.MZ,301.22528076171875,298.6393852233887,295.47918701171875
IN.NL,298.2630310058594,294.5654493059431,289.8372497558594
IN.DL,303.24285888671875,303.10960896809894,302.9446716308594
IN.OR,306.32879638671875,303.99119298598345,299.9563903808594
IN.PY,304.3372497558594,303.2016245524089,302.1347961425781
IN.PB,302.6087341308594,300.7573389123987,292.3808898925781
IN.RJ,307.2708435058594,305.04108475193834,302.04168701171875
IN.SK,294.7845153808594,281.2648124694824,267.31512451171875
IN.TN,303.79754638671875,301.7670714279701,297.3001403808594
IN.TG,307.5091247558594,305.8055945863115,303.9446716308594
IN.TR,303.00848388671875,301.38563232421876,300.1054992675781
IN.UP,306.27410888671875,304.5844122254022,300.95184326171875
IN.UT,303.8086242675781,291.6719087873186,263.75311279296875
IN.WB,305.6250305175781,302.576836679496,291.68914794921875
