HASC_1,Max,Mean,Min
SE.BL,0.7135733962059021,0.41350748762488365,0.0
SE.KO,0.8833361268043518,0.2829337433764809,0.0
SE.GV,0.8214434385299683,0.2747670524886676,0.0
SE.GT,0.27221086621284485,0.07820289627629884,0.0
SE.HA,0.734993577003479,0.29096659862746793,0.0
SE.JA,1.0301109552383423,0.38527307290406454,0.0
SE.JO,0.7942790985107422,0.3752893326860486,0.0
SE.KA,0.7261104583740234,0.389503813866112,0.0
SE.KR,0.7942790985107422,0.46925877474925737,0.0
SE.NB,1.199815034866333,0.4109428578780757,0.0
SE.OR,0.7833257913589478,0.4374071827956608,0.0
SE.OG,0.7814645767211914,0.29445858530345415,0.0
SE.SN,0.8097506165504456,0.3940197599430879,0.0
SE.SD,0.6522975564002991,0.2572824050982793,0.0
SE.ST,0.593623697757721,0.13742980249226094,0.0
SE.UP,0.5970465540885925,0.18190630904778285,0.0
SE.VR,0.8044712543487549,0.32292461124333466,0.0
SE.VB,1.0629761219024658,0.33809770746872975,0.0
SE.VN,0.926798403263092,0.33047803643851253,0.0
SE.VM,0.5014252662658691,0.2196808832663077,0.0
SE.VG,0.8689496517181396,0.2818186634603669,0.0
