HASC_1,Max,Mean,Min
SE.BL,0.4127379357814789,0.21459752197066942,0.0
SE.KO,0.596346378326416,0.20051917291143864,0.0
SE.GV,0.5571944117546082,0.22027403307812554,0.0
SE.GT,0.519699215888977,0.15109545585452294,0.0
SE.HA,0.4265895485877991,0.16832262029250464,0.0
SE.JA,0.5727294683456421,0.07102038374130008,0.0
SE.JO,0.5236586928367615,0.23256600738474817,0.0
SE.KA,0.5478655099868774,0.27864334649509853,0.0
SE.KR,0.5047694444656372,0.2636844569986517,0.0
SE.NB,0.0,0.0,0.0
SE.OR,0.5524017214775085,0.28189466315872813,0.0
SE.OG,0.5592533946037292,0.20928128400728815,0.0
SE.SN,0.41611430048942566,0.11862728114550312,0.0
SE.SD,0.5601304173469543,0.24937430487738715,0.0
SE.ST,0.5485043525695801,0.19038410149514676,0.0
SE.UP,0.5485043525695801,0.23550472242964637,0.0
SE.VR,0.5791210532188416,0.23678639271494115,0.0
SE.VB,0.0,0.0,0.0
SE.VN,0.52926105260849,0.07928186409142718,0.0
SE.VM,0.5571944117546082,0.21604172554281023,0.0
SE.VG,0.5270629525184631,0.18487309682018616,0.0
