HASC_1,Max,Mean,Min
SE.BL,0.49760276079177856,0.2611924794812997,0.0
SE.KO,0.5097768306732178,0.17371378247247357,0.0
SE.GV,0.4443321228027344,0.17497940776603563,0.0
SE.GT,0.454673707485199,0.13518961747081912,0.0
SE.HA,0.5403039455413818,0.21781368367373943,0.0
SE.JA,0.5366605520248413,0.21761371157472095,0.0
SE.JO,0.526757001876831,0.2398024226228396,0.0
SE.KA,0.5163068175315857,0.25836091716256404,0.0
SE.KR,0.5372457504272461,0.3120766911994327,0.0
SE.NB,1.162463903427124,0.42569496286606867,0.0
SE.OR,0.49718064069747925,0.2609343197272748,0.0
SE.OG,0.526757001876831,0.19887432739848182,0.0
SE.SN,0.5372457504272461,0.25249119897683464,0.0
SE.SD,0.4817413091659546,0.22903284695413378,0.0
SE.ST,0.43774330615997314,0.16024338733404875,0.0
SE.UP,0.4317597448825836,0.19113211278562192,0.0
SE.VR,0.5414581298828125,0.21133058868122823,0.0
SE.VB,1.0408340692520142,0.3353562145087963,0.0
SE.VN,0.7039215564727783,0.20450159776629062,0.0
SE.VM,0.45776841044425964,0.19001493216664703,0.0
SE.VG,0.5517832636833191,0.21490465420133928,0.0
