HASC_1,Max,Mean,Min
SE.BL,0.5166153907775879,0.26319699361920357,0.0
SE.KO,0.47956186532974243,0.16423699787358917,0.0
SE.GV,0.41480210423469543,0.16331172196992805,0.0
SE.GT,0.8583250045776367,0.1862204442827069,0.0
SE.HA,0.5361329317092896,0.22069969090322653,0.0
SE.JA,0.4725789427757263,0.038574882950157936,0.0
SE.JO,0.5219140648841858,0.2345646204370441,0.0
SE.KA,0.49831390380859375,0.2440555151551962,0.0
SE.KR,0.5247872471809387,0.2994560528207909,0.0
SE.NB,0.0,0.0,0.0
SE.OR,0.4696938991546631,0.24741435659175015,0.0
SE.OG,0.4806339740753174,0.1917079199282896,0.0
SE.SN,0.5391638875007629,0.2572202200690905,0.0
SE.SD,0.43722036480903625,0.2083110382159551,0.0
SE.ST,0.4115321636199951,0.15206457264721393,0.0
SE.UP,0.4329894185066223,0.18677603701750436,0.0
SE.VR,0.5232573747634888,0.2008337824407852,0.0
SE.VB,0.0,0.0,0.0
SE.VN,0.3299759030342102,0.02567840742346152,0.0
SE.VM,0.43722036480903625,0.178807327316867,0.0
SE.VG,0.5389115810394287,0.20916262084946913,0.0
