HASC_1,Max,Mean,Min
SE.BL,0.7776853442192078,0.4275509441892306,0.0
SE.KO,0.879313588142395,0.2397274961294027,0.0
SE.GV,0.4670894742012024,0.15498541390656362,0.0
SE.GT,0.27021321654319763,0.08320613889669885,0.0
SE.HA,0.8347663283348083,0.30782294273376465,0.0
SE.JA,0.6278059482574463,0.2001341287342329,0.0
SE.JO,0.779388964176178,0.37826498755902954,0.0
SE.KA,0.6994554996490479,0.38828840396470493,0.0
SE.KR,0.8347663283348083,0.4759036593816497,0.0
SE.NB,0.602977991104126,0.0407138721488783,0.0
SE.OR,0.7789723873138428,0.43267190425979846,0.0
SE.OG,0.7898222804069519,0.29424444639257025,0.0
SE.SN,0.8347663283348083,0.39509433756272,0.0
SE.SD,0.656976580619812,0.24723966005775663,0.0
SE.ST,0.44834399223327637,0.1261744043789804,0.0
SE.UP,0.47036072611808777,0.15017473811490667,0.0
SE.VR,0.8080694079399109,0.32472812711740984,0.0
SE.VB,0.6543083190917969,0.19315657200984274,0.0
SE.VN,0.6184412240982056,0.21218666077008722,0.0
SE.VM,0.6506662368774414,0.22909666073543053,0.0
SE.VG,0.8299264311790466,0.2798271506148226,0.0
