HASC_1,Max,Mean,Min
SE.BL,0.49268850684165955,0.2664153339962165,0.0
SE.KO,0.4880578815937042,0.16559878975580755,0.0
SE.GV,0.44496268033981323,0.17178694227976457,0.0
SE.GT,0.844167172908783,0.18971916303342704,0.0
SE.HA,0.5323294997215271,0.21920265350490808,0.0
SE.JA,0.8645142316818237,0.23063640778972988,0.0
SE.JO,0.5007966160774231,0.23742516000162472,0.0
SE.KA,0.4942222535610199,0.24175750878122118,0.0
SE.KR,0.5103979706764221,0.2996219057928432,0.0
SE.NB,1.2434666156768799,0.4649013439497722,0.0
SE.OR,0.47900843620300293,0.24619225184528196,0.0
SE.OG,0.4902466833591461,0.19164660998753139,0.0
SE.SN,0.534882664680481,0.25726041570305824,0.0
SE.SD,0.46351951360702515,0.2077917175160514,0.0
SE.ST,0.819953978061676,0.24507837779819966,0.0
SE.UP,0.618239164352417,0.20723691913816664,0.0
SE.VR,0.5039821267127991,0.20108068192547018,0.0
SE.VB,1.044329285621643,0.3510435612537922,0.0
SE.VN,1.0434068441390991,0.27403423137832106,0.0
SE.VM,0.46351951360702515,0.17740802163327182,0.0
SE.VG,0.5474504232406616,0.20858688135357464,0.0
