HASC_1,Max,Mean,Min
SE.BL,0.1896221935749054,0.05109352657867324,0.0
SE.KO,0.7554908990859985,0.23041194713001617,0.0
SE.GV,0.7039795517921448,0.24749805592000484,0.0
SE.GT,0.4229264259338379,0.11584170991364791,0.0
SE.HA,0.6490122079849243,0.20586903292375305,0.0
SE.JA,0.9139401316642761,0.2891084770361582,0.0
SE.JO,0.27009662985801697,0.11589507882793744,0.0
SE.KA,0.1793876737356186,0.0528797447902131,0.0
SE.KR,0.3887699842453003,0.11168258246140216,0.0
SE.NB,0.8834933638572693,0.25838622630853814,0.0
SE.OR,0.5764963030815125,0.253657162949747,0.0
SE.OG,0.42306727170944214,0.10310941517707847,0.0
SE.SN,0.49140629172325134,0.20357529272635777,0.0
SE.SD,0.42306727170944214,0.21122726698716482,0.0
SE.ST,0.5229781866073608,0.16144532868638634,0.0
SE.UP,0.5468947291374207,0.20711264786896882,0.0
SE.VR,0.6158633828163147,0.18159093815043117,0.0
SE.VB,0.6037501096725464,0.22548949489226708,0.0
SE.VN,0.7303063273429871,0.23860313346860004,0.0
SE.VM,0.5468947291374207,0.19252275399587773,0.0
SE.VG,0.7097530364990234,0.18076366526896462,0.0
