HASC_1,Max,Mean,Min
SE.BL,0.7198183536529541,0.2985328137874603,0.0
SE.KO,0.8446775078773499,0.19880061350655898,0.0
SE.GV,0.8927769064903259,0.3362657104219709,0.0
SE.GT,0.7865931987762451,0.2153492509102335,0.0
SE.HA,0.47669717669487,0.18038618688782057,0.0
SE.JA,1.0984447002410889,0.2977892987548359,0.0
SE.JO,0.4667249321937561,0.21119949447386194,0.0
SE.KA,0.8099344968795776,0.4004743415862322,0.0
SE.KR,0.6527466773986816,0.2841720154339617,0.0
SE.NB,1.5483474731445312,0.46156927188432295,0.0
SE.OR,0.6966328620910645,0.27271035860995857,0.0
SE.OG,0.8038519024848938,0.2834683106768699,0.0
SE.SN,0.48994046449661255,0.23580795899033546,0.0
SE.SD,0.8038519024848938,0.3855497466193305,0.0
SE.ST,0.7617291808128357,0.2624547228217125,0.0
SE.UP,0.8143256902694702,0.3639763472256837,0.0
SE.VR,0.4596562385559082,0.18115431465434306,0.0
SE.VB,1.0748564004898071,0.3836268141483649,0.0
SE.VN,0.9159672260284424,0.33955420422972293,0.0
SE.VM,0.8446775078773499,0.34034949320333974,0.0
SE.VG,0.4689900279045105,0.18504642958150191,0.0
