HASC_1,Max,Mean,Min
SE.BL,0.4522749185562134,0.2170330649241805,0.0
SE.KO,0.5797216892242432,0.2011424586818549,0.0
SE.GV,0.5554437637329102,0.2201253974011966,0.0
SE.GT,0.5338000655174255,0.1525215308885185,0.0
SE.HA,0.41476598381996155,0.16191070550121367,0.0
SE.JA,0.5856640338897705,0.23414025292510077,0.0
SE.JO,0.5291690230369568,0.23454005813056772,0.0
SE.KA,0.5573885440826416,0.2789440718996856,0.0
SE.KR,0.5269094109535217,0.2647879324345426,0.0
SE.NB,1.1453238725662231,0.3963387428350698,0.0
SE.OR,0.5462130308151245,0.2791910910484742,0.0
SE.OG,0.5555438995361328,0.21118930478890738,0.0
SE.SN,0.41159942746162415,0.1163371395940582,0.0
SE.SD,0.5592069625854492,0.24915763503975338,0.0
SE.ST,0.543606698513031,0.19103625807911156,0.0
SE.UP,0.543606698513031,0.23530941842882722,0.0
SE.VR,0.5822089314460754,0.23737834738285252,0.0
SE.VB,0.7337416410446167,0.22576166410476733,0.0
SE.VN,0.5272146463394165,0.19552687795190085,0.0
SE.VM,0.5592069625854492,0.21899340743267978,0.0
SE.VG,0.5233437418937683,0.1842961009372683,0.0
