HASC_1,Max,Mean,Min
SE.BL,0.4294613003730774,0.2156986091285944,0.0
SE.KO,0.5847739577293396,0.20077571386925913,0.0
SE.GV,0.5620653629302979,0.22082694726330893,0.0
SE.GT,0.535146176815033,0.15150905111614538,0.0
SE.HA,0.42545104026794434,0.16360988444648683,0.0
SE.JA,0.5861555337905884,0.23346339639217134,0.0
SE.JO,0.5342221856117249,0.2349220500750975,0.0
SE.KA,0.5471493601799011,0.2785059701030453,0.0
SE.KR,0.5175337195396423,0.26422496123070066,0.0
SE.NB,1.1642630100250244,0.3971330597144521,0.0
SE.OR,0.5397853851318359,0.2779479638046148,0.0
SE.OG,0.5591652989387512,0.21078309691732838,0.0
SE.SN,0.41631239652633667,0.11668538448090354,0.0
SE.SD,0.5592278838157654,0.24828238983949025,0.0
SE.ST,0.5428438782691956,0.19092366863042115,0.0
SE.UP,0.5313853025436401,0.23345719112290275,0.0
SE.VR,0.5889514684677124,0.23731539279899813,0.0
SE.VB,0.734182596206665,0.22557279303287847,0.0
SE.VN,0.5340567231178284,0.19456584376898425,0.0
SE.VM,0.5580560564994812,0.2157345516262231,0.0
SE.VG,0.5231141448020935,0.18541773728588049,0.0
