HASC_1,Max,Mean,Min
SE.BL,0.7892113924026489,0.4503468821446101,0.0
SE.KO,0.540822446346283,0.16672569449153243,0.0
SE.GV,0.4774255156517029,0.12562535304043973,0.0
SE.GT,0.6922044157981873,0.16164477739711197,0.0
SE.HA,0.4640657305717468,0.18030272920926413,0.0
SE.JA,0.49079012870788574,0.11948383687987289,0.0
SE.JO,0.8329349756240845,0.34554902960856754,0.0
SE.KA,0.7938834428787231,0.4166100685381227,0.0
SE.KR,0.8215861320495605,0.41373284228823404,0.0
SE.NB,0.0,0.0,0.0
SE.OR,0.8022261261940002,0.37519203552177977,0.0
SE.OG,0.7733545303344727,0.32645486969323384,0.0
SE.SN,0.6764673590660095,0.2548349651197592,0.0
SE.SD,0.7733545303344727,0.31710722280873194,0.0
SE.ST,0.6786926984786987,0.06607310669496655,0.0
SE.UP,0.4213882088661194,0.07916245919962724,0.0
SE.VR,0.6928648948669434,0.19430283378019478,0.0
SE.VB,0.5957711935043335,0.01099019385195182,0.0
SE.VN,0.5868687629699707,0.13484199364942023,0.0
SE.VM,0.7733545303344727,0.17608289268833618,0.0
SE.VG,0.8022261261940002,0.20898316598990385,0.0
