HASC_1,Max,Mean,Min
SE.BL,0.10573448240756989,0.05855920988445481,0.0
SE.KO,0.6600809097290039,0.2074204864399285,0.0
SE.GV,0.5773919224739075,0.2214204329997301,0.0
SE.GT,0.5283716320991516,0.1652705205642447,0.0
SE.HA,0.18495765328407288,0.047571357999307416,0.0
SE.JA,0.7334306836128235,0.25432082875853496,0.0
SE.JO,0.4281560182571411,0.12255433221545184,0.0
SE.KA,0.4207685887813568,0.19094974801151288,0.0
SE.KR,0.4046059846878052,0.08689183779907497,0.0
SE.NB,1.2537401914596558,0.41148468126463733,0.0
SE.OR,0.5370805263519287,0.27217076125801826,0.0
SE.OG,0.5293524861335754,0.19862051804860434,0.0
SE.SN,0.10475490987300873,0.02420321265841873,0.0
SE.SD,0.5293524861335754,0.25082120547691983,0.0
SE.ST,0.5707553029060364,0.21169544626027345,0.0
SE.UP,0.5529863834381104,0.2613562356542658,0.0
SE.VR,0.5453568696975708,0.1911530482272307,0.0
SE.VB,0.6082385778427124,0.22132120239428985,0.0
SE.VN,0.5805500149726868,0.2142600548720499,0.0
SE.VM,0.5360880494117737,0.19934030636041253,0.0
SE.VG,0.4316612184047699,0.11386667027631227,0.0
