HASC_1,Max,Mean,Min
SE.BL,0.7303608655929565,0.3075506755461295,0.0
SE.KO,0.8705737590789795,0.19866772430935545,0.0
SE.GV,0.874641478061676,0.3390048091965062,0.0
SE.GT,0.7684692144393921,0.21336134933695503,0.0
SE.HA,0.4596548080444336,0.18267642986029387,0.0
SE.JA,1.0551236867904663,0.30133162292223126,0.0
SE.JO,0.4791484475135803,0.21498399792295514,0.0
SE.KA,0.8161646127700806,0.3993934171481265,0.0
SE.KR,0.7055901288986206,0.28447077626531775,0.0
SE.NB,1.0815484523773193,0.42174916799648915,0.0
SE.OR,0.7665693759918213,0.28038395819615347,0.0
SE.OG,0.7762497663497925,0.28391800288643154,0.0
SE.SN,0.4839341640472412,0.23630958572030067,0.0
SE.SD,0.7847862243652344,0.3905228323406643,0.0
SE.ST,0.7849181890487671,0.2604153299704194,0.0
SE.UP,0.8182648420333862,0.3634555039030534,0.0
SE.VR,0.46704745292663574,0.1795253802203771,0.0
SE.VB,1.0697224140167236,0.38576243011615213,0.0
SE.VN,0.8787190914154053,0.34125567144817776,0.0
SE.VM,0.8705737590789795,0.3413100077046288,0.0
SE.VG,0.48482370376586914,0.18473777911242317,0.0
