HASC_1,Max,Mean,Min
SE.BL,0.10657277703285217,0.041081008540155985,0.0
SE.KO,0.7350860238075256,0.20822115566884503,0.0
SE.GV,0.577642560005188,0.21083998355482306,0.0
SE.GT,0.5106914043426514,0.12910073083274218,0.0
SE.HA,0.19693371653556824,0.08634301267253856,0.0
SE.JA,0.7953236699104309,0.2888833603925175,0.0
SE.JO,0.17663316428661346,0.0590310614330299,0.0
SE.KA,0.41436102986335754,0.12064947682018909,0.0
SE.KR,0.10730073601007462,0.05798467529563244,0.0
SE.NB,1.1206157207489014,0.38702308104123945,0.0
SE.OR,0.43637815117836,0.21060508512416665,0.0
SE.OG,0.43637815117836,0.1450314027523356,0.0
SE.SN,0.1824485808610916,0.04478645838801943,0.0
SE.SD,0.539832592010498,0.2148839278353585,0.0
SE.ST,0.5575844049453735,0.19733601585030555,0.0
SE.UP,0.553960382938385,0.2440941463466044,0.0
SE.VR,0.6213879585266113,0.21275233612819153,0.0
SE.VB,0.6132597923278809,0.22311238375229714,0.0
SE.VN,0.6031582355499268,0.21972612522498905,0.0
SE.VM,0.5263209342956543,0.20829912468239112,0.0
SE.VG,0.31653064489364624,0.10440840047291096,0.0
