HASC_1,Max,Mean,Min
SE.BL,0.4679386019706726,0.2606839369982481,0.0
SE.KO,0.4555392861366272,0.15610067945633208,0.0
SE.GV,0.8158490657806396,0.23327080814966134,0.0
SE.GT,0.7850762605667114,0.250990058694567,0.0
SE.HA,0.5053838491439819,0.21095354730884233,0.0
SE.JA,0.949115514755249,0.2581062035428153,0.0
SE.JO,0.4968355894088745,0.22909529981288043,0.0
SE.KA,0.4679386019706726,0.22626684233546257,0.0
SE.KR,0.4773837924003601,0.27641223404895177,0.0
SE.NB,1.2606744766235352,0.4777274335570195,0.0
SE.OR,0.45902180671691895,0.2328015502010073,0.0
SE.OG,0.6864046454429626,0.19277047419122287,0.0
SE.SN,0.49785345792770386,0.23131484712163608,0.0
SE.SD,0.8024419546127319,0.28664326336648727,0.0
SE.ST,0.7677142024040222,0.3102072041481733,0.0
SE.UP,0.7894056439399719,0.368478129307429,0.0
SE.VR,0.4760444164276123,0.18908777686231065,0.0
SE.VB,1.0295820236206055,0.34772238448644294,0.0
SE.VN,1.0784916877746582,0.32172390138893797,0.0
SE.VM,0.7529295682907104,0.21625332948234346,0.0
SE.VG,0.5103099346160889,0.19630563276655533,0.0
