HASC_1,Max,Mean,Min
SE.BL,0.10864982008934021,0.05864845092097918,0.0
SE.KO,0.6021761298179626,0.20647041695682625,0.0
SE.GV,0.5849253535270691,0.22017864595566478,0.0
SE.GT,0.5328955054283142,0.15858087977584528,0.0
SE.HA,0.15194383263587952,0.04696038390587395,0.0
SE.JA,0.7418203949928284,0.2539718850737526,0.0
SE.JO,0.42455828189849854,0.12575477830162554,0.0
SE.KA,0.4993174374103546,0.19035386674416563,0.0
SE.KR,0.33268797397613525,0.08741366905583577,0.0
SE.NB,1.252106785774231,0.41313840207808156,0.0
SE.OR,0.5445054173469543,0.27494868005112727,0.0
SE.OG,0.5342634320259094,0.20267458721285775,0.0
SE.SN,0.10545128583908081,0.02452339722803269,0.0
SE.SD,0.5718464255332947,0.25000661561886467,0.0
SE.ST,0.5645694136619568,0.21120323073118924,0.0
SE.UP,0.5776118636131287,0.2625515331272726,0.0
SE.VR,0.6054522395133972,0.19729495624249632,0.0
SE.VB,0.6433601975440979,0.22156312140898826,0.0
SE.VN,0.5907867550849915,0.21477351995588045,0.0
SE.VM,0.5668959617614746,0.20580288381488235,0.0
SE.VG,0.42860957980155945,0.11278422271065852,0.0
