HASC_1,Max,Mean,Min
SE.BL,0.8184151649475098,0.43539311923086643,0.0
SE.KO,0.8791452050209045,0.2727992100079664,0.0
SE.GV,0.7967579364776611,0.2714905403022255,0.0
SE.GT,0.2606572210788727,0.0839135443069497,0.0
SE.HA,0.8380729556083679,0.3050454491749406,0.0
SE.JA,1.0489585399627686,0.384644973514572,0.0
SE.JO,0.8144822716712952,0.3844350626071294,0.0
SE.KA,0.7231592535972595,0.3873384592847692,0.0
SE.KR,0.7836164236068726,0.47179790112105285,0.0
SE.NB,0.9021524786949158,0.26452819359933144,0.0
SE.OR,0.786963164806366,0.4240395146973279,0.0
SE.OG,0.786963164806366,0.3056434268752734,0.0
SE.SN,0.7774205803871155,0.38265019208192824,0.0
SE.SD,0.6628429889678955,0.24458163761430315,0.0
SE.ST,0.6036602854728699,0.14579563392326236,0.0
SE.UP,0.5444620251655579,0.17388349488653518,0.0
SE.VR,0.840469241142273,0.33577425066720357,0.0
SE.VB,1.039294719696045,0.3385550081729889,0.0
SE.VN,0.9501616358757019,0.33041117196543174,0.0
SE.VM,0.5389247536659241,0.23579775431641825,0.0
SE.VG,0.8144822716712952,0.27976789097575583,0.0
