HASC_1,Max,Mean,Min
SE.BL,0.5283480882644653,0.25033948104828596,0.0
SE.KO,0.5327373147010803,0.1828957245680704,0.0
SE.GV,0.4925163984298706,0.18772052164588657,0.0
SE.GT,0.5062093734741211,0.1444860003432449,0.0
SE.HA,0.5362741947174072,0.23402621100346246,0.0
SE.JA,0.509226381778717,0.09987123033252641,0.0
SE.JO,0.5560845732688904,0.25282958985278103,0.0
SE.KA,0.5334410071372986,0.26785463881161475,0.0
SE.KR,0.5480009317398071,0.323870676484975,0.0
SE.NB,0.0,0.0,0.0
SE.OR,0.5336977243423462,0.2744529669990345,0.0
SE.OG,0.519627034664154,0.21969618506374813,0.0
SE.SN,0.5337921380996704,0.2300955648223559,0.0
SE.SD,0.4982626140117645,0.2341398149728775,0.0
SE.ST,0.47602373361587524,0.16638644728809596,0.0
SE.UP,0.47602373361587524,0.2026413634971336,0.0
SE.VR,0.5491487383842468,0.21899573154973262,0.0
SE.VB,0.10359606146812439,0.00038546563532107915,0.0
SE.VN,0.4667220711708069,0.10770021742808888,0.0
SE.VM,0.4982626140117645,0.20115058537986544,0.0
SE.VG,0.5594577789306641,0.21542769793201896,0.0
