HASC_1,Max,Mean,Min
SE.BL,0.5222234129905701,0.249820568288366,0.0
SE.KO,0.5285739898681641,0.18386588384660238,0.0
SE.GV,0.4790734648704529,0.18743015485150474,0.0
SE.GT,0.4914906620979309,0.14779511154914388,0.0
SE.HA,0.5438511371612549,0.23564990113178888,0.0
SE.JA,0.5279263854026794,0.21772090149304224,0.0
SE.JO,0.5491766929626465,0.25510570564956375,0.0
SE.KA,0.5377188324928284,0.26947800670233035,0.0
SE.KR,0.5377188324928284,0.32479871182956477,0.0
SE.NB,1.2215367555618286,0.4144449021326366,0.0
SE.OR,0.5337450504302979,0.2726993326629911,0.0
SE.OG,0.5246915221214294,0.22080137296801522,0.0
SE.SN,0.5302563905715942,0.23194088575740654,0.0
SE.SD,0.4991283714771271,0.23117049833138784,0.0
SE.ST,0.4777372181415558,0.1636260325089097,0.0
SE.UP,0.4777372181415558,0.2006297638570821,0.0
SE.VR,0.5469731092453003,0.21792732698447775,0.0
SE.VB,1.0211970806121826,0.29515413343906405,0.0
SE.VN,0.5321272611618042,0.19717882259895927,0.0
SE.VM,0.4991283714771271,0.1990519599230201,0.0
SE.VG,0.5605297088623047,0.21589706158813307,0.0
