HASC_1,Max,Mean,Min
SE.BL,0.417350709438324,0.17463762840876976,0.0
SE.KO,0.6009343266487122,0.2042473703622818,0.0
SE.GV,0.5810472965240479,0.2276261109326567,0.0
SE.GT,0.5509636402130127,0.15622194567505193,0.0
SE.HA,0.10763421654701233,0.03989551953660945,0.0
SE.JA,0.5891333818435669,0.23561887783663613,0.0
SE.JO,0.42373043298721313,0.1680427606528004,0.0
SE.KA,0.5322742462158203,0.2416602089587185,0.0
SE.KR,0.41920217871665955,0.186447008555247,0.0
SE.NB,1.1227467060089111,0.4003007375921299,0.0
SE.OR,0.5799967050552368,0.29288696239189227,0.0
SE.OG,0.5515428781509399,0.199412324066673,0.0
SE.SN,0.16538061201572418,0.056047745825101934,0.0
SE.SD,0.5515428781509399,0.25602129565344917,0.0
SE.ST,0.5591314435005188,0.20051607582718134,0.0
SE.UP,0.55501788854599,0.2506302727593316,0.0
SE.VR,0.5511484742164612,0.18596946995592478,0.0
SE.VB,0.6018465757369995,0.2225741322988119,0.0
SE.VN,0.5397204160690308,0.20659451997070982,0.0
SE.VM,0.5553345680236816,0.2210157811641693,0.0
SE.VG,0.5237160325050354,0.13812820175662638,0.0
