HASC_1,Max,Mean,Min
SE.BL,0.7964661717414856,0.43703825275103253,0.0
SE.KO,0.8792911767959595,0.2752723655168805,0.0
SE.GV,0.7626528739929199,0.27251620290002654,0.0
SE.GT,0.2510315775871277,0.08028992326283942,0.0
SE.HA,0.8261687755584717,0.3109328343222539,0.0
SE.JA,0.9907675385475159,0.3863078831680237,0.0
SE.JO,0.8036471605300903,0.3836198164658113,0.0
SE.KA,0.7193852066993713,0.38964124934540856,0.0
SE.KR,0.8261687755584717,0.47996909645470703,0.0
SE.NB,1.2273353338241577,0.41253797257063435,0.0
SE.OR,0.75242018699646,0.4294150672396835,0.0
SE.OG,0.7773412466049194,0.30474182839194935,0.0
SE.SN,0.7890622615814209,0.386153918504715,0.0
SE.SD,0.6634860038757324,0.24715162416299183,0.0
SE.ST,0.6327453851699829,0.14129345016553999,0.0
SE.UP,0.6171059012413025,0.18221850617340318,0.0
SE.VR,0.8242711424827576,0.32735830556714174,0.0
SE.VB,1.0244919061660767,0.3405057547184137,0.0
SE.VN,0.9485456943511963,0.33375880087328236,0.0
SE.VM,0.6634860038757324,0.23948985586563745,0.0
SE.VG,0.8357301354408264,0.27756396076258494,0.0
