HASC_1,Max,Mean,Min
SE.BL,0.4664417505264282,0.25364259257912636,0.0
SE.KO,0.44302666187286377,0.15551670601493434,0.0
SE.GV,0.8592587113380432,0.2561952155615602,0.0
SE.GT,0.8131408095359802,0.24687322852562885,0.0
SE.HA,0.5219972133636475,0.20692169666290283,0.0
SE.JA,0.9955512881278992,0.26564788444647713,0.0
SE.JO,0.495120644569397,0.23026595693646054,0.0
SE.KA,0.4664417505264282,0.22634683611492315,0.0
SE.KR,0.5052900314331055,0.27757927165790036,0.0
SE.NB,1.2310415506362915,0.47800086053952673,0.0
SE.OR,0.45718511939048767,0.23356901991124057,0.0
SE.OG,0.5781971216201782,0.18872808523121334,0.0
SE.SN,0.527134120464325,0.2307540697356065,0.0
SE.SD,0.806776762008667,0.28819316393799255,0.0
SE.ST,0.806776762008667,0.30715971551835536,0.0
SE.UP,0.8075405955314636,0.3680035322904587,0.0
SE.VR,0.4792338013648987,0.1889129573422851,0.0
SE.VB,1.0493675470352173,0.34819165624869175,0.0
SE.VN,1.079744577407837,0.33578782811848046,0.0
SE.VM,0.8075405955314636,0.21847017882046876,0.0
SE.VG,0.5219972133636475,0.19590242014211767,0.0
