HASC_1,Max,Mean,Min
SE.BL,0.4231817126274109,0.18917933416863283,0.0
SE.KO,0.8222020268440247,0.23488339860188334,0.0
SE.GV,0.7376103401184082,0.2479699031050716,0.0
SE.GT,0.424984872341156,0.05978972415382765,0.0
SE.HA,0.7038727402687073,0.2843647425373395,0.0
SE.JA,0.9267884492874146,0.35478810036466235,0.0
SE.JO,0.6837887763977051,0.2010704560036009,0.0
SE.KA,0.28927022218704224,0.11972973482463406,0.0
SE.KR,0.7174488306045532,0.2950851890173825,0.0
SE.NB,1.0828022956848145,0.3810715890836482,0.0
SE.OR,0.3597768545150757,0.15078683015035124,0.0
SE.OG,0.28927022218704224,0.11414033431737196,0.0
SE.SN,0.7174488306045532,0.3363888973991076,0.0
SE.SD,0.48597654700279236,0.15654473304748534,0.0
SE.ST,0.5214645862579346,0.18020010963082314,0.0
SE.UP,0.5397765636444092,0.21840434466247205,0.0
SE.VR,0.71611088514328,0.22262434836364153,0.0
SE.VB,0.8581236600875854,0.2732925220177724,0.0
SE.VN,0.7938318252563477,0.27245152397462497,0.0
SE.VM,0.6252994537353516,0.21610622563295895,0.0
SE.VG,0.7947862148284912,0.27835341214257125,0.0
