HASC_1,Max,Mean,Min
AL.BE,287.1468200683594,281.66373443603516,276.60809326171875
AL.DB,283.69256591796875,279.82820892333984,274.9346008300781
AL.DU,283.69256591796875,283.47503662109375,283.25750732421875
AL.EB,283.69256591796875,280.24629974365234,276.60809326171875
AL.FI,287.1468200683594,285.26409912109375,283.2563781738281
AL.GK,287.1468200683594,282.3325561523437,276.60809326171875
AL.KE,279.6436462402344,275.8970692952474,273.0917053222656
AL.KK,278.81463623046875,273.2292734781901,270.1046447753906
AL.LZ,283.25750732421875,277.00506591796875,272.8230895996094
AL.SD,285.92547607421875,278.7963649204799,272.1086120605469
AL.TI,283.69256591796875,281.45941162109375,277.42816162109375
AL.VR,287.44403076171875,285.1505868094308,279.6436462402344
