HASC_1,Max,Mean,Min
AL.BE,291.6914367675781,287.21537017822266,282.7615966796875
AL.DB,288.7692565917969,285.760498046875,282.3192138671875
AL.DU,288.7692565917969,288.6204071044922,288.4715576171875
AL.EB,288.5913391113281,285.8266143798828,282.7615966796875
AL.FI,291.6914367675781,289.91173553466797,288.4715576171875
AL.GK,291.6914367675781,287.8661865234375,282.7615966796875
AL.KE,285.8171081542969,282.4686024983724,280.3708190917969
AL.KK,286.1513977050781,281.8325500488281,279.6290588378906
AL.LZ,288.7692565917969,284.42742919921875,282.1938171386719
AL.SD,290.0863037109375,285.6458740234375,280.9024658203125
AL.TI,288.7692565917969,286.9075927734375,283.4819641113281
AL.VR,291.7350769042969,290.0457284109933,285.8171081542969
