HASC_1,Max,Mean,Min
AL.BE,293.9044494628906,289.47948455810547,285.31689453125
AL.DB,291.6961364746094,288.46016693115234,284.4091796875
AL.DU,291.6961364746094,291.5470428466797,291.39794921875
AL.EB,291.39794921875,288.50308990478516,285.31689453125
AL.FI,293.9044494628906,292.3574981689453,290.9601135253906
AL.GK,293.9044494628906,290.0273681640625,285.31689453125
AL.KE,287.7364807128906,284.2310384114583,281.4505310058594
AL.KK,288.5567932128906,283.232660929362,280.4347229003906
AL.LZ,291.6961364746094,286.41998291015625,283.1546325683594
AL.SD,293.15673828125,287.93875558035717,282.2945861816406
AL.TI,291.6961364746094,289.8104960123698,286.33740234375
AL.VR,294.1837463378906,292.20132882254467,287.7364807128906
