HASC_1,Max,Mean,Min
AL.BE,296.2095031738281,293.07108306884766,289.7625732421875
AL.DB,295.0942687988281,292.0994873046875,288.1190185546875
AL.DU,295.0942687988281,294.8371124267578,294.5799560546875
AL.EB,295.0942687988281,292.4830322265625,289.7625732421875
AL.FI,296.2095031738281,295.4469757080078,294.4705810546875
AL.GK,296.2095031738281,293.51621704101564,289.7625732421875
AL.KE,291.8416748046875,288.5509847005208,285.5981750488281
AL.KK,291.7866516113281,286.7354431152344,283.8188781738281
AL.LZ,294.5799560546875,290.0182189941406,287.3556823730469
AL.SD,295.4315185546875,290.86739240373885,284.6864013671875
AL.TI,295.0942687988281,293.4263102213542,290.6047058105469
AL.VR,296.6320495605469,295.2439270019531,291.8416748046875
