HASC_1,Max,Mean,Min
AL.BE,283.403076171875,277.6003723144531,272.1637878417969
AL.DB,279.744873046875,275.91542053222656,271.1810607910156
AL.DU,279.744873046875,279.734130859375,279.723388671875
AL.EB,279.744873046875,276.1167907714844,272.1637878417969
AL.FI,283.4178771972656,281.52799224853516,279.546142578125
AL.GK,283.403076171875,278.3141357421875,272.1637878417969
AL.KE,275.2884826660156,271.6144104003906,269.0475769042969
AL.KK,276.29052734375,269.81971232096356,266.27191162109375
AL.LZ,279.723388671875,273.86061604817706,270.6773986816406
AL.SD,282.6942443847656,275.4750497000558,267.4148864746094
AL.TI,279.744873046875,277.49354044596356,273.0123596191406
AL.VR,284.1087951660156,281.45589773995533,275.2884826660156
