HASC_1,Max,Mean,Min
AL.BE,285.5129699707031,282.0506591796875,278.6047668457031
AL.DB,283.7707824707031,281.14273834228516,277.6475830078125
AL.DU,283.7707824707031,283.7157745361328,283.6607666015625
AL.EB,283.7707824707031,281.27420806884766,278.6047668457031
AL.FI,285.5129699707031,284.38773345947266,283.2294616699219
AL.GK,285.5129699707031,282.5903259277344,278.6047668457031
AL.KE,280.8554382324219,277.68108622233075,275.1690673828125
AL.KK,281.6894226074219,276.6786193847656,273.6348876953125
AL.LZ,283.6607666015625,279.6174723307292,277.5440673828125
AL.SD,284.8984069824219,280.6262425013951,275.3334655761719
AL.TI,283.7707824707031,282.3077901204427,279.4918212890625
AL.VR,286.0149230957031,284.33082798549106,280.8554382324219
