HASC_1,Max,Mean,Min
AL.BE,295.1170959472656,293.53709411621094,292.4627990722656
AL.DB,296.2694396972656,294.8822250366211,292.72320556640625
AL.DU,296.2694396972656,296.15745544433594,296.04547119140625
AL.EB,296.04547119140625,294.53514099121094,292.4872131347656
AL.FI,296.04547119140625,294.9548110961914,294.0812683105469
AL.GK,295.1170959472656,293.7693664550781,292.4627990722656
AL.KE,294.49078369140625,291.0419464111328,288.4432678222656
AL.KK,296.0246276855469,290.9480845133464,287.6161193847656
AL.LZ,296.2694396972656,293.55946858723956,291.6857604980469
AL.SD,296.2694396972656,294.0047345842634,289.57183837890625
AL.TI,296.2694396972656,295.6018981933594,294.49078369140625
AL.VR,295.1170959472656,294.2317592075893,292.4627990722656
