HASC_1,Max,Mean,Min
DE.BW,0.0,0.0,0.0
DE.BY,0.027463464066386223,0.0001410380972796405,0.0
DE.BE,0.39258822798728943,0.269274290651083,0.0
DE.BR,0.4034704864025116,0.11709776463607947,0.0
DE.HB,0.003368561854586005,0.0003742846505095561,0.0
DE.HH,0.1034664660692215,0.021354937667234078,0.0
DE.HE,0.0,0.0,0.0
DE.MV,0.5023580193519592,0.1687436340143904,0.0
DE.NI,0.1034664660692215,0.014038821491678658,0.0
DE.NW,0.1105525940656662,0.0012505678956707318,0.0
DE.RP,0.297821044921875,0.010624217789036909,0.0
DE.SL,0.32460659742355347,0.05470848480860392,0.0
DE.SN,0.3972817659378052,0.0769213250545994,0.0
DE.ST,0.10224151611328125,0.03706290227128193,0.0
DE.SH,0.37261173129081726,0.04450180779216074,0.0
DE.TH,0.09393836557865143,0.006304749348644344,0.0
