HASC_1,Max,Mean,Min
DE.BW,0.701241135597229,0.2827256752488514,0.0
DE.BY,0.8625606298446655,0.245862596319849,0.0
DE.BE,0.828614354133606,0.5350095480680466,0.0
DE.BR,0.8777307271957397,0.2932543206214905,0.0
DE.HB,0.5146826505661011,0.25833209686809117,0.0
DE.HH,0.5195515155792236,0.12186363339424133,0.0
DE.HE,0.5149177312850952,0.22414938800036907,0.0
DE.MV,0.8777307271957397,0.30378731060773134,0.0
DE.NI,0.5313107371330261,0.22268793880294413,0.0
DE.NW,0.5067494511604309,0.21007524651785692,0.0
DE.RP,0.4863598942756653,0.1673317565535656,0.0
DE.SL,0.39221328496932983,0.21134168623636165,0.0
DE.SN,0.8655125498771667,0.29206364753903175,0.0
DE.ST,0.5172873735427856,0.1955455334349112,0.0
DE.SH,0.5195515155792236,0.1791768898566564,0.0
DE.TH,0.5098975300788879,0.19954087088505426,0.0
