HASC_1,Max,Mean,Min
DE.BW,0.0993322804570198,0.02037548763821254,0.0
DE.BY,0.4246281385421753,0.09373669708852472,0.0
DE.BE,0.493496835231781,0.23707868438214064,0.0
DE.BR,0.5218550562858582,0.20849701538681983,0.0
DE.HB,0.40066322684288025,0.23814277185334098,0.0
DE.HH,0.48745521903038025,0.11055611791434111,0.0
DE.HE,0.32784807682037354,0.05677271030843258,0.0
DE.MV,0.5380656123161316,0.24659604785431707,0.0
DE.NI,0.49266377091407776,0.15419602194534882,0.0
DE.NW,0.39033758640289307,0.049304038194483535,0.0
DE.RP,0.09682565182447433,0.006099854382035009,0.0
DE.SL,0.0,0.0,0.0
DE.SN,0.5141136646270752,0.20705890161346416,0.0
DE.ST,0.5218550562858582,0.18175535980950702,0.0
DE.SH,0.5284979343414307,0.17169916871935129,0.0
DE.TH,0.4816046953201294,0.1632088377761344,0.0
