HASC_1,Max,Mean,Min
DE.BW,0.0,0.0,0.0
DE.BY,0.026664908975362778,0.0001419938179714998,0.0
DE.BE,0.39695778489112854,0.2706422656774521,0.0
DE.BR,0.4025033116340637,0.1183538764466842,0.0
DE.HB,0.002711887937039137,0.0003013208818932374,0.0
DE.HH,0.10291153192520142,0.021207778680103796,0.0
DE.HE,0.0,0.0,0.0
DE.MV,0.4999936521053314,0.17017021944047883,0.0
DE.NI,0.10270069539546967,0.0140720024707201,0.0
DE.NW,0.11718571186065674,0.0015259493126844367,0.0
DE.RP,0.2960379719734192,0.008651364361012935,0.0
DE.SL,0.21373969316482544,0.039975593285635116,0.0
DE.SN,0.3895571827888489,0.07641538608479503,0.0
DE.ST,0.10270069539546967,0.03703427787669088,0.0
DE.SH,0.33763548731803894,0.04423930856088797,0.0
DE.TH,0.1012851819396019,0.006687634929438077,0.0
