HASC_1,Max,Mean,Min
DE.BW,0.03120242804288864,0.0004817933540064027,0.0
DE.BY,0.37225720286369324,0.03838793660458345,0.0
DE.BE,0.3223784863948822,0.1959456279873848,0.0
DE.BR,0.5268318057060242,0.21126079770425957,0.0
DE.HB,0.10473521798849106,0.03228429994649357,0.0
DE.HH,0.39010941982269287,0.0888427346944809,0.0
DE.HE,0.10146911442279816,0.024999365848489104,0.0
DE.MV,0.5318078994750977,0.23630547177578723,0.0
DE.NI,0.40857887268066406,0.09393469851755827,0.0
DE.NW,0.10069824010133743,0.01806281002782877,0.0
DE.RP,0.0,0.0,0.0
DE.SL,0.0,0.0,0.0
DE.SN,0.5187162160873413,0.1818860760908954,0.0
DE.ST,0.49605873227119446,0.17200106179172342,0.0
DE.SH,0.4946226179599762,0.14463286545748513,0.0
DE.TH,0.39099496603012085,0.08421085027623035,0.0
