HASC_1,Max,Mean,Min
DE.BW,0.023768393322825432,0.00031015869268837074,0.0
DE.BY,0.3365543484687805,0.03668907165723838,0.0
DE.BE,0.44322940707206726,0.2003993010148406,0.0
DE.BR,0.5263432860374451,0.210310803403457,0.0
DE.HB,0.09950464218854904,0.03213874022993776,0.0
DE.HH,0.3976154327392578,0.08798716989932237,0.0
DE.HE,0.10145488381385803,0.02389598884852603,0.0
DE.MV,0.5301628112792969,0.2313067093158939,0.0
DE.NI,0.403425395488739,0.09093994490399875,0.0
DE.NW,0.1002393439412117,0.017482428817699354,0.0
DE.RP,0.0,0.0,0.0
DE.SL,0.0,0.0,0.0
DE.SN,0.5106971263885498,0.18052955427948308,0.0
DE.ST,0.486419677734375,0.16669242212718183,0.0
DE.SH,0.49433279037475586,0.14385610193324586,0.0
DE.TH,0.3935794532299042,0.08270918903872371,0.0
