HASC_1,Max,Mean,Min
DE.BW,0.38534390926361084,0.0625332726071747,0.0
DE.BY,0.4842533469200134,0.15315608628613708,0.0
DE.BE,0.5160700082778931,0.2979320380836725,0.0
DE.BR,0.5295463800430298,0.21025938471158345,0.0
DE.HB,0.5068080425262451,0.2688522968027327,0.0
DE.HH,0.5077834129333496,0.1246743345702136,0.0
DE.HE,0.39155149459838867,0.12323821460828185,0.0
DE.MV,0.5217574238777161,0.23708784087960208,0.0
DE.NI,0.512528121471405,0.19274974370060802,0.0
DE.NW,0.39901137351989746,0.10579013080025712,0.0
DE.RP,0.09981435537338257,0.03712683054765527,0.0
DE.SL,0.06667052209377289,0.012921392691593307,0.0
DE.SN,0.5206111073493958,0.2212974198010503,0.0
DE.ST,0.5295463800430298,0.2048593613911759,0.0
DE.SH,0.523293137550354,0.17182103022933007,0.0
DE.TH,0.5003743171691895,0.18699276708953438,0.0
