HASC_1,Max,Mean,Min
DE.BW,0.3459513187408447,0.05162485997037341,0.0
DE.BY,0.0,0.0,0.0
DE.BE,0.09809593111276627,0.06824490986764431,0.0
DE.BR,0.37213385105133057,0.05651015119006236,0.0
DE.HB,0.0,0.0,0.0
DE.HH,0.0005837351782247424,3.857557614402914e-05,0.0
DE.HE,0.10577375441789627,0.001258234791457653,0.0
DE.MV,0.4078730344772339,0.1128417562244327,0.0
DE.NI,0.13967277109622955,0.00222435150590566,0.0
DE.NW,0.34826046228408813,0.06040271706258257,0.0
DE.RP,0.3562297821044922,0.10070291338394387,0.0
DE.SL,0.3174290060997009,0.21310056746006012,0.0
DE.SN,0.10076671093702316,0.02176240480103119,0.0
DE.ST,0.10186052322387695,0.011120171324794434,0.0
DE.SH,0.10391047596931458,0.01749463283570852,0.0
DE.TH,0.0,0.0,0.0
