HASC_1,Max,Mean,Min
DE.BW,0.5596347451210022,0.23424029958744844,0.0
DE.BY,0.3594205379486084,0.07686316979411799,0.0
DE.BE,0.0,0.0,0.0
DE.BR,0.07600907981395721,0.002087432564973521,0.0
DE.HB,0.39677560329437256,0.1942415883143743,0.0
DE.HH,0.42601478099823,0.02713731262418959,0.0
DE.HE,0.5711577534675598,0.19917326994240284,0.0
DE.MV,0.10397277772426605,0.016388257081676523,0.0
DE.NI,0.5491689443588257,0.12956199338115365,0.0
DE.NW,0.7473345398902893,0.2741934615373611,0.0
DE.RP,0.7830580472946167,0.26423423248107986,0.0
DE.SL,0.5591636300086975,0.3678410708904266,0.0
DE.SN,0.0,0.0,0.0
DE.ST,0.0,0.0,0.0
DE.SH,0.3527757227420807,0.018853581750373067,0.0
DE.TH,0.3338586986064911,0.03970679616378177,0.0
