HASC_1,Max,Mean,Min
DE.BW,0.09810718894004822,0.021577589108831792,0.0
DE.BY,0.42903852462768555,0.09487383868338345,0.0
DE.BE,0.4050179421901703,0.23521051928400993,0.0
DE.BR,0.5270941257476807,0.21037206768989564,0.0
DE.HB,0.3993395268917084,0.22695862419075435,0.0
DE.HH,0.4926527738571167,0.11366409504855121,0.0
DE.HE,0.39916735887527466,0.05983040096412878,0.0
DE.MV,0.5293781161308289,0.2483762319066695,0.0
DE.NI,0.5051465630531311,0.1569767894457171,0.0
DE.NW,0.38512903451919556,0.05045421513071536,0.0
DE.RP,0.08644042909145355,0.006627440793700505,0.0
DE.SL,0.0,0.0,0.0
DE.SN,0.5269132852554321,0.20635954670760095,0.0
DE.ST,0.5045708417892456,0.18517345041036606,0.0
DE.SH,0.5146477818489075,0.1726932207743327,0.0
DE.TH,0.48312899470329285,0.16516643197142652,0.0
