HASC_1,Max,Mean,Min
DE.BW,0.3806830048561096,0.1398419346039494,0.0
DE.BY,0.5080897808074951,0.18595743928180666,0.0
DE.BE,0.4985758662223816,0.29616011679172516,0.0
DE.BR,0.5767228603363037,0.20801176408926647,0.0
DE.HB,0.49829137325286865,0.2285322927766376,0.0
DE.HH,0.5288591384887695,0.13140353670826665,0.0
DE.HE,0.49571388959884644,0.2056356655806303,0.0
DE.MV,0.5210613012313843,0.2342236495709845,0.0
DE.NI,0.5288591384887695,0.21416448566304658,0.0
DE.NW,0.4869351387023926,0.16562431103239456,0.0
DE.RP,0.3879232406616211,0.09197614970381814,0.0
DE.SL,0.09821370989084244,0.07721899598836898,0.0
DE.SN,0.7665515542030334,0.22856275433180284,0.0
DE.ST,0.5194311738014221,0.2139622172848745,0.0
DE.SH,0.52491295337677,0.17178680648406347,0.0
DE.TH,0.5203531980514526,0.2015899270772934,0.0
