HASC_1,Max,Mean,Min
DE.BW,0.03256668895483017,0.0004591685508178974,0.0
DE.BY,0.3920755088329315,0.038020989003642404,0.0
DE.BE,0.4163056015968323,0.1963887009769678,0.0
DE.BR,0.5252801179885864,0.21161948976417383,0.0
DE.HB,0.09053187817335129,0.029912050606475934,0.0
DE.HH,0.39667487144470215,0.08903659824971799,0.0
DE.HE,0.10012555122375488,0.02474785264581442,0.0
DE.MV,0.534937858581543,0.23611315339803696,0.0
DE.NI,0.4041007161140442,0.09275466348578774,0.0
DE.NW,0.10191422700881958,0.017865231855917044,0.0
DE.RP,0.0,0.0,0.0
DE.SL,0.0,0.0,0.0
DE.SN,0.4877866506576538,0.18280710907158804,0.0
DE.ST,0.4971788227558136,0.17034584490413016,0.0
DE.SH,0.5074257254600525,0.14490341305111845,0.0
DE.TH,0.3903692066669464,0.08503708425199702,0.0
