HASC_1,Max,Mean,Min
DE.BW,0.5158888697624207,0.2637570367505153,0.0
DE.BY,0.908254086971283,0.32775468247480133,0.0
DE.BE,0.6996405720710754,0.4951487183570862,0.0
DE.BR,0.8269252777099609,0.31649244725704195,0.0
DE.HB,0.39605310559272766,0.19171806507640415,0.0
DE.HH,0.6734782457351685,0.1319980831057937,0.0
DE.HE,0.5227932929992676,0.22787559911608696,0.0
DE.MV,0.7857123017311096,0.3728403737768531,0.0
DE.NI,0.8869283199310303,0.2594007036902688,0.0
DE.NW,0.5185877084732056,0.2364511615037918,0.0
DE.RP,0.5227932929992676,0.2072063089169637,0.0
DE.SL,0.493047297000885,0.2745149622360865,0.0
DE.SN,0.8566026091575623,0.336218852473765,0.0
DE.ST,0.8869283199310303,0.35893962274898183,0.0
DE.SH,0.7857123017311096,0.2273843079805374,0.0
DE.TH,0.8547526001930237,0.3553280660084316,0.0
