HASC_1,Max,Mean,Min
DE.BW,0.39851054549217224,0.1439449831067274,0.0
DE.BY,0.5150056481361389,0.186294958971086,0.0
DE.BE,0.5088400840759277,0.29841238260269165,0.0
DE.BR,0.5734779238700867,0.20632703264554342,0.0
DE.HB,0.5179147720336914,0.24497419430149925,0.0
DE.HH,0.516268253326416,0.1279261068061546,0.0
DE.HE,0.494800329208374,0.2055609878152609,0.0
DE.MV,0.5113494992256165,0.2324687959626317,0.0
DE.NI,0.5253230333328247,0.21426911742398233,0.0
DE.NW,0.4833717942237854,0.16659412855903308,0.0
DE.RP,0.39027678966522217,0.09374723897663632,0.0
DE.SL,0.09792152792215347,0.07760748912890753,0.0
DE.SN,0.7503474950790405,0.22866888351890505,0.0
DE.ST,0.5263710021972656,0.21350086290727963,0.0
DE.SH,0.5239589810371399,0.1714813867583871,0.0
DE.TH,0.5196263790130615,0.19964401876287802,0.0
