HASC_1,Max,Mean,Min
DE.BW,0.9100986123085022,0.37412024301787217,0.0
DE.BY,0.9100986123085022,0.3407564035483769,0.0
DE.BE,0.5466245412826538,0.361314982175827,0.0
DE.BR,0.7380816340446472,0.25491749236981076,0.0
DE.HB,0.6369938850402832,0.34903542862998116,0.0
DE.HH,0.8214452266693115,0.16593192352188957,0.0
DE.HE,0.8780206441879272,0.3371468977630138,0.0
DE.MV,0.7487054467201233,0.3184184308296868,0.0
DE.NI,0.8744330406188965,0.3158446222027659,0.0
DE.NW,0.8684272766113281,0.2714355782667796,0.0
DE.RP,0.5207427740097046,0.20076326754960147,0.0
DE.SL,0.5207427740097046,0.30474706292152404,0.0
DE.SN,0.7886058688163757,0.2893027135608148,0.0
DE.ST,0.7886058688163757,0.31018497821959584,0.0
DE.SH,0.8214452266693115,0.2966811046004295,0.0
DE.TH,0.8595708608627319,0.3585005061967032,0.0
