HASC_1,Max,Mean,Min
JP.AI,0.6959382891654968,0.44512316957116127,0.0
JP.AK,0.450803279876709,0.2068016038586696,0.0
JP.AO,0.42864882946014404,0.14717314349753516,0.0
JP.CH,0.45204657316207886,0.17219781917002466,0.0
JP.EH,0.41434383392333984,0.09566538542324507,0.0
JP.FI,0.871944785118103,0.34486280935151237,0.0
JP.FO,0.28312399983406067,0.11567547278744834,0.0
JP.FS,0.44564348459243774,0.2624690761168798,0.0
JP.GF,0.7980918288230896,0.5017922528915935,0.0
JP.GM,0.6224926710128784,0.25243646734290653,0.0
JP.HS,0.4468056261539459,0.13934363509373118,0.0
JP.HK,0.3995826244354248,0.08911365252505574,0.0
JP.HG,0.7924252152442932,0.3340998249394553,0.0
JP.IB,0.455322802066803,0.18127001035544607,0.0
JP.IS,0.826163649559021,0.28536088826755684,0.0
JP.IW,0.41932007670402527,0.2021431886419958,0.0
JP.KG,0.48510026931762695,0.4060644805431366,0.2971784472465515
JP.KS,0.38007301092147827,0.035835562866519795,0.0
JP.KN,0.6370409727096558,0.32369754612445834,0.0
JP.KC,0.4684765636920929,0.1135527025045896,0.0
JP.KM,0.3580031991004944,0.1569135640348707,0.0
JP.KY,0.7924252152442932,0.319293269680606,0.0
JP.ME,0.738105058670044,0.31164448261260985,0.0
JP.MG,0.44424718618392944,0.24304613322019578,0.0
JP.MZ,0.4053136110305786,0.16436005667561576,0.0
JP.NN,0.7710481286048889,0.3138412016409415,0.0
JP.NS,0.3556985855102539,0.038071677214856194,0.0
JP.NR,0.636210560798645,0.4548549513022105,0.0
JP.NI,0.6279983520507812,0.22504477534029219,0.0
JP.OT,0.3449617028236389,0.16551136424144108,0.0
JP.OY,0.4952237904071808,0.35130472362041476,0.0
JP.ON,0.31511932611465454,0.011504161128631006,0.0
JP.OS,0.5909754037857056,0.3451378792524338,0.0
JP.SG,0.345912903547287,0.10541375949978829,0.0
JP.ST,0.54976487159729,0.289889369573858,0.0
JP.SH,0.761758029460907,0.5709907735387484,0.4503208100795746
JP.SM,0.5389809012413025,0.07324384770098336,0.0
JP.SZ,0.6725985407829285,0.007155851719776158,0.0
JP.TC,0.455322802066803,0.24566762745380402,0.0
JP.TS,0.483916699886322,0.24091104169686636,0.0
JP.TK,0.510195791721344,0.3652573212981224,0.17511267960071564
JP.TT,0.5389809012413025,0.29629420382635935,0.0
JP.TY,0.8226239085197449,0.5304890255133311,0.0
JP.WK,0.738105058670044,0.2813485632340113,0.0
JP.YT,0.44424718618392944,0.2307317235640117,0.0
JP.YC,0.3629715144634247,0.11846525304847294,0.0
JP.YN,0.6627328395843506,0.34937149882316587,0.0
