HASC_1,Max,Mean,Min
JP.AI,0.428444504737854,0.19797754163543382,0.0
JP.AK,0.3076202869415283,0.08426045578789854,0.0
JP.AO,0.2089434564113617,0.01236309695190617,0.0
JP.CH,0.33565711975097656,0.12358389049768448,0.0
JP.EH,0.8110302686691284,0.30971131762679743,0.0
JP.FI,0.4665423333644867,0.17644818936075482,0.0
JP.FO,0.5009709000587463,0.1742493876389095,0.0
JP.FS,0.3131285011768341,0.19096776557465395,0.0
JP.GF,0.428444504737854,0.2533232329620255,0.0
JP.GM,0.38122206926345825,0.15302792025936973,0.0
JP.HS,0.7839595079421997,0.45510925551255543,0.0
JP.HK,0.20193496346473694,0.0004165479807957332,0.0
JP.HG,0.6521215438842773,0.27518789342471534,0.0
JP.IB,0.32871320843696594,0.1316379014816549,0.0
JP.IS,0.3955690860748291,0.1328115419795116,0.0
JP.IW,0.00012965155474375933,2.645950096811415e-06,0.0
JP.KG,0.6730852723121643,0.4873689189553261,0.3256397247314453
JP.KS,0.5255768299102783,0.03172679043125919,0.0
JP.KN,0.3731590509414673,0.20052876869837444,0.0
JP.KC,0.8110302686691284,0.2891875602028988,0.0
JP.KM,0.4742594063282013,0.21262949811560766,0.0
JP.KY,0.4665423333644867,0.17358501296904352,0.0
JP.ME,0.47118663787841797,0.1772484201937914,0.0
JP.MG,0.29161128401756287,0.07220853896445381,0.0
JP.MZ,0.7160918116569519,0.24284925631114415,0.0
JP.NN,0.41290926933288574,0.1784989916616016,0.0
JP.NS,0.1733453869819641,0.018895383979219735,0.0
JP.NR,0.44631022214889526,0.2558135767777761,0.0
JP.NI,0.363772451877594,0.12557514160871505,0.0
JP.OT,0.7534229159355164,0.3581801151235898,0.0
JP.OY,0.6730852723121643,0.44144644379615783,0.0
JP.ON,0.008889645338058472,1.9537682061666972e-05,0.0
JP.OS,0.47584250569343567,0.19207182650764784,0.0
JP.SG,0.45882195234298706,0.07560820505023003,0.0
JP.ST,0.38122206926345825,0.17750181174940532,0.0
JP.SH,0.4562220871448517,0.2925790250301361,0.1744825392961502
JP.SM,0.7962392568588257,0.15571731080611548,0.0
JP.SZ,0.4005456864833832,0.00427677731981123,0.0
JP.TC,0.33178427815437317,0.17652810096740723,0.0
JP.TS,0.6437520980834961,0.294930063188076,0.0
JP.TK,0.3731590509414673,0.2301578104496002,0.16056843101978302
JP.TT,0.6441442370414734,0.38413712808064054,0.0
JP.TY,0.3451923429965973,0.25692405700683596,0.0
JP.WK,0.47584250569343567,0.17939259260892867,0.0
JP.YT,0.3217582702636719,0.16892648126397813,0.0
JP.YC,0.7988415360450745,0.27058183153470355,0.0
JP.YN,0.38122206926345825,0.20828284770250322,0.0
