HASC_1,Max,Mean,Min
JP.AI,0.766589343547821,0.39779943103591603,0.0
JP.AK,0.6361370086669922,0.3014925916989644,0.0
JP.AO,0.5940857529640198,0.18571073434182575,0.0
JP.CH,0.666071891784668,0.2542080283164978,0.0
JP.EH,0.0,0.0,0.0
JP.FI,0.7657167315483093,0.21223333073513848,0.0
JP.FO,0.0,0.0,0.0
JP.FS,0.6300778388977051,0.37238974769910177,0.0
JP.GF,0.8523166179656982,0.48528654252489406,0.0
JP.GM,0.8222695589065552,0.3232894568807549,0.0
JP.HS,0.0,0.0,0.0
JP.HK,0.5745802521705627,0.10411804430680197,0.0
JP.HG,0.0935799777507782,0.040368979404281295,0.0
JP.IB,0.6298092603683472,0.2781209937400288,0.0
JP.IS,0.8198286890983582,0.28426101834823686,0.0
JP.IW,0.47202610969543457,0.22345643475347635,0.0
JP.KG,0.0,0.0,0.0
JP.KS,0.0,0.0,0.0
JP.KN,0.7488088607788086,0.39525814255078634,0.0
JP.KC,0.0,0.0,0.0
JP.KM,0.0,0.0,0.0
JP.KY,0.0935799777507782,0.040649536790119276,0.0
JP.ME,0.766589343547821,0.20058815460652113,0.0
JP.MG,0.6170598268508911,0.27527574996153514,0.0
JP.MZ,0.0,0.0,0.0
JP.NN,0.8523166179656982,0.39174667994181317,0.0
JP.NS,0.0,0.0,0.0
JP.NR,0.09362823516130447,0.06557266786694527,0.0
JP.NI,0.8179261684417725,0.2876461798946063,0.0
JP.OT,0.0,0.0,0.0
JP.OY,0.014493541792035103,0.0007604034291580319,0.0
JP.ON,0.36254164576530457,0.011622931636296786,0.0
JP.OS,0.09106115996837616,0.053306724255283676,0.0
JP.SG,0.0,0.0,0.0
JP.ST,0.768322765827179,0.36898835831218296,0.0
JP.SH,0.6837179064750671,0.23133700558294853,0.02239878848195076
JP.SM,0.0,0.0,0.0
JP.SZ,0.7718244194984436,0.008376150111918905,0.0
JP.TC,0.6300778388977051,0.3976417219638824,0.0
JP.TS,0.002312570810317993,0.0001525857854479303,0.0
JP.TK,0.760412335395813,0.5018669605255127,0.1998232901096344
JP.TT,0.07093976438045502,0.008540348795144209,0.0
JP.TY,0.8651512861251831,0.5376950711011886,0.0
JP.WK,0.09362823516130447,0.038984594369928044,0.0
JP.YT,0.6471841931343079,0.36438354551792146,0.0
JP.YC,0.0,0.0,0.0
JP.YN,0.760412335395813,0.47386763989925385,0.0
