HASC_1,Max,Mean,Min
JP.AI,0.47933393716812134,0.2631078225870927,0.0
JP.AK,0.7978541254997253,0.38088576154162485,0.0
JP.AO,0.8115461468696594,0.2555951503770692,0.0
JP.CH,0.7945557236671448,0.2947833488384883,0.0
JP.EH,0.3552128076553345,0.09442737615876357,0.0
JP.FI,0.5533905029296875,0.13735901919592705,0.0
JP.FO,0.0,0.0,0.0
JP.FS,0.8087512850761414,0.46686657667160036,0.0
JP.GF,0.5212671160697937,0.318550998551978,0.0
JP.GM,0.8802080154418945,0.35553547119100887,0.0
JP.HS,0.37474074959754944,0.18100764378905296,0.0
JP.HK,0.7309144735336304,0.13605434748003023,0.0
JP.HG,0.3877755403518677,0.1936849057674408,0.0
JP.IB,0.816581130027771,0.32815330558353,0.0
JP.IS,0.7589598298072815,0.22087130912890038,0.0
JP.IW,0.6569935083389282,0.35436788566258487,0.0
JP.KG,0.25432315468788147,0.21071330830454826,0.1750463843345642
JP.KS,0.0,0.0,0.0
JP.KN,0.7182996273040771,0.45528307954470315,0.0
JP.KC,0.3135482668876648,0.0950101114932396,0.0
JP.KM,0.0,0.0,0.0
JP.KY,0.4210580587387085,0.08525848471011462,0.0
JP.ME,0.4537052512168884,0.12708422849873385,0.0
JP.MG,0.7811495661735535,0.39145469715197884,0.0
JP.MZ,0.0,0.0,0.0
JP.NN,0.8109750151634216,0.3278362927613435,0.0
JP.NS,0.0,0.0,0.0
JP.NR,0.2787173390388489,0.058229467348670974,0.0
JP.NI,0.8607314825057983,0.3147491925292545,0.0
JP.OT,0.0,0.0,0.0
JP.OY,0.3951873183250427,0.23420840740203858,0.0
JP.ON,0.41929417848587036,0.022754256876318584,0.0
JP.OS,0.3118469715118408,0.14598502094546953,0.0
JP.SG,0.0,0.0,0.0
JP.ST,0.8802080154418945,0.4107600698868434,0.0
JP.SH,0.46153080463409424,0.16212641958676008,6.402547296602279e-05
JP.SM,0.3777642548084259,0.05972677890288954,0.0
JP.SZ,0.8109750151634216,0.007918337378361067,0.0
JP.TC,0.8087512850761414,0.4299387753009796,0.0
JP.TS,0.28537672758102417,0.131800327450037,0.0
JP.TK,0.7981842756271362,0.5874780654907227,0.38002708554267883
JP.TT,0.3951873183250427,0.2363699766851607,0.0
JP.TY,0.7520251870155334,0.4711879074573517,0.0
JP.WK,0.404662549495697,0.11776708836356799,0.0
JP.YT,0.7811495661735535,0.45986208191939765,0.0
JP.YC,0.31039947271347046,0.006341918276760865,0.0
JP.YN,0.8109750151634216,0.42772947549819945,0.0
