HASC_1,Max,Mean,Min
JP.AI,0.06782091408967972,0.00781217213140432,0.0
JP.AK,0.8798326253890991,0.4364384179934859,0.0
JP.AO,0.8760111927986145,0.3290520851101194,0.0
JP.CH,0.8051174879074097,0.2861401364207268,0.0
JP.EH,0.0,0.0,0.0
JP.FI,0.0069854166358709335,0.00020840546182755913,0.0
JP.FO,0.0,0.0,0.0
JP.FS,0.8604979515075684,0.5037037826246685,0.0
JP.GF,0.0933295488357544,0.021953817047485953,0.0
JP.GM,0.7526593208312988,0.23448066346140373,0.0
JP.HS,0.0,0.0,0.0
JP.HK,0.8943051099777222,0.18021202853922982,0.0
JP.HG,0.0,0.0,0.0
JP.IB,0.8800206184387207,0.35702044434017605,0.0
JP.IS,0.09300241619348526,0.022906575295564835,0.0
JP.IW,0.8237034678459167,0.43151254982364423,0.0
JP.KG,0.0,0.0,0.0
JP.KS,0.27701041102409363,0.001663671185572942,0.0
JP.KN,0.8116540312767029,0.3220492295920849,0.0
JP.KC,0.0,0.0,0.0
JP.KM,0.0,0.0,0.0
JP.KY,0.0,0.0,0.0
JP.ME,0.0,0.0,0.0
JP.MG,0.7721937894821167,0.4787362068891525,0.0
JP.MZ,0.0,0.0,0.0
JP.NN,0.2605476379394531,0.05147951513666798,0.0
JP.NS,0.0,0.0,0.0
JP.NR,0.0,0.0,0.0
JP.NI,0.718824028968811,0.20754809288514986,0.0
JP.OT,0.0,0.0,0.0
JP.OY,0.0,0.0,0.0
JP.ON,0.4168568253517151,0.025868461305623525,0.0
JP.OS,0.0,0.0,0.0
JP.SG,0.0,0.0,0.0
JP.ST,0.765834391117096,0.28241383708599543,0.0
JP.SH,0.0,0.0,0.0
JP.SM,0.0,0.0,0.0
JP.SZ,0.4537610113620758,0.002686943927873769,0.0
JP.TC,0.8604979515075684,0.4663113307952881,0.0
JP.TS,0.0,0.0,0.0
JP.TK,0.8116540312767029,0.43145564328879116,0.02023262344300747
JP.TT,0.0,0.0,0.0
JP.TY,0.0933295488357544,0.06590567156672478,0.0
JP.WK,0.0,0.0,0.0
JP.YT,0.8760639429092407,0.46544585227966306,0.0
JP.YC,0.0,0.0,0.0
JP.YN,0.1599128693342209,0.056538930628448725,0.0
