HASC_1,Max,Mean,Min
JP.AI,0.7715415954589844,0.42985796680053073,0.0
JP.AK,0.6170957088470459,0.30068833101540804,0.0
JP.AO,0.6037275791168213,0.1869149616786412,0.0
JP.CH,0.643665075302124,0.25151825613445705,0.0
JP.EH,0.36633816361427307,0.13756365678748306,0.0
JP.FI,0.7744988203048706,0.29594455872263226,0.0
JP.FO,0.30923664569854736,0.01806270114694988,0.0
JP.FS,0.6537891626358032,0.3750198665592406,0.0
JP.GF,0.8119041919708252,0.4969713795516226,0.0
JP.GM,0.8273016214370728,0.3323548179533746,0.0
JP.HS,0.42908376455307007,0.23643918037414552,0.0
JP.HK,0.6172440052032471,0.11081095967334484,0.0
JP.HG,0.49908044934272766,0.16739575040909196,0.0
JP.IB,0.6461832523345947,0.2840629745688703,0.0
JP.IS,0.8486349582672119,0.27662656797717017,0.0
JP.IW,0.43034157156944275,0.2296679822766051,0.0
JP.KG,0.3655683100223541,0.1584443785250187,0.0
JP.KS,0.0,0.0,0.0
JP.KN,0.6574589014053345,0.3719292143980662,0.0
JP.KC,0.3133315145969391,0.12555561539786006,0.0
JP.KM,0.34833019971847534,0.015634132921695708,0.0
JP.KY,0.5200784206390381,0.20972922320167223,0.0
JP.ME,0.7715415954589844,0.2549471952021122,0.0
JP.MG,0.5409626364707947,0.2782364055514336,0.0
JP.MZ,0.34833019971847534,0.0611049817387192,0.0
JP.NN,0.8352820873260498,0.38645130920189397,0.0
JP.NS,0.0,0.0,0.0
JP.NR,0.5200784206390381,0.32956158618132275,0.0
JP.NI,0.8352820873260498,0.2913145025571187,0.0
JP.OT,0.36596912145614624,0.14952896245619438,0.0
JP.OY,0.4329489469528198,0.16770821260346566,0.0
JP.ON,0.30249467492103577,0.012013547400851827,0.0
JP.OS,0.45489826798439026,0.20215604330102602,0.0
JP.SG,0.0,0.0,0.0
JP.ST,0.8127843737602234,0.3922564693623119,0.0
JP.SH,0.6457570791244507,0.36287357037266094,0.13141828775405884
JP.SM,0.42908376455307007,0.08396329917013645,0.0
JP.SZ,0.781778872013092,0.008521244970909487,0.0
JP.TC,0.6461832523345947,0.3777493566274643,0.0
JP.TS,0.3329275846481323,0.07023043418303132,0.0
JP.TK,0.7804558873176575,0.5111456871032715,0.22006821632385254
JP.TT,0.4329489469528198,0.15777183705150882,0.0
JP.TY,0.838478684425354,0.49634649852911633,0.0
JP.WK,0.4792957305908203,0.2014186754822731,0.0
JP.YT,0.6646550297737122,0.36370072364807127,0.0
JP.YC,0.38786613941192627,0.11760760905841987,0.0
JP.YN,0.7804558873176575,0.4412982016801834,0.0
