HASC_1,Max,Mean,Min
JP.AI,0.29588422179222107,0.16119930986315012,0.0
JP.AK,0.0,0.0,0.0
JP.AO,0.0,0.0,0.0
JP.CH,0.0,0.0,0.0
JP.EH,0.4552839398384094,0.17206755219673625,0.0
JP.FI,0.32176804542541504,0.13162468778235573,0.0
JP.FO,0.5640705823898315,0.20647076325757163,0.0
JP.FS,0.0,0.0,0.0
JP.GF,0.3053562343120575,0.17487920572360358,0.0
JP.GM,0.0,0.0,0.0
JP.HS,0.41968297958374023,0.23163246562083561,0.0
JP.HK,0.6351208090782166,0.0621162896555097,0.0
JP.HG,0.3751527667045593,0.18623206785746982,0.0
JP.IB,0.0,0.0,0.0
JP.IS,0.3040451109409332,0.1028435396340986,0.0
JP.IW,0.0,0.0,0.0
JP.KG,0.4036136865615845,0.2800627797842026,0.18592366576194763
JP.KS,0.718268871307373,0.10809034126048739,0.0
JP.KN,0.0,0.0,0.0
JP.KC,0.3951336741447449,0.14857486055956948,0.0
JP.KM,0.6390299797058105,0.2754844461168562,0.0
JP.KY,0.3443373143672943,0.13632299875219664,0.0
JP.ME,0.3021404445171356,0.14067512564361095,0.0
JP.MG,0.0,0.0,0.0
JP.MZ,0.4770159125328064,0.18712422074306578,0.0
JP.NN,0.2956657111644745,0.049536176991683466,0.0
JP.NS,0.6606889963150024,0.1490326683830332,0.0
JP.NR,0.3443373143672943,0.2142765462398529,0.0
JP.NI,0.0639040544629097,0.001032398103011979,0.0
JP.OT,0.47819066047668457,0.22946520845095317,0.0
JP.OY,0.4088626503944397,0.24265136301517487,0.0
JP.ON,0.525624692440033,0.03276558582271848,0.0
JP.OS,0.3443373143672943,0.15954571962356567,0.0
JP.SG,0.5640705823898315,0.20493140071630478,0.0
JP.ST,0.0,0.0,0.0
JP.SH,0.32176804542541504,0.20019123889505863,0.12364039570093155
JP.SM,0.41029101610183716,0.08265874333058794,0.0
JP.SZ,0.29588422179222107,0.0009936355894822086,0.0
JP.TC,0.0,0.0,0.0
JP.TS,0.3751527667045593,0.1679486595094204,0.0
JP.TK,0.0,0.0,0.0
JP.TT,0.3128846287727356,0.20239785171690441,0.0
JP.TY,0.29072365164756775,0.145357949535052,0.0
JP.WK,0.3592836260795593,0.13605388154586157,0.0
JP.YT,0.0,0.0,0.0
JP.YC,0.4650406837463379,0.15529408830183525,0.0
JP.YN,0.1127757802605629,0.006556153297424316,0.0
