HASC_1,Max,Mean,Min
JP.AI,0.46485769748687744,0.218507315342625,0.0
JP.AK,0.34257960319519043,0.17925499441723028,0.0
JP.AO,0.34257960319519043,0.11359303199819155,0.0
JP.CH,0.36927565932273865,0.1325670344134172,0.0
JP.EH,0.7582616806030273,0.28628234960594956,0.0
JP.FI,0.6322880983352661,0.24927127531596593,0.0
JP.FO,0.08531327545642853,0.015319667825679062,0.0
JP.FS,0.35377538204193115,0.21846543020672268,0.0
JP.GF,0.46485769748687744,0.272749407009946,0.0
JP.GM,0.404312402009964,0.16741848530040848,0.0
JP.HS,0.746214747428894,0.4767069707314173,0.0
JP.HK,0.3405790627002716,0.01587666557726178,0.0
JP.HG,0.8220584392547607,0.36351000240870884,0.0
JP.IB,0.3922855257987976,0.141475111246109,0.0
JP.IS,0.43414416909217834,0.14629377145320177,0.0
JP.IW,0.33170586824417114,0.14346657345565605,0.0
JP.KG,0.7917208075523376,0.5706184171140194,0.3231751024723053
JP.KS,0.0,0.0,0.0
JP.KN,0.37931370735168457,0.21264695922533672,0.0
JP.KC,0.8009989261627197,0.307622322053821,0.0
JP.KM,0.08376824855804443,0.009242338524407907,0.0
JP.KY,0.658525824546814,0.27450975527366,0.0
JP.ME,0.6428107619285583,0.24536293148994445,0.0
JP.MG,0.315695583820343,0.19446843167146047,0.0
JP.MZ,0.14535310864448547,0.022930716958528916,0.0
JP.NN,0.39953458309173584,0.18105119521971103,0.0
JP.NS,0.0,0.0,0.0
JP.NR,0.6768711805343628,0.4523747444152832,0.0
JP.NI,0.4451600909233093,0.1426010188129213,0.0
JP.OT,0.4343632161617279,0.08601881663004557,0.0
JP.OY,0.7510998249053955,0.4890990889072418,0.0
JP.ON,0.0,0.0,0.0
JP.OS,0.6006969213485718,0.2941882113615672,0.0
JP.SG,0.017121247947216034,0.0008560623973608017,0.0
JP.ST,0.404312402009964,0.21834159642457962,0.0
JP.SH,0.5563017129898071,0.3944607675075531,0.2779957354068756
JP.SM,0.7736978530883789,0.1693770483446618,0.0
JP.SZ,0.4415549635887146,0.004699213953766227,0.0
JP.TC,0.3922855257987976,0.19009496927261352,0.0
JP.TS,0.7917208075523376,0.34055331721901894,0.0
JP.TK,0.4079210162162781,0.2991165041923523,0.19479244947433472
JP.TT,0.8220584392547607,0.4857836237975529,0.0
JP.TY,0.45774444937705994,0.2812873234351476,0.0
JP.WK,0.580532968044281,0.25570064385732016,0.0
JP.YT,0.35377538204193115,0.17724433285849436,0.0
JP.YC,0.6324799656867981,0.11968600970727426,0.0
JP.YN,0.4415549635887146,0.23908795937895774,0.0
