HASC_1,Max,Mean,Min
JP.AI,0.06957216560840607,0.008431678073369161,0.0
JP.AK,0.9020024538040161,0.43379741876075667,0.0
JP.AO,0.8667930960655212,0.32967819826943534,0.0
JP.CH,0.7721017003059387,0.30749277356598115,0.0
JP.EH,0.0,0.0,0.0
JP.FI,0.00529577536508441,0.00015376595568211216,0.0
JP.FO,0.0,0.0,0.0
JP.FS,0.8546954393386841,0.507958189646403,0.0
JP.GF,0.08878398686647415,0.021449580019988288,0.0
JP.GM,0.7637367248535156,0.232759903702471,0.0
JP.HS,0.0,0.0,0.0
JP.HK,0.8386352062225342,0.1775724398194517,0.0
JP.HG,0.0,0.0,0.0
JP.IB,0.8160261511802673,0.3422517147329118,0.0
JP.IS,0.07084745913743973,0.015479425395218035,0.0
JP.IW,0.8553063273429871,0.44188209273377244,0.0
JP.KG,0.0,0.0,0.0
JP.KS,0.23689797520637512,0.0013543960045684469,0.0
JP.KN,0.7658987641334534,0.3364436181883017,0.0
JP.KC,0.0,0.0,0.0
JP.KM,0.0,0.0,0.0
JP.KY,0.0,0.0,0.0
JP.ME,0.0,0.0,0.0
JP.MG,0.8153953552246094,0.47225038707256317,0.0
JP.MZ,0.0,0.0,0.0
JP.NN,0.3044123351573944,0.05170097788450895,0.0
JP.NS,0.0,0.0,0.0
JP.NR,0.0,0.0,0.0
JP.NI,0.7637367248535156,0.21247537990825044,0.0
JP.OT,0.0,0.0,0.0
JP.OY,0.0,0.0,0.0
JP.ON,0.4449104070663452,0.026836446009494447,0.0
JP.OS,0.0,0.0,0.0
JP.SG,0.0,0.0,0.0
JP.ST,0.7838501930236816,0.3041657678162058,0.0
JP.SH,0.0,0.0,0.0
JP.SM,0.0,0.0,0.0
JP.SZ,0.4651936888694763,0.00273799955759832,0.0
JP.TC,0.8368109464645386,0.427297545671463,0.0
JP.TS,0.0,0.0,0.0
JP.TK,0.7838501930236816,0.4701019451022148,0.022912807762622833
JP.TT,0.0,0.0,0.0
JP.TY,0.09292369335889816,0.06448964290320873,0.0
JP.WK,0.0,0.0,0.0
JP.YT,0.808721125125885,0.48099574531827655,0.0
JP.YC,0.0,0.0,0.0
JP.YN,0.1402394324541092,0.056259266845881936,0.0
