HASC_1,Max,Mean,Min
JP.AI,0.7410610914230347,0.4424130208790302,0.0
JP.AK,0.43263787031173706,0.20750256814062595,0.0
JP.AO,0.4375176727771759,0.14186104238033295,0.0
JP.CH,0.4575006365776062,0.17159038699335522,0.0
JP.EH,0.4279736578464508,0.09782718017364385,0.0
JP.FI,0.8585723042488098,0.3433450026171548,0.0
JP.FO,0.22999024391174316,0.11029968474592482,0.0
JP.FS,0.4548855721950531,0.2631911483075884,0.0
JP.GF,0.8185890316963196,0.506229923831092,0.0
JP.GM,0.6321220397949219,0.2520862805346648,0.0
JP.HS,0.42471855878829956,0.13983271175619336,0.0
JP.HK,0.3933800458908081,0.08896924214391613,0.0
JP.HG,0.7748375535011292,0.341298428603581,0.0
JP.IB,0.44715455174446106,0.18095341531766784,0.0
JP.IS,0.8280673027038574,0.28342724964022636,0.0
JP.IW,0.4120059013366699,0.20196388327345557,0.0
JP.KG,0.4875165820121765,0.4074387103319168,0.2983907163143158
JP.KS,0.3817828297615051,0.03664593443726048,0.0
JP.KN,0.6086397767066956,0.31814661423365276,0.0
JP.KC,0.4501619338989258,0.11119133672952929,0.0
JP.KM,0.38748931884765625,0.17604188663618905,0.0
JP.KY,0.7748375535011292,0.315738664733039,0.0
JP.ME,0.7435758113861084,0.31170398369431496,0.0
JP.MG,0.43263787031173706,0.23344809412956238,0.0
JP.MZ,0.41222530603408813,0.16866192505473182,0.0
JP.NN,0.766179084777832,0.31522827236740675,0.0
JP.NS,0.33779609203338623,0.03630183372964287,0.0
JP.NR,0.6380788087844849,0.46680883566538495,0.0
JP.NI,0.6321220397949219,0.22437099549505446,0.0
JP.OT,0.35918763279914856,0.1780476003885269,0.0
JP.OY,0.4875165820121765,0.35691417098045347,0.0
JP.ON,0.28614485263824463,0.005672488854059458,0.0
JP.OS,0.6171660423278809,0.35573864976565045,0.0
JP.SG,0.31460535526275635,0.09531913623213768,0.0
JP.ST,0.5701159238815308,0.2921655873457591,0.0
JP.SH,0.7485364079475403,0.5503062456846237,0.40680328011512756
JP.SM,0.5169028639793396,0.0735300421595942,0.0
JP.SZ,0.7153252363204956,0.007180281657762246,0.0
JP.TC,0.461902916431427,0.2441161108016968,0.0
JP.TS,0.48639050126075745,0.23626917662719885,0.0
JP.TK,0.5247293710708618,0.36491175591945646,0.18012267351150513
JP.TT,0.5159009099006653,0.29230237361930667,0.0
JP.TY,0.8185890316963196,0.5259854098161062,0.0
JP.WK,0.7435758113861084,0.2883525480826696,0.0
JP.YT,0.4437065124511719,0.2324063403265817,0.0
JP.YC,0.338981568813324,0.11581791661403797,0.0
JP.YN,0.6662797927856445,0.3490240953862667,0.0
