HASC_1,Max,Mean,Min
JP.AI,0.37473857402801514,0.213671604792277,0.0
JP.AK,0.8757252097129822,0.3827066575177014,0.0
JP.AO,0.8917804956436157,0.3104926322187696,0.0
JP.CH,0.5069003105163574,0.18366816598508093,0.0
JP.EH,0.0,0.0,0.0
JP.FI,0.36561810970306396,0.13267189519745962,0.0
JP.FO,0.0,0.0,0.0
JP.FS,0.76557856798172,0.3554841567658716,0.0
JP.GF,0.4314897656440735,0.2525058914389875,0.0
JP.GM,0.4936356544494629,0.1306634747630192,0.0
JP.HS,0.0,0.0,0.0
JP.HK,0.9117615222930908,0.2183226342983697,0.0
JP.HG,0.13789726793766022,0.009275162066998226,0.0
JP.IB,0.76557856798172,0.24692795218692887,0.0
JP.IS,0.31420618295669556,0.0760288635113587,0.0
JP.IW,0.8917804956436157,0.485373173745311,0.0
JP.KG,0.0,0.0,0.0
JP.KS,0.3023443818092346,0.027125186392698775,0.0
JP.KN,0.5138893127441406,0.18433340162737294,0.0
JP.KC,0.0,0.0,0.0
JP.KM,0.04587449133396149,0.0013446950486728122,0.0
JP.KY,0.33305978775024414,0.09718494350737375,0.0
JP.ME,0.3876616060733795,0.1681629542261362,0.0
JP.MG,0.8069020509719849,0.46062558392683667,0.0
JP.MZ,0.0,0.0,0.0
JP.NN,0.43946829438209534,0.15133795387077112,0.0
JP.NS,0.2975955903530121,0.032097104857072095,0.0
JP.NR,0.35777097940444946,0.24142448802789052,0.0
JP.NI,0.45374786853790283,0.08220464603768454,0.0
JP.OT,0.0,0.0,0.0
JP.OY,0.0,0.0,0.0
JP.ON,0.46803393959999084,0.030558288326630226,0.0
JP.OS,0.3383275270462036,0.10200800855333607,0.0
JP.SG,0.0,0.0,0.0
JP.ST,0.4936356544494629,0.1564379008486867,0.0
JP.SH,0.3876616060733795,0.27806783840060234,0.200099378824234
JP.SM,0.0,0.0,0.0
JP.SZ,0.39927518367767334,0.0033403514493761063,0.0
JP.TC,0.5629602670669556,0.3083448493480682,0.0
JP.TS,0.0,0.0,0.0
JP.TK,0.5138893127441406,0.245636654086411,0.02355032227933407
JP.TT,0.0,0.0,0.0
JP.TY,0.3436657190322876,0.23843698700269064,0.0
JP.WK,0.3383275270462036,0.07002115156501532,0.0
JP.YT,0.6228898763656616,0.24982760506016868,0.0
JP.YC,0.0,0.0,0.0
JP.YN,0.4160163402557373,0.1304666229756549,0.0
