HASC_1,Max,Mean,Min
JP.AI,0.08407599478960037,0.0060127791948616505,0.0
JP.AK,0.0,0.0,0.0
JP.AO,0.002330475952476263,3.329251360680376e-05,0.0
JP.CH,0.0,0.0,0.0
JP.EH,0.37460362911224365,0.13286529036656936,0.0
JP.FI,0.2902607321739197,0.09727712751420248,0.0
JP.FO,0.4530414342880249,0.17723612231867655,0.0
JP.FS,0.0,0.0,0.0
JP.GF,0.1849159300327301,0.02052077275907828,0.0
JP.GM,0.0,0.0,0.0
JP.HS,0.36286598443984985,0.2081555758913358,0.0
JP.HK,0.7184419631958008,0.10824167611960843,0.0
JP.HG,0.33270108699798584,0.17407090365886688,0.0
JP.IB,0.0,0.0,0.0
JP.IS,0.2809056043624878,0.00675819076074428,0.0
JP.IW,0.2635086476802826,0.021206357345289112,0.0
JP.KG,0.3501948118209839,0.222191721200943,0.10071229934692383
JP.KS,0.6287815570831299,0.06774494858991327,0.0
JP.KN,0.0,0.0,0.0
JP.KC,0.37460362911224365,0.1267246098637029,0.0
JP.KM,0.4530414342880249,0.20591738862650735,0.0
JP.KY,0.31918108463287354,0.1267364944020907,0.0
JP.ME,0.2823861837387085,0.11010791072621942,0.0
JP.MG,0.0,0.0,0.0
JP.MZ,0.4386413097381592,0.11720640254428699,0.0
JP.NN,0.0,0.0,0.0
JP.NS,0.6364719271659851,0.11151672182259736,0.0
JP.NR,0.30337628722190857,0.1907669613758723,0.0
JP.NI,0.0,0.0,0.0
JP.OT,0.4386413097381592,0.20139040301243463,0.0
JP.OY,0.36286598443984985,0.2265297317504883,0.0
JP.ON,0.6345683932304382,0.0332542198853424,0.0
JP.OS,0.29657459259033203,0.15623076260089874,0.0
JP.SG,0.4530414342880249,0.14503066316246987,0.0
JP.ST,0.0,0.0,0.0
JP.SH,0.292594850063324,0.19905612741907439,0.11359541118144989
JP.SM,0.3572441339492798,0.07964644146462281,0.0
JP.SZ,0.5083451271057129,0.00016143065325681578,0.0
JP.TC,0.0,0.0,0.0
JP.TS,0.3501948118209839,0.11991117669579883,0.0
JP.TK,0.0,0.0,0.0
JP.TT,0.31624433398246765,0.20316377920763834,0.0
JP.TY,0.0,0.0,0.0
JP.WK,0.3036251366138458,0.1277801886200905,0.0
JP.YT,0.0,0.0,0.0
JP.YC,0.44535350799560547,0.12999304466777378,0.0
JP.YN,0.0,0.0,0.0
