HASC_1,Max,Mean,Min
JP.AI,0.3935664892196655,0.1918882311632236,0.0
JP.AK,0.3059200644493103,0.0915838383176985,0.0
JP.AO,0.2165418416261673,0.013452074636838266,0.0
JP.CH,0.3466745913028717,0.12143570474452442,0.0
JP.EH,0.8133640289306641,0.3058649155558372,0.0
JP.FI,0.43314802646636963,0.17545274751526968,0.0
JP.FO,0.49081850051879883,0.1889331238610404,0.0
JP.FS,0.3234691321849823,0.19465000190668635,0.0
JP.GF,0.4547315239906311,0.25364627151025665,0.0
JP.GM,0.3709602952003479,0.15360083224044907,0.0
JP.HS,0.7927408814430237,0.4629097779591878,0.0
JP.HK,0.2567562162876129,0.0005565297812867312,0.0
JP.HG,0.6692494750022888,0.2908026720796313,0.0
JP.IB,0.3343784213066101,0.12891405945022902,0.0
JP.IS,0.3905017077922821,0.1299762095635136,0.0
JP.IW,0.01208618562668562,0.0002466568495241963,0.0
JP.KG,0.6464031338691711,0.47527703270316124,0.3205702602863312
JP.KS,0.5340149402618408,0.07558068335338523,0.0
JP.KN,0.3466745913028717,0.1931304027636846,0.0
JP.KC,0.8133640289306641,0.2895475904698725,0.0
JP.KM,0.48360854387283325,0.2878541171550751,0.0
JP.KY,0.47405776381492615,0.17689736684163412,0.0
JP.ME,0.4697543680667877,0.17643612958490848,0.0
JP.MG,0.30322203040122986,0.07594360355287791,0.0
JP.MZ,0.7543947696685791,0.24524904823019392,0.0
JP.NN,0.39056044816970825,0.1779580052804064,0.0
JP.NS,0.48693954944610596,0.10231851786375046,0.0
JP.NR,0.4697543680667877,0.2658863921960195,0.0
JP.NI,0.3630782961845398,0.12711023837327956,0.0
JP.OT,0.7552292943000793,0.3633744438489278,0.0
JP.OY,0.6692494750022888,0.44202815055847167,0.0
JP.ON,0.4003722369670868,0.016901987987560232,0.0
JP.OS,0.44066497683525085,0.18780244265993437,0.0
JP.SG,0.48693954944610596,0.1976870357990265,0.0
JP.ST,0.3722682595252991,0.18066220399406221,0.0
JP.SH,0.4547315239906311,0.3064449777205785,0.1774091124534607
JP.SM,0.7706426978111267,0.15620829863473773,0.0
JP.SZ,0.3848615884780884,0.00440089478402639,0.0
JP.TC,0.32443851232528687,0.17699246644973754,0.0
JP.TS,0.5777806639671326,0.29336132605870563,0.0
JP.TK,0.3722682595252991,0.23485366851091385,0.13479913771152496
JP.TT,0.6420449614524841,0.38196864582243417,0.0
JP.TY,0.396312415599823,0.2760897884766261,0.0
JP.WK,0.44066497683525085,0.17553426225980123,0.0
JP.YT,0.3213074207305908,0.16954073629208974,0.0
JP.YC,0.7902040481567383,0.2592561805137881,0.0
JP.YN,0.34481167793273926,0.1943509802222252,0.0
