HASC_1,Max,Mean,Min
JP.AI,0.0,0.0,0.0
JP.AK,0.27784109115600586,0.06674750131787732,0.0
JP.AO,0.33364054560661316,0.09240222004508333,0.0
JP.CH,0.0,0.0,0.0
JP.EH,0.36717671155929565,0.13029431627721202,0.0
JP.FI,0.0,0.0,0.0
JP.FO,0.42373257875442505,0.16635756875787464,0.0
JP.FS,0.3407920002937317,0.032935553866749005,0.0
JP.GF,0.0,0.0,0.0
JP.GM,0.0,0.0,0.0
JP.HS,0.33453232049942017,0.2045466755827268,0.0
JP.HK,0.8388890027999878,0.17102264240443987,0.0
JP.HG,0.2944824695587158,0.12387745336496404,0.0
JP.IB,0.0,0.0,0.0
JP.IS,0.0,0.0,0.0
JP.IW,0.39294588565826416,0.1864474656022325,0.0
JP.KG,0.2853928208351135,0.2024600449949503,0.13406100869178772
JP.KS,0.48009538650512695,0.0764350655742667,0.0
JP.KN,0.0,0.0,0.0
JP.KC,0.36717671155929565,0.13084942571542882,0.0
JP.KM,0.3735302984714508,0.19325730970927646,0.0
JP.KY,0.10899203270673752,0.007004502112977207,0.0
JP.ME,0.0,0.0,0.0
JP.MG,0.3850308656692505,0.16365221720188855,0.0
JP.MZ,0.4219890236854553,0.14898267423822767,0.0
JP.NN,0.0,0.0,0.0
JP.NS,0.47343888878822327,0.1017811070713732,0.0
JP.NR,0.0,0.0,0.0
JP.NI,0.0,0.0,0.0
JP.OT,0.40125572681427,0.19379106213649114,0.0
JP.OY,0.32285401225090027,0.19979696094989777,0.0
JP.ON,0.5927602648735046,0.03900137533853342,0.0
JP.OS,0.2801434397697449,0.025974517067273457,0.0
JP.SG,0.42373257875442505,0.16095084100961685,0.0
JP.ST,0.0,0.0,0.0
JP.SH,0.0,0.0,0.0
JP.SM,0.33453232049942017,0.07400906349842747,0.0
JP.SZ,0.23113667964935303,7.34000252935386e-05,0.0
JP.TC,0.0,0.0,0.0
JP.TS,0.2944824695587158,0.13710142920414606,0.0
JP.TK,0.0,0.0,0.0
JP.TT,0.28650951385498047,0.1908664589836484,0.0
JP.TY,0.0,0.0,0.0
JP.WK,0.2801434397697449,0.05311970428253213,0.0
JP.YT,0.10790209472179413,0.004810388865215438,0.0
JP.YC,0.3327820301055908,0.12162715334583211,0.0
JP.YN,0.0,0.0,0.0
