HASC_1,Max,Mean,Min
JP.AI,0.3567667007446289,0.2044660778095325,0.0
JP.AK,0.8737808465957642,0.44874597527086735,0.0
JP.AO,0.8924753069877625,0.330725046140807,0.0
JP.CH,0.49535053968429565,0.17389967954821056,0.0
JP.EH,0.0,0.0,0.0
JP.FI,0.3866884112358093,0.1408170325415475,0.0
JP.FO,0.0,0.0,0.0
JP.FS,0.7616189122200012,0.45183048844337464,0.0
JP.GF,0.43095898628234863,0.2548416385220157,0.0
JP.GM,0.5108086466789246,0.13259524347571036,0.0
JP.HS,0.0,0.0,0.0
JP.HK,0.9087527394294739,0.2195628985088058,0.0
JP.HG,0.15316028892993927,0.009032814864934022,0.0
JP.IB,0.7616189122200012,0.24127292094959152,0.0
JP.IS,0.34312903881073,0.11381197720766068,0.0
JP.IW,0.8924753069877625,0.4894133070293738,0.0
JP.KG,0.0,0.0,0.0
JP.KS,0.31185072660446167,0.0269387359413403,0.0
JP.KN,0.44361960887908936,0.14976227856338178,0.0
JP.KC,0.0,0.0,0.0
JP.KM,0.0522824302315712,0.0015505746539149965,0.0
JP.KY,0.3497377932071686,0.10114844393845285,0.0
JP.ME,0.3841244876384735,0.1620514515787363,0.0
JP.MG,0.8138412833213806,0.4602786421775818,0.0
JP.MZ,0.0,0.0,0.0
JP.NN,0.4415915012359619,0.1525365277883355,0.0
JP.NS,0.2995249032974243,0.027424429043161648,0.0
JP.NR,0.34344935417175293,0.24267779091993968,0.0
JP.NI,0.7893052101135254,0.14575575081010658,0.0
JP.OT,0.0,0.0,0.0
JP.OY,0.0,0.0,0.0
JP.ON,0.47451916337013245,0.030314059031533672,0.0
JP.OS,0.34344935417175293,0.10682618618011475,0.0
JP.SG,0.0,0.0,0.0
JP.ST,0.4919571578502655,0.14776193169463012,0.0
JP.SH,0.3841244876384735,0.2883730207880338,0.19820037484169006
JP.SM,0.0,0.0,0.0
JP.SZ,0.38007891178131104,0.003246765297472727,0.0
JP.TC,0.660987913608551,0.31897536277770994,0.0
JP.TS,0.0,0.0,0.0
JP.TK,0.4401068687438965,0.20277706505730747,0.012287870980799198
JP.TT,0.0,0.0,0.0
JP.TY,0.3654451370239258,0.25010577936967215,0.0
JP.WK,0.34344935417175293,0.06693575444320837,0.0
JP.YT,0.8035081028938293,0.40950074536459785,0.0
JP.YC,0.0,0.0,0.0
JP.YN,0.40202492475509644,0.12378404667397262,0.0
