HASC_1,Max,Mean,Min
JP.AI,0.7845429182052612,0.4324630672732989,0.0
JP.AK,0.4158811569213867,0.20919238434483609,0.0
JP.AO,0.3925016522407532,0.13485082366636822,0.0
JP.CH,0.4652705788612366,0.17062956343094507,0.0
JP.EH,0.4375093877315521,0.09962122292678283,0.0
JP.FI,0.8562925457954407,0.33614500164985656,0.0
JP.FO,0.3007643222808838,0.11877444854804448,0.0
JP.FS,0.4701966643333435,0.2717558804485533,0.0
JP.GF,0.8443979024887085,0.5092376752032174,0.0
JP.GM,0.6200632452964783,0.2546684497760402,0.0
JP.HS,0.4267837107181549,0.1375850653857924,0.0
JP.HK,0.42045068740844727,0.07681591955524747,0.0
JP.HG,0.7385268211364746,0.3537600840841021,0.0
JP.IB,0.45749354362487793,0.18304850243859822,0.0
JP.IS,0.8562925457954407,0.2815096223105987,0.0
JP.IW,0.4158811569213867,0.20566536151632972,0.0
JP.KG,0.48751771450042725,0.38768063113093376,0.2559660077095032
JP.KS,0.3625546097755432,0.034996514138060084,0.0
JP.KN,0.5905410647392273,0.3054263432820638,0.0
JP.KC,0.4679838716983795,0.11065005384282106,0.0
JP.KM,0.3975266218185425,0.20301399997302463,0.0
JP.KY,0.7385268211364746,0.3200998529791832,0.0
JP.ME,0.7255464792251587,0.3177863098680973,0.0
JP.MG,0.3847297430038452,0.22043891698122026,0.0
JP.MZ,0.3975266218185425,0.16014996135518664,0.0
JP.NN,0.7845429182052612,0.31692427838290177,0.0
JP.NS,0.3309391438961029,0.03407258115054935,0.0
JP.NR,0.6909343004226685,0.4885866383711497,0.0
JP.NI,0.6682692170143127,0.22569885816839005,0.0
JP.OT,0.39924630522727966,0.19828471144040424,0.0
JP.OY,0.48695701360702515,0.3617958331108093,0.0
JP.ON,0.291939377784729,0.011894967873672863,0.0
JP.OS,0.71315997838974,0.3853271926442782,0.0
JP.SG,0.22883270680904388,0.09382398650050164,0.0
JP.ST,0.6164168119430542,0.2981232644783126,0.0
JP.SH,0.6860155463218689,0.5274531270066897,0.391902893781662
JP.SM,0.4832754135131836,0.07335940728201724,0.0
JP.SZ,0.7427933216094971,0.0072551919860134205,0.0
JP.TC,0.4701966643333435,0.24187105178833007,0.0
JP.TS,0.48751771450042725,0.2255747988820076,0.0
JP.TK,0.539624035358429,0.35969716906547544,0.18661890923976898
JP.TT,0.46184584498405457,0.30208241159007665,0.0
JP.TY,0.8443979024887085,0.5305637458960215,0.0
JP.WK,0.7255464792251587,0.28328885734081266,0.0
JP.YT,0.4585294723510742,0.2362763890198299,0.0
JP.YC,0.4072454571723938,0.12153692764264566,0.0
JP.YN,0.6649519801139832,0.34972514733672144,0.0
