HASC_1,Max,Mean,Min
JP.AI,0.0,0.0,0.0
JP.AK,0.0,0.0,0.0
JP.AO,5.259351746644825e-05,7.513359638064036e-07,0.0
JP.CH,0.0,0.0,0.0
JP.EH,0.33108097314834595,0.13507109059362996,0.0
JP.FI,0.0,0.0,0.0
JP.FO,0.3413754403591156,0.14637558247361865,0.0
JP.FS,0.0,0.0,0.0
JP.GF,0.0,0.0,0.0
JP.GM,0.0,0.0,0.0
JP.HS,0.3217150568962097,0.18697932610909143,0.0
JP.HK,0.6913089752197266,0.07295811644528881,0.0
JP.HG,0.08537837862968445,0.003162417241505214,0.0
JP.IB,0.0,0.0,0.0
JP.IS,0.0,0.0,0.0
JP.IW,0.0,0.0,0.0
JP.KG,0.2771495580673218,0.21496830135583878,0.1376429796218872
JP.KS,0.4795743227005005,0.07543648181088043,0.0
JP.KN,0.0,0.0,0.0
JP.KC,0.3445448875427246,0.13188910870640366,0.0
JP.KM,0.41993194818496704,0.22117263291563308,0.0
JP.KY,0.0,0.0,0.0
JP.ME,0.0,0.0,0.0
JP.MG,0.0,0.0,0.0
JP.MZ,0.40708500146865845,0.1546160259417125,0.0
JP.NN,0.0,0.0,0.0
JP.NS,0.46779751777648926,0.10056811557323844,0.0
JP.NR,0.0,0.0,0.0
JP.NI,0.0,0.0,0.0
JP.OT,0.40708500146865845,0.1801482061545054,0.0
JP.OY,0.30262291431427,0.18002829607576132,0.0
JP.ON,0.554734468460083,0.030224883645612384,0.0
JP.OS,0.0,0.0,0.0
JP.SG,0.3565782308578491,0.14159701839089395,0.0
JP.ST,0.0,0.0,0.0
JP.SH,0.0,0.0,0.0
JP.SM,0.3628579378128052,0.06928845634683967,0.0
JP.SZ,0.16068875789642334,5.102850361906108e-05,0.0
JP.TC,0.0,0.0,0.0
JP.TS,0.29673415422439575,0.10142412521721174,0.0
JP.TK,0.0,0.0,0.0
JP.TT,0.2959394156932831,0.13396069913038186,0.0
JP.TY,0.0,0.0,0.0
JP.WK,0.0,0.0,0.0
JP.YT,0.0,0.0,0.0
JP.YC,0.38268232345581055,0.12699352342773368,0.0
JP.YN,0.0,0.0,0.0
