HASC_1,Max,Mean,Min
JP.AI,0.38221967220306396,0.1953351472814878,0.0
JP.AK,0.14454658329486847,0.0035757348293069904,0.0
JP.AO,0.0,0.0,0.0
JP.CH,0.30112189054489136,0.11132716325422128,0.0
JP.EH,0.6485642194747925,0.26400738103049143,0.0
JP.FI,0.3783371150493622,0.1514456067766462,0.0
JP.FO,0.7727770805358887,0.2926288740975516,0.0
JP.FS,0.30137819051742554,0.12474916340369317,0.0
JP.GF,0.39948761463165283,0.2170209197534455,0.0
JP.GM,0.3214434087276459,0.13448442849848005,0.0
JP.HS,0.6058034896850586,0.3541976407170296,0.0
JP.HK,0.0,0.0,0.0
JP.HG,0.4559215307235718,0.21208368412085943,0.0
JP.IB,0.29916948080062866,0.1186806969344616,0.0
JP.IS,0.37727364897727966,0.1255179320772489,0.0
JP.IW,0.0,0.0,0.0
JP.KG,0.4178309142589569,0.3150135986506939,0.1712862253189087
JP.KS,0.7590357065200806,0.10236449127621723,0.0
JP.KN,0.3119984269142151,0.18436684509118398,0.0
JP.KC,0.6485642194747925,0.24289122058285606,0.0
JP.KM,0.7800061702728271,0.38192433225257055,0.0
JP.KY,0.4413122534751892,0.17061471939086914,0.0
JP.ME,0.404854416847229,0.16360892057418824,0.0
JP.MG,0.06129438057541847,0.0027012531956036884,0.0
JP.MZ,0.8083385229110718,0.3055857845715114,0.0
JP.NN,0.35136693716049194,0.14902030345466402,0.0
JP.NS,0.7800061702728271,0.16150584113266733,0.0
JP.NR,0.4413122534751892,0.26232727368672687,0.0
JP.NI,0.3141743540763855,0.12036924395296308,0.0
JP.OT,0.7855320572853088,0.35781551053126653,0.0
JP.OY,0.4893931448459625,0.3055914241075516,0.0
JP.ON,0.4785888195037842,0.012528596216173724,0.0
JP.OS,0.4413122534751892,0.2010731982688109,0.0
JP.SG,0.7599607110023499,0.3145437888801098,0.0
JP.ST,0.30333009362220764,0.14859329991870457,0.0
JP.SH,0.404854416847229,0.3033065435787042,0.17389115691184998
JP.SM,0.664808452129364,0.1405941334863504,0.0
JP.SZ,0.3720754086971283,0.004114876099335424,0.0
JP.TC,0.29916948080062866,0.1753587207198143,0.0
JP.TS,0.4664333462715149,0.19466563438375792,0.0
JP.TK,0.26007646322250366,0.2201961264014244,0.1250157356262207
JP.TT,0.4893931448459625,0.2808227184272948,0.0
JP.TY,0.33553701639175415,0.24250739912192026,0.0
JP.WK,0.4382551908493042,0.16299238701661428,0.0
JP.YT,0.29696351289749146,0.09738177523582375,0.0
JP.YC,0.7328704595565796,0.265303960552922,0.0
JP.YN,0.3402290344238281,0.18667396456003188,0.0
