HASC_1,Max,Mean,Min
US.AL,1.4584420919418335,0.047014068369852585,0.0
US.AK,1.3095375299453735,-29.21328828621225,-9999.904296875
US.AZ,1.4699020385742188,0.004303532206031675,0.0
US.AR,2.961549997329712,0.1391614027533784,0.0
US.CA,0.38822126388549805,0.0036387524223948585,0.0
US.CO,1.0777740478515625,0.08270410205910707,0.0
US.CT,1.456055998802185,0.3287870342716236,0.0
US.DE,3.608675718307495,0.4591431148626186,0.0
US.DC,0.4297449588775635,0.16987351245350307,0.0
US.FL,3.2275965213775635,0.19982756136434657,0.0
US.GA,2.174471855163574,0.1325074790434258,0.0
US.HI,0.13921761512756348,0.0002763940832343318,0.0
US.ID,0.0018455478129908442,1.2267069359604595e-06,0.0
US.IL,1.150896430015564,0.07235808049905554,0.0
US.IN,0.0980936661362648,0.0027988010064561412,0.0
US.IA,1.2812325954437256,0.2071252949681366,0.0
US.KS,2.6489691734313965,0.22287782050194632,0.0
US.KY,0.0,0.0,0.0
US.LA,1.035209059715271,0.02506136180773274,0.0
US.ME,0.9122979640960693,0.02725207339125693,0.0
US.MD,6.366471767425537,0.2804585085160573,0.0
US.MA,0.8823397755622864,0.10485828269899518,0.0
US.MI,1.2125221490859985,0.04751776028716251,0.0
US.MN,0.45568183064460754,0.006072046258119754,0.0
US.MS,0.00789498258382082,2.699630074128449e-05,0.0
US.MO,2.236377716064453,0.09122042384295165,0.0
US.MT,0.0027497855480760336,9.798411876651876e-07,0.0
US.NE,0.6256725192070007,0.04323974436572564,0.0
US.NV,0.008914991281926632,9.49615065365201e-06,0.0
US.NH,0.6486181616783142,0.028535727626880756,0.0
US.NJ,3.093792200088501,0.24991031836151917,0.0
US.NM,2.541787624359131,0.09444379762783559,0.0
US.NY,3.3430192470550537,0.03638070102066663,0.0
US.NC,7.263743877410889,0.24275117972250493,0.0
US.ND,0.0,0.0,0.0
US.OH,0.287845641374588,0.0017666828037079488,0.0
US.OK,2.819634199142456,0.1287200721806652,0.0
US.OR,0.09249812364578247,5.9344160798116236e-05,0.0
US.PA,1.1833341121673584,0.024994154099359605,0.0
US.RI,1.2721189260482788,0.31946093088222877,0.0
US.SC,1.1444743871688843,0.036214054000739015,0.0
US.SD,0.2915630638599396,0.003451632861905247,0.0
US.TN,0.10283425450325012,8.162172749930183e-05,0.0
US.TX,6.746951580047607,0.13228541923113732,0.0
US.UT,0.8260922431945801,0.027012728413873408,0.0
US.VT,0.08424398303031921,0.006544558341977336,0.0
US.VA,6.366471767425537,0.11633163068776538,0.0
US.WA,0.04332970082759857,6.133026098333565e-05,0.0
US.WV,0.27625977993011475,0.0025471114973271533,0.0
US.WI,1.3364146947860718,0.06301939568274259,0.0
US.WY,0.28821998834609985,0.011083477046294192,0.0
