HASC_1,Max,Mean,Min
US.AL,7.197409152984619,1.9829894828939398,0.0
US.AK,2.258033037185669,-320.5118917707464,-9999.904296875
US.AZ,0.20899565517902374,0.0008744696578190753,0.0
US.AR,1.9966120719909668,0.1605892530102222,0.0
US.CA,1.2028416395187378,0.01583641676375354,0.0
US.CO,0.2402438521385193,0.0021074590130674836,0.0
US.CT,0.0,0.0,0.0
US.DE,0.017441367730498314,0.001468631777808898,0.0
US.DC,0.0,0.0,0.0
US.FL,1.3618685007095337,0.039216123373143036,0.0
US.GA,5.774479389190674,0.7390942014220017,0.0
US.HI,0.6572416424751282,0.0035879368551877634,0.0
US.ID,0.44401776790618896,0.003638691974406104,0.0
US.IL,0.00915017630904913,8.492466158417221e-05,0.0
US.IN,0.003958333283662796,4.291393050461294e-05,0.0
US.IA,0.0,0.0,0.0
US.KS,0.06118332967162132,0.001535675170362083,0.0
US.KY,0.24659134447574615,0.005075047369143272,0.0
US.LA,2.83795166015625,0.3231395016535125,0.0
US.ME,2.31754994392395,0.07345665309136995,0.0
US.MD,0.12318241596221924,0.000940583104301373,0.0
US.MA,0.007658963557332754,6.274469847044161e-05,0.0
US.MI,0.29348334670066833,0.005371562795755264,0.0
US.MN,0.36422500014305115,0.0022144542335398314,0.0
US.MS,4.360091686248779,0.93050628619436,0.0
US.MO,0.1821839064359665,0.004178732840367812,0.0
US.MT,0.051996808499097824,0.0003616847161518094,0.0
US.NE,0.036119136959314346,0.00016763321087961657,0.0
US.NV,0.5790968537330627,0.008397624531079912,0.0
US.NH,1.8142414093017578,0.056834853452284666,0.0
US.NJ,0.0008333332953043282,2.0609562052102883e-05,0.0
US.NM,0.0943254604935646,0.0010967049039010293,0.0
US.NY,1.4777501821517944,0.02791865404462986,0.0
US.NC,0.5635316967964172,0.061161603345035655,0.0
US.ND,0.16526666283607483,0.00220666890052712,0.0
US.OH,0.16402822732925415,0.001012218982110903,0.0
US.OK,0.2670985162258148,0.01892660281647237,0.0
US.OR,4.581148624420166,0.01591240619604357,0.0
US.PA,0.007913012988865376,2.5252835151367592e-05,0.0
US.RI,0.0,0.0,0.0
US.SC,1.4157347679138184,0.18408381792857792,0.0
US.SD,0.0382416658103466,0.00018120339181083321,0.0
US.TN,0.38929009437561035,0.04912342946482393,0.0
US.TX,3.1828365325927734,0.05769814951578582,0.0
US.UT,0.3658323287963867,0.005945678350171339,0.0
US.VT,1.3539499044418335,0.18793023517710025,0.0
US.VA,0.21297651529312134,0.007999647448289068,0.0
US.WA,1.7093082666397095,0.004795724217431956,0.0
US.WV,0.1387779414653778,0.0009345131193487239,0.0
US.WI,0.021666666492819786,6.070220175296399e-05,0.0
US.WY,0.20829875767230988,0.0035161731328542264,0.0
