HASC_1,Max,Mean,Min
US.AL,0.00020833332382608205,1.1491082395261007e-07,0.0
US.AK,1.8770500421524048,-320.1252628931697,-9999.904296875
US.AZ,0.08087466657161713,0.0022132063985892763,0.0
US.AR,0.04821804538369179,0.00013965856737295146,0.0
US.CA,0.17605115473270416,0.0003418854889413836,0.0
US.CO,0.5500399470329285,0.02464065048097664,0.0
US.CT,0.0,0.0,0.0
US.DE,0.004430828150361776,9.334034316621169e-05,0.0
US.DC,0.0,0.0,0.0
US.FL,0.2359796017408371,0.00013574943752925003,0.0
US.GA,3.0303313732147217,0.1519729112301705,0.0
US.HI,1.5266813039779663,0.0024640834847461214,0.0
US.ID,0.9674163460731506,0.0258303889545368,0.0
US.IL,0.06169643998146057,0.000408356304268109,0.0
US.IN,0.04734944924712181,0.00015021055776344628,0.0
US.IA,0.4264833629131317,0.007964604257259887,0.0
US.KS,0.24832557141780853,0.014013075224069697,0.0
US.KY,0.0,0.0,0.0
US.LA,0.02177589200437069,2.0962545726873376e-05,0.0
US.ME,0.0069493879564106464,1.1764168730294405e-05,0.0
US.MD,0.05838010832667351,0.00070186986015561,0.0
US.MA,0.0,0.0,0.0
US.MI,0.17124998569488525,0.0009266230204615466,0.0
US.MN,0.5431951284408569,0.050316023575332734,0.0
US.MS,0.0,0.0,0.0
US.MO,0.08289914578199387,0.0006267947408321377,0.0
US.MT,1.251212477684021,0.0505357666853891,0.0
US.NE,0.6827332973480225,0.012012387205917434,0.0
US.NV,0.6489347219467163,0.0009552323197204728,0.0
US.NH,0.0,0.0,0.0
US.NJ,0.0,0.0,0.0
US.NM,0.1380160003900528,0.004921510543463001,0.0
US.NY,0.06708692014217377,4.245721094736402e-05,0.0
US.NC,0.2968873381614685,0.0081042713891321,0.0
US.ND,0.8176884055137634,0.04923145922023861,0.0
US.OH,0.00479166628792882,3.3983448850559006e-06,0.0
US.OK,0.26311466097831726,0.006877484196690957,0.0
US.OR,1.0849720239639282,0.01389569048887518,0.0
US.PA,0.0,0.0,0.0
US.RI,0.0,0.0,0.0
US.SC,3.0303313732147217,0.18694714405698146,0.0
US.SD,0.5092570781707764,0.014786319270510127,0.0
US.TN,0.007499999832361937,4.734848379016374e-06,0.0
US.TX,0.2656957507133484,0.002084365997336922,0.0
US.UT,0.8700118064880371,0.013197883809334024,0.0
US.VT,0.001591561478562653,3.3157530803388607e-06,0.0
US.VA,0.018058424815535545,6.307599811330173e-05,0.0
US.WA,1.2512749433517456,0.0890967590182722,0.0
US.WV,0.0,0.0,0.0
US.WI,0.17947782576084137,0.007049637507305339,0.0
US.WY,0.7733891010284424,0.05838649725284694,0.0
