HASC_1,Max,Mean,Min
CL.AI,3286784389677056.0,1743669565729025.8,0.0
CL.AN,4393731411148800.0,1259551825985536.0,0.0
CL.AR,4441417627729920.0,1955362062344738.2,0.0
CL.AP,5271670776397824.0,1346958517182965.5,0.0
CL.AT,1.1313828620926976e+16,1358991244760665.5,0.0
CL.BI,4878842330087424.0,1826054058670111.5,0.0
CL.CO,1.1313828620926976e+16,2421155640921797.0,0.0
CL.LI,4792380343451648.0,2371074998513755.0,0.0
CL.LL,2966621152870400.0,1541971111185640.2,0.0
CL.LR,3200003501719552.0,1941785497606068.2,0.0
CL.MA,4282623559991296.0,1013958083772502.5,0.0
CL.ML,5380811264098304.0,2079147200824785.5,0.0
CL.NB,4051362656550912.0,2279928303889066.5,0.0
CL.RM,5707337226518528.0,2235408987089318.5,0.0
CL.TA,4644122904231936.0,1751096401537912.8,0.0
CL.VS,5707337226518528.0,28634623457210.613,0.0
