HASC_1,Max,Mean,Min
SE.BL,1.0767051366858752e+16,5089511113490432.0,0.0
SE.KO,1410240297828352.0,302459732848619.44,0.0
SE.GV,1072707877732352.0,252282998342247.94,0.0
SE.GT,7586003166429184.0,1706058640357417.8,0.0
SE.HA,7688163795402752.0,3043729833197568.0,0.0
SE.JA,1086796511313920.0,430293254719884.6,0.0
SE.JO,1.0528105156313088e+16,5401149459446319.0,0.0
SE.KA,1.1448395315019776e+16,6478688157229966.0,0.0
SE.KR,9603363264004096.0,6288600517836800.0,0.0
SE.NB,2906277667667968.0,669782355847779.0,0.0
SE.OR,3745327446228992.0,1174834099232378.0,0.0
SE.OG,1.1448395315019776e+16,3883927429385265.0,0.0
SE.SN,1.0492495582461952e+16,4857174260344422.0,0.0
SE.SD,6670054682787840.0,2588562776222743.0,0.0
SE.ST,6182296721817600.0,1552048370493154.8,0.0
SE.UP,2523928404688896.0,603673373878954.6,0.0
SE.VR,1807702342762496.0,341305452037572.06,0.0
SE.VB,2716248181833728.0,519005917582761.4,0.0
SE.VN,2012038901530624.0,548109401908876.75,0.0
SE.VM,2407900936929280.0,577176889469387.8,0.0
SE.VG,6882428467544064.0,1374383244817446.0,0.0
