HASC_1,Max,Mean,Min
SE.BL,7109869534445568.0,3179827641188352.0,0.0
SE.KO,6932850846728192.0,1595905865266543.8,0.0
SE.GV,6503648322387968.0,1283272749957120.0,0.0
SE.GT,4549989032263680.0,1008712417629525.4,0.0
SE.HA,1.5731339923816448e+16,3384385144706389.5,0.0
SE.JA,4418882471198720.0,828438478211241.0,0.0
SE.JO,1.856348001350451e+16,5318795519550681.0,0.0
SE.KA,1.167797312815104e+16,4622765027317077.0,0.0
SE.KR,1.856348001350451e+16,6744143558034897.0,0.0
SE.NB,9809356337971200.0,433236908235363.5,0.0
SE.OR,8875654070140928.0,3284579619711436.0,0.0
SE.OG,7373838224457728.0,2649290387875742.5,0.0
SE.SN,1.6903555684237312e+16,3626956762312431.0,0.0
SE.SD,6033916876029952.0,3082349058591584.5,0.0
SE.ST,8998698440720384.0,2919726535671808.0,0.0
SE.UP,7275448039899136.0,3833813008694689.0,0.0
SE.VR,6167866168573952.0,1049426144380140.2,0.0
SE.VB,1.3330775327899648e+16,1989638119764512.2,0.0
SE.VN,9629121256620032.0,1802281315067806.5,0.0
SE.VM,6312635557478400.0,2665927480035100.5,0.0
SE.VG,1.0731512659968e+16,1397657598059453.5,0.0
