HASC_1,Max,Mean,Min
SE.BL,1.2500403530760192e+16,4204501301699304.5,0.0
SE.KO,1.3723887242051584e+16,2095733558455211.8,0.0
SE.GV,1.3910430556618752e+16,1864798003020124.5,0.0
SE.GT,2.3602043587395584e+16,3748384916954780.0,0.0
SE.HA,8379413548761088.0,2057175766126092.5,0.0
SE.JA,1.3910430556618752e+16,713330241967226.9,0.0
SE.JO,7508266405855232.0,1968138358882304.0,0.0
SE.KA,1.07909442699264e+16,3061266031665434.5,0.0
SE.KR,1.2500403530760192e+16,3848539491225717.0,0.0
SE.NB,0.0,0.0,0.0
SE.OR,9098418991398912.0,3102149659038774.0,0.0
SE.OG,1.3464605435101184e+16,2561291033029906.0,0.0
SE.SN,1.2500403530760192e+16,3831590322085441.0,0.0
SE.SD,9295826425741312.0,2681116459369333.5,0.0
SE.ST,1.0720774167986176e+16,3090463711116051.5,0.0
SE.UP,1.0058107958853632e+16,3213303096618856.5,0.0
SE.VR,9340135455850496.0,2088433607905703.8,0.0
SE.VB,0.0,0.0,0.0
SE.VN,0.0,0.0,0.0
SE.VM,8511647538741248.0,2524726434538642.5,0.0
SE.VG,9435591104004096.0,1217213033207645.5,0.0
