HASC_1,Max,Mean,Min
SE.BL,5774584603213824.0,2872497022872234.5,0.0
SE.KO,4745519565897728.0,730333745008105.8,0.0
SE.GV,4507790441709568.0,898172891348523.9,0.0
SE.GT,2556762087489536.0,566447338374123.1,0.0
SE.HA,4210057134735360.0,1134910170509846.2,0.0
SE.JA,4507790441709568.0,641177067206931.2,0.0
SE.JO,4912199730462720.0,1357717985180863.0,0.0
SE.KA,4053857227243520.0,1220723011543950.2,0.0
SE.KR,5026333117644800.0,2657373130087703.5,0.0
SE.NB,1.128411925839872e+16,1349557932972847.8,0.0
SE.OR,2189393267785728.0,727488738386622.1,0.0
SE.OG,2342588979871744.0,670214215126787.1,0.0
SE.SN,5149886441848832.0,2493046548874308.5,0.0
SE.SD,2495466193289216.0,901927886797027.5,0.0
SE.ST,3354793854631936.0,924445991292108.8,0.0
SE.UP,3804513974616064.0,992948969255973.9,0.0
SE.VR,8908453124767744.0,660182201818665.2,0.0
SE.VB,1.5614340719706112e+16,2267309029252195.5,0.0
SE.VN,7021191344685056.0,1685154707547395.0,0.0
SE.VM,2315757245431808.0,745940661003631.1,0.0
SE.VG,4042671253356544.0,804616313079410.1,0.0
