HASC_1,Max,Mean,Min
SE.BL,6517919424970752.0,2553603845084501.5,0.0
SE.KO,7511260534931456.0,1600073740344012.2,0.0
SE.GV,1.1099646118068224e+16,2191639841672144.8,0.0
SE.GT,3510034105368576.0,887245474681082.8,0.0
SE.HA,7323137209270272.0,2453503911607274.0,0.0
SE.JA,4078301765173248.0,677179405993974.2,0.0
SE.JO,1.0332441478692864e+16,3831058115036129.0,0.0
SE.KA,9703410232197120.0,2478146878029593.0,0.0
SE.KR,8364521286533120.0,4465617404380625.5,0.0
SE.NB,0.0,0.0,0.0
SE.OR,6152058004570112.0,2830358120630899.0,0.0
SE.OG,9537862865256448.0,1731828081981514.0,0.0
SE.SN,6633896426864640.0,2378971580727296.0,0.0
SE.SD,4997041977556992.0,2002727145488748.0,0.0
SE.ST,7023358155685888.0,1910184541473996.8,0.0
SE.UP,7023358155685888.0,2622018392657465.0,0.0
SE.VR,8457180374106112.0,2538655464721315.0,0.0
SE.VB,0.0,0.0,0.0
SE.VN,1.1099646118068224e+16,1376818198693329.5,0.0
SE.VM,5899802227245056.0,2417106344311618.5,0.0
SE.VG,8457180374106112.0,2400511551423663.0,0.0
