HASC_1,Max,Mean,Min
ZA.EC,0.007780630141496658,0.004691843044113468,0.002981423633173108
ZA.FS,0.0036520157009363174,0.0033060258158065124,0.0025725753512233496
ZA.GT,0.003395000472664833,0.003173318862294157,0.002810676349326968
ZA.NL,0.007969696074724197,0.003745791714431511,0.0024863870348781347
ZA.NP,0.0039624362252652645,0.0028893708049337256,0.002428649924695492
ZA.MP,0.0041581387631595135,0.0030745743729528926,0.0024942548479884863
ZA.NW,0.0038813340943306684,0.0034808302492213747,0.0029877021443098783
ZA.NC,0.007308402564376593,0.004128271381237677,0.0032203588634729385
ZA.WC,0.006944416090846062,0.005281182335546384,0.0036214187275618315
