HASC_1,Max,Mean,Min
ZA.EC,0.009175367653369904,0.0050106404279987955,0.0034884486813098192
ZA.FS,0.004297760780900717,0.003910801393493753,0.003487932262942195
ZA.GT,0.004295376595109701,0.003990333356584112,0.0037862735334783792
ZA.NL,0.01148969680070877,0.005800616327259276,0.003446129383519292
ZA.NP,0.005774406250566244,0.004608313746328624,0.0035344241186976433
ZA.MP,0.005922543350607157,0.0044463570784067825,0.0037862735334783792
ZA.NW,0.004290529061108828,0.0040039753318221,0.0036409178283065557
ZA.NC,0.00918975193053484,0.0047022399746558885,0.003324814373627305
ZA.WC,0.009094384498894215,0.007018549897922919,0.004038401413708925
