HASC_1,Max,Mean,Min
ZA.EC,0.015754828229546547,0.011349077185464872,0.00799891259521246
ZA.FS,0.010476081632077694,0.009610489604930425,0.007453728932887316
ZA.GT,0.009954104200005531,0.009450606567164262,0.008931129239499569
ZA.NL,0.016534296795725822,0.012597461355229218,0.008862306363880634
ZA.NP,0.013291486538946629,0.01040183782647803,0.009180435910820961
ZA.MP,0.013994344510138035,0.010844184906177577,0.008931129239499569
ZA.NW,0.010673492215573788,0.0093748132737043,0.008598615415394306
ZA.NC,0.012273121625185013,0.007580486670523495,0.004442183766514063
ZA.WC,0.012295850552618504,0.00910266672189419,0.006067800801247358
