HASC_1,Max,Mean,Min
ZA.EC,0.011761884205043316,0.00692887107111715,0.005040227435529232
ZA.FS,0.008252122439444065,0.0067494612122918,0.005440611392259598
ZA.GT,0.009103754535317421,0.008128166571259499,0.007342079188674688
ZA.NL,0.014588416554033756,0.00949576956530412,0.006047705188393593
ZA.NP,0.01212714146822691,0.01000938383546078,0.008618811145424843
ZA.MP,0.01212714146822691,0.009797140068951108,0.007694700267165899
ZA.NW,0.010052262805402279,0.0068810566056830185,0.005090136546641588
ZA.NC,0.008927086368203163,0.005684801347118306,0.004474539775401354
ZA.WC,0.008525589480996132,0.006088725807001957,0.004599868785589933
