HASC_1,Max,Mean,Min
ZA.EC,0.009190401993691921,0.006014792437388285,0.003756166435778141
ZA.FS,0.007143537979573011,0.0054135479370196315,0.004108469467610121
ZA.GT,0.007546504959464073,0.0069437142771979175,0.0064873709343373775
ZA.NL,0.009389719925820827,0.007098712803175052,0.003932556137442589
ZA.NP,0.009593329392373562,0.007881170024497891,0.006576062645763159
ZA.MP,0.009076596237719059,0.0071384482684412175,0.006241561379283667
ZA.NW,0.008044959045946598,0.006816944117114569,0.005477905739098787
ZA.NC,0.008100192993879318,0.003997064890285543,0.0017275122227147222
ZA.WC,0.008954446762800217,0.006357524501016507,0.003737370716407895
