HASC_1,Max,Mean,Min
ZA.EC,0.01384746003895998,0.00737720650205439,0.003511975519359112
ZA.FS,0.008729726076126099,0.004847104757510382,0.0030290589202195406
ZA.GT,0.009728223085403442,0.008540681221832831,0.00657585309818387
ZA.NL,0.014485150575637817,0.00922507807198498,0.004351288545876741
ZA.NP,0.012528051622211933,0.010131346817427087,0.00859716534614563
ZA.MP,0.012528051622211933,0.009419563625540053,0.00662488816305995
ZA.NW,0.009776701219379902,0.006221476263211419,0.003724168287590146
ZA.NC,0.010721951723098755,0.004557122320674553,0.002904604421928525
ZA.WC,0.011501580476760864,0.008022463909135415,0.0034232838079333305
