HASC_1,Max,Mean,Min
ZA.EC,0.013873261399567127,0.011280535103602184,0.008475861512124538
ZA.FS,0.012332442216575146,0.01014377357406092,0.004749975632876158
ZA.GT,0.013633730821311474,0.012282267647484938,0.011579036712646484
ZA.NL,0.013799351640045643,0.011172243021428585,0.009709200821816921
ZA.NP,0.013633730821311474,0.011871552288110526,0.010609150864183903
ZA.MP,0.013068519532680511,0.011566511466212216,0.01072931382805109
ZA.NW,0.013633730821311474,0.010563747161844125,0.007458728272467852
ZA.NC,0.012642386369407177,0.007033872991110888,0.003774843877181411
ZA.WC,0.01269610971212387,0.010664086960829221,0.008039714768528938
