HASC_1,Max,Mean,Min
ZA.EC,0.010036076419055462,0.00532935477944242,0.0034832200035452843
ZA.FS,0.00680176867172122,0.005431823022984739,0.0037601832300424576
ZA.GT,0.006457570940256119,0.005754410475492478,0.005192998796701431
ZA.NL,0.011376465670764446,0.005704992895738946,0.0027576128486543894
ZA.NP,0.007484440226107836,0.006760538300885906,0.005777521058917046
ZA.MP,0.00771022355183959,0.00586431912545647,0.004601204302161932
ZA.NW,0.008093123324215412,0.006977525898643459,0.005351467523723841
ZA.NC,0.009672884829342365,0.005637841195611937,0.001910849125124514
ZA.WC,0.0094187306240201,0.006154654558318166,0.002794508123770356
