HASC_1,Max,Mean,Min
ZA.EC,0.011299647390842438,0.007527058352590413,0.005252002272754908
ZA.FS,0.006341893225908279,0.0053159458530617175,0.004314540419727564
ZA.GT,0.0057244678027927876,0.005286164985348781,0.00504338601604104
ZA.NL,0.012369669042527676,0.007763440679344866,0.005082248244434595
ZA.NP,0.007776457816362381,0.005590333348526707,0.004154084715992212
ZA.MP,0.00824145320802927,0.006243191548578796,0.00504338601604104
ZA.NW,0.005790431052446365,0.004808747490945582,0.003982542548328638
ZA.NC,0.00957874208688736,0.0052538222403495346,0.0039774165488779545
ZA.WC,0.010500785894691944,0.0076338968741206025,0.005278784781694412
