HASC_1,Max,Mean,Min
ZA.EC,0.016949867829680443,0.01274715259520186,0.01028368342667818
ZA.FS,0.014211551286280155,0.012574675332369476,0.010394946672022343
ZA.GT,0.013592456467449665,0.012570287473499775,0.011185701005160809
ZA.NL,0.017589466646313667,0.014204896572563384,0.010448510758578777
ZA.NP,0.013122613541781902,0.011401863979562273,0.010206119157373905
ZA.MP,0.014216954819858074,0.012405707500874996,0.01104551088064909
ZA.NW,0.014211551286280155,0.013235915122398486,0.011428728699684143
ZA.NC,0.014179603196680546,0.010880642836647374,0.00781390629708767
ZA.WC,0.014461413957178593,0.01108819257754546,0.008213336579501629
