HASC_1,Max,Mean,Min
ZA.EC,0.013459651730954647,0.010219964393842462,0.0073942020535469055
ZA.FS,0.013033517636358738,0.011450926741135532,0.009357897564768791
ZA.GT,0.013060697354376316,0.012141366178790728,0.011647670529782772
ZA.NL,0.015051334165036678,0.011941069778468873,0.0092130983248353
ZA.NP,0.014016597531735897,0.012526777941944464,0.011233457364141941
ZA.MP,0.01382777001708746,0.012031781464992534,0.011072763241827488
ZA.NW,0.013516872189939022,0.012474826731098195,0.011341857723891735
ZA.NC,0.012914626859128475,0.00803682953724033,0.004649507813155651
ZA.WC,0.010831959545612335,0.008654048895606628,0.006921576801687479
