HASC_1,Max,Mean,Min
ZA.EC,0.01111045852303505,0.0066438625642174,0.004829241894185543
ZA.FS,0.005534166004508734,0.0047939484055828435,0.003993664402514696
ZA.GT,0.0047008139081299305,0.0044054873287677765,0.003957027103751898
ZA.NL,0.012404435314238071,0.006419948364297549,0.003993664402514696
ZA.NP,0.006326112896203995,0.004601168239770352,0.0035509609151631594
ZA.MP,0.006350670009851456,0.004785351987395968,0.003671282669529319
ZA.NW,0.0048993369564414024,0.004422362360249584,0.0040305000729858875
ZA.NC,0.009648635052144527,0.005217170258137313,0.004214559216052294
ZA.WC,0.010263914242386818,0.006897763915073413,0.004789664410054684
