HASC_1,Max,Mean,Min
ZA.EC,0.010204323567450047,0.005481189673741323,0.003376174019649625
ZA.FS,0.004955935757607222,0.004304755812286046,0.0034424944315105677
ZA.GT,0.004616586957126856,0.004396884050220251,0.004158505238592625
ZA.NL,0.011234450154006481,0.006429665432208114,0.0042756483890116215
ZA.NP,0.005865264683961868,0.004460171488869302,0.004047481808811426
ZA.MP,0.0061706784181296825,0.004748366041375058,0.00412592152133584
ZA.NW,0.004955935757607222,0.00454944289716271,0.004198758397251368
ZA.NC,0.00959444884210825,0.004805169924005092,0.0033136289566755295
ZA.WC,0.009228556416928768,0.006688433294542707,0.0035027347039431334
