HASC_1,Max,Mean,Min
ZA.EC,0.01308238785713911,0.008224900465811024,0.005442424211651087
ZA.FS,0.006373527925461531,0.005880956473792422,0.004888021852821112
ZA.GT,0.006025515962392092,0.005646801739931107,0.005368276033550501
ZA.NL,0.013338766992092133,0.008209877078317933,0.004888021852821112
ZA.NP,0.009736103005707264,0.006496625029886106,0.005082412157207727
ZA.MP,0.009736103005707264,0.006473813250306107,0.0050180391408503056
ZA.NW,0.0070240129716694355,0.006014828657498583,0.005566401872783899
ZA.NC,0.010560077615082264,0.0066982538094623135,0.005323453340679407
ZA.WC,0.011952124536037445,0.008891919613457644,0.005853298585861921
