HASC_1,Max,Mean,Min
ZA.EC,0.018686052411794662,0.014101831343125653,0.010337901301681995
ZA.FS,0.013944539241492748,0.012108113022585368,0.010337901301681995
ZA.GT,0.014298669993877411,0.012849932784835498,0.01211952418088913
ZA.NL,0.019517656415700912,0.015351020937992467,0.010193976573646069
ZA.NP,0.017348362132906914,0.014987169466209862,0.013072085566818714
ZA.MP,0.018032466992735863,0.014318092038766259,0.012053086422383785
ZA.NW,0.015053026378154755,0.012764876980024079,0.011736464686691761
ZA.NC,0.01427721232175827,0.01163162578610921,0.007704170886427164
ZA.WC,0.016003841534256935,0.011703448807104276,0.007704170886427164
