HASC_1,Max,Mean,Min
ZA.EC,0.008395596407353878,0.0037643395244722835,0.0019934403244405985
ZA.FS,0.0038147398736327887,0.0029674467534340663,0.0018322495743632317
ZA.GT,0.004449728410691023,0.003943973376105229,0.0034295348450541496
ZA.NL,0.00937748420983553,0.004424018793118497,0.001450332929380238
ZA.NP,0.006878301035612822,0.005318098534601477,0.003785732202231884
ZA.MP,0.006976449862122536,0.004803208600995796,0.003036859445273876
ZA.NW,0.004449728410691023,0.003727116030252849,0.003267410211265087
ZA.NC,0.008397742174565792,0.0038396603089164605,0.002592844655737281
ZA.WC,0.009201053529977798,0.00563694194245797,0.0028030502144247293
