HASC_1,Max,Mean,Min
ZA.EC,0.014278333634138107,0.009788381980379691,0.006288448348641396
ZA.FS,0.010529120452702045,0.007756064533545026,0.004816968459635973
ZA.GT,0.01038400363177061,0.008960305402676264,0.008021831512451172
ZA.NL,0.015665294602513313,0.012301876789165868,0.00794855784624815
ZA.NP,0.015542112290859222,0.012420166529855638,0.009650468826293945
ZA.MP,0.01588718220591545,0.011915239882433698,0.008487860672175884
ZA.NW,0.011438450776040554,0.008997763177224746,0.006207306403666735
ZA.NC,0.01174712274223566,0.006399466749885446,0.004007179755717516
ZA.WC,0.011646510101854801,0.008749288814858749,0.006377656478434801
