HASC_1,Max,Mean,Min
ZA.EC,0.008127209730446339,0.0036604766501113772,0.0022136929910629988
ZA.FS,0.003549969522282481,0.002940025790755091,0.00198349985294044
ZA.GT,0.003869489999487996,0.0034950827869276208,0.0032667277846485376
ZA.NL,0.009578383527696133,0.004772468493320048,0.001638120855204761
ZA.NP,0.0074768830090761185,0.005243978753053355,0.003351247636601329
ZA.MP,0.0074768830090761185,0.004918526470040281,0.003203388536348939
ZA.NW,0.00381540902890265,0.0033381752436980605,0.0030405090656131506
ZA.NC,0.0073410640470683575,0.0034675836039997346,0.0024593633133918047
ZA.WC,0.008090571500360966,0.004897745967341157,0.0024593633133918047
