HASC_1,Max,Mean,Min
ZA.EC,0.015801282599568367,0.012169472319451539,0.0087694451212883
ZA.FS,0.014600131660699844,0.012931436171819424,0.010790836997330189
ZA.GT,0.013429336249828339,0.012224294431507587,0.01046483963727951
ZA.NL,0.016155891120433807,0.013268158377872572,0.010423672385513783
ZA.NP,0.014776401221752167,0.012722650085980038,0.010196459479629993
ZA.MP,0.014104697853326797,0.011908125420588823,0.010196459479629993
ZA.NW,0.016083888709545135,0.014418790427347025,0.01168697327375412
ZA.NC,0.01660284586250782,0.010698722959677507,0.0064001199789345264
ZA.WC,0.012899093329906464,0.0097741639169936,0.006839207839220762
