HASC_1,Max,Mean,Min
ZA.EC,0.01341895293444395,0.010023219127056969,0.007081388961523771
ZA.FS,0.01261023711413145,0.010444191661823926,0.007335464004427195
ZA.GT,0.011666734702885151,0.011007692975302538,0.010355591773986816
ZA.NL,0.013582348823547363,0.010820437377939621,0.00723429536446929
ZA.NP,0.012930353172123432,0.0117101511162407,0.010850229300558567
ZA.MP,0.012930353172123432,0.011315173425135158,0.009758750908076763
ZA.NW,0.01324125099927187,0.011965337694467356,0.010942737571895123
ZA.NC,0.014371036551892757,0.010478309092607784,0.007081388961523771
ZA.WC,0.013207237236201763,0.010267807256716948,0.007081388961523771
