HASC_1,Max,Mean,Min
IN.AN,0.027305269613862038,0.0002989298222394079,0.0
IN.AP,4.08073091506958,0.05212620511320174,0.0
IN.AR,0.1102079451084137,0.0004782251172155672,0.0
IN.AS,0.010522338561713696,6.5191861722269095e-06,0.0
IN.BR,0.04659206047654152,4.625135629102746e-05,0.0
IN.CH,0.0,0.0,0.0
IN.CT,0.0911392867565155,0.000562187170283926,0.0
IN.DN,0.0,0.0,0.0
IN.DD,0.0,0.0,0.0
IN.GA,0.0,0.0,0.0
IN.GJ,0.04333333298563957,1.940009380942161e-05,0.0
IN.HR,0.0,0.0,0.0
IN.HP,1.01636803150177,0.0025028218027078504,0.0
IN.JK,0.3425740897655487,0.0027195507333817844,0.0
IN.JH,0.05261169373989105,0.0001486321025546275,0.0
IN.KA,0.1705293506383896,0.0009577337073622074,0.0
IN.KL,0.6724033355712891,0.006794713684829883,0.0
IN.LD,0.0007844591164030135,1.5307064490987598e-06,0.0
IN.MP,0.04333333298563957,7.349560568451461e-05,0.0
IN.MH,0.03688591346144676,4.619000040000543e-05,0.0
IN.MN,0.24977755546569824,0.001864753744073249,0.0
IN.ML,0.005944774951785803,1.598057782738119e-05,0.0
IN.MZ,0.043142806738615036,0.000957388231283942,0.0
IN.NL,0.005325255449861288,1.672135607039213e-05,0.0
IN.DL,0.0,0.0,0.0
IN.OR,1.4274086952209473,0.00906755595644829,0.0
IN.PY,0.5653738379478455,0.001025164588409661,0.0
IN.PB,0.0,0.0,0.0
IN.RJ,0.04333333298563957,1.136729696192331e-05,0.0
IN.SK,0.009658236987888813,8.780215443535285e-05,0.0
IN.TN,0.9236724972724915,0.036150358547239844,0.0
IN.TG,0.03281046822667122,0.00020394759955680107,0.0
IN.TR,0.19036699831485748,0.0016401168359317121,0.0
IN.UP,0.018636824563145638,1.4900084468164738e-05,0.0
IN.UT,0.16229568421840668,0.0007459975244578323,0.0
IN.WB,0.05261169373989105,0.00011483074601195609,0.0
