HASC_1,Max,Mean,Min
IN.AN,2.567270517349243,0.08685720717935036,0.0
IN.AP,1.9742971658706665,0.05310783973556126,0.0
IN.AR,5.200186252593994,0.13143822507412994,0.0
IN.AS,5.974466323852539,0.2346285861574245,0.0
IN.BR,4.357030391693115,0.33751089023473063,0.0
IN.CH,0.0,0.0,0.0
IN.CT,2.517979383468628,0.18028419650452338,0.0
IN.DN,0.5993805527687073,0.2659197645261884,0.0
IN.DD,0.20919741690158844,0.009455104048053423,0.0
IN.GA,1.7667533159255981,0.2709146603210164,0.0
IN.GJ,5.3780670166015625,0.22605147380869078,0.0
IN.HR,0.025207877159118652,0.0001150799330251616,0.0
IN.HP,0.05611256882548332,0.00024924810229724217,0.0
IN.JK,0.15916667878627777,0.00045414635545696795,0.0
IN.JH,5.419675350189209,0.604898961404722,0.0
IN.KA,2.685729742050171,0.10705597127214234,0.0
IN.KL,1.2761471271514893,0.07274224010746254,0.0
IN.LD,0.10085225105285645,0.0006261470027766336,0.0
IN.MP,3.585341453552246,0.17504842110345442,0.0
IN.MH,3.585341453552246,0.24556250181240413,0.0
IN.MN,0.645614743232727,0.028842585867019616,0.0
IN.ML,5.654635906219482,1.3374140930652458,0.0
IN.MZ,0.29300829768180847,0.04422448571883397,0.0
IN.NL,1.2803889513015747,0.051308835124770046,0.0
IN.DL,0.0,0.0,0.0
IN.OR,1.7004116773605347,0.04699006156540994,0.0
IN.PY,0.9860010147094727,0.0011062334300755083,0.0
IN.PB,0.0,0.0,0.0
IN.RJ,1.4095921516418457,0.03509103601710465,0.0
IN.SK,0.35017886757850647,0.04023377647311215,0.0
IN.TN,0.8559696078300476,0.017122165871157433,0.0
IN.TG,1.5715551376342773,0.09157210415861856,0.0
IN.TR,0.9862401485443115,0.11012282792351849,0.0
IN.UP,9.100245475769043,0.10168066491912556,0.0
IN.UT,1.6253656148910522,0.005811643613334098,0.0
IN.WB,7.156811237335205,0.5004689063489378,0.0
