HASC_1,Max,Mean,Min
IN.AN,0.9134956002235413,0.019668273472357445,0.0
IN.AP,5.577438831329346,0.07875911536944194,0.0
IN.AR,2.1391327381134033,0.17908352740672176,0.0
IN.AS,2.9166228771209717,0.2133063121291059,0.0
IN.BR,2.169855833053589,0.04952405853435813,0.0
IN.CH,0.0,0.0,0.0
IN.CT,1.6620944738388062,0.1327117700205944,0.0
IN.DN,0.005833333358168602,0.0007552083116024733,0.0
IN.DD,0.0,0.0,0.0
IN.GA,2.2751882076263428,0.1378854597652597,0.0
IN.GJ,0.007708333432674408,1.8327021987648124e-05,0.0
IN.HR,0.0,0.0,0.0
IN.HP,0.009401190094649792,2.8484191390730084e-05,0.0
IN.JK,0.009129459969699383,2.1805423400381557e-05,0.0
IN.JH,2.4839112758636475,0.05668971088916872,0.0
IN.KA,2.2751882076263428,0.021143545893178187,0.0
IN.KL,0.5001085996627808,0.014902900045835788,0.0
IN.LD,0.01373539213091135,2.8735830080734582e-05,0.0
IN.MP,1.383793830871582,0.019975286553394103,0.0
IN.MH,1.2645939588546753,0.017194840022902485,0.0
IN.MN,1.2374571561813354,0.16823581681635819,0.0
IN.ML,4.303663730621338,0.7099325599309098,0.0
IN.MZ,0.9359481334686279,0.10774156802124056,0.0
IN.NL,1.1611069440841675,0.1335993232603773,0.0
IN.DL,0.0,0.0,0.0
IN.OR,4.664917469024658,0.1225620419878783,0.0
IN.PY,0.7215132117271423,0.000716875518251358,0.0
IN.PB,0.0,0.0,0.0
IN.RJ,0.0,0.0,0.0
IN.SK,0.2240346521139145,0.01260347829593229,0.0
IN.TN,1.329514503479004,0.07316217229612318,0.0
IN.TG,1.8479337692260742,0.10097054717773261,0.0
IN.TR,2.13025164604187,0.17385700478051117,0.0
IN.UP,0.36971136927604675,0.0012023338501836534,0.0
IN.UT,0.0,0.0,0.0
IN.WB,3.969688653945923,0.11216969030791869,0.0
