HASC_1,Max,Mean,Min
IN.AN,0.08909294754266739,0.0009264737349996698,0.0
IN.AP,0.18105144798755646,0.0007163140809203422,0.0
IN.AR,0.10202851891517639,0.00031307817460976713,0.0
IN.AS,0.0,0.0,0.0
IN.BR,0.03917280212044716,7.541134369139578e-05,0.0
IN.CH,0.10466271638870239,0.055008997209370136,0.031300950795412064
IN.CT,0.11129497736692429,6.991982661557671e-05,0.0
IN.DN,0.0,0.0,0.0
IN.DD,0.0,0.0,0.0
IN.GA,0.006374572869390249,0.0010539673950656185,0.0
IN.GJ,0.0741666629910469,6.795033140348251e-05,0.0
IN.HR,0.3964811861515045,0.010106210585512303,0.0
IN.HP,2.1628000736236572,0.14279990197950004,0.0
IN.JK,2.0172417163848877,0.03538989233667274,0.0
IN.JH,0.020550372079014778,2.7702709570910563e-05,0.0
IN.KA,0.4360957145690918,0.013746387356373615,0.0
IN.KL,2.5468685626983643,0.1868044159687833,0.0
IN.LD,0.7374999523162842,0.00696961638378762,0.0
IN.MP,0.04949541389942169,4.15924113511456e-05,0.0
IN.MH,0.0741666629910469,5.260077930111829e-05,0.0
IN.MN,0.0,0.0,0.0
IN.ML,0.019465966150164604,0.0002040907894561608,0.0
IN.MZ,0.0,0.0,0.0
IN.NL,0.0,0.0,0.0
IN.DL,0.06715305894613266,0.0068781904976478675,0.0
IN.OR,0.2406536191701889,0.0003774458424594692,0.0
IN.PY,0.06859119981527328,0.0001328218550606205,0.0
IN.PB,0.6240370869636536,0.03386889243234515,0.0
IN.RJ,0.1856512427330017,0.0013244864081476894,0.0
IN.SK,0.0,0.0,0.0
IN.TN,1.3369112014770508,0.09560939918480972,0.0
IN.TG,0.09510967880487442,0.001644879566140227,0.0
IN.TR,0.0,0.0,0.0
IN.UP,0.28427237272262573,0.0017259523470861068,0.0
IN.UT,0.5529666543006897,0.03754935355407841,0.0
IN.WB,0.020550372079014778,1.1569526916666473e-05,0.0
