HASC_1,Max,Mean,Min
IN.AN,2.2660586833953857,0.07174468263488122,0.0
IN.AP,1.1318031549453735,0.022222227270554045,0.0
IN.AR,0.44849511981010437,-14.121843446717934,-833.3250122070312
IN.AS,0.801471471786499,0.00479787962653192,0.0
IN.BR,0.3290480673313141,-0.44069224108472677,-833.3250122070312
IN.CH,0.0,0.0,0.0
IN.CT,1.2822619676589966,0.022703232418822092,0.0
IN.DN,0.42798805236816406,0.11787194292992353,0.0
IN.DD,0.12368998676538467,0.005746503360569477,0.0
IN.GA,0.8053767681121826,0.09772819658475262,0.0
IN.GJ,1.6183557510375977,0.016333089650353162,0.0
IN.HR,0.0,0.0,0.0
IN.HP,0.10507211834192276,-12.698143537271521,-833.3250122070312
IN.JK,0.0194508358836174,-25.25224767186882,-833.3250122070312
IN.JH,0.4817873239517212,0.002827694947910686,0.0
IN.KA,0.7560343742370605,0.014445117759773102,0.0
IN.KL,0.5077181458473206,0.019745658668367975,0.0
IN.LD,0.19724057614803314,0.001734579274696963,0.0
IN.MP,0.34565433859825134,0.003190186911043368,0.0
IN.MH,8.31808090209961,0.09377804247569362,0.0
IN.MN,0.19258780777454376,0.0034360075955740563,0.0
IN.ML,0.801471471786499,0.050613879025873484,0.0
IN.MZ,0.11071786284446716,0.0018370768709187562,0.0
IN.NL,0.3720587193965912,0.01250628075599661,0.0
IN.DL,0.0,0.0,0.0
IN.OR,1.4400657415390015,0.06144716184267404,0.0
IN.PY,0.36345717310905457,0.0003385523020099842,0.0
IN.PB,0.0,0.0,0.0
IN.RJ,0.03812927007675171,0.00024332393476076883,0.0
IN.SK,0.026903405785560608,-90.90725187806582,-833.3250122070312
IN.TN,0.29386383295059204,0.0043067105309662615,0.0
IN.TG,0.7590435147285461,0.011636409417859784,0.0
IN.TR,0.028625113889575005,0.0004578171460151807,0.0
IN.UP,0.01409903448075056,1.1209231938541446e-05,0.0
IN.UT,0.0,-9.852118370920566,-833.3250122070312
IN.WB,0.2583578824996948,0.0025340299616113645,0.0
