HASC_1,Max,Mean,Min
IN.AN,6.368689060211182,0.06033642102288962,0.0
IN.AP,1.287740707397461,0.036865681037620085,0.0
IN.AR,1.6711512804031372,0.14927291842967788,0.0
IN.AS,6.156497955322266,0.29787535695490985,0.0
IN.BR,5.627411365509033,0.15364912723693525,0.0
IN.CH,0.0,0.0,0.0
IN.CT,2.990321159362793,0.05325380389071629,0.0
IN.DN,0.15186050534248352,0.08524034032598138,0.0
IN.DD,0.20918786525726318,0.009220030868337267,0.0
IN.GA,0.41315725445747375,0.1275570477891181,0.0
IN.GJ,3.8179471492767334,0.2507581990629191,0.0
IN.HR,0.006345425266772509,0.00019065809268291366,0.0
IN.HP,0.3355691432952881,0.003680081354115308,0.0
IN.JK,0.17994408309459686,0.0023708774798318196,0.0
IN.JH,3.7118122577667236,0.18742251718982053,0.0
IN.KA,2.5578091144561768,0.11986496006678096,0.0
IN.KL,0.7078048586845398,0.025131891966305185,0.0
IN.LD,0.09359174966812134,0.0007517728980111169,0.0
IN.MP,6.552402496337891,0.3078861423997096,0.0
IN.MH,4.037923336029053,0.3187636185452977,0.0
IN.MN,0.5057663321495056,0.0397055268055211,0.0
IN.ML,5.19390869140625,1.3855211210427105,0.0
IN.MZ,0.45447078347206116,0.04636185349469694,0.0
IN.NL,0.8743557333946228,0.06876016342644825,0.0
IN.DL,0.0,0.0,0.0
IN.OR,0.7767965197563171,0.031145800864105025,0.0
IN.PY,0.2977793216705322,0.0005401843297952627,0.0
IN.PB,0.08998485654592514,0.0010768826857179925,0.0
IN.RJ,2.022519111633301,0.03840590815207832,0.0
IN.SK,0.5681210160255432,0.021123157941623172,0.0
IN.TN,0.8035622239112854,0.01881741737391702,0.0
IN.TG,3.1230030059814453,0.3649026286773423,0.0
IN.TR,1.1831305027008057,0.13193953779844222,0.0
IN.UP,7.960583209991455,0.13927836315746386,0.0
IN.UT,1.3085180521011353,0.06351885211135927,0.0
IN.WB,6.2521653175354,0.1559203628496558,0.0
