HASC_1,Max,Mean,Min
IN.AN,0.3467237949371338,0.002898227661680802,0.0
IN.AP,5.028078079223633,0.4754930458330827,0.0
IN.AR,1.0892218351364136,0.04880246568553304,0.0
IN.AS,1.606986165046692,0.01981301129251083,0.0
IN.BR,0.04375511035323143,4.93180235362551e-05,0.0
IN.CH,0.30614617466926575,0.20899434573948383,0.09549521654844284
IN.CT,1.3226009607315063,0.0738007287788683,0.0
IN.DN,0.0,0.0,0.0
IN.DD,0.0,0.0,0.0
IN.GA,0.00730924354866147,0.0001613729101206575,0.0
IN.GJ,0.06395833194255829,0.0002169131757474385,0.0
IN.HR,1.3715952634811401,0.0766770223081487,0.0
IN.HP,2.9683706760406494,0.2437932653890069,0.0
IN.JK,8.416682243347168,0.17470318287124603,0.0
IN.JH,3.3308207988739014,0.24482848443645422,0.0
IN.KA,4.024112701416016,0.3449340438424216,0.0
IN.KL,2.4690663814544678,0.17072888989240706,0.0
IN.LD,1.472400188446045,0.010317578597264286,0.0
IN.MP,0.9329202771186829,0.006958445010111727,0.0
IN.MH,1.0574487447738647,0.002791561349996714,0.0
IN.MN,1.4096946716308594,0.04187489763219338,0.0
IN.ML,0.964273989200592,0.051149366231506045,0.0
IN.MZ,0.029631583020091057,0.0004362565049980472,0.0
IN.NL,0.354793906211853,0.017685944032219642,0.0
IN.DL,0.4359176456928253,0.18204054029451477,0.0
IN.OR,2.6315693855285645,0.205459239173089,0.0
IN.PY,1.4602627754211426,0.002208352918963901,0.0
IN.PB,2.0350358486175537,0.32812095190315776,0.0
IN.RJ,1.2391955852508545,0.01736875414973907,0.0
IN.SK,0.1284748762845993,0.009126563045025581,0.0
IN.TN,3.7446439266204834,0.2762865865016824,0.0
IN.TG,4.744009017944336,0.6966687346586471,0.0
IN.TR,0.044223036617040634,0.0007783764934038735,0.0
IN.UP,0.8306729793548584,0.027461451512524757,0.0
IN.UT,2.9683706760406494,0.04901834201171664,0.0
IN.WB,1.0860906839370728,0.03230369741169273,0.0
