HASC_1,Max,Mean,Min
IN.AN,1.3848615884780884,0.024223392743286182,0.0
IN.AP,2.655693769454956,0.08173270772725341,0.0
IN.AR,3.3814709186553955,0.12207113853452659,0.0
IN.AS,5.113560676574707,0.2972421219056628,0.0
IN.BR,1.2310060262680054,0.025696916325142097,0.0
IN.CH,0.0,0.0,0.0
IN.CT,5.053992748260498,0.6333056036824124,0.0
IN.DN,5.631662368774414,3.7943840324878693,0.0
IN.DD,4.101539134979248,0.18531053264935812,0.0
IN.GA,2.7319886684417725,0.39638851481888976,0.0
IN.GJ,12.929787635803223,1.6292354103377564,0.0
IN.HR,1.6288480758666992,0.028841840604600016,0.0
IN.HP,0.4440341293811798,0.00969524679605716,0.0
IN.JK,1.2444947957992554,0.009833552260631723,0.0
IN.JH,2.420877695083618,0.1868808461811381,0.0
IN.KA,2.5676352977752686,0.0535586493621936,0.0
IN.KL,1.657670497894287,0.03162794529162931,0.0
IN.LD,0.19689559936523438,0.0019194947555661202,0.0
IN.MP,9.712481498718262,1.3084500188102546,0.0
IN.MH,8.906269073486328,1.0540409942085927,0.0
IN.MN,3.018467903137207,0.3555478013855846,0.0
IN.ML,5.113560676574707,0.357644540050661,0.0
IN.MZ,5.103428363800049,0.37434472876060526,0.0
IN.NL,4.245479106903076,0.555385852011999,0.0
IN.DL,1.0853543281555176,0.047004332297041804,0.0
IN.OR,5.000131130218506,0.2560177090346579,0.0
IN.PY,1.5244585275650024,0.0007825870512874852,0.0
IN.PB,0.8861387372016907,0.024676003701254178,0.0
IN.RJ,12.929787635803223,0.4434645242521182,0.0
IN.SK,1.333919882774353,0.12285568220587183,0.0
IN.TN,0.282076895236969,0.006606591150544165,0.0
IN.TG,2.3838765621185303,0.28550504076411604,0.0
IN.TR,4.543991565704346,0.7206202260644188,0.0
IN.UP,3.120931386947632,0.04570349540837846,0.0
IN.UT,1.3686426877975464,0.06435071425942539,0.0
IN.WB,5.284683704376221,0.3958265527408824,0.0
