HASC_1,Max,Mean,Min
IN.AN,0.5655338764190674,0.004654457562583955,0.0
IN.AP,3.2818024158477783,0.02455236862655156,0.0
IN.AR,5.682059288024902,0.2613425119102162,0.0
IN.AS,15.11697006225586,0.5332604758277739,0.0
IN.BR,1.2334728240966797,0.016504228240508192,0.0
IN.CH,1.411014437675476,0.6196661666035652,0.30599525570869446
IN.CT,1.3853994607925415,0.05202184138840221,0.0
IN.DN,0.05720454081892967,0.0035752838011831045,0.0
IN.DD,0.00476704491302371,9.89307702097687e-05,0.0
IN.GA,0.4452946186065674,0.029882073535736707,0.0
IN.GJ,0.13504658639431,0.0009225925204719821,0.0
IN.HR,1.7888234853744507,0.099917630292648,0.0
IN.HP,7.551541328430176,0.3588962442480304,0.0
IN.JK,7.84703254699707,0.2650800568723701,0.0
IN.JH,3.2225499153137207,0.08411096449418888,0.0
IN.KA,2.169405698776245,0.0329226055873275,0.0
IN.KL,0.9988325834274292,0.019624055303290294,0.0
IN.LD,0.3643690347671509,0.003418780005529147,0.0
IN.MP,0.8696041703224182,0.026129558039154774,0.0
IN.MH,4.615274906158447,0.10123855410535394,0.0
IN.MN,1.4931268692016602,0.19781364700860363,0.0
IN.ML,15.11697006225586,3.201353289747751,0.0
IN.MZ,0.7114157676696777,0.07500431137026524,0.0
IN.NL,1.8272160291671753,0.11896306618385241,0.0
IN.DL,0.002498740330338478,0.0006570663018566039,0.0
IN.OR,4.57868766784668,0.20734392699111748,0.0
IN.PY,0.16315782070159912,0.00021511117417962445,0.0
IN.PB,3.3990776538848877,0.3625731550545747,0.0
IN.RJ,1.5255881547927856,0.015251241443147049,0.0
IN.SK,1.1506528854370117,0.1048071018525992,0.0
IN.TN,0.7300397157669067,0.008290072733557065,0.0
IN.TG,2.424042224884033,0.04607718180791781,0.0
IN.TR,5.0490403175354,0.5732336058639563,0.0
IN.UP,0.8465574979782104,0.009513777820958143,0.0
IN.UT,1.9865038394927979,0.052798785620219627,0.0
IN.WB,6.8091816902160645,0.4235503612620309,0.0
