HASC_1,Max,Mean,Min
IN.AN,0.4984397888183594,0.007722408705799927,0.0
IN.AP,2.4609553813934326,0.028570695242784543,0.0
IN.AR,0.8877548575401306,-204.44401434861604,-2499.9658203125
IN.AS,2.4026453495025635,0.1461654802459634,0.0
IN.BR,3.1539833545684814,-2.395820042197112,-2499.938232421875
IN.CH,0.26257652044296265,0.22237704694271088,0.1967901736497879
IN.CT,1.7839584350585938,0.050996188296179815,0.0
IN.DN,0.0,0.0,0.0
IN.DD,0.0,0.0,0.0
IN.GA,0.05366666615009308,0.01158706379688478,0.0
IN.GJ,0.1677529364824295,0.0017503956841732787,0.0
IN.HR,0.9656429886817932,0.06846107710228208,0.0
IN.HP,3.058155059814453,-537.9222971101134,-2499.97412109375
IN.JK,10.112247467041016,-732.9481283130929,-2499.974853515625
IN.JH,2.017641544342041,0.15983260586949208,0.0
IN.KA,9.198555946350098,0.146420355506005,0.0
IN.KL,9.198555946350098,0.26295743100376284,0.0
IN.LD,6.834480285644531,0.11513522703106664,0.0
IN.MP,1.2745085954666138,0.04259668954918118,0.0
IN.MH,0.27588942646980286,0.0018811228288006913,0.0
IN.MN,1.0335376262664795,0.10682789742407438,0.0
IN.ML,2.4274842739105225,0.3141670335450814,0.0
IN.MZ,0.7956533432006836,0.1062868078750196,0.0
IN.NL,0.7953662276268005,0.10744490894538007,0.0
IN.DL,0.1656777411699295,0.023396165026901547,0.0
IN.OR,3.0322296619415283,0.1377878481322231,0.0
IN.PY,2.692253828048706,0.00251600682649669,0.0
IN.PB,2.7681760787963867,0.24762502294422006,0.0
IN.RJ,2.866813898086548,0.10664456300256656,0.0
IN.SK,0.40550267696380615,-886.2726426127973,-2499.97412109375
IN.TN,2.911508321762085,0.10789633235804197,0.0
IN.TG,0.6464583873748779,0.007854147553181878,0.0
IN.TR,2.325000047683716,0.016849200543631457,0.0
IN.UP,4.3598527908325195,0.20568391240579637,0.0
IN.UT,3.0456459522247314,-268.2500546231999,-2499.974853515625
IN.WB,4.843326568603516,0.17080769844553484,0.0
