HASC_1,Max,Mean,Min
IN.AN,3.8067264556884766,0.07253538677856086,0.0
IN.AP,0.561197817325592,0.001861107550799145,0.0
IN.AR,2.515878915786743,0.04335546469955862,0.0
IN.AS,8.276432037353516,0.3054723901742591,0.0
IN.BR,0.14373064041137695,0.00018480556430201336,0.0
IN.CH,0.006710416171699762,0.0020293597190175205,0.0
IN.CT,0.0027425000444054604,1.6760124370109204e-06,0.0
IN.DN,0.0,0.0,0.0
IN.DD,0.0,0.0,0.0
IN.GA,0.5970258116722107,0.0796476338154337,0.0
IN.GJ,0.0364583320915699,4.367435479814068e-05,0.0
IN.HR,0.017343970015645027,2.8884266639855042e-05,0.0
IN.HP,0.5250480771064758,0.01613262166612068,0.0
IN.JK,0.7071499824523926,0.02557755046659022,0.0
IN.JH,0.4347311556339264,0.000693985533550457,0.0
IN.KA,3.1964457035064697,0.051079314580393484,0.0
IN.KL,4.006133556365967,0.23798248343227835,0.0
IN.LD,1.429805874824524,0.004064340255601809,0.0
IN.MP,0.15416665375232697,7.439692618946648e-05,0.0
IN.MH,0.01632075570523739,8.101013278246852e-06,0.0
IN.MN,0.8742370009422302,0.06296568745708914,0.0
IN.ML,4.598684310913086,0.49387428348524726,0.0
IN.MZ,1.52742338180542,0.1411136637616886,0.0
IN.NL,0.9646055698394775,0.09108652952016104,0.0
IN.DL,0.0,0.0,0.0
IN.OR,0.04808085784316063,3.9537400137918186e-05,0.0
IN.PY,0.8702691197395325,0.0004993514554364732,0.0
IN.PB,0.10287150740623474,0.0014139642029359465,0.0
IN.RJ,0.0024999999441206455,1.4058047751215903e-06,0.0
IN.SK,0.1908029466867447,0.008680728724125815,0.0
IN.TN,2.4930856227874756,0.0234910240219645,0.0
IN.TG,0.0009990254184231162,5.060919039630781e-07,0.0
IN.TR,7.822063446044922,0.1615266642102348,0.0
IN.UP,0.0,0.0,0.0
IN.UT,0.1142834946513176,0.001451836047412762,0.0
IN.WB,5.242494583129883,0.04333941193264722,0.0
