HASC_1,Max,Mean,Min
IN.AN,1.0948398113250732,0.024136832575809352,0.0
IN.AP,1.466008186340332,0.032076816231915696,0.0
IN.AR,2.949475049972534,0.13681316124398266,0.0
IN.AS,4.135668754577637,0.2892545044595364,0.0
IN.BR,14.056419372558594,1.1100364700788914,0.0
IN.CH,0.0,0.0,0.0
IN.CT,5.745513439178467,0.33903971439982805,0.0
IN.DN,0.018329640850424767,0.005564612076341291,0.0
IN.DD,0.00851686391979456,0.00022372276067645069,0.0
IN.GA,2.132991075515747,1.1575017937592098,0.0
IN.GJ,0.35534369945526123,0.0021901963231795328,0.0
IN.HR,2.395925283432007,0.030008818367067844,0.0
IN.HP,1.3355993032455444,0.014561226229069732,0.0
IN.JK,1.3355993032455444,0.011989674255827145,0.0
IN.JH,3.1853067874908447,0.33975345613526214,0.0
IN.KA,3.549563407897949,0.16689907585048627,0.0
IN.KL,1.64579439163208,0.2262162100243379,0.0
IN.LD,0.6979951858520508,0.003988174794382658,0.0
IN.MP,2.064190626144409,0.09743858335762952,0.0
IN.MH,7.541248798370361,0.20622894244505258,0.0
IN.MN,4.135668754577637,0.4645840312329758,0.0
IN.ML,1.055022120475769,0.14245658331382918,0.0
IN.MZ,3.416799306869507,0.11900332235714578,0.0
IN.NL,3.546921491622925,0.44017762537604493,0.0
IN.DL,0.011008798144757748,0.000800781748289915,0.0
IN.OR,2.9371540546417236,0.10687475137922507,0.0
IN.PY,0.8882177472114563,0.0012699339652471311,0.0
IN.PB,1.0281928777694702,0.02243230217813576,0.0
IN.RJ,2.055234670639038,0.050277411263245524,0.0
IN.SK,2.9996745586395264,0.3780182949549312,0.0
IN.TN,0.7191586494445801,0.07086440589139917,0.0
IN.TG,4.271668434143066,0.2370631019689219,0.0
IN.TR,0.41452908515930176,0.04107458433772414,0.0
IN.UP,12.5333833694458,0.5108234506728768,0.0
IN.UT,1.7605605125427246,0.030577990878846502,0.0
IN.WB,3.4588794708251953,0.14309179464608204,0.0
