HASC_1,Max,Mean,Min
IN.AN,0.887718915939331,0.006019539781677197,0.0
IN.AP,2.1356024742126465,0.03251571173523045,0.0
IN.AR,0.6841952204704285,0.0036698811497860905,0.0
IN.AS,0.25596582889556885,0.0018481391470515974,0.0
IN.BR,0.1161145567893982,0.00012558146825807477,0.0
IN.CH,0.0075008682906627655,0.006149225519038737,0.004613017663359642
IN.CT,1.337727427482605,0.013254508740966378,0.0
IN.DN,0.0,0.0,0.0
IN.DD,0.0,0.0,0.0
IN.GA,0.0071187070570886135,0.0003354668617248535,0.0
IN.GJ,0.20394481718540192,0.00042058354208959227,0.0
IN.HR,0.20178420841693878,0.005923506696944969,0.0
IN.HP,0.9883754253387451,0.10332290146764578,0.0
IN.JK,5.690170764923096,0.1039887506669505,0.0
IN.JH,0.1161145567893982,0.00011728473235088328,0.0
IN.KA,0.7665250897407532,0.00723798227159757,0.0
IN.KL,0.9259743094444275,0.03268613519745078,0.0
IN.LD,0.0,0.0,0.0
IN.MP,0.18299199640750885,0.00023949374554580274,0.0
IN.MH,0.0987720787525177,0.0002013930755866341,0.0
IN.MN,0.40132442116737366,0.029796200762747933,0.0
IN.ML,0.280197411775589,0.010011393347159229,0.0
IN.MZ,0.3039054572582245,0.04373213633848929,0.0
IN.NL,0.40132442116737366,0.016792904771443174,0.0
IN.DL,0.10234692692756653,0.016546104324839286,0.0
IN.OR,1.3012341260910034,0.006685005378364393,0.0
IN.PY,0.16668283939361572,7.737371055627723e-05,0.0
IN.PB,0.24890853464603424,0.015101605711480158,0.0
IN.RJ,0.20178420841693878,0.0007531719870399592,0.0
IN.SK,0.0796588659286499,0.002270312287956503,0.0
IN.TN,0.9259743094444275,0.03274573411822681,0.0
IN.TG,2.7088279724121094,0.06987468482332182,0.0
IN.TR,0.20682109892368317,0.0061228136317088054,0.0
IN.UP,0.07392200082540512,0.0006298612523498365,0.0
IN.UT,0.4289126396179199,0.014579028531323368,0.0
IN.WB,0.26125776767730713,0.0004935514088949473,0.0
