HASC_1,Max,Mean,Min
IN.AN,1.232181429862976,0.021250957522269024,0.0
IN.AP,2.89523983001709,0.020174126896202245,0.0
IN.AR,1.2584601640701294,0.052821062455899674,0.0
IN.AS,2.3323934078216553,0.03524905302390273,0.0
IN.BR,3.675248146057129,0.19348876339044774,0.0
IN.CH,1.0590535402297974,0.3057100949808955,0.024281546473503113
IN.CT,4.102647304534912,0.281812729403309,0.0
IN.DN,0.0,0.0,0.0
IN.DD,0.0,0.0,0.0
IN.GA,0.2221924215555191,0.02416097198812557,0.0
IN.GJ,1.1182116270065308,0.0229648375977364,0.0
IN.HR,2.4997408390045166,0.05118799010076932,0.0
IN.HP,1.5863815546035767,0.12167734119604488,0.0
IN.JK,2.0517916679382324,0.060878460489004346,0.0
IN.JH,1.990787386894226,0.15853044083852788,0.0
IN.KA,2.516272783279419,0.07923973371188217,0.0
IN.KL,2.212721347808838,0.1487765071653019,0.0
IN.LD,1.0621587038040161,0.005984677506235092,0.0
IN.MP,2.995155096054077,0.09673713344819719,0.0
IN.MH,2.4616904258728027,0.07665480856508874,0.0
IN.MN,2.4046435356140137,0.19455617499740918,0.0
IN.ML,1.0971070528030396,0.07535836489060657,0.0
IN.MZ,1.7275334596633911,0.18813613936539314,0.0
IN.NL,1.311151146888733,0.04222727246926393,0.0
IN.DL,2.4997408390045166,0.32545955709388685,0.0
IN.OR,5.014773845672607,0.30510971338337667,0.0
IN.PY,0.22601063549518585,0.0002895447320367578,0.0
IN.PB,1.9593983888626099,0.11207414446736912,0.0
IN.RJ,1.174418568611145,0.03629829042523848,0.0
IN.SK,0.25761011242866516,0.012022864712873177,0.0
IN.TN,2.1499381065368652,0.0474661885524665,0.0
IN.TG,1.0488578081130981,0.02688713138993818,0.0
IN.TR,2.955906629562378,0.278300852240885,0.0
IN.UP,4.851860046386719,0.10960776228518274,0.0
IN.UT,0.7783212065696716,0.06982565192736577,0.0
IN.WB,3.251039505004883,0.14694082656113944,0.0
