HASC_1,Max,Mean,Min
IN.AN,1.1012468338012695,0.013028425152832424,0.0
IN.AP,1.36017644405365,0.04356099909344181,0.0
IN.AR,2.0004515647888184,0.07887796786442508,0.0
IN.AS,6.213773250579834,0.17739282120783173,0.0
IN.BR,4.171454906463623,0.2508603756695544,0.0
IN.CH,0.01434327568858862,0.004055421592056518,0.0
IN.CT,5.822259902954102,0.1442107807700044,0.0
IN.DN,0.009214199148118496,0.0012672098378061492,0.0
IN.DD,0.007636113092303276,0.0003955651440524629,0.0
IN.GA,1.7569888830184937,0.5045404653464045,0.0
IN.GJ,0.9687742590904236,0.0030922866618696273,0.0
IN.HR,4.10449743270874,0.32497214155646914,0.0
IN.HP,2.3153223991394043,0.17845895292936587,0.0
IN.JK,2.60752272605896,0.07152122179230792,0.0
IN.JH,4.7688069343566895,0.23146773978256605,0.0
IN.KA,2.863589286804199,0.14326826168595932,0.0
IN.KL,1.4271982908248901,0.19641600922918115,0.0
IN.LD,0.3876190185546875,0.003953758254647255,0.0
IN.MP,3.991800546646118,0.21985570426397436,0.0
IN.MH,3.6017701625823975,0.14606681907980795,0.0
IN.MN,0.5163087844848633,0.022271775664366462,0.0
IN.ML,2.281174659729004,0.4758943515999984,0.0
IN.MZ,0.9879774451255798,0.16205472328184206,0.0
IN.NL,1.3159927129745483,0.054285030159065314,0.0
IN.DL,0.8625708222389221,0.2875056595593277,0.0
IN.OR,4.7688069343566895,0.15235363879737734,0.0
IN.PY,1.9503417015075684,0.003210565419647103,0.0
IN.PB,3.465667486190796,0.2717723249496474,0.0
IN.RJ,4.108587265014648,0.03990330109563922,0.0
IN.SK,0.4237537682056427,0.05472576709395401,0.0
IN.TN,3.286039113998413,0.12614947573925117,0.0
IN.TG,1.3385701179504395,0.08243006271295378,0.0
IN.TR,7.361461162567139,0.5344697804046938,0.0
IN.UP,4.1848015785217285,0.14771483663672955,0.0
IN.UT,3.673041343688965,0.5169749744136416,0.0
IN.WB,6.213773250579834,0.16589277048317544,0.0
