HASC_1,Max,Mean,Min
IN.AN,3.7156827449798584,0.03094362404896882,0.0
IN.AP,2.121561050415039,0.08122140181807892,0.0
IN.AR,1.5725561380386353,0.0537923758899249,0.0
IN.AS,2.415862798690796,0.12011401137244775,0.0
IN.BR,2.7750537395477295,0.16313356849894328,0.0
IN.CH,0.00085793761536479,0.00037073439671075903,0.00020833332382608205
IN.CT,2.708756685256958,0.08044856672676741,0.0
IN.DN,1.8251756429672241,1.145241767168045,0.0
IN.DD,2.14009952545166,0.08493789405717204,0.0
IN.GA,0.9476056098937988,0.22389971613883972,0.0
IN.GJ,2.14009952545166,0.26968478967660786,0.0
IN.HR,0.1325148195028305,0.00048723781769970657,0.0
IN.HP,1.6276021003723145,0.02372977278737207,0.0
IN.JK,1.7164283990859985,0.036306748190724256,0.0
IN.JH,1.9055848121643066,0.10081513368091763,0.0
IN.KA,2.2209129333496094,0.10294985952089446,0.0
IN.KL,0.6003981828689575,0.03847052802332594,0.0
IN.LD,1.3803019523620605,0.010490092021577498,0.0
IN.MP,5.3978729248046875,0.39797824491400857,0.0
IN.MH,3.608598470687866,0.43443073223382095,0.0
IN.MN,0.932490885257721,0.13229874211262396,0.0
IN.ML,1.1815913915634155,0.18528113935908844,0.0
IN.MZ,1.8668478727340698,0.3352853302947349,0.0
IN.NL,1.4695764780044556,0.21469345117281927,0.0
IN.DL,0.002228102646768093,0.00018265678793088428,0.0
IN.OR,1.143241286277771,0.052899488672381825,0.0
IN.PY,0.7943665981292725,0.0008908481453121292,0.0
IN.PB,1.6276021003723145,0.025245342940171476,0.0
IN.RJ,2.55202579498291,0.0934517520255147,0.0
IN.SK,0.14272873103618622,0.012237171236219266,0.0
IN.TN,1.5439242124557495,0.051215111773583503,0.0
IN.TG,2.6552882194519043,0.3197769621031391,0.0
IN.TR,1.3530216217041016,0.34323269155769864,0.0
IN.UP,4.771623134613037,0.16720807144305866,0.0
IN.UT,1.0406758785247803,0.028135684814723897,0.0
IN.WB,2.966864585876465,0.15859166720172932,0.0
