HASC_1,Max,Mean,Min
IN.AN,0.23425744473934174,0.0009061504751057963,0.0
IN.AP,0.08310794085264206,2.6420578149692876e-05,0.0
IN.AR,0.1631207913160324,0.0014474917974766888,0.0
IN.AS,0.012368579395115376,6.571908920705028e-06,0.0
IN.BR,0.07589999586343765,9.337037298756799e-05,0.0
IN.CH,0.0,0.0,0.0
IN.CT,0.33763113617897034,0.0028577325053915532,0.0
IN.DN,0.0,0.0,0.0
IN.DD,0.0,0.0,0.0
IN.GA,0.0,0.0,0.0
IN.GJ,0.42250439524650574,0.0007071888373134921,0.0
IN.HR,0.10411856323480606,0.0019843691941655484,0.0
IN.HP,0.34694162011146545,0.00529302706404754,0.0
IN.JK,0.37740838527679443,0.003079180044999179,0.0
IN.JH,0.3125557005405426,0.00770466763950864,0.0
IN.KA,0.0064583332277834415,4.57432454919026e-06,0.0
IN.KL,0.0016789486398920417,1.5558975679219006e-05,0.0
IN.LD,0.001041666604578495,1.7507001757621765e-06,0.0
IN.MP,0.2213536500930786,0.0007190736847159232,0.0
IN.MH,0.03024277091026306,2.24527083894029e-05,0.0
IN.MN,0.06746508926153183,0.0001775397085829785,0.0
IN.ML,0.22139756381511688,0.0008278968199456651,0.0
IN.MZ,0.15810537338256836,0.0014947678061650582,0.0
IN.NL,0.0999327078461647,0.0005831233639343593,0.0
IN.DL,0.006666666362434626,0.0006475451094729578,0.0
IN.OR,0.20902912318706512,0.00032031418082334646,0.0
IN.PY,0.009957440197467804,1.067970094129143e-05,0.0
IN.PB,0.0054166666232049465,7.144858769348253e-05,0.0
IN.RJ,0.20708125829696655,0.001165642840203191,0.0
IN.SK,0.1473499983549118,0.007912433363724797,0.0
IN.TN,0.1452290415763855,0.00022598734883295843,0.0
IN.TG,0.010913166217505932,9.117570837578437e-06,0.0
IN.TR,0.19053871929645538,0.008200951086908234,0.0
IN.UP,0.508563756942749,0.009454301050608915,0.0
IN.UT,0.11953451484441757,0.0037857983169546096,0.0
IN.WB,0.7781078815460205,0.0018014356090653954,0.0
