HASC_1,Max,Mean,Min
IN.AN,2.34240984916687,0.11869288100231183,0.0
IN.AP,6.196787357330322,0.08590597275625063,0.0
IN.AR,1.0594192743301392,0.07034213135129781,0.0
IN.AS,3.418682098388672,0.11219448125417557,0.0
IN.BR,7.427896499633789,0.4074236713523486,0.0
IN.CH,0.01142728328704834,0.0043052748223999515,0.0
IN.CT,2.965102434158325,0.25778713635753414,0.0
IN.DN,0.23968200385570526,0.10489496961236,0.0
IN.DD,0.08180572837591171,0.004188191433925004,0.0
IN.GA,1.3992999792099,0.5455337882041931,0.0
IN.GJ,0.4439699649810791,0.010987638102562869,0.0
IN.HR,2.816438674926758,0.07644982283046843,0.0
IN.HP,2.566126585006714,0.0682477772798683,0.0
IN.JK,5.393747329711914,0.0343579538107254,0.0
IN.JH,1.9677284955978394,0.17043730540343163,0.0
IN.KA,2.0685224533081055,0.19769307479077244,0.0
IN.KL,1.4204133749008179,0.1410246907506001,0.0
IN.LD,0.5731611251831055,0.005837892359044371,0.0
IN.MP,3.3266735076904297,0.2882419181739165,0.0
IN.MH,4.4742889404296875,0.43686165567962204,0.0
IN.MN,0.37536314129829407,0.044235960649970554,0.0
IN.ML,2.1798713207244873,0.20903145659629505,0.0
IN.MZ,0.6706467270851135,0.10837964657831536,0.0
IN.NL,1.147626280784607,0.08324937516833751,0.0
IN.DL,0.8808236122131348,0.15125412224895424,0.0
IN.OR,1.7318459749221802,0.06317497488363835,0.0
IN.PY,2.7866058349609375,0.004563645212414103,0.0
IN.PB,5.393747329711914,0.04928756723096916,0.0
IN.RJ,1.0780882835388184,0.014563632850063976,0.0
IN.SK,1.9986289739608765,0.24050072980197992,0.0
IN.TN,13.19191837310791,0.5121367907609097,0.0
IN.TG,1.8627781867980957,0.22690072570801945,0.0
IN.TR,0.5232003331184387,0.059598314836073446,0.0
IN.UP,7.858421802520752,0.33065554578973555,0.0
IN.UT,3.597090005874634,0.21722318111773203,0.0
IN.WB,3.0683176517486572,0.05564205636533345,0.0
