HASC_1,Max,Mean,Min
IN.AN,3.0888986587524414,0.11657921695011046,0.0
IN.AP,2.2361209392547607,0.023995381571987395,0.0
IN.AR,1.0900208950042725,0.02435786296505213,0.0
IN.AS,4.0732035636901855,0.11190028132629096,0.0
IN.BR,2.7948105335235596,0.11401394502290546,0.0
IN.CH,0.0011356155155226588,0.0002839038788806647,0.0
IN.CT,2.5482213497161865,0.15964305042253663,0.0
IN.DN,0.0,0.0,0.0
IN.DD,0.03920960798859596,0.00046678104748328525,0.0
IN.GA,1.1831549406051636,0.3078779049749885,0.0
IN.GJ,1.2303212881088257,0.01995965534677409,0.0
IN.HR,0.5637602806091309,0.0011172981637145947,0.0
IN.HP,1.254313588142395,0.08562297521388593,0.0
IN.JK,6.52589225769043,0.12018896371652002,0.0
IN.JH,2.8881540298461914,0.17035858366866005,0.0
IN.KA,5.236222743988037,0.2105249288095865,0.0
IN.KL,4.637485027313232,0.17910963588298445,0.0
IN.LD,1.8747154474258423,0.02621200847275117,0.0
IN.MP,1.8091224431991577,0.03613049727159983,0.0
IN.MH,2.288329601287842,0.04818178966647873,0.0
IN.MN,1.243788480758667,0.047438205924692355,0.0
IN.ML,6.8008551597595215,0.8083237734653296,0.0
IN.MZ,1.1438220739364624,0.11823704522958221,0.0
IN.NL,0.9827244281768799,0.0770323839537205,0.0
IN.DL,0.0,0.0,0.0
IN.OR,3.9227066040039062,0.3235671986992685,0.0
IN.PY,0.8115406036376953,0.0008520154244785336,0.0
IN.PB,1.678098201751709,0.039026687883756676,0.0
IN.RJ,1.5585289001464844,0.007121396616607539,0.0
IN.SK,0.4002179801464081,0.028547776428471977,0.0
IN.TN,1.918868064880371,0.056362356960555894,0.0
IN.TG,2.1543140411376953,0.03263080962053095,0.0
IN.TR,0.9810051918029785,0.10479598298494502,0.0
IN.UP,2.504044771194458,0.08915129729967766,0.0
IN.UT,1.6044257879257202,0.06071450807378963,0.0
IN.WB,4.134410858154297,0.19062127991795028,0.0
