HASC_1,Max,Mean,Min
IN.AN,0.23838652670383453,0.0026404463268270275,0.0
IN.AP,0.28958773612976074,0.000735349365080938,0.0
IN.AR,4.583395481109619,0.24143277941402497,0.0
IN.AS,3.090672731399536,0.013395561726144933,0.0
IN.BR,0.5273648500442505,0.00961579126356004,0.0
IN.CH,0.3497832715511322,0.22150234878063202,0.17494697868824005
IN.CT,2.899843454360962,0.005672567030226378,0.0
IN.DN,0.0,0.0,0.0
IN.DD,0.0,0.0,0.0
IN.GA,0.022010743618011475,0.0019855238397472673,0.0
IN.GJ,0.27525794506073,0.0030286620244720673,0.0
IN.HR,2.411722421646118,0.14731470064140584,0.0
IN.HP,5.168820858001709,0.21034028195588256,0.0
IN.JK,2.2010295391082764,0.2058723518016473,0.0
IN.JH,0.15038065612316132,0.003800109138459376,0.0
IN.KA,1.8500165939331055,0.014814818015062505,0.0
IN.KL,3.8264408111572266,0.18369329177821814,0.0
IN.LD,0.016816968098282814,3.184824829780254e-05,0.0
IN.MP,0.4984208047389984,0.005013605422079325,0.0
IN.MH,1.2735817432403564,0.02941592759065024,0.0
IN.MN,0.26284274458885193,0.006144973448643118,0.0
IN.ML,0.4448506534099579,0.023295543433207097,0.0
IN.MZ,0.6788104176521301,0.043299714783890164,0.0
IN.NL,0.08216553926467896,0.0010267606172802565,0.0
IN.DL,0.08348239213228226,0.013164531232582198,0.0
IN.OR,0.2779821455478668,0.0006984625398865003,0.0
IN.PY,0.06050825119018555,3.89476110802485e-05,0.0
IN.PB,3.482712507247925,0.2933994645037831,0.0
IN.RJ,3.307680130004883,0.02708372482832827,0.0
IN.SK,1.5818500518798828,0.05736473182266557,0.0
IN.TN,3.0732505321502686,0.049775343773087094,0.0
IN.TG,0.08573281019926071,0.0002971741928105179,0.0
IN.TR,0.13421906530857086,0.005661719718872153,0.0
IN.UP,0.5804319977760315,0.004806061428580056,0.0
IN.UT,5.168820858001709,0.04642333205880779,0.0
IN.WB,0.6393332481384277,0.007073376875253943,0.0
