HASC_1,Max,Mean,Min
IN.AN,0.6667484641075134,0.008500708609790712,0.0
IN.AP,0.7673509120941162,0.012384429568101292,0.0
IN.AR,2.2324724197387695,0.2010508134409176,0.0
IN.AS,4.338910102844238,0.23455415798093354,0.0
IN.BR,2.756625175476074,0.25379732803544736,0.0
IN.CH,0.06037261709570885,0.038505411241203547,0.016497520729899406
IN.CT,3.079836845397949,0.23664708463223993,0.0
IN.DN,0.087664395570755,0.03731727506965399,0.0
IN.DD,0.10252218693494797,0.003771291973645843,0.0
IN.GA,0.14889416098594666,0.035001514437941035,0.0
IN.GJ,0.12855365872383118,0.004770950591627808,0.0
IN.HR,4.7306227684021,0.5129045157066712,0.0
IN.HP,2.5128190517425537,0.1443351616185239,0.0
IN.JK,1.2000559568405151,0.04884647409736748,0.0
IN.JH,7.151224613189697,1.177938111710782,0.0
IN.KA,0.3853660821914673,0.01058664285821228,0.0
IN.KL,0.41622409224510193,0.007775953791587804,0.0
IN.LD,0.003676476189866662,1.856987122465864e-05,0.0
IN.MP,6.780913829803467,0.2736044875349606,0.0
IN.MH,2.779653310775757,0.11667870826093178,0.0
IN.MN,4.189744472503662,0.4175856552331855,0.0
IN.ML,2.8626136779785156,0.40598799451003953,0.0
IN.MZ,3.630544900894165,0.24071150787665516,0.0
IN.NL,2.912492513656616,0.4888985017412587,0.0
IN.DL,1.4657601118087769,0.43667881025208366,0.0
IN.OR,3.9476215839385986,0.2532982033781878,0.0
IN.PY,0.3070097863674164,0.0001907582458648781,0.0
IN.PB,1.3779945373535156,0.0967189474462019,0.0
IN.RJ,6.950029373168945,0.3661395177134009,0.0
IN.SK,1.9030722379684448,0.32537945735860957,0.0
IN.TN,0.7632267475128174,0.010912534533990664,0.0
IN.TG,0.28331729769706726,0.026085792729720256,0.0
IN.TR,0.6139886379241943,0.13159322755503977,0.0
IN.UP,3.160583734512329,0.22390059820946973,0.0
IN.UT,3.229675531387329,0.14396952963859966,0.0
IN.WB,7.151224613189697,0.45469241224348617,0.0
