HASC_1,Max,Mean,Min
IN.AN,1.1200205087661743,0.008439226126414272,0.0
IN.AP,1.1473485231399536,0.0047498390869289845,0.0
IN.AR,1.1577471494674683,0.031529664512667616,0.0
IN.AS,2.1065781116485596,0.026686969937168216,0.0
IN.BR,0.10242753475904465,0.00042974740238224343,0.0
IN.CH,0.0,0.0,0.0
IN.CT,4.480257511138916,0.06537417016618507,0.0
IN.DN,0.0,0.0,0.0
IN.DD,0.00890105776488781,0.00025406130312365436,0.0
IN.GA,0.0028027836233377457,0.00017793230758148378,0.0
IN.GJ,3.364478349685669,0.01982641971421199,0.0
IN.HR,0.0,0.0,0.0
IN.HP,0.11681747436523438,0.000535592226243309,0.0
IN.JK,0.9883551597595215,0.005898268806455183,0.0
IN.JH,0.019318610429763794,0.00018689367187126513,0.0
IN.KA,2.1630818843841553,0.04725427910211594,0.0
IN.KL,1.7235221862792969,0.05032553278398082,0.0
IN.LD,0.012641672976315022,5.192518656869896e-05,0.0
IN.MP,1.7519941329956055,0.002383754201119156,0.0
IN.MH,2.117777109146118,0.09062636057250537,0.0
IN.MN,0.15835148096084595,0.0010665102007088104,0.0
IN.ML,1.184698462486267,0.02160593172463636,0.0
IN.MZ,0.04603689908981323,0.0002227074629770891,0.0
IN.NL,0.3824463188648224,0.00785816759902637,0.0
IN.DL,0.0,0.0,0.0
IN.OR,1.1473485231399536,0.01091290071345971,0.0
IN.PY,0.0039847735315561295,2.352704190201031e-06,0.0
IN.PB,0.0,0.0,0.0
IN.RJ,0.036298323422670364,2.053318349452696e-05,0.0
IN.SK,0.7311573028564453,0.026968741772527043,0.0
IN.TN,1.1621975898742676,0.020586797564259136,0.0
IN.TG,1.472205638885498,0.060466766909333114,0.0
IN.TR,0.04955284297466278,0.001883697391032532,0.0
IN.UP,0.010807652957737446,1.2206953672459082e-05,0.0
IN.UT,0.0036017827223986387,1.0506128158255164e-05,0.0
IN.WB,0.40390536189079285,0.003444859260646813,0.0
