HASC_1,Max,Mean,Min
AU.AS,302.85614013671875,302.72962443033856,302.6347961425781
AU.AC,290.2820739746094,288.38819376627606,287.0711364746094
AU.CR,299.0208435058594,298.0880432128906,297.1995544433594
AU.JB,293.3213195800781,292.9765930175781,292.6318664550781
AU.NS,301.1240539550781,295.2973185765703,287.0711364746094
AU.NT,310.542236328125,305.66861868017924,299.12860107421875
AU.QL,307.8831481933594,301.64999153281656,293.43524169921875
AU.SA,303.2200622558594,294.25865473512744,286.6819763183594
AU.TS,289.7095031738281,286.4171793235923,277.2432556152344
AU.VI,294.21746826171875,289.65550304594495,286.5220031738281
AU.WA,311.4453430175781,299.5089931306385,287.6116638183594
