HASC_1,Max,Mean,Min
AU.AS,302.7093811035156,302.6496988932292,302.5570373535156
AU.AC,286.7328186035156,286.52198282877606,286.1257019042969
AU.CR,301.0641784667969,300.01280466715497,298.5602722167969
AU.JB,292.4203186035156,290.35130310058594,288.28228759765625
AU.NS,298.1722717285156,293.1249991834762,285.53228759765625
AU.NT,306.1559753417969,302.39713169560014,297.81353759765625
AU.QL,305.2269592285156,299.6363342600312,290.1940612792969
AU.SA,303.3793029785156,296.68332017575455,289.8542175292969
AU.TS,291.4001159667969,287.19550251510907,278.8939514160156
AU.VI,295.9222717285156,292.5302179245722,286.6784362792969
AU.WA,308.7301940917969,301.92255045572915,293.3685607910156
