HASC_1,Max,Mean,Min
AU.AS,299.9946594238281,299.91371663411456,299.8110656738281
AU.AC,280.6300964355469,278.7814636230469,277.3288269042969
AU.CR,298.4582214355469,296.50972747802734,294.4858703613281
AU.JB,287.7707214355469,285.8013153076172,283.8319091796875
AU.NS,292.5180969238281,285.13594713498117,277.3288269042969
AU.NT,302.6723937988281,296.23030789844216,286.7899169921875
AU.QL,301.0180969238281,293.810735128012,286.0096435546875
AU.SA,292.4393310546875,287.7200218158993,283.9604797363281
AU.TS,287.1300964355469,282.6255222536483,273.0068664550781
AU.VI,288.0695495605469,283.39095429920013,277.9455261230469
AU.WA,301.0024719238281,290.3453976222447,282.4826354980469
