HASC_1,Max,Mean,Min
AU.AS,301.5372619628906,301.43873087565106,301.31329345703125
AU.AC,289.60137939453125,289.16431681315106,288.83380126953125
AU.CR,300.4174499511719,299.4749704996745,298.16680908203125
AU.JB,294.59063720703125,292.48060607910156,290.3705749511719
AU.NS,297.6105041503906,293.404912227771,286.2569885253906
AU.NT,302.4662780761719,299.0513667380725,296.01153564453125
AU.QL,301.8439025878906,297.4706748660378,288.4571838378906
AU.SA,300.3315124511719,297.6203819233212,292.4555358886719
AU.TS,291.8312072753906,289.32798047335643,279.5483093261719
AU.VI,297.6105041503906,294.23856579008554,289.0597229003906
AU.WA,305.6036682128906,300.18877719697497,291.4376525878906
