HASC_1,Max,Mean,Min
AU.AS,301.99029541015625,301.9267171223958,301.8412170410156
AU.AC,288.03717041015625,287.30605061848956,286.26763916015625
AU.CR,300.84771728515625,299.8683598836263,298.43365478515625
AU.JB,291.7848815917969,290.58306884765625,289.3812561035156
AU.NS,300.10943603515625,294.2621078236047,286.0052795410156
AU.NT,307.9154357910156,302.8203977462515,298.6716003417969
AU.QL,305.8014831542969,301.1361226329705,292.8627014160156
AU.SA,305.64459228515625,299.2040072581807,288.1670227050781
AU.TS,289.0983581542969,285.8935926905218,278.5561828613281
AU.VI,296.84869384765625,290.5173906598772,286.0052795410156
AU.WA,309.1615295410156,301.49084138416106,291.8428039550781
