HASC_1,Max,Mean,Min
HT.CE,303.2463684082031,301.87266540527344,299.8518371582031
HT.GR,302.91888427734375,302.4814758300781,302.1675720214844
HT.AR,304.09466552734375,303.0450003487723,301.90325927734375
HT.NI,302.46575927734375,302.285546875,302.1675720214844
HT.ND,303.3882751464844,302.84596761067706,301.90325927734375
HT.NE,303.2463684082031,302.4270248413086,301.90325927734375
HT.NO,303.3882751464844,302.7825500488281,302.1304626464844
HT.OU,304.09466552734375,302.0376205444336,299.8518371582031
HT.SD,302.46575927734375,302.30377197265625,301.9937438964844
HT.SE,302.3199157714844,301.55125935872394,300.1975402832031
