HASC_1,Max,Mean,Min
HT.CE,303.3890075683594,302.31951904296875,300.2431945800781
HT.GR,302.8421325683594,302.2148219517299,301.8154602050781
HT.AR,303.4814758300781,302.8760899135045,302.08172607421875
HT.NI,302.1787414550781,301.99110717773436,301.8154602050781
HT.ND,303.3890075683594,302.75295003255206,302.08172607421875
HT.NE,303.3890075683594,302.8221206665039,302.08172607421875
HT.NO,302.7881164550781,302.4709228515625,302.02508544921875
HT.OU,303.4814758300781,301.9471244812012,300.2431945800781
HT.SD,302.7724914550781,302.0844665527344,301.8154602050781
HT.SE,301.89422607421875,301.3345438639323,300.2952575683594
