HASC_1,Max,Mean,Min
HT.CE,300.0386047363281,299.6745834350586,299.3103942871094
HT.GR,300.3667297363281,299.6087210518973,299.0952453613281
HT.AR,300.49627685546875,299.6469944545201,298.73944091796875
HT.NI,300.3667297363281,299.9439331054688,299.5223083496094
HT.ND,299.79119873046875,299.25940958658856,298.73944091796875
HT.NE,299.79119873046875,299.30674743652344,298.73944091796875
HT.NO,299.46502685546875,299.3168518066406,299.0112609863281
HT.OU,300.49627685546875,299.80548095703125,298.20135498046875
HT.SD,300.21697998046875,299.6968017578125,299.0952453613281
HT.SE,300.21697998046875,299.4789123535156,298.20135498046875
