HASC_1,Max,Mean,Min
HT.CE,299.1506652832031,297.85467529296875,296.7991027832031
HT.GR,300.2886657714844,299.622802734375,298.7398376464844
HT.AR,300.2209777832031,298.99830845424106,296.6841735839844
HT.NI,300.2886657714844,299.4586608886719,298.7398376464844
HT.ND,299.23138427734375,298.1003011067708,296.6841735839844
HT.NE,298.3853454589844,297.1641616821289,296.6841735839844
HT.NO,299.6626892089844,299.2147155761719,298.7326965332031
HT.OU,300.2209777832031,298.8992691040039,297.0835876464844
HT.SD,300.2886657714844,299.3110717773437,296.7991027832031
HT.SE,299.6509704589844,298.7820536295573,297.3150329589844
