HASC_1,Max,Mean,Min
AL.BE,0.008926634676754475,0.008184239268302917,0.0072583407163619995
AL.DB,0.008598332293331623,0.007760470034554601,0.006659830454736948
AL.DU,0.008598332293331623,0.00847896421328187,0.008359596133232117
AL.EB,0.008623207919299603,0.007976000546477735,0.0072583407163619995
AL.FI,0.008926634676754475,0.008714323164895177,0.008598332293331623
AL.GK,0.008985444903373718,0.008344480395317077,0.0072583407163619995
AL.KE,0.007928773760795593,0.006900434692700704,0.0059874108992516994
AL.KK,0.0070729306899011135,0.005849909503012896,0.004592265002429485
AL.LZ,0.008359596133232117,0.00697957631200552,0.005919302348047495
AL.SD,0.008685991168022156,0.00716486932443721,0.005412345286458731
AL.TI,0.008598332293331623,0.008127349894493818,0.007424121256917715
AL.VR,0.009078268893063068,0.008695788947599275,0.007928773760795593
