HASC_1,Max,Mean,Min
AL.BE,0.006503850221633911,0.005677272449247539,0.00509153725579381
AL.DB,0.005731374025344849,0.005183348781429231,0.004468708764761686
AL.DU,0.005731374025344849,0.005620072362944484,0.005508770700544119
AL.EB,0.0058018662966787815,0.005412329803220928,0.005024541635066271
AL.FI,0.0065052807331085205,0.0061355928191915154,0.005731374025344849
AL.GK,0.006503850221633911,0.005774702318012715,0.00509153725579381
AL.KE,0.005311836022883654,0.004767016585295399,0.004270503297448158
AL.KK,0.004979162476956844,0.004259456492339571,0.0037826590705662966
AL.LZ,0.005508770700544119,0.0048134356426695986,0.00446282746270299
AL.SD,0.005970825906842947,0.004970256305698838,0.004023302812129259
AL.TI,0.005731374025344849,0.005421562120318413,0.005024541635066271
AL.VR,0.0068073570728302,0.006257132294454745,0.005311836022883654
