HASC_1,Max,Mean,Min
JP.AI,0.0,0.0,0.0
JP.AK,4467878384369664.0,1382441017613425.8,0.0
JP.AO,4686937285722112.0,2036078257787540.8,0.0
JP.CH,7252141936738304.0,402896774263239.1,0.0
JP.EH,1.2831049440559104e+16,3905158508691107.5,0.0
JP.FI,0.0,0.0,0.0
JP.FO,8850536027652096.0,3436905890720738.5,0.0
JP.FS,0.0,0.0,0.0
JP.GF,0.0,0.0,0.0
JP.GM,0.0,0.0,0.0
JP.HS,9750238260625408.0,5018834718312741.0,0.0
JP.HK,4739948993314816.0,1615901697143778.5,0.0
JP.HG,0.0,0.0,0.0
JP.IB,0.0,0.0,0.0
JP.IS,0.0,0.0,0.0
JP.IW,4435878462095360.0,2966795452595025.0,0.0
JP.KG,1.3294359373938688e+16,1.3062704407248896e+16,1.2831049440559104e+16
JP.KS,5305303054680064.0,1056286284821100.6,0.0
JP.KN,0.0,0.0,0.0
JP.KC,1.2410527045124096e+16,3155803361663578.5,0.0
JP.KM,5683465261416448.0,3541265343540663.0,0.0
JP.KY,0.0,0.0,0.0
JP.ME,0.0,0.0,0.0
JP.MG,4435878462095360.0,1546631044399104.0,0.0
JP.MZ,5267281856692224.0,2462853931391853.5,0.0
JP.NN,0.0,0.0,0.0
JP.NS,6827054527938560.0,1653484801287054.2,0.0
JP.NR,0.0,0.0,0.0
JP.NI,0.0,0.0,0.0
JP.OT,7864452875550720.0,3596849567812813.0,0.0
JP.OY,0.0,0.0,0.0
JP.ON,3781613477429248.0,344489728032227.9,0.0
JP.OS,0.0,0.0,0.0
JP.SG,6704777345892352.0,2618551513697485.0,0.0
JP.ST,0.0,0.0,0.0
JP.SH,0,0,0
JP.SM,7999802864304128.0,1069267443611298.4,0.0
JP.SZ,2844014332084224.0,1763122212431.5195,0.0
JP.TC,0.0,0.0,0.0
JP.TS,1.3294359373938688e+16,3905143409400685.5,0.0
JP.TK,0,0,0
JP.TT,0.0,0.0,0.0
JP.TY,0.0,0.0,0.0
JP.WK,0.0,0.0,0.0
JP.YT,0.0,0.0,0.0
JP.YC,1.0008763079589888e+16,3401683851882344.5,0.0
JP.YN,0.0,0.0,0.0
