HASC_1,Max,Mean,Min
JP.AI,8521760039239680.0,4763644182484309.0,0.0
JP.AK,7808645681119232.0,2984619221891377.0,0.0
JP.AO,5659699596754944.0,2078682026179671.8,0.0
JP.CH,2.078929312756531e+16,5994958868126834.0,0.0
JP.EH,7582905421266944.0,3320052581828566.0,0.0
JP.FI,5788434262130688.0,2223579201865552.5,0.0
JP.FO,0.0,0.0,0.0
JP.FS,9238090254123008.0,4918111171335509.0,0.0
JP.GF,7718473379610624.0,3616386068774912.0,0.0
JP.GM,1.3152960460619776e+16,4757104576546588.0,0.0
JP.HS,8046473589555200.0,4677521088900847.0,0.0
JP.HK,5892383208112128.0,867053498494184.0,0.0
JP.HG,1.0956562503827456e+16,5496421322393424.0,0.0
JP.IB,1.5262405730762752e+16,6081650546034460.0,0.0
JP.IS,4946327540596736.0,1870961663366485.2,0.0
JP.IW,5704210490327040.0,2985166509392875.0,0.0
JP.KG,7307120202481664.0,6234395480424448.0,5467518063869952.0
JP.KS,0.0,0.0,0.0
JP.KN,2.078929312756531e+16,1.0845702955466752e+16,0.0
JP.KC,7104366070726656.0,3087521395245056.0,0.0
JP.KM,0.0,0.0,0.0
JP.KY,1.0780592325001216e+16,4131053135112874.5,0.0
JP.ME,8564350008688640.0,3561153752360550.5,0.0
JP.MG,7808645681119232.0,4136617533680298.5,0.0
JP.MZ,0.0,0.0,0.0
JP.NN,1.0096191433867264e+16,3718025429025981.5,0.0
JP.NS,0.0,0.0,0.0
JP.NR,1.0780592325001216e+16,6152707475208055.0,0.0
JP.NI,1.0096191433867264e+16,2668138746930062.0,0.0
JP.OT,6062576119054336.0,606257611905433.6,0.0
JP.OY,8012153042763776.0,5956593441633731.0,0.0
JP.ON,3032489308192768.0,13727971914241.258,0.0
JP.OS,1.0780592325001216e+16,6201651455066112.0,0.0
JP.SG,0.0,0.0,0.0
JP.ST,1.5262405730762752e+16,8242689110820636.0,0.0
JP.SH,9788521451618304.0,5818641013189291.0,1712597539749888.0
JP.SM,7130615300227072.0,1430952923015850.8,0.0
JP.SZ,1.5044340577468416e+16,95410205070836.94,0.0
JP.TC,1.3152960460619776e+16,6436419542901064.0,0.0
JP.TS,7307120202481664.0,3826140096845141.5,0.0
JP.TK,2.078929312756531e+16,1.4145142305220198e+16,8646109006135296.0
JP.TT,7806616845942784.0,5286823344322267.0,0.0
JP.TY,1.0096191433867264e+16,5400825990654635.0,0.0
JP.WK,9568245463908352.0,3306214168531217.0,0.0
JP.YT,8761666711846912.0,4281301162569611.0,0.0
JP.YC,6906412638666752.0,1929585071688752.8,0.0
JP.YN,1.5044340577468416e+16,5832780118228992.0,0.0
