HASC_1,Max,Mean,Min
JP.AI,8099954522324992.0,4223607868402346.5,0.0
JP.AK,5184315436564480.0,3174640360882176.0,0.0
JP.AO,4803326067605504.0,2148533372520272.5,0.0
JP.CH,8472712049590272.0,3119545886820124.5,0.0
JP.EH,7993538654502912.0,2775478596678718.5,0.0
JP.FI,5889231238987776.0,2742046677525182.0,0.0
JP.FO,7436329461743616.0,2807372025677180.5,0.0
JP.FS,1.0723590592790528e+16,5477293409435648.0,0.0
JP.GF,8099954522324992.0,4823701385001188.0,0.0
JP.GM,6201466771472384.0,2772376432527132.5,0.0
JP.HS,7993538654502912.0,5188657236899703.0,0.0
JP.HK,4519880237776896.0,774789550145175.9,0.0
JP.HG,7352622159757312.0,3922832577340562.5,0.0
JP.IB,1.3388595251380224e+16,4613871510865692.0,0.0
JP.IS,5592777026961408.0,2009458688742741.2,0.0
JP.IW,4937684992655360.0,3198090723790764.5,0.0
JP.KG,7583340823576576.0,6088268344983552.0,4749980963176448.0
JP.KS,4580053803335680.0,761464360912556.0,0.0
JP.KN,8612250705199104.0,4715138202048922.0,0.0
JP.KC,6408203411652608.0,2509279871912922.0,0.0
JP.KM,4321913920815104.0,2655376231583861.0,0.0
JP.KY,8062422413737984.0,3441056102918826.5,0.0
JP.ME,8162918742884352.0,3178223883622809.5,0.0
JP.MG,5813517944881152.0,4093329506775859.0,0.0
JP.MZ,4001468289908736.0,1765886629469776.8,0.0
JP.NN,7401170322587648.0,3686844586592635.5,0.0
JP.NS,5579917894877184.0,1326320678590811.8,0.0
JP.NR,7753394684952576.0,4658374786836070.0,0.0
JP.NI,5799741300408320.0,2057667736315858.5,0.0
JP.OT,5010051970367488.0,2255204643416746.5,0.0
JP.OY,7993538654502912.0,5624616693268480.0,0.0
JP.ON,2830061862387712.0,91435248565376.9,0.0
JP.OS,7352622159757312.0,4057507144138752.0,0.0
JP.SG,4991930966474752.0,2327901345991885.0,0.0
JP.ST,8595758567653376.0,4131898676973113.0,0.0
JP.SH,8062422413737984.0,6414603270837589.0,4523578204618752.0
JP.SM,7079464924086272.0,1587053257730730.8,0.0
JP.SZ,7401170322587648.0,72925117017711.25,0.0
JP.TC,9958082465497088.0,4914726658365194.0,0.0
JP.TS,6053489041997824.0,2967723360037546.5,0.0
JP.TK,8612250705199104.0,6878869550268416.0,5558958991343616.0
JP.TT,5815849038381056.0,4193319442660596.0,0.0
JP.TY,5603986891603968.0,4165898321107353.5,0.0
JP.WK,5172612187553792.0,2267535875925606.5,0.0
JP.YT,5799741300408320.0,3648394935222740.0,0.0
JP.YC,7486108132704256.0,2362744412259307.0,0.0
JP.YN,7401170322587648.0,4889038931414221.0,0.0
