HASC_1,Max,Mean,Min
JP.AI,8922209905016832.0,5018045542039552.0,0.0
JP.AK,0.0,0.0,0.0
JP.AO,0.0,0.0,0.0
JP.CH,3.000761794219213e+16,6510615510961357.0,0.0
JP.EH,1.3458670864039936e+16,3916353684913841.5,0.0
JP.FI,8216027087241216.0,3038554795225907.0,0.0
JP.FO,8863001096486912.0,3605249419423627.0,0.0
JP.FS,4803736773853184.0,2413574841372431.0,0.0
JP.GF,8051816528871424.0,4458476186457429.5,0.0
JP.GM,1.745657782075392e+16,3584513983294122.5,0.0
JP.HS,1.3458670864039936e+16,6190804327255245.0,0.0
JP.HK,0.0,0.0,0.0
JP.HG,1.8908297167896576e+16,5098370211190257.0,0.0
JP.IB,1.910215910673613e+16,4224852747416527.0,0.0
JP.IS,8231000416976896.0,2694628200065706.5,0.0
JP.IW,0.0,0.0,0.0
JP.KG,1.4176025965494272e+16,8447916733628416.0,5102394840973312.0
JP.KS,3983449828360192.0,588613241259746.4,0.0
JP.KN,3.1574071971938304e+16,2.0162765918585924e+16,0.0
JP.KC,7203367751254016.0,2707931191419183.5,0.0
JP.KM,6005309709484032.0,3379714574051854.5,0.0
JP.KY,1.962254378677043e+16,3847375671583630.0,0.0
JP.ME,9424781745061888.0,2570028825391923.0,0.0
JP.MG,0.0,0.0,0.0
JP.MZ,6082696967094272.0,2405351669316852.0,0.0
JP.NN,7708641125728256.0,3022566268444975.5,0.0
JP.NS,8859322456997888.0,1704210385775274.8,0.0
JP.NR,1.962254378677043e+16,6158804226023970.0,0.0
JP.NI,6358204086747136.0,2026276462775820.5,0.0
JP.OT,7083977324101632.0,4205858553663761.0,0.0
JP.OY,1.4176025965494272e+16,6720259693677117.0,0.0
JP.ON,3328719108177920.0,21953155566090.04,0.0
JP.OS,1.962254378677043e+16,8054206275518464.0,0.0
JP.SG,5838975289786368.0,2740075855085568.0,0.0
JP.ST,2.710819933729587e+16,9526345284102826.0,0.0
JP.SH,1.0439083369168896e+16,6270564182960811.0,2679920274702336.0
JP.SM,9036321280491520.0,1818728250824021.2,0.0
JP.SZ,2.8382672900325376e+16,148064094361576.6,0.0
JP.TC,1.745657782075392e+16,5123903202059150.0,0.0
JP.TS,9471650575679488.0,3530315802170709.5,0.0
JP.TK,3.1574071971938304e+16,2.291506603800658e+16,1.1220879086190592e+16
JP.TT,6911720144502784.0,4156895052156733.0,0.0
JP.TY,8231000416976896.0,4573297927153254.0,0.0
JP.WK,1.0542890581229568e+16,2979286832469333.5,0.0
JP.YT,0.0,0.0,0.0
JP.YC,1.0964241905352704e+16,4342836694924705.0,0.0
JP.YN,2.8382672900325376e+16,1.0251140257651098e+16,0.0
