HASC_1,Max,Mean,Min
JP.AI,0.0,0.0,0.0
JP.AK,0.0,0.0,0.0
JP.AO,0.0,0.0,0.0
JP.CH,0.0,0.0,0.0
JP.EH,1.2714530199044096e+16,3302455492728372.0,0.0
JP.FI,5903790104379392.0,1270361549409849.0,0.0
JP.FO,1.0884276056752128e+16,4732892883579231.0,0.0
JP.FS,0.0,0.0,0.0
JP.GF,0.0,0.0,0.0
JP.GM,0.0,0.0,0.0
JP.HS,1.1065456030908416e+16,4926915389004186.0,0.0
JP.HK,3385358720958464.0,893947617818061.1,0.0
JP.HG,8076083630964736.0,4013412467410768.5,0.0
JP.IB,0.0,0.0,0.0
JP.IS,0.0,0.0,0.0
JP.IW,0.0,0.0,0.0
JP.KG,1.237877220442112e+16,9611944541552640.0,7333065563045888.0
JP.KS,5677822211260416.0,854628571585318.8,0.0
JP.KN,0.0,0.0,0.0
JP.KC,9731748426416128.0,2666130447065998.0,0.0
JP.KM,8738080898940928.0,4022402995903341.5,0.0
JP.KY,6744085960327168.0,2526122624576667.0,0.0
JP.ME,6627524842881024.0,1436100616873004.5,0.0
JP.MG,0.0,0.0,0.0
JP.MZ,6659119696052224.0,2420868031197379.0,0.0
JP.NN,0.0,0.0,0.0
JP.NS,1.1431869354606592e+16,2300720646950457.0,0.0
JP.NR,7296634576699392.0,4353938366585709.5,0.0
JP.NI,0.0,0.0,0.0
JP.OT,9886198671605760.0,4035019285934899.0,0.0
JP.OY,1.1065456030908416e+16,6077573361020436.0,0.0
JP.ON,3367110747095040.0,189531523253127.94,0.0
JP.OS,7677175658446848.0,3835422259369301.5,0.0
JP.SG,1.1431869354606592e+16,4008557697145241.5,0.0
JP.ST,0.0,0.0,0.0
JP.SH,3280559371452416.0,3254433219608576.0,3228307067764736.0
JP.SM,8477340413722624.0,1146659710260565.2,0.0
JP.SZ,2509789640785920.0,810655568729.3024,0.0
JP.TC,0.0,0.0,0.0
JP.TS,1.237877220442112e+16,4863376656171008.0,0.0
JP.TK,0,0,0
JP.TT,7815903102107648.0,3886282571825932.0,0.0
JP.TY,0.0,0.0,0.0
JP.WK,8649512767717376.0,3057433565567385.5,0.0
JP.YT,0.0,0.0,0.0
JP.YC,1.1329948706930688e+16,3676636294404627.0,0.0
JP.YN,0.0,0.0,0.0
