HASC_1,Max,Mean,Min
JP.AI,1.4929038959181824e+16,8929704734796459.0,0.0
JP.AK,5723070765465600.0,2617031322326357.5,0.0
JP.AO,5923160406884352.0,1817428938531986.2,0.0
JP.CH,3.0114371501817856e+16,7511166090390187.0,0.0
JP.EH,1.4726686943739904e+16,4486450546089817.0,0.0
JP.FI,9584936780562432.0,3114775190752461.0,0.0
JP.FO,0.0,0.0,0.0
JP.FS,1.4131393739096064e+16,6187021108295179.0,0.0
JP.GF,1.4670841631473664e+16,7462611833435867.0,0.0
JP.GM,1.665535167168512e+16,5829992313491001.0,0.0
JP.HS,1.3841845297610752e+16,6075834432557329.0,0.0
JP.HK,1.0269104669720576e+16,936306641935233.0,0.0
JP.HG,1.21902446149632e+16,5240177340510449.0,0.0
JP.IB,2.6395090884755456e+16,7722636619663132.0,0.0
JP.IS,6947129465503744.0,2051281399753386.8,0.0
JP.IW,7800460547194880.0,3938807604110816.5,0.0
JP.KG,1.4297164444336128e+16,9802375606829056.0,5214097813536768.0
JP.KS,0.0,0.0,0.0
JP.KN,3.094060295048397e+16,1.761135648777612e+16,0.0
JP.KC,1.2625527739252736e+16,3797859991561709.0,0.0
JP.KM,0.0,0.0,0.0
JP.KY,1.2846862436401152e+16,4102778020669498.5,0.0
JP.ME,1.5222983299694592e+16,5792794942426317.0,0.0
JP.MG,1.1027384367054848e+16,5827709850056567.0,0.0
JP.MZ,0.0,0.0,0.0
JP.NN,1.8879553099268096e+16,6668244733934070.0,0.0
JP.NS,0.0,0.0,0.0
JP.NR,1.2846862436401152e+16,7887695377404177.0,0.0
JP.NI,1.2121201941938176e+16,3331136160676067.5,0.0
JP.OT,3641757799546880.0,364175779954688.0,0.0
JP.OY,1.3841845297610752e+16,8153084771015066.0,0.0
JP.ON,6209284148822016.0,27327154168794.26,0.0
JP.OS,1.2846862436401152e+16,7081302409521835.0,0.0
JP.SG,0.0,0.0,0.0
JP.ST,2.6395090884755456e+16,1.0824041645823318e+16,0.0
JP.SH,1.347815498317824e+16,9565977475110230.0,2370759133495296.0
JP.SM,9026879868633088.0,2061529367882410.8,0.0
JP.SZ,3.094060295048397e+16,138236943822655.44,0.0
JP.TC,1.780928590381056e+16,8914678486589768.0,0.0
JP.TS,1.4297164444336128e+16,5020535672362325.0,0.0
JP.TK,3.0114371501817856e+16,2.085547223851991e+16,9756962031927296.0
JP.TT,8874471880392704.0,5488311163770197.0,0.0
JP.TY,1.1354797240221696e+16,4722088568347502.0,0.0
JP.WK,1.1890523543437312e+16,4197888007042935.5,0.0
JP.YT,9970026769547264.0,4497016623621734.5,0.0
JP.YC,9134493495459840.0,2488759160855405.5,0.0
JP.YN,3.094060295048397e+16,8441518681908838.0,0.0
