HASC_1,Max,Mean,Min
JP.AI,8085694157160448.0,5120987329374891.0,0.0
JP.AK,5011210000924672.0,3259353445782869.5,0.0
JP.AO,4905323487821824.0,2246219401025477.5,0.0
JP.CH,1.1416402103631872e+16,4630475750040462.0,0.0
JP.EH,0.0,0.0,0.0
JP.FI,8069716878819328.0,3696412161307741.0,0.0
JP.FO,0.0,0.0,0.0
JP.FS,7274094588329984.0,4598553002959758.0,0.0
JP.GF,8438732952698880.0,5400487389153052.0,0.0
JP.GM,9854866885181440.0,3822344851976647.0,0.0
JP.HS,0.0,0.0,0.0
JP.HK,6392487589445632.0,1675614165430727.0,0.0
JP.HG,0.0,0.0,0.0
JP.IB,1.136957837017088e+16,4836566683644359.0,0.0
JP.IS,6148211861356544.0,2110975229209258.8,0.0
JP.IW,5377575006240768.0,3336521935230182.0,0.0
JP.KG,0,0,0
JP.KS,0.0,0.0,0.0
JP.KN,1.293293572849664e+16,8299067345015057.0,0.0
JP.KC,0.0,0.0,0.0
JP.KM,0.0,0.0,0.0
JP.KY,8643355932098560.0,2299013486250915.0,0.0
JP.ME,8184653961756672.0,3391355782214836.5,0.0
JP.MG,6129009599447040.0,3725314992426189.0,0.0
JP.MZ,0.0,0.0,0.0
JP.NN,7722302879825920.0,3468787774681543.0,0.0
JP.NS,0.0,0.0,0.0
JP.NR,8643355932098560.0,4419355024975462.5,0.0
JP.NI,5434251931549696.0,2451840241937066.5,0.0
JP.OT,0.0,0.0,0.0
JP.OY,0.0,0.0,0.0
JP.ON,5603754963369984.0,421257212087106.7,0.0
JP.OS,0.0,0.0,0.0
JP.SG,0.0,0.0,0.0
JP.ST,1.1844960382877696e+16,6821505788106069.0,0.0
JP.SH,8643355932098560.0,7742134667618987.0,6958034924339200.0
JP.SM,0.0,0.0,0.0
JP.SZ,1.1043945760948224e+16,97003987359949.58,0.0
JP.TC,9854866885181440.0,5774273669056430.0,0.0
JP.TS,0.0,0.0,0.0
JP.TK,1.293293572849664e+16,1.184934006840361e+16,1.1161765303812096e+16
JP.TT,0.0,0.0,0.0
JP.TY,5544141354172416.0,4273475225963725.0,0.0
JP.WK,0.0,0.0,0.0
JP.YT,5586259414089728.0,3571299950136993.0,0.0
JP.YC,0.0,0.0,0.0
JP.YN,1.2534018092302336e+16,6093539276488704.0,0.0
