HASC_1,Max,Mean,Min
JP.AI,8932124300148736.0,4688236010012672.0,0.0
JP.AK,6369600245596160.0,3208351413785941.5,0.0
JP.AO,6177221681086464.0,1844525733810761.2,0.0
JP.CH,8082112691306496.0,2901205952553870.0,0.0
JP.EH,7781314656731136.0,2640248810443228.5,0.0
JP.FI,1.108698025951232e+16,4496825758342934.0,0.0
JP.FO,6771139959324672.0,2531471425663327.0,0.0
JP.FS,8826020891197440.0,4714186228512996.0,0.0
JP.GF,9835303309148160.0,6087592156069888.0,0.0
JP.GM,7180329009807360.0,2851126872491804.5,0.0
JP.HS,6046264370135040.0,3850066686077004.0,0.0
JP.HK,6067445538226176.0,1615799275162779.8,0.0
JP.HG,6135711895912448.0,2973723778635717.5,0.0
JP.IB,8229621732474880.0,3805765189559182.0,0.0
JP.IS,1.108698025951232e+16,2780065915295061.5,0.0
JP.IW,8625154397569024.0,3854635407523505.5,0.0
JP.KG,6467940501159936.0,4698765826981888.0,3757717890007040.0
JP.KS,4241284768202752.0,443553388056732.9,0.0
JP.KN,7548487163969536.0,3458508993331200.0,0.0
JP.KC,5841540459003904.0,2413673641410560.0,0.0
JP.KM,6051346390188032.0,2824532866622142.0,0.0
JP.KY,6931860319895552.0,2488564113735680.0,0.0
JP.ME,8932124300148736.0,2789272853256601.5,0.0
JP.MG,7731486593646592.0,4097599035338479.0,0.0
JP.MZ,6317971517472768.0,2505377987153725.0,0.0
JP.NN,6101155125919744.0,2412896653740411.5,0.0
JP.NS,5140075125932032.0,372250524945314.94,0.0
JP.NR,6090744662065152.0,3474027121772680.5,0.0
JP.NI,7996846853062656.0,2598382883400727.0,0.0
JP.OT,7432149384822784.0,4158335062656068.5,0.0
JP.OY,6135711895912448.0,4035730543256535.0,0.0
JP.ON,3726102098870272.0,173086437417628.34,0.0
JP.OS,5809222977585152.0,3087455539079850.5,0.0
JP.SG,5175515585445888.0,1214829678904158.2,0.0
JP.ST,8082112691306496.0,3590577194591118.0,0.0
JP.SH,8905103587147776.0,7432258101182464.0,6086230651437056.0
JP.SM,6793471104909312.0,1529093504543402.8,0.0
JP.SZ,6811959865376768.0,58717937375958.04,0.0
JP.TC,8088515950673920.0,5136845546748641.0,0.0
JP.TS,6467940501159936.0,2703974429185365.5,0.0
JP.TK,7548487163969536.0,4871164727079731.0,3193287783481344.0
JP.TT,4908633833865216.0,3240794940830671.0,0.0
JP.TY,6101155125919744.0,3942082944801177.5,0.0
JP.WK,5152641126498304.0,2375711758710647.5,0.0
JP.YT,5816312357978112.0,3356934865150654.0,0.0
JP.YC,1.0071429873664e+16,3237435160764719.5,0.0
JP.YN,4322856666136576.0,2478417226655334.5,0.0
