HASC_1,Max,Mean,Min
JP.AI,9027135419187200.0,4488275665005226.5,0.0
JP.AK,5559846438961152.0,2959467588441429.5,0.0
JP.AO,5140772521246720.0,1853351734800037.0,0.0
JP.CH,1.0470600912928768e+16,3251362660992796.5,0.0
JP.EH,8508558383513600.0,3810772821186434.5,0.0
JP.FI,6790203171667968.0,2979605406555458.0,0.0
JP.FO,9110772391084032.0,3512241994663760.5,0.0
JP.FS,7318115855630336.0,3147012296630454.0,0.0
JP.GF,8468629146304512.0,4079785154416185.0,0.0
JP.GM,7805998370652160.0,3219785285952398.0,0.0
JP.HS,8508558383513600.0,5540472002550170.0,0.0
JP.HK,5452603253063680.0,347484262857027.4,0.0
JP.HG,1.0141670842564608e+16,5662323959825320.0,0.0
JP.IB,9103947688050688.0,3497227049762816.0,0.0
JP.IS,6790203171667968.0,2006776923466410.8,0.0
JP.IW,5441174881959936.0,2335808873728931.0,0.0
JP.KG,7380016534913024.0,6765032113176576.0,6000136958246912.0
JP.KS,5343391361531904.0,1033858616244507.6,0.0
JP.KN,1.215670628909056e+16,5816203605827038.0,0.0
JP.KC,7722220738576384.0,3043653424474188.0,0.0
JP.KM,6084031091310592.0,3636208418025823.0,0.0
JP.KY,1.0494609780113408e+16,3988577378049138.0,0.0
JP.ME,6970194513625088.0,2598874000234905.5,0.0
JP.MG,5559846438961152.0,2990862371074867.0,0.0
JP.MZ,6237028026941440.0,2901523988916906.5,0.0
JP.NN,7593274546061312.0,2734219883417145.0,0.0
JP.NS,5598554294845440.0,1569323055237854.2,0.0
JP.NR,1.0494609780113408e+16,5263426676151637.0,0.0
JP.NI,7318115855630336.0,2246737049402299.8,0.0
JP.OT,8039748744511488.0,4571267338198494.0,0.0
JP.OY,8290282776821760.0,6597374150988268.0,0.0
JP.ON,4156060269019136.0,219363171699067.25,0.0
JP.OS,1.0494609780113408e+16,5517638900558507.0,0.0
JP.SG,5628626582110208.0,2552439363967385.5,0.0
JP.ST,9680024135270400.0,4322411465932800.0,0.0
JP.SH,8711724295258112.0,4763026590793728.0,2596658038702080.0
JP.SM,7330504151924736.0,1805915636367360.0,0.0
JP.SZ,8550333382918144.0,84251860901698.1,0.0
JP.TC,9103947688050688.0,4154272907641487.5,0.0
JP.TS,6878931827294208.0,3460157992337408.0,0.0
JP.TK,1.215670628909056e+16,7265732582283674.0,3696492325896192.0
JP.TT,7725172991721472.0,5553252027983774.0,0.0
JP.TY,7593274546061312.0,4483351737777083.5,0.0
JP.WK,7847545736790016.0,2783311581815330.0,0.0
JP.YT,6331230618386432.0,3019797564789321.0,0.0
JP.YC,9162675997114368.0,3757040756598253.0,0.0
JP.YN,5782912007929856.0,3115011575015014.5,0.0
