HASC_1,Max,Mean,Min
JP.AI,0.0,0.0,0.0
JP.AK,0.0,0.0,0.0
JP.AO,0.0,0.0,0.0
JP.CH,0.0,0.0,0.0
JP.EH,1.7721671792197632e+16,5396148154050351.0,0.0
JP.FI,9641274940325888.0,1546535432909255.0,0.0
JP.FO,1.5089307811315712e+16,5140151016470235.0,0.0
JP.FS,0.0,0.0,0.0
JP.GF,0.0,0.0,0.0
JP.GM,0.0,0.0,0.0
JP.HS,1.7721671792197632e+16,8173211435156548.0,0.0
JP.HK,4181922146156544.0,1038063624810951.1,0.0
JP.HG,1.5057052606922752e+16,5498548296737250.0,0.0
JP.IB,0.0,0.0,0.0
JP.IS,0.0,0.0,0.0
JP.IW,0.0,0.0,0.0
JP.KG,1.51274653745152e+16,8009177116966912.0,1875923737509888.0
JP.KS,5793350389071872.0,899062232260359.8,0.0
JP.KN,0.0,0.0,0.0
JP.KC,1.5610394718502912e+16,4135863906108605.5,0.0
JP.KM,6951536638820352.0,3615484909378413.5,0.0
JP.KY,1.0038124549767168e+16,3739304338367208.5,0.0
JP.ME,6762132876034048.0,1483087884821224.8,0.0
JP.MG,0.0,0.0,0.0
JP.MZ,5904691510640640.0,2211311582807576.5,0.0
JP.NN,0.0,0.0,0.0
JP.NS,1.524584004190208e+16,2020839410067531.8,0.0
JP.NR,1.0038124549767168e+16,4697913053998159.0,0.0
JP.NI,0.0,0.0,0.0
JP.OT,1.5089307811315712e+16,3441542862523597.0,0.0
JP.OY,1.7721671792197632e+16,5294020756614952.0,0.0
JP.ON,4302037617475584.0,212445895776100.62,0.0
JP.OS,1.0038124549767168e+16,4830015285187925.0,0.0
JP.SG,1.0093094762446848e+16,3400799960537497.5,0.0
JP.ST,0.0,0.0,0.0
JP.SH,1.0032363924881408e+16,8382182192054272.0,6732000459227136.0
JP.SM,1.689472630521856e+16,2846070783956309.5,0.0
JP.SZ,2822986977509376.0,911817499195.5349,0.0
JP.TC,0.0,0.0,0.0
JP.TS,1.5233918286430208e+16,4210648509229738.5,0.0
JP.TK,0,0,0
JP.TT,9407276532105216.0,3007377128408860.5,0.0
JP.TY,0.0,0.0,0.0
JP.WK,8940038851133440.0,2787786467536311.0,0.0
JP.YT,0.0,0.0,0.0
JP.YC,1.3226381852803072e+16,4039961316391105.0,0.0
JP.YN,0.0,0.0,0.0
