HASC_1,Max,Mean,Min
JP.AI,0.0,0.0,0.0
JP.AK,4296232163868672.0,2678333055830757.0,0.0
JP.AO,4330143883460608.0,1827793472600707.8,0.0
JP.CH,1.0971027953680384e+16,3394866473657230.0,0.0
JP.EH,7951824858382336.0,1403196157757576.5,0.0
JP.FI,0.0,0.0,0.0
JP.FO,7775862195748864.0,2528215794435452.5,0.0
JP.FS,5297644591120384.0,3220841913524770.0,0.0
JP.GF,0.0,0.0,0.0
JP.GM,1.0125624844746752e+16,3236062904121278.0,0.0
JP.HS,1.0405538600845312e+16,3166261379648717.0,0.0
JP.HK,5145660730900480.0,1457361889701601.5,0.0
JP.HG,0.0,0.0,0.0
JP.IB,7636321929527296.0,3243401266665286.0,0.0
JP.IS,0.0,0.0,0.0
JP.IW,5813639814578176.0,2506683531325523.5,0.0
JP.KG,0,0,0
JP.KS,4170220239323136.0,841602849880622.5,0.0
JP.KN,1.1215683249504256e+16,7391179298080905.0,0.0
JP.KC,4443474917064704.0,878490028189625.4,0.0
JP.KM,4407002591657984.0,2900349815162704.5,0.0
JP.KY,0.0,0.0,0.0
JP.ME,0.0,0.0,0.0
JP.MG,6277852227960832.0,4296428103238762.0,0.0
JP.MZ,7030709529083904.0,2411426772730636.0,0.0
JP.NN,6096344762548224.0,1492994117074944.0,0.0
JP.NS,4980069340545024.0,1287961577249299.0,0.0
JP.NR,0.0,0.0,0.0
JP.NI,6096344762548224.0,274379216293602.22,0.0
JP.OT,7133337235750912.0,3651803808582861.0,0.0
JP.OY,0.0,0.0,0.0
JP.ON,4244909989036032.0,354607043259794.9,0.0
JP.OS,0.0,0.0,0.0
JP.SG,4980069340545024.0,2062421780437401.5,0.0
JP.ST,7148561284202496.0,3954581846942606.0,0.0
JP.SH,0,0,0
JP.SM,7792520763277312.0,553037036473985.7,0.0
JP.SZ,1.1215683249504256e+16,48663042456929.555,0.0
JP.TC,1.1389176305942528e+16,5433132589252608.0,0.0
JP.TS,0.0,0.0,0.0
JP.TK,1.0971027953680384e+16,7119905181872947.0,4297794189787136.0
JP.TT,0.0,0.0,0.0
JP.TY,0.0,0.0,0.0
JP.WK,0.0,0.0,0.0
JP.YT,6277852227960832.0,2601666653859467.5,0.0
JP.YC,1.1262834474221568e+16,3211802415048974.5,0.0
JP.YN,1.0661530462846976e+16,4028294638862336.0,0.0
