HASC_1,Max,Mean,Min
JP.AI,1.569941543190528e+16,8125296551832235.0,0.0
JP.AK,4970622023106560.0,1421057277354894.2,0.0
JP.AO,4758363128725504.0,144192822082591.03,0.0
JP.CH,1.0029717151285248e+16,3561260597874233.0,0.0
JP.EH,8789466424541184.0,2679471308184764.0,0.0
JP.FI,2.0873397177155584e+16,6819714060689642.0,0.0
JP.FO,8916503504093184.0,3474189619815102.0,0.0
JP.FS,2.0732844372393984e+16,6798616057286415.0,0.0
JP.GF,2.339790593930035e+16,1.0426469100552192e+16,0.0
JP.GM,9864544520241152.0,2749540736405049.0,0.0
JP.HS,8789466424541184.0,5949384063433660.0,0.0
JP.HK,6059510049275904.0,68084019370738.52,0.0
JP.HG,1.2676226606956544e+16,5818258959870011.0,0.0
JP.IB,1.1758736766926848e+16,4533705461397680.0,0.0
JP.IS,1.5155571640500224e+16,3813412168182442.5,0.0
JP.IW,0.0,0.0,0.0
JP.KG,9333790715412480.0,6929257838149632.0,4879184853729280.0
JP.KS,5118089188343808.0,1049927685385867.6,0.0
JP.KN,1.2063630052818944e+16,5650195514165385.0,0.0
JP.KC,5194353848877056.0,2401045756529626.0,0.0
JP.KM,6109998463582208.0,3293496564567245.0,0.0
JP.KY,1.2115231937396736e+16,4635174921480875.0,0.0
JP.ME,1.5014525988241408e+16,4793981225402368.0,0.0
JP.MG,7674599751811072.0,2421256339062784.0,0.0
JP.MZ,5575802242465792.0,2717925641389592.5,0.0
JP.NN,1.5057648533635072e+16,3253822276666557.5,0.0
JP.NS,5030312404844544.0,1419875927710227.0,0.0
JP.NR,1.2115231937396736e+16,6145668900699068.0,0.0
JP.NI,9162412930367488.0,2484915219877797.0,0.0
JP.OT,7988728291131392.0,4190113463044232.5,0.0
JP.OY,9726875786018816.0,6920951317712077.0,0.0
JP.ON,4577671170228224.0,191478497945954.75,0.0
JP.OS,1.2676226606956544e+16,5865650615833941.0,0.0
JP.SG,4862510180073472.0,2252780260766515.0,0.0
JP.ST,9864544520241152.0,4718663866136804.0,0.0
JP.SH,1.878072160681984e+16,1.3219081526880938e+16,7355314567380992.0
JP.SM,8301188772528128.0,1778461962141696.0,0.0
JP.SZ,1.0414772780531712e+16,78219170170720.66,0.0
JP.TC,2.0732844372393984e+16,7182582905744043.0,0.0
JP.TS,6927287790338048.0,3269180783940949.5,0.0
JP.TK,1.2063630052818944e+16,7821086322327552.0,4045420837732352.0
JP.TT,9726875786018816.0,5511349317215378.0,0.0
JP.TY,1.080835499360256e+16,7172252806991053.0,0.0
JP.WK,8291816617017344.0,3015890780727978.5,0.0
JP.YT,1.3604309983821824e+16,4211628757221376.0,0.0
JP.YC,8916503504093184.0,3221062275670319.5,0.0
JP.YN,6401833438281728.0,2980097251973529.5,0.0
