HASC_1,Max,Mean,Min
JP.AI,2.55693898645504e+16,1.3252800845359786e+16,0.0
JP.AK,6898735921496064.0,1419897518242579.8,0.0
JP.AO,5146446173044736.0,218389849663849.4,0.0
JP.CH,1.3480335752822784e+16,3658379903276694.5,0.0
JP.EH,1.893590092270797e+16,7734431845556726.0,0.0
JP.FI,2.6674029683277824e+16,7763781716989622.0,0.0
JP.FO,1.0161904433496064e+16,4434101135602015.0,0.0
JP.FS,2.3056816816521216e+16,6814660552157086.0,0.0
JP.GF,2.8211789036519424e+16,1.2729571324522736e+16,0.0
JP.GM,2.1759996538650624e+16,6402032759064348.0,0.0
JP.HS,1.8644564701085696e+16,1.26419806136391e+16,0.0
JP.HK,5385863756251136.0,33688372755727.38,0.0
JP.HG,1.3298113175355392e+16,7684147786232627.0,0.0
JP.IB,2.3056816816521216e+16,5256644980360132.0,0.0
JP.IS,1.1080808391507968e+16,3486752090388242.0,0.0
JP.IW,5330560146735104.0,444213345561258.7,0.0
JP.KG,1.2548296711077888e+16,1.0676384473022464e+16,8594501215977472.0
JP.KS,5410432579796992.0,747357605781050.9,0.0
JP.KN,1.610649780092928e+16,6318473429140548.0,0.0
JP.KC,1.893590092270797e+16,6184488119517791.0,0.0
JP.KM,7260236339478528.0,4387511677267851.0,0.0
JP.KY,2.008226634871603e+16,6904715768670891.0,0.0
JP.ME,2.7883007142526976e+16,8457316752739533.0,0.0
JP.MG,8559596553633792.0,2201158942020949.2,0.0
JP.MZ,7015636878229504.0,3058384931501787.5,0.0
JP.NN,2.604690432851968e+16,8768069449256505.0,0.0
JP.NS,6249452293586944.0,1359309917965516.8,0.0
JP.NR,1.7745723609055232e+16,1.0366102533255988e+16,0.0
JP.NI,2.124903716434739e+16,4419938910866272.5,0.0
JP.OT,9787446636052480.0,4904629474793882.0,0.0
JP.OY,1.648697284755456e+16,1.049232135711359e+16,0.0
JP.ON,2821837000015872.0,6950337438462.739,0.0
JP.OS,1.5632315157839872e+16,7752725833274709.0,0.0
JP.SG,7223828975452160.0,2521461617065984.0,0.0
JP.ST,1.851755607569203e+16,7919390428583253.0,0.0
JP.SH,2.911486174507827e+16,2.139907191472128e+16,1.1145384298545152e+16
JP.SM,1.6155361643855872e+16,3425134122281642.5,0.0
JP.SZ,2.604690432851968e+16,155390624646514.8,0.0
JP.TC,1.3434983045660672e+16,6138183602615091.0,0.0
JP.TS,1.3331657943678976e+16,6357637866891947.0,0.0
JP.TK,1.610649780092928e+16,9577145696465716.0,588784047489024.0
JP.TT,1.4324530902204416e+16,8864496460933803.0,0.0
JP.TY,1.9675015402225664e+16,1.0845024422216772e+16,0.0
JP.WK,1.184274417975296e+16,4800626448015906.0,0.0
JP.YT,1.4157122740682752e+16,3304587099956110.0,0.0
JP.YC,1.7538326080782336e+16,6426461337512012.0,0.0
JP.YN,1.937736772616192e+16,6244313378639053.0,0.0
