HASC_1,Max,Mean,Min
DE.BW,5850019261317120.0,3168500416976501.0,0.0
DE.BY,6351349318942720.0,2025128025569271.2,0.0
DE.BE,0.0,0.0,0.0
DE.BR,0.0,0.0,0.0
DE.HB,6231842390802432.0,2869181110521401.0,0.0
DE.HH,1.392105737945088e+16,2177305614231021.0,0.0
DE.HE,8649087565955072.0,2922689437150482.0,0.0
DE.MV,6597015005822976.0,938621743150565.0,0.0
DE.NI,1.392105737945088e+16,3052432014715450.0,0.0
DE.NW,1.976586040298701e+16,4305309329369180.5,0.0
DE.RP,8649087565955072.0,2191056554485561.8,0.0
DE.SL,3788066128920576.0,2971514597015552.0,0.0
DE.SN,5244840115699712.0,864540735420123.4,0.0
DE.ST,1.0121543552073728e+16,1864768555767477.8,0.0
DE.SH,1.392105737945088e+16,2677919802563931.5,0.0
DE.TH,7907459456827392.0,2733900155775162.0,0.0
