HASC_1,Max,Mean,Min
DE.BW,1.1710474219421696e+16,4019367044255097.5,0.0
DE.BY,1.8193380534124544e+16,3506672527749889.0,0.0
DE.BE,2624299106041856.0,1749532737361237.2,0.0
DE.BR,1.3044224773586944e+16,2703197919757252.0,0.0
DE.HB,5571799869816832.0,1304788717273088.0,0.0
DE.HH,4847459540926464.0,440851131483601.44,0.0
DE.HE,716604019048448.0,21076588795542.59,0.0
DE.MV,9073674611064832.0,3183035664265579.0,0.0
DE.NI,6730813437640704.0,1355366785580215.8,0.0
DE.NW,1612451518873600.0,254322603308763.44,0.0
DE.RP,0.0,0.0,0.0
DE.SL,0.0,0.0,0.0
DE.SN,1.6557873093935104e+16,3169183274533301.0,0.0
DE.ST,8276020801044480.0,1168195807735049.5,0.0
DE.SH,1.2756877502840832e+16,2164652001549208.8,0.0
DE.TH,5966932029210624.0,812599335494063.1,0.0
