HASC_1,Max,Mean,Min
DE.BW,0.0,0.0,0.0
DE.BY,6028544945684480.0,1033289017750541.6,0.0
DE.BE,0.0,0.0,0.0
DE.BR,0.0,0.0,0.0
DE.HB,5838554382991360.0,2490139398448274.5,0.0
DE.HH,3377199893708800.0,301095767843986.3,0.0
DE.HE,1.2329516445728768e+16,1799586451057610.0,0.0
DE.MV,0.0,0.0,0.0
DE.NI,6368065331658752.0,1237225830650441.2,0.0
DE.NW,1.139361944961024e+16,1826478154290067.5,0.0
DE.RP,1.2329516445728768e+16,735452617244672.0,0.0
DE.SL,0.0,0.0,0.0
DE.SN,3558845334945792.0,499231905703526.4,0.0
DE.ST,3293384949104640.0,388088117749350.4,0.0
DE.SH,5605605557403648.0,95010263684807.6,0.0
DE.TH,3477665352777728.0,1261524599945569.0,0.0
