HASC_1,Max,Mean,Min
DE.BW,0.0,0.0,0.0
DE.BY,1.0706774722084864e+16,417148756785015.44,0.0
DE.BE,9123678767808512.0,6033561803030528.0,0.0
DE.BR,1.2870131495469056e+16,4072747267938442.5,0.0
DE.HB,0.0,0.0,0.0
DE.HH,7435710449582080.0,708162899960198.1,0.0
DE.HE,1.0402698553720832e+16,4065896858418207.0,0.0
DE.MV,1.2979629539196928e+16,3469359237770275.5,0.0
DE.NI,1.1591725889880064e+16,2070114785539463.0,0.0
DE.NW,1.1591726963621888e+16,4491253759984271.5,0.0
DE.RP,7376846849048576.0,2019324430151605.5,0.0
DE.SL,0.0,0.0,0.0
DE.SN,1.21655485530112e+16,1294427180355956.2,0.0
DE.ST,8543285341585408.0,2843068725633623.5,0.0
DE.SH,1.809727634590925e+16,2646298356669530.5,0.0
DE.TH,1.0402698553720832e+16,1658431511974525.2,0.0
