HASC_1,Max,Mean,Min
DE.BW,9120440362467328.0,5734173166447275.0,0.0
DE.BY,9120440362467328.0,3898362638508817.5,0.0
DE.BE,0.0,0.0,0.0
DE.BR,1.0449133592641536e+16,2938025899207453.5,0.0
DE.HB,1.0788811818663936e+16,5101908078013099.0,0.0
DE.HH,7167926754869248.0,658288487020251.4,0.0
DE.HE,8091030654025728.0,3926449489329520.5,0.0
DE.MV,1.0449133592641536e+16,3473321034368796.5,0.0
DE.NI,1.1950830252982272e+16,4948115716322789.0,0.0
DE.NW,1.4266204172582912e+16,5704817691328512.0,0.0
DE.RP,8517881683771392.0,4024185871379776.5,0.0
DE.SL,7237792987873280.0,6219570989201271.0,0.0
DE.SN,9963102208524288.0,4864543030825211.0,0.0
DE.ST,1.0988744693776384e+16,3998685973011551.0,0.0
DE.SH,1.0519843786719232e+16,2384204176091753.0,0.0
DE.TH,8831325175808000.0,3858669277968871.5,0.0
