HASC_1,Max,Mean,Min
DE.BW,5575009284128768.0,597794780635928.8,0.0
DE.BY,8791489891008512.0,1267035231252536.0,0.0
DE.BE,7588814759395328.0,5067895985930240.0,0.0
DE.BR,7644224669351936.0,3352375053474290.0,0.0
DE.HB,8125680839557120.0,4968833571880960.0,0.0
DE.HH,7358208301596672.0,1053168603861170.1,0.0
DE.HE,6947929403162624.0,1516295070251842.2,0.0
DE.MV,7637030599131136.0,3796159651924601.0,0.0
DE.NI,1.3639271017611264e+16,4122182449293247.5,0.0
DE.NW,1.3639271017611264e+16,3567051259045405.0,0.0
DE.RP,0.0,0.0,0.0
DE.SL,0.0,0.0,0.0
DE.SN,7564322171518976.0,2922904318522310.5,0.0
DE.ST,1.5447791551643648e+16,3638033843272238.5,0.0
DE.SH,9498252529369088.0,2796264837731094.5,0.0
DE.TH,1.5447791551643648e+16,2773078569455889.0,0.0
