HASC_1,Max,Mean,Min
DE.BW,8126640227876864.0,1628759248930640.5,0.0
DE.BY,8126640227876864.0,2503025645864343.5,0.0
DE.BE,6989419860983808.0,4798202003849216.0,0.0
DE.BR,8655858581897216.0,3171301746188522.0,0.0
DE.HB,0.0,0.0,0.0
DE.HH,3926211067641856.0,367306779156870.1,0.0
DE.HE,8126640227876864.0,3807158506209049.0,0.0
DE.MV,1.0070904813912064e+16,2536498230460416.0,0.0
DE.NI,1.0070904813912064e+16,3579086101309981.0,0.0
DE.NW,8609661913661440.0,4464605294460652.5,0.0
DE.RP,8126640227876864.0,771010121008664.4,0.0
DE.SL,0.0,0.0,0.0
DE.SN,7489184939900928.0,4309416069646146.0,0.0
DE.ST,8436325086658560.0,3953810692487562.5,0.0
DE.SH,6588214617833472.0,1567539255823694.5,0.0
DE.TH,7395471437856768.0,3592660500860733.0,0.0
