HASC_1,Max,Mean,Min
CA.AB,1.03917002162176e+16,2771533132455511.5,0.0
CA.BC,7453536174473216.0,1014080883897006.5,0.0
CA.MB,9324166767443968.0,2396849557776788.5,0.0
CA.NB,5729812790378496.0,1699768741904636.0,0.0
CA.NF,5548313378029568.0,582880291105933.0,0.0
CA.NT,7836610750054400.0,1497582198468643.8,0.0
CA.NS,6506625808465920.0,1545715883046705.8,0.0
CA.NU,7366378403135488.0,1575943077741931.0,0.0
CA.ON,1.1785259263721472e+16,1674032852558734.2,0.0
CA.PE,5197289459023872.0,2141394750954775.2,0.0
CA.QC,9244080659759104.0,913083227723879.1,0.0
CA.SK,1.0355581688741888e+16,4199894753668660.0,0.0
CA.YT,5624252694790144.0,1008943104603137.4,0.0
