HASC_1,Max,Mean,Min
CA.AB,6958398922817536.0,3292645180504220.5,0.0
CA.BC,1.2068415720128512e+16,1743734149969307.8,0.0
CA.MB,7910083144974336.0,2613294623795222.5,0.0
CA.NB,7773312595787776.0,900722881335764.8,0.0
CA.NF,6915535149203456.0,491109049226940.44,0.0
CA.NT,1.0934885803884544e+16,1462335359889949.2,0.0
CA.NS,8268038604324864.0,1188451493160615.8,0.0
CA.NU,9638100959494144.0,1063960793788244.6,0.0
CA.ON,9013574059950080.0,1030273699921701.4,0.0
CA.PE,0.0,0.0,0.0
CA.QC,9139955620118528.0,1504500819988111.5,0.0
CA.SK,8937026468446208.0,4320740583913850.0,0.0
CA.YT,9707889883086848.0,1603131936157587.8,0.0
