HASC_1,Max,Mean,Min
CA.AB,1.6258760834023424e+16,3619837625072135.5,0.0
CA.BC,1.7582133673459712e+16,647905086392355.6,0.0
CA.MB,8007017335619584.0,1986728289062377.8,0.0
CA.NB,0.0,0.0,0.0
CA.NF,7139449511084032.0,486177908614641.5,0.0
CA.NT,8697488089284608.0,1733426093556989.2,0.0
CA.NS,6537496422776832.0,727745546983348.1,0.0
CA.NU,5904196515659776.0,1370352654375453.0,0.0
CA.ON,7803707542470656.0,1848184283922002.2,0.0
CA.PE,6113618047270912.0,300235793071287.8,0.0
CA.QC,9487709458399232.0,1515118261646657.2,0.0
CA.SK,1.6258760834023424e+16,4427371382286241.5,0.0
CA.YT,6783249082744832.0,1746490581853893.2,0.0
