HASC_1,Max,Mean,Min
CA.AB,1.2882149887705088e+16,3885953593538534.5,0.0
CA.BC,6364301866565632.0,1806029159224115.5,0.0
CA.MB,8164360778153984.0,2686756126110635.0,0.0
CA.NB,6231954596823040.0,2571534063942190.5,0.0
CA.NF,5754040164024320.0,1108935294807968.6,0.0
CA.NT,9551942841794560.0,1857655503035372.2,0.0
CA.NS,6065567563776000.0,1726101903189138.2,0.0
CA.NU,7512674116042752.0,844673546160889.1,0.0
CA.ON,9182162263736320.0,1120798053703004.6,0.0
CA.PE,5724603531919360.0,2062975322411380.2,0.0
CA.QC,6770325526151168.0,1610948895168054.8,0.0
CA.SK,1.218440345944064e+16,4753297702886185.0,0.0
CA.YT,6767311532851200.0,1830390931465001.5,0.0
