HASC_1,Max,Mean,Min
CA.AB,1.0064125208035328e+16,2768842415938113.5,0.0
CA.BC,1.2114484613087232e+16,985001956662464.1,0.0
CA.MB,6833449734242304.0,1110190676719451.4,0.0
CA.NB,0.0,0.0,0.0
CA.NF,3473970070290432.0,149812195360057.1,0.0
CA.NT,3043065128288256.0,1023302986235720.0,0.0
CA.NS,3492939061788672.0,245590569091291.9,0.0
CA.NU,3033999526068224.0,789916290205867.9,0.0
CA.ON,9033139783467008.0,996951805103789.0,0.0
CA.PE,3099345037557760.0,618333499589305.2,0.0
CA.QC,7544908919341056.0,1216311038637240.5,0.0
CA.SK,6432932222730240.0,3097501664604660.0,0.0
CA.YT,2990812287729664.0,1138490665903824.5,0.0
