HASC_1,Max,Mean,Min
CA.AB,5.756106150667878e+16,4154018687719226.5,0.0
CA.BC,1.0099241934389248e+16,386673388419301.94,0.0
CA.MB,5348062675337216.0,332755102750699.3,0.0
CA.NB,3290403436494848.0,877181482325730.5,0.0
CA.NF,2082205245374464.0,145872769083562.2,0.0
CA.NT,4732197114216448.0,92962389359617.48,0.0
CA.NS,2524296698134528.0,483309701054202.75,0.0
CA.NU,2787230301028352.0,32332593220076.61,0.0
CA.ON,1.308925106323456e+16,902816383990112.6,0.0
CA.PE,1838850653552640.0,566293506150772.4,0.0
CA.QC,9562739315834880.0,420934887363443.56,0.0
CA.SK,2.211576156468019e+16,2938006057553763.5,0.0
CA.YT,929141213888512.0,82834923511925.97,0.0
