HASC_1,Max,Mean,Min
CA.AB,1.1239684600496128e+16,1289943186951015.5,0.0
CA.BC,4142086056050688.0,272096988101996.38,0.0
CA.MB,1.2124368406577152e+16,472742046646667.75,0.0
CA.NB,630615418339328.0,102419407925517.08,0.0
CA.NF,3990905354715136.0,175487304269437.22,0.0
CA.NT,2257952085901312.0,48945070075189.65,0.0
CA.NS,4154012374925312.0,327883130947496.2,0.0
CA.NU,1257034385195008.0,4881980330392.77,0.0
CA.ON,1.0035701329218765e+17,2413741620494498.5,0.0
CA.PE,1313184774356992.0,281325308498245.1,0.0
CA.QC,1.894741787751219e+16,188395275464053.53,0.0
CA.SK,8850349196574720.0,1113406375941124.8,0.0
CA.YT,635803269070848.0,19283585159145.168,0.0
