HASC_1,Max,Mean,Min
CA.AB,5380103668236288.0,568716953159786.9,0.0
CA.BC,4111798215114752.0,250017379523211.4,0.0
CA.MB,1.466798440448e+16,552209532253152.6,0.0
CA.NB,2297601344929792.0,399592997097650.06,0.0
CA.NF,1025561820397568.0,68847197799081.11,0.0
CA.NT,2.156848824188928e+16,217857849035689.03,0.0
CA.NS,5053584148267008.0,241995608191873.0,0.0
CA.NU,9668317128163328.0,115700607749482.92,0.0
CA.ON,9376014538899456.0,189273811917184.94,0.0
CA.PE,1196414948343808.0,237934201803099.12,0.0
CA.QC,3940230377766912.0,302827786266531.94,0.0
CA.SK,8.693617679505818e+16,2590525919940743.5,0.0
CA.YT,1283416758681600.0,76243531686771.58,0.0
