HASC_1,Max,Mean,Min
CA.AB,5.372047598079181e+16,3774673216251077.5,0.0
CA.BC,2.341467993407488e+16,642275108744985.6,0.0
CA.MB,5877938696224768.0,617039189516201.1,0.0
CA.NB,3843599519186944.0,563986036078833.4,0.0
CA.NF,1636625205428224.0,99159668200505.48,0.0
CA.NT,3901282809020416.0,117162547278275.05,0.0
CA.NS,3822070995615744.0,206431667169890.34,0.0
CA.NU,1681241594134528.0,16271293154802.014,0.0
CA.ON,5.266906369176371e+16,1150403748469674.0,0.0
CA.PE,0.0,0.0,0.0
CA.QC,2.841693170696192e+16,439194781316192.2,0.0
CA.SK,1.5566283256889344e+16,1922259170355417.8,0.0
CA.YT,1110364003500032.0,96465717296287.78,0.0
