HASC_1,Max,Mean,Min
CA.AB,2.0664769140752384e+16,1516007577781541.8,0.0
CA.BC,1.3780669930930176e+16,281737130175781.0,0.0
CA.MB,3493679138340864.0,449447453498571.7,0.0
CA.NB,2066661221859328.0,235422207675844.84,0.0
CA.NF,1074935892017152.0,61191308921095.12,0.0
CA.NT,913759258279936.0,56934061596800.02,0.0
CA.NS,3722703437561856.0,65046900648543.336,0.0
CA.NU,635456249135104.0,33889684944289.75,0.0
CA.ON,8110380018565120.0,259475613208504.9,0.0
CA.PE,0.0,0.0,0.0
CA.QC,6918549679374336.0,255909484272293.12,0.0
CA.SK,2653422205534208.0,435380397441809.75,0.0
CA.YT,701454327218176.0,58677669587935.61,0.0
