HASC_1,Max,Mean,Min
CA.AB,3.422096582718259e+16,3511396882516233.0,0.0
CA.BC,4850166444064768.0,259181948938427.7,0.0
CA.MB,1383662503329792.0,160740102255980.62,0.0
CA.NB,1883917208518656.0,457186607419528.94,0.0
CA.NF,1419974304333824.0,125161719899961.27,0.0
CA.NT,3901529232769024.0,97182572526522.45,0.0
CA.NS,1893925019189248.0,223098648237771.4,0.0
CA.NU,640266276962304.0,30079097343444.543,0.0
CA.ON,1.6581681171398656e+16,438286179072742.3,0.0
CA.PE,854958807187456.0,258668045040671.03,0.0
CA.QC,3026927593979904.0,134424322752817.8,0.0
CA.SK,1.1931770261864448e+16,1819010775745387.5,0.0
CA.YT,1130048845250560.0,119910202844864.8,0.0
