HASC_1,Max,Mean,Min
HR.BB,0.0055160741321742535,0.0051143387332558635,0.004741452168673277
HR.SP,0.0055160741321742535,0.0053202263079583645,0.005092245060950518
HR.DN,0.010122955776751041,0.008888486876255937,0.007466576993465424
HR.GZ,0.005573135334998369,0.005328014492988586,0.005163293331861496
HR.IS,0.008177143521606922,0.007153109492113193,0.005981308873742819
HR.KA,0.007049106061458588,0.005943025129714182,0.005052747204899788
HR.KK,0.005305868107825518,0.005013904883526266,0.004741452168673277
HR.KZ,0.005163293331861496,0.004793294705450535,0.004544995259493589
HR.LS,0.008094015531241894,0.0070074850560298985,0.0058982595801353455
HR.ME,0.004741452168673277,0.004478952847421169,0.004216453526169062
HR.OB,0.005352359730750322,0.005107954144477844,0.004990917164832354
HR.PS,0.0055160741321742535,0.005338452057912946,0.0051795062609016895
HR.PG,0.008465471677482128,0.006840751972049475,0.005052747204899788
HR.SB,0.009024322964251041,0.007905862759798765,0.006354433950036764
HR.SM,0.005610249470919371,0.005402705864980817,0.005163293331861496
HR.SD,0.009673775173723698,0.008273430235151733,0.006544215139001608
HR.VA,0.004741452168673277,0.004706523846834898,0.004671595524996519
HR.VP,0.005352359730750322,0.005279244699825843,0.0051795062609016895
HR.VS,0.00523156113922596,0.005101352836936713,0.005018971394747496
HR.ZD,0.008840263821184635,0.007846025750041008,0.006061894353479147
HR.ZG,0.005247614812105894,0.004975340608507395,0.004671595524996519
