HASC_1,Max,Mean,Min
HR.BB,0.0126150818541646,0.01233295351266861,0.012039698660373688
HR.SP,0.012039698660373688,0.011957735444108645,0.01182702835649252
HR.DN,0.014854787848889828,0.013523669292529425,0.011753753758966923
HR.GZ,0.0126150818541646,0.012166271917521954,0.011740561574697495
HR.IS,0.015441615134477615,0.01442687896390756,0.012990194372832775
HR.KA,0.013604202307760715,0.012112450120704514,0.01125848013907671
HR.KK,0.0126150818541646,0.01240626722574234,0.012316900305449963
HR.KZ,0.012143172323703766,0.01181367722650369,0.011488632299005985
HR.LS,0.014316915534436703,0.012670690859002727,0.01125848013907671
HR.ME,0.012316900305449963,0.012086190283298492,0.011855480261147022
HR.OB,0.012121873907744884,0.011902527728428444,0.01175327692180872
HR.PS,0.012372213415801525,0.012012518476694822,0.011811133474111557
HR.PG,0.015406488440930843,0.013548268936574459,0.011719103902578354
HR.SB,0.0150514030829072,0.01291964886089166,0.010399854741990566
HR.SM,0.0126150818541646,0.01218171650543809,0.011740561574697495
HR.SD,0.015441297553479671,0.013294166885316372,0.010142045095562935
HR.VA,0.012316900305449963,0.012063063681125641,0.011809227056801319
HR.VP,0.012372213415801525,0.012003458415468534,0.011811133474111557
HR.VS,0.012121873907744884,0.011851379461586476,0.011332549154758453
HR.ZD,0.014991163276135921,0.01352695468813181,0.01125848013907671
HR.ZG,0.0126150818541646,0.0121206970885396,0.011719103902578354
