HASC_1,Max,Mean,Min
HR.BB,0.009450036101043224,0.009149485453963279,0.008515673689544201
HR.SP,0.008546349592506886,0.008491248823702335,0.00841172318905592
HR.DN,0.011926251463592052,0.010990184317860339,0.009319859556853771
HR.GZ,0.00924626737833023,0.008887792006134987,0.008346634916961193
HR.IS,0.011905588209629059,0.01153760232652227,0.010759270749986172
HR.KA,0.011028842069208622,0.00927980470338038,0.008346634916961193
HR.KK,0.009450036101043224,0.00930793839506805,0.00924626737833023
HR.KZ,0.009344813413918018,0.009184437493483225,0.009070473723113537
HR.LS,0.011552887968719006,0.010150486470333167,0.008571860380470753
HR.ME,0.009450036101043224,0.009348787367343903,0.00924753863364458
HR.OB,0.008860506117343903,0.008458293819179138,0.008164561353623867
HR.PS,0.009249922819435596,0.008793113054707646,0.008515673689544201
HR.PG,0.012023206800222397,0.010805874224752187,0.009124037809669971
HR.SB,0.012047366239130497,0.010761218300710121,0.008624233305454254
HR.SM,0.009249922819435596,0.008819710152844587,0.008346634916961193
HR.SD,0.011972502805292606,0.010997031416211809,0.00892090518027544
HR.VA,0.009450036101043224,0.009397424757480621,0.009344813413918018
HR.VP,0.009249922819435596,0.008885592843095461,0.008546349592506886
HR.VS,0.00841172318905592,0.008046576380729675,0.007720069959759712
HR.ZD,0.012047366239130497,0.011033883983535426,0.008571860380470753
HR.ZG,0.009450036101043224,0.00925822015851736,0.009070473723113537
