HASC_1,Max,Mean,Min
HR.BB,0.003934188280254602,0.0037763632833957674,0.00365500058978796
HR.SP,0.00376983848400414,0.003715717621768514,0.00365500058978796
HR.DN,0.005488240625709295,0.005026781362377935,0.004336400423198938
HR.GZ,0.003934188280254602,0.0038645039312541485,0.003788633970543742
HR.IS,0.0052437023259699345,0.004884081116567056,0.0042572058737277985
HR.KA,0.0046090721152722836,0.0040223976663712946,0.0036105355247855186
HR.KK,0.003934188280254602,0.003806703956797719,0.003740274580195546
HR.KZ,0.003870689542964101,0.00364293383123974,0.0034101048950105906
HR.LS,0.005037470255047083,0.0044565464569521806,0.003849947126582265
HR.ME,0.003777388483285904,0.003689491655677557,0.00360159482806921
HR.OB,0.00378191820345819,0.0037298305348182717,0.0036571857053786516
HR.PS,0.0037749644834548235,0.0037023661425337195,0.00365500058978796
HR.PG,0.0052437023259699345,0.004541452508419752,0.003547712229192257
HR.SB,0.005059722810983658,0.004541294765658677,0.003626986173912883
HR.SM,0.003934188280254602,0.0037920644972473383,0.00365500058978796
HR.SD,0.0052752927877008915,0.004662392494667854,0.0036026674788445234
HR.VA,0.003777388483285904,0.0037126977695152164,0.0036480070557445288
HR.VP,0.0037749644834548235,0.0037181546601156392,0.0036571857053786516
HR.VS,0.003805283224210143,0.0037192222196608784,0.0035787064116448164
HR.ZD,0.005181395914405584,0.004757061766992722,0.003849947126582265
HR.ZG,0.003934188280254602,0.003768161777406931,0.0036105355247855186
