HASC_1,Max,Mean,Min
HR.BB,0.008488264866173267,0.007546924240887165,0.006610161159187555
HR.SP,0.00883039552718401,0.008633435082932314,0.008488264866173267
HR.DN,0.012761441059410572,0.011560076537231604,0.009733366779983044
HR.GZ,0.00833392795175314,0.007616446974376838,0.006985352840274572
HR.IS,0.009891835041344166,0.008955883250261346,0.007328675594180822
HR.KA,0.009736147709190845,0.00832906924188137,0.006184504833072424
HR.KK,0.008043852634727955,0.0073115890845656395,0.006610161159187555
HR.KZ,0.006985352840274572,0.006143470294773579,0.005462334956973791
HR.LS,0.010493126697838306,0.009661795438400336,0.00868416577577591
HR.ME,0.006610161159187555,0.006251023383811116,0.005891885608434677
HR.OB,0.008893814869225025,0.008587817506243786,0.008068329654633999
HR.PS,0.008581644855439663,0.008295523002743721,0.008043852634727955
HR.PG,0.010342605412006378,0.008680112287402153,0.005945291370153427
HR.SB,0.011091239750385284,0.010486703055600325,0.009354758076369762
HR.SM,0.008510516956448555,0.007981995896746715,0.006985352840274572
HR.SD,0.011454112827777863,0.01086628610002143,0.009972897358238697
HR.VA,0.006610161159187555,0.006296442123129964,0.0059827230870723724
HR.VP,0.008581644855439663,0.008231275714933872,0.008043852634727955
HR.VS,0.008967089466750622,0.008869464509189129,0.008784380741417408
HR.ZD,0.010927684605121613,0.01025102992675134,0.008997845463454723
HR.ZG,0.0075300601311028,0.006658560410141945,0.0059827230870723724
