HASC_1,Max,Mean,Min
HR.BB,0.007673460990190506,0.007588123064488172,0.007410405669361353
HR.SP,0.007561960723251104,0.0073320986703038216,0.006934443023055792
HR.DN,0.010721960105001926,0.0096971754812532,0.008260765112936497
HR.GZ,0.007660904433578253,0.007457268424332142,0.007296124007552862
HR.IS,0.009543060325086117,0.00885212297240893,0.007932780310511589
HR.KA,0.008609253913164139,0.0076208953479571006,0.007191617041826248
HR.KK,0.007673460990190506,0.00759466364979744,0.007410405669361353
HR.KZ,0.007443069014698267,0.007332681367794673,0.00714019825682044
HR.LS,0.009496647864580154,0.008348117449453898,0.0072039351798594
HR.ME,0.007673460990190506,0.0075941868126392365,0.007514912635087967
HR.OB,0.0074998922646045685,0.0064343201617399854,0.005337038543075323
HR.PS,0.007633883506059647,0.0074010081589221954,0.006908296141773462
HR.PG,0.009940424002707005,0.008565440541133285,0.007127005606889725
HR.SB,0.010568260215222836,0.009032751511161527,0.00699341157451272
HR.SM,0.007660904433578253,0.007509336341172457,0.007296124007552862
HR.SD,0.010568260215222836,0.009478221447872264,0.007668533828109503
HR.VA,0.007673460990190506,0.0075582650024443865,0.007443069014698267
HR.VP,0.007633883506059647,0.007347357304145892,0.006908296141773462
HR.VS,0.007172623183578253,0.0063821224495768545,0.005181430373340845
HR.ZD,0.010270554572343826,0.009172285042170967,0.0072039351798594
HR.ZG,0.007673460990190506,0.007476765662431717,0.007191617041826248
