HASC_1,Max,Mean,Min
HR.BB,0.0068710059858858585,0.0064644388854503635,0.00586599251255393
HR.SP,0.007233878131955862,0.007050985315193732,0.0068710059858858585
HR.DN,0.011116206645965576,0.010413887393143442,0.008913139812648296
HR.GZ,0.006580850575119257,0.006330325733870268,0.0060813636519014835
HR.IS,0.008438925258815289,0.007435805707549055,0.006194692105054855
HR.KA,0.007317721843719482,0.006473902812493699,0.0055854530073702335
HR.KK,0.006731849163770676,0.006362797110341489,0.00586599251255393
HR.KZ,0.0060813636519014835,0.005632607111086448,0.005261362995952368
HR.LS,0.008725345134735107,0.00743799889460206,0.006407917942851782
HR.ME,0.00586599251255393,0.005606513470411301,0.005347034428268671
HR.OB,0.007369697093963623,0.007017725923409064,0.006673277821391821
HR.PS,0.007048071827739477,0.006831051199696958,0.006673277821391821
HR.PG,0.00909362267702818,0.007207628898322582,0.005209784954786301
HR.SB,0.010375837795436382,0.008943034568801522,0.007171809673309326
HR.SM,0.0068710059858858585,0.006539749990527828,0.0060813636519014835
HR.SD,0.010871906764805317,0.009603747233216251,0.0077978172339499
HR.VA,0.00586599251255393,0.0057105435989797115,0.005555094685405493
HR.VP,0.007048071827739477,0.006817732937633991,0.006673277821391821
HR.VS,0.007432242389768362,0.007327799033373594,0.007199466228485107
HR.ZD,0.009864826686680317,0.008574835091297115,0.006593327969312668
HR.ZG,0.006580850575119257,0.005933750886470079,0.005555094685405493
