HASC_1,Max,Mean,Min
HR.BB,0.0038461482618004084,0.0037515676114708183,0.0035922324750572443
HR.SP,0.0039220848120749,0.0038023985301454863,0.0035922324750572443
HR.DN,0.0057982392609119415,0.005405387996385495,0.004723687190562487
HR.GZ,0.003722528228536248,0.0036071337138613067,0.0035298464354127645
HR.IS,0.004452724941074848,0.0040202468711261945,0.0036186175420880318
HR.KA,0.004098792560398579,0.003727029842723693,0.003311176784336567
HR.KK,0.0038461482618004084,0.003791401395574212,0.003722528228536248
HR.KZ,0.0035337405279278755,0.0034559365982810655,0.003304222831502557
HR.LS,0.0046732621267437935,0.004151908747319665,0.003698209533467889
HR.ME,0.003756860503926873,0.003705242881551385,0.0036536252591758966
HR.OB,0.0039220848120749,0.003728309995494783,0.0034618971403688192
HR.PS,0.0039220848120749,0.0037905272911302745,0.0035922324750572443
HR.PG,0.005118111148476601,0.004034693632274866,0.003225187072530389
HR.SB,0.005461752414703369,0.004922773766641815,0.004188994411379099
HR.SM,0.0038461482618004084,0.0036192069528624415,0.003455459838733077
HR.SD,0.0057060508988797665,0.005120024284613984,0.0043420190922915936
HR.VA,0.003756860503926873,0.0036453005159273744,0.0035337405279278755
HR.VP,0.0039220848120749,0.003856625563154618,0.003801643615588546
HR.VS,0.0038928783033043146,0.0036537842359393837,0.0033649003598839045
HR.ZD,0.005262115970253944,0.004648869491315314,0.0038406646344810724
HR.ZG,0.003756860503926873,0.0035708304960280655,0.003311176784336567
