HASC_1,Max,Mean,Min
HR.BB,0.010708699934184551,0.010413488931953907,0.010220416821539402
HR.SP,0.010220416821539402,0.01009045292933782,0.009963402524590492
HR.DN,0.01637781597673893,0.014237964939739969,0.009642967954277992
HR.GZ,0.010708699934184551,0.01044416024039189,0.010276525281369686
HR.IS,0.015312403440475464,0.013445744756609201,0.011652042157948017
HR.KA,0.011854377575218678,0.010529248709125178,0.00987487006932497
HR.KK,0.010708699934184551,0.010461756959557533,0.010363786481320858
HR.KZ,0.010276525281369686,0.010210748141010603,0.010155010968446732
HR.LS,0.013236572034657001,0.011402383313647338,0.00987487006932497
HR.ME,0.010378806851804256,0.010243663564324379,0.010108520276844501
HR.OB,0.010087539441883564,0.009807265053192774,0.009350826032459736
HR.PS,0.010395734570920467,0.010186125058680773,0.010040809400379658
HR.PG,0.015174438245594501,0.012321632262319327,0.010060835629701614
HR.SB,0.015551775693893433,0.012507408702125153,0.009552528150379658
HR.SM,0.010708699934184551,0.01039570802822709,0.010220416821539402
HR.SD,0.01613733172416687,0.013171880905117308,0.009295830503106117
HR.VA,0.010378806851804256,0.010266908910125494,0.010155010968446732
HR.VP,0.010395734570920467,0.01017469447106123,0.010040809400379658
HR.VS,0.009963402524590492,0.00965666901320219,0.009444603696465492
HR.ZD,0.015028844587504864,0.01276772775288139,0.00987487006932497
HR.ZG,0.010708699934184551,0.010315975733101368,0.010060835629701614
