HASC_1,Max,Mean,Min
HR.BB,0.010129823349416256,0.009722334146499634,0.008849753998219967
HR.SP,0.009007110260426998,0.008900749186674753,0.008845383301377296
HR.DN,0.01728619821369648,0.015913454712265067,0.012935374863445759
HR.GZ,0.010141425766050816,0.00988658300290505,0.009388499893248081
HR.IS,0.014284507371485233,0.012958183884620667,0.01132271159440279
HR.KA,0.011870439164340496,0.010436316020786762,0.009388499893248081
HR.KK,0.010129823349416256,0.00994047918356955,0.00960864033550024
HR.KZ,0.010141425766050816,0.00987980142235756,0.009667291305959225
HR.LS,0.014254625886678696,0.011862627496676785,0.009923511184751987
HR.ME,0.010079755447804928,0.009978427551686764,0.0098770996555686
HR.OB,0.009332709945738316,0.008858562291910252,0.00843077339231968
HR.PS,0.00960864033550024,0.009088907856494188,0.008845383301377296
HR.PG,0.015014227479696274,0.012278786115348338,0.009976440109312534
HR.SB,0.016658840700984,0.013996974720309177,0.010522101074457169
HR.SM,0.010141425766050816,0.009547803550958633,0.008849753998219967
HR.SD,0.016997871920466423,0.014788888261786528,0.0114894462749362
HR.VA,0.010079755447804928,0.009955221321433783,0.009830687195062637
HR.VP,0.00960864033550024,0.009168625809252262,0.008845383301377296
HR.VS,0.010198328644037247,0.009580903872847556,0.009007110260426998
HR.ZD,0.016658840700984,0.013818001640694482,0.009923511184751987
HR.ZG,0.010141425766050816,0.010038620047271251,0.009830687195062637
