HASC_1,Max,Mean,Min
HR.BB,0.0029529957100749016,0.002801647549495101,0.002715689828619361
HR.SP,0.0027185508515685797,0.0027130274878193936,0.00270484178327024
HR.DN,0.006603422109037638,0.005752625616474284,0.004205130506306887
HR.GZ,0.0029529957100749016,0.0028759201522916555,0.002820116700604558
HR.IS,0.0042478470131754875,0.0036924045998603106,0.003008308820426464
HR.KA,0.0035313593689352274,0.003027382240231548,0.0025754200760275126
HR.KK,0.0029529957100749016,0.002823136979714036,0.002759002149105072
HR.KZ,0.002854648046195507,0.002686841102937857,0.002503695897758007
HR.LS,0.0041626919992268085,0.003518524579703808,0.0028439590241760015
HR.ME,0.0027775196358561516,0.0026728339726105332,0.002568148309364915
HR.OB,0.0027185508515685797,0.002658684582759937,0.00257814209908247
HR.PS,0.0028030304238200188,0.0027237165486440063,0.0026575950905680656
HR.PG,0.004660311155021191,0.0035530873108655216,0.002395732095465064
HR.SB,0.005380017217248678,0.004230932448990643,0.002805930795148015
HR.SM,0.0029529957100749016,0.0028244681113089123,0.002715689828619361
HR.SD,0.006005309522151947,0.004749638593888709,0.0031792151276022196
HR.VA,0.0027775196358561516,0.0027398495003581047,0.002702179364860058
HR.VP,0.0028030304238200188,0.0027263921219855547,0.0026575950905680656
HR.VS,0.00270484178327024,0.0026522227097302677,0.002574744401499629
HR.ZD,0.004918121267110109,0.00412830281337457,0.0028439590241760015
HR.ZG,0.0029529957100749016,0.002772552566602826,0.0025754200760275126
