HASC_1,Max,Mean,Min
HR.BB,0.005631098523736,0.005369489826261997,0.005235880147665739
HR.SP,0.005235880147665739,0.005183162788550059,0.0051113455556333065
HR.DN,0.007732440251857042,0.006966383817295234,0.005820879712700844
HR.GZ,0.005748877301812172,0.005656635854393244,0.005589931737631559
HR.IS,0.007470339071005583,0.007023608700061838,0.006428211461752653
HR.KA,0.006853629369288683,0.005949818728757756,0.0054250252433121204
HR.KK,0.005631098523736,0.005402892245911062,0.005240727681666613
HR.KZ,0.005748877301812172,0.005539068952202797,0.005428919568657875
HR.LS,0.0072064888663589954,0.006434603062059198,0.0054250252433121204
HR.ME,0.005345552694052458,0.005137850064784288,0.004930147435516119
HR.OB,0.0052022626623511314,0.005089503868172566,0.005029329564422369
HR.PS,0.0053941900841891766,0.005232393043115735,0.005097239278256893
HR.PG,0.007591534871608019,0.006744854990392924,0.005682199727743864
HR.SB,0.007577468175441027,0.00655014906078577,0.0050806691870093346
HR.SM,0.005748877301812172,0.005505571219449242,0.005235880147665739
HR.SD,0.00790028739720583,0.006716289025332246,0.0051893084309995174
HR.VA,0.005428919568657875,0.0053872361313551664,0.005345552694052458
HR.VP,0.0053941900841891766,0.005231230674932401,0.005097239278256893
HR.VS,0.0051113455556333065,0.005027533508837223,0.00493491580709815
HR.ZD,0.007591534871608019,0.006873826828918287,0.0054250252433121204
HR.ZG,0.005748877301812172,0.0055673295632004734,0.005345552694052458
