HASC_1,Max,Mean,Min
HR.BB,0.008951245807111263,0.008679671026766301,0.008303939364850521
HR.SP,0.008848725818097591,0.008563894778490067,0.008271911181509495
HR.DN,0.015612185001373291,0.013690195667246977,0.009867091663181782
HR.GZ,0.008951245807111263,0.008830764641364416,0.008751132525503635
HR.IS,0.012220442295074463,0.011033355724066496,0.009752173908054829
HR.KA,0.010780551470816135,0.009213256117488657,0.008592345751821995
HR.KK,0.008951245807111263,0.008637407328933477,0.008303939364850521
HR.KZ,0.008789915591478348,0.008666679573555788,0.008587021380662918
HR.LS,0.012148122303187847,0.010331621393561363,0.008592345751821995
HR.ME,0.008656957186758518,0.008608280215412378,0.008559603244066238
HR.OB,0.008571047335863113,0.007865156202266613,0.007066467311233282
HR.PS,0.008848725818097591,0.008528966689482331,0.008058606646955013
HR.PG,0.013325593434274197,0.010856441408395767,0.008848089724779129
HR.SB,0.01476182509213686,0.011790360944966475,0.00842704251408577
HR.SM,0.009103833697736263,0.008847056732823452,0.008637486957013607
HR.SD,0.015102286823093891,0.012608167449278491,0.008768378756940365
HR.VA,0.008656957186758518,0.008621989283710718,0.008587021380662918
HR.VP,0.008637486957013607,0.008422380313277245,0.008058606646955013
HR.VS,0.008271911181509495,0.007953352387994527,0.007345973048359156
HR.ZD,0.013878722675144672,0.011822691852492946,0.008592345751821995
HR.ZG,0.008951245807111263,0.00876868050545454,0.008587021380662918
