HASC_1,Max,Mean,Min
HR.BB,0.005541564431041479,0.005397241562604904,0.0052689723670482635
HR.SP,0.005354246590286493,0.005309980362653732,0.0052689723670482635
HR.DN,0.009580295532941818,0.008147761950062381,0.006532511208206415
HR.GZ,0.005343677010387182,0.005271542196472486,0.00514523359015584
HR.IS,0.007161697838455439,0.006633667120089133,0.005930186714977026
HR.KA,0.006499768700450659,0.005629665683954954,0.00514523359015584
HR.KK,0.005541564431041479,0.005429308861494064,0.005319993942975998
HR.KZ,0.005473138298839331,0.005369426216930151,0.00529146334156394
HR.LS,0.0070656947791576385,0.0062765065979744706,0.005324921105057001
HR.ME,0.005589168518781662,0.0055653664749115705,0.005541564431041479
HR.OB,0.0053797573782503605,0.0052917942715187865,0.005224785301834345
HR.PS,0.005319993942975998,0.005287052481435239,0.005252521485090256
HR.PG,0.00733741233125329,0.006331548374146223,0.005157948937267065
HR.SB,0.00816583726555109,0.006959187875812252,0.005450488533824682
HR.SM,0.005343677010387182,0.005261210647101204,0.00514523359015584
HR.SD,0.008832932449877262,0.007384551289890494,0.005759717896580696
HR.VA,0.005541564431041479,0.005507351364940405,0.005473138298839331
HR.VP,0.005319993942975998,0.005293079186230898,0.005252521485090256
HR.VS,0.00543189188465476,0.005334696359932422,0.005229394882917404
HR.ZD,0.007878304459154606,0.00685795270172613,0.005324921105057001
HR.ZG,0.005541564431041479,0.0053852730430662635,0.0052422694861888885
