HASC_1,Max,Mean,Min
HR.BB,0.009673353284597397,0.009425493329763413,0.00921622570604086
HR.SP,0.009488499723374844,0.009342428607245287,0.00921622570604086
HR.DN,0.016504839062690735,0.013891594794889292,0.00959880743175745
HR.GZ,0.009673353284597397,0.009473293709258238,0.009332891553640366
HR.IS,0.014805868268013,0.01310803663606445,0.011156156659126282
HR.KA,0.011552090756595135,0.009845809212752752,0.009035981260240078
HR.KK,0.009673353284597397,0.00947781023569405,0.009258345700800419
HR.KZ,0.009413636289536953,0.009339461413522562,0.009288386441767216
HR.LS,0.012972270138561726,0.010808383912912436,0.009035981260240078
HR.ME,0.00966000184416771,0.0095714689232409,0.00948293600231409
HR.OB,0.009488499723374844,0.009231219378610453,0.008869405835866928
HR.PS,0.009496605955064297,0.009347435319796205,0.00921622570604086
HR.PG,0.015241697430610657,0.011940665449947119,0.009352441877126694
HR.SB,0.014545355923473835,0.011706691700965166,0.008444542996585369
HR.SM,0.009673353284597397,0.009408920692900816,0.00921622570604086
HR.SD,0.016101116314530373,0.012563007750681468,0.008502240292727947
HR.VA,0.00948293600231409,0.009399648755788803,0.009316361509263515
HR.VP,0.009496605955064297,0.009391171857714653,0.009322560392320156
HR.VS,0.009488499723374844,0.00912425946444273,0.0085383215919137
HR.ZD,0.014163409359753132,0.01214459485241345,0.009035981260240078
HR.ZG,0.009673353284597397,0.00944774579256773,0.009316361509263515
