HASC_1,Max,Mean,Min
HR.BB,0.011521545238792896,0.010880707949399947,0.010244416072964668
HR.SP,0.010244416072964668,0.00961364060640335,0.008873590268194675
HR.DN,0.011666503734886646,0.010334618182645904,0.008696047589182854
HR.GZ,0.011521545238792896,0.011032045197983583,0.010285901837050915
HR.IS,0.012302764691412449,0.011696704352895418,0.010746050626039505
HR.KA,0.011288688518106937,0.010277204614664828,0.009271985851228237
HR.KK,0.011521545238792896,0.011039780918508768,0.010561831295490265
HR.KZ,0.011783168651163578,0.011421090302368006,0.0111914137378335
HR.LS,0.011496749706566334,0.010230769669370992,0.009271985851228237
HR.ME,0.011471954174339771,0.011358228512108326,0.01124450284987688
HR.OB,0.009722915478050709,0.008678350675230226,0.007469621021300554
HR.PS,0.01060379296541214,0.010052409954369068,0.009638515301048756
HR.PG,0.011932420544326305,0.010951573867350817,0.009712504222989082
HR.SB,0.01174041349440813,0.010406567404667536,0.008933908306062222
HR.SM,0.011521545238792896,0.01076408956820766,0.010244416072964668
HR.SD,0.011643297970294952,0.010357131649340903,0.008641290478408337
HR.VA,0.011783168651163578,0.011627561412751675,0.011471954174339771
HR.VP,0.01060379296541214,0.009988407914837202,0.009638515301048756
HR.VS,0.008873590268194675,0.008258341904729604,0.007446653675287962
HR.ZD,0.01174041349440813,0.010848864247756345,0.009271985851228237
HR.ZG,0.011783168651163578,0.011276418901979923,0.010316737927496433
