HASC_1,Max,Mean,Min
HR.BB,0.010145428590476513,0.009998244978487492,0.00981068890541792
HR.SP,0.010099334642291069,0.009590708340207735,0.00920796673744917
HR.DN,0.016339702531695366,0.014163895096215937,0.010727965272963047
HR.GZ,0.010396244935691357,0.010143203350404898,0.009940865449607372
HR.IS,0.013677839189767838,0.012828380179901918,0.011883341707289219
HR.KA,0.013320847414433956,0.01086720172315836,0.009598496370017529
HR.KK,0.010145428590476513,0.009972972562536597,0.00981068890541792
HR.KZ,0.011169198900461197,0.010707514360547066,0.010396244935691357
HR.LS,0.013563239015638828,0.011553983603205,0.009598496370017529
HR.ME,0.010237776674330235,0.010191602632403374,0.010145428590476513
HR.OB,0.009490096010267735,0.009281426512946686,0.00914407055824995
HR.PS,0.010099334642291069,0.00972438184544444,0.009464823640882969
HR.PG,0.01443235483020544,0.012667437177151441,0.010803941637277603
HR.SB,0.015285893343389034,0.01236372891192635,0.009447180666029453
HR.SM,0.010460778139531612,0.010138832653562227,0.009843273088335991
HR.SD,0.015622857958078384,0.01327936231557812,0.00970880500972271
HR.VA,0.010557099245488644,0.010351263917982578,0.010145428590476513
HR.VP,0.009843273088335991,0.009599397579828898,0.009464823640882969
HR.VS,0.009215278550982475,0.009092254564166069,0.008764667436480522
HR.ZD,0.014518343843519688,0.0125515041872859,0.009598496370017529
HR.ZG,0.010803941637277603,0.010399042814970016,0.010092499665915966
