HASC_1,Max,Mean,Min
HR.BB,0.004116273485124111,0.00405542878434062,0.004011726472526789
HR.SP,0.00436617573723197,0.0042105281415085,0.004031316842883825
HR.DN,0.006122049409896135,0.005488995203955306,0.004898723680526018
HR.GZ,0.004058536142110825,0.0039031667013963065,0.0037653211038559675
HR.IS,0.004827634897083044,0.0044438737677410245,0.003851310582831502
HR.KA,0.0043372479267418385,0.003928967152855226,0.003654138883575797
HR.KK,0.004116273485124111,0.004061456769704819,0.004011726472526789
HR.KZ,0.003885642858222127,0.003783719070876638,0.00363152869977057
HR.LS,0.004791037645190954,0.0042943153197744065,0.0037964347284287214
HR.ME,0.004011726472526789,0.003970519872382283,0.003929313272237778
HR.OB,0.004410124383866787,0.00429941201582551,0.004143015947192907
HR.PS,0.004234091844409704,0.004131174529902637,0.004031316842883825
HR.PG,0.00495538767427206,0.004292460763826967,0.0034658676013350487
HR.SB,0.005418078973889351,0.0047590632845337195,0.003800368634983897
HR.SM,0.004116273485124111,0.003959665346580247,0.0037653211038559675
HR.SD,0.00550025375559926,0.0050283098327262065,0.004000362008810043
HR.VA,0.004011726472526789,0.003922856063582003,0.0038339856546372175
HR.VP,0.004234091844409704,0.004164460425575574,0.004116273485124111
HR.VS,0.004426018800586462,0.0042806947603821754,0.004092709627002478
HR.ZD,0.005253888200968504,0.004716429826138275,0.0037964347284287214
HR.ZG,0.004058536142110825,0.003888806002214551,0.003654138883575797
