HASC_1,Max,Mean,Min
HR.BB,0.006313981022685766,0.0059961055405437945,0.005536498501896858
HR.SP,0.005876641720533371,0.005811076766500871,0.0057037887163460255
HR.DN,0.009187084622681141,0.007869079812533326,0.0063971891067922115
HR.GZ,0.006249051541090012,0.005647548474371433,0.005280754994601011
HR.IS,0.006619235500693321,0.006105059990659356,0.005512338597327471
HR.KA,0.005734624341130257,0.005229239418570485,0.00469615263864398
HR.KK,0.006313981022685766,0.006069184746593237,0.005536498501896858
HR.KZ,0.005412838887423277,0.00509783485904336,0.004799268674105406
HR.LS,0.007110856007784605,0.005813222844153643,0.00469615263864398
HR.ME,0.005536498501896858,0.005402070237323642,0.005267641972750425
HR.OB,0.006049653980880976,0.005844309693202376,0.005618911702185869
HR.PS,0.006313981022685766,0.005986016360111535,0.0057037887163460255
HR.PG,0.007578633259981871,0.00593176051042974,0.00469615263864398
HR.SB,0.008837086148560047,0.007085530320182443,0.005139769986271858
HR.SM,0.006313981022685766,0.005769141872103016,0.005280754994601011
HR.SD,0.008837086148560047,0.007579904581819262,0.005355300381779671
HR.VA,0.005536498501896858,0.005308947758749127,0.0050813970156013966
HR.VP,0.006313981022685766,0.006080092241366704,0.005876641720533371
HR.VS,0.005852799862623215,0.005470472294837237,0.005216540768742561
HR.ZD,0.008186282590031624,0.006922504997679165,0.005141438916325569
HR.ZG,0.006249051541090012,0.005417448002845049,0.004807454068213701
