HASC_1,Max,Mean,Min
HR.BB,0.006257518660277128,0.006124910060316324,0.005808417219668627
HR.SP,0.006131633650511503,0.006002013261119525,0.005808417219668627
HR.DN,0.008736753836274147,0.0075135249127116464,0.006273253355175257
HR.GZ,0.0061484817415475845,0.0057489982185264426,0.005367740523070097
HR.IS,0.006945594679564238,0.006236683422078689,0.0058448160998523235
HR.KA,0.006300036329776049,0.0055767994240990704,0.005127493757754564
HR.KK,0.006257518660277128,0.006204033270478249,0.0061484817415475845
HR.KZ,0.005742375273257494,0.005543295914928119,0.005156740080565214
HR.LS,0.006878281012177467,0.0060194859148136205,0.005127493757754564
HR.ME,0.006157303228974342,0.006046955240890384,0.005936607252806425
HR.OB,0.006167396437376738,0.006110652660330136,0.006065988913178444
HR.PS,0.006252829451113939,0.006073658005334437,0.005808417219668627
HR.PG,0.007464631926268339,0.0062856837175786495,0.005361700430512428
HR.SB,0.00843825377523899,0.00699127799210449,0.0053535145707428455
HR.SM,0.006252829451113939,0.005826484179124236,0.005367740523070097
HR.SD,0.008649014867842197,0.007316164871943849,0.005599562544375658
HR.VA,0.006157303228974342,0.005949839251115918,0.005742375273257494
HR.VP,0.006252829451113939,0.006162071600556374,0.006065988913178444
HR.VS,0.006131633650511503,0.0058848544023931025,0.005530421156436205
HR.ZD,0.007815742865204811,0.006824682200593608,0.005127493757754564
HR.ZG,0.006157303228974342,0.005828126613050699,0.005361700430512428
