HASC_1,Max,Mean,Min
HR.BB,0.007572561968117952,0.007480500731617212,0.007226696237921715
HR.SP,0.007722925394773483,0.007650790115197499,0.007560959085822105
HR.DN,0.010660321451723576,0.009708889760077,0.009011736139655113
HR.GZ,0.007553886156529188,0.007262300079067548,0.007101208437234163
HR.IS,0.008241008035838604,0.007786357154448827,0.007187039125710726
HR.KA,0.007900307886302471,0.007268521602132491,0.006527494173496962
HR.KK,0.007572561968117952,0.007460386143065989,0.007226696237921715
HR.KZ,0.007131805643439293,0.00672053328404824,0.00630361819639802
HR.LS,0.008690586313605309,0.007882517562913043,0.007179489359259605
HR.ME,0.007226696237921715,0.007070532068610191,0.006914367899298668
HR.OB,0.007722925394773483,0.007593079702928662,0.007433563936501741
HR.PS,0.00766848586499691,0.007558892713859677,0.007433563936501741
HR.PG,0.008706798776984215,0.007665060460567474,0.0063904826529324055
HR.SB,0.009721905924379826,0.008690771569187442,0.007280181627720594
HR.SM,0.007572561968117952,0.007398052917172511,0.007101208437234163
HR.SD,0.009768953546881676,0.009186417263533388,0.00794457457959652
HR.VA,0.007226696237921715,0.00697643612511456,0.0067261760123074055
HR.VP,0.00766848586499691,0.007558203923205535,0.007433563936501741
HR.VS,0.007760436739772558,0.007667644135653973,0.0074638440273702145
HR.ZD,0.009328912012279034,0.008500112420214074,0.007225822191685438
HR.ZG,0.007553886156529188,0.007033211644738913,0.006527494173496962
