HASC_1,Max,Mean,Min
BR.AC,302.387451171875,300.57912785456733,297.7972717285156
BR.AL,298.9766540527344,295.70111726459703,292.892333984375
BR.AP,300.461669921875,298.23652933411677,297.100341796875
BR.AM,301.5287170410156,299.001852907567,295.6016540527344
BR.BA,299.2520446777344,295.7904567040768,292.2403259277344
BR.CE,301.2110290527344,298.62910093110185,295.0668029785156
BR.DF,293.0957946777344,292.540771484375,291.8714904785156
BR.ES,296.842529296875,294.57848299466644,291.181396484375
BR.GO,300.9632873535156,296.10732984542847,291.8714904785156
BR.MA,302.4336853027344,300.1939679755539,297.183349609375
BR.MT,302.7188415527344,299.7933935840515,294.5069274902344
BR.MS,301.8125915527344,297.4363904849503,293.0824279785156
BR.MG,298.6123962402344,293.87444811528275,289.3089904785156
BR.PA,302.0430603027344,298.84150341223176,296.4847717285156
BR.PB,298.5664978027344,296.0812282562256,292.963623046875
BR.PR,294.5225524902344,291.41842181865985,286.8714904785156
BR.PE,299.7657165527344,295.825732421875,292.406982421875
BR.PI,302.119873046875,299.666552734375,296.2259826660156
BR.RJ,296.213623046875,294.37161028826677,290.736083984375
BR.RN,299.9336853027344,297.82974558863145,294.4447326660156
BR.RS,294.2259826660156,291.9015165345859,287.228271484375
BR.RO,304.141357421875,300.47558152940536,298.4212951660156
BR.RR,299.8959045410156,297.3589738138606,293.8360290527344
BR.SC,300.5879821777344,290.88251941608934,286.5169982910156
BR.SP,297.4873962402344,294.2458076099358,289.3089904785156
BR.SE,298.6166076660156,296.0047084263393,294.347412109375
BR.TO,302.4336853027344,299.8116138599537,295.2806701660156
