HASC_1,Max,Mean,Min
BR.AC,299.8259582519531,299.0297532301683,297.6531066894531
BR.AL,302.8458251953125,301.55962331671464,299.8770751953125
BR.AP,301.8956298828125,298.92567676608843,297.3041687011719
BR.AM,305.3005676269531,299.69650395976726,297.0118408203125
BR.BA,302.5053405761719,298.4180826099996,294.7891845703125
BR.CE,301.3454895019531,299.24168132913525,297.3760986328125
BR.DF,296.0779113769531,295.6751963297526,295.3533020019531
BR.ES,299.2556457519531,296.8424799992488,293.2820129394531
BR.GO,300.9187316894531,297.75252294540405,295.1033020019531
BR.MA,300.2836608886719,298.9129183409644,297.3149108886719
BR.MT,305.1033020019531,299.7913941058916,296.2185363769531
BR.MS,307.5688171386719,302.2950437087421,297.0297546386719
BR.MG,300.3360595703125,295.9725296473739,293.0154113769531
BR.PA,303.8383483886719,298.6945207162563,296.9099426269531
BR.PB,302.2257080078125,300.2959909439087,298.4965515136719
BR.PR,302.6755676269531,297.88361104329425,293.3894348144531
BR.PE,302.7800598144531,300.9028125,297.3760986328125
BR.PI,302.0863952636719,299.2182556152344,297.1088562011719
BR.RJ,298.3315124511719,296.40496148003473,294.4532470703125
BR.RN,302.0792236328125,300.533124200229,299.1596374511719
BR.RS,303.6260986328125,299.1118790618086,292.3738098144531
BR.RO,301.5857238769531,299.5687021891276,298.2979736328125
BR.RR,306.2602233886719,303.29337713691626,296.8139343261719
BR.SC,301.0469970703125,296.962005039431,292.3738098144531
BR.SP,300.3539733886719,297.360779110748,294.3542785644531
BR.SE,302.8458251953125,301.2287292480469,299.9877624511719
BR.TO,301.0564270019531,299.56259098759404,297.0710754394531
