HASC_1,Max,Mean,Min
BR.AC,299.3085632324219,298.44588435246396,297.15753173828125
BR.AL,303.0494689941406,300.91774388363484,298.5898132324219
BR.AP,301.1005554199219,299.63582598152806,298.3199768066406
BR.AM,302.2958679199219,299.5429550521309,297.2789611816406
BR.BA,301.3163757324219,298.44550644927824,294.4853210449219
BR.CE,302.64190673828125,300.1745863289669,296.6601257324219
BR.DF,294.8847351074219,294.6297556559245,294.38311767578125
BR.ES,299.66143798828125,298.41500502366284,295.37432861328125
BR.GO,300.46807861328125,297.5398919582367,294.38311767578125
BR.MA,301.7362976074219,299.57231940597785,297.71417236328125
BR.MT,305.2128601074219,299.43632239902144,297.0214538574219
BR.MS,305.55889892578125,301.7487045406371,298.00225830078125
BR.MG,300.6073913574219,296.82969907250737,294.36553955078125
BR.PA,303.2213439941406,299.1188189553841,296.14483642578125
BR.PB,303.2301330566406,300.6075029373169,297.95343017578125
BR.PR,302.4237976074219,297.17460867074817,292.9989929199219
BR.PE,302.81182861328125,299.6695227050781,296.6601257324219
BR.PI,301.0357971191406,299.56840691817433,297.1227111816406
BR.RJ,299.66143798828125,297.3568861219618,295.00714111328125
BR.RN,303.57354736328125,301.82075132172685,299.5321960449219
BR.RS,303.24835205078125,298.2447161379114,291.6903991699219
BR.RO,300.35186767578125,299.1335479736328,297.0214538574219
BR.RR,304.7281799316406,300.53326141700313,295.21221923828125
BR.SC,301.80206298828125,296.21602702590656,291.15362548828125
BR.SP,301.28057861328125,297.593567800994,294.2948913574219
BR.SE,303.0494689941406,300.86409868512834,299.66339111328125
BR.TO,301.1913757324219,298.9623059873228,296.6405944824219
