HASC_1,Max,Mean,Min
BR.AC,301.0864562988281,298.7311978853666,297.54608154296875
BR.AL,300.0818786621094,298.1548734966077,296.05975341796875
BR.AP,299.84295654296875,297.9211270607124,296.9692687988281
BR.AM,300.52655029296875,298.58874549945364,296.34295654296875
BR.BA,301.0408630371094,297.45659796235526,294.3416442871094
BR.CE,301.0447692871094,298.6980427709119,297.3221130371094
BR.DF,295.7850036621094,295.2309163411458,294.8777770996094
BR.ES,297.8182067871094,295.22559532752405,291.1929016113281
BR.GO,302.0935974121094,296.9490604400635,293.3426208496094
BR.MA,303.7114562988281,300.27735050389026,296.2544250488281
BR.MT,302.0935974121094,297.31373622409257,294.0034484863281
BR.MS,298.8221130371094,294.49606512498485,290.1909484863281
BR.MG,298.8989562988281,294.8816446738668,289.0610656738281
BR.PA,302.8025817871094,298.5601590706848,296.5838317871094
BR.PB,300.5213317871094,298.19384765625,296.1274719238281
BR.PR,292.6590270996094,288.85876816969653,285.2703552246094
BR.PE,301.8865661621094,298.5531115722656,295.9119567871094
BR.PI,303.7114562988281,300.49180265727796,295.78045654296875
BR.RJ,296.01483154296875,293.24167322229454,289.1782531738281
BR.RN,300.9536437988281,298.8165556808998,296.6600036621094
BR.RS,290.4145812988281,285.3137836287507,282.4946594238281
BR.RO,299.51092529296875,297.81534356011286,296.0760192871094
BR.RR,299.9888000488281,297.5192421902432,294.10858154296875
BR.SC,300.02655029296875,287.29274706570607,283.1138000488281
BR.SP,296.53240966796875,292.4274053290339,286.3514099121094
BR.SE,300.04022216796875,298.13485935756137,297.2622375488281
BR.TO,302.4353942871094,298.7022546838831,295.51580810546875
