HASC_1,Max,Mean,Min
BR.AC,300.5993347167969,298.48709200345553,297.4534912109375
BR.AL,302.3854675292969,300.9835205078125,298.7034912109375
BR.AP,299.6478271484375,298.2912783865201,297.0023193359375
BR.AM,301.5267333984375,298.73648154113386,296.5072021484375
BR.BA,302.2168273925781,298.1623453053121,294.0055847167969
BR.CE,301.4437255859375,298.9663938325027,295.7966003417969
BR.DF,294.8366394042969,294.5254872639974,294.2640380859375
BR.ES,299.2067565917969,297.24402207594653,294.2155456542969
BR.GO,301.6344909667969,296.74673533439636,293.9697570800781
BR.MA,300.1826477050781,298.4218112132588,296.3704833984375
BR.MT,304.9801940917969,298.4284144660452,296.0410461425781
BR.MS,305.3363037109375,301.6654076391412,297.5355224609375
BR.MG,301.3678894042969,295.402079365041,291.9798583984375
BR.PA,300.5231628417969,297.88343352873085,295.7324523925781
BR.PB,300.6559753417969,299.10669708251953,297.2158508300781
BR.PR,302.0853271484375,296.7417438213642,292.4635925292969
BR.PE,302.3854675292969,299.6256121826172,295.7966003417969
BR.PI,301.2054443359375,298.30754266036183,295.9017333984375
BR.RJ,299.2839050292969,297.0927304868345,292.5964050292969
BR.RN,302.0215148925781,300.1161941002155,297.2158508300781
BR.RS,301.8903503417969,297.29963265478085,291.5426940917969
BR.RO,299.3867492675781,297.9863772922092,296.3584289550781
BR.RR,305.3753662109375,300.2415486882242,294.6520690917969
BR.SC,301.1250305175781,295.95314803213444,291.2881164550781
BR.SP,301.6774597167969,297.3651295274791,292.5902099609375
BR.SE,302.1195068359375,301.13098798479353,300.3662414550781
BR.TO,299.1982727050781,297.73280871355973,295.3392333984375
