HASC_1,Max,Mean,Min
BR.AC,301.5223083496094,298.6115525465745,297.9461364746094
BR.AL,301.94873046875,300.8438431589227,298.73388671875
BR.AP,299.6017150878906,298.2679164045948,297.1980895996094
BR.AM,300.4422302246094,298.121190718171,295.6980895996094
BR.BA,303.7286682128906,300.1701855344821,297.03076171875
BR.CE,301.9090270996094,299.14554885338094,296.21923828125
BR.DF,296.0652770996094,295.47276306152344,294.91064453125
BR.ES,299.6385192871094,298.346680861253,295.5291442871094
BR.GO,299.95849609375,297.33196449279785,294.9002380371094
BR.MA,300.9689025878906,298.69870020131594,297.49755859375
BR.MT,302.09521484375,297.7693089226267,294.55615234375
BR.MS,302.5704650878906,300.3905942458515,296.3582458496094
BR.MG,301.5480041503906,297.333413907797,293.1564025878906
BR.PA,299.64599609375,297.5843244507792,295.68994140625
BR.PB,302.1730041503906,300.3181858062744,297.9090270996094
BR.PR,299.4363708496094,296.99633163060895,293.9112854003906
BR.PE,303.04736328125,300.70456848144534,296.21923828125
BR.PI,303.2071838378906,300.18057411595396,297.15185546875
BR.RJ,299.7364807128906,298.1691815411603,293.16943359375
BR.RN,302.2325744628906,300.789392931708,298.8846130371094
BR.RS,296.74560546875,294.08000520689296,291.3956604003906
BR.RO,298.6707458496094,297.75159810384116,296.72216796875
BR.RR,304.0008239746094,299.14780280295383,293.7400817871094
BR.SC,299.1805114746094,295.64170981353186,292.49462890625
BR.SP,301.47021484375,298.4157080319848,293.16943359375
BR.SE,301.8526916503906,300.9039219447545,300.1661682128906
BR.TO,299.92138671875,298.45653957790796,296.3221130371094
