HASC_1,Max,Mean,Min
BR.AC,301.053466796875,299.39527306189905,297.5521545410156
BR.AL,299.606201171875,297.57973118832234,294.9222717285156
BR.AP,300.2754821777344,298.7003049688824,297.178466796875
BR.AM,302.211669921875,299.2082592798922,296.129638671875
BR.BA,302.3177795410156,298.29694207670724,294.9437561035156
BR.CE,302.2435607910156,299.7742762072333,297.738037109375
BR.DF,296.3627014160156,295.9165293375651,295.152099609375
BR.ES,298.426513671875,296.7556903545673,293.6556701660156
BR.GO,302.6712951660156,297.7701463699341,294.500732421875
BR.MA,304.1602478027344,301.19106155145363,298.5176696777344
BR.MT,303.0580139160156,299.30865960924075,294.500732421875
BR.MS,302.1563415527344,298.52200459325036,294.1410217285156
BR.MG,299.9974670410156,295.98790129104464,289.920654296875
BR.PA,303.951904296875,299.11790828854237,296.4024353027344
BR.PB,300.4473571777344,298.0013952255249,295.4327087402344
BR.PR,295.7373962402344,291.2511698404948,286.8412170410156
BR.PE,302.912841796875,298.4371649169922,294.8106384277344
BR.PI,304.1602478027344,301.84047273334704,298.3529357910156
BR.RJ,296.879638671875,294.89285052264177,290.2230529785156
BR.RN,301.0997009277344,299.2556510136045,296.2383728027344
BR.RS,291.0423889160156,288.10678937793836,285.455810546875
BR.RO,301.1172790527344,299.04862704806857,297.4317321777344
BR.RR,299.9864196777344,297.8742192300518,294.2533264160156
BR.SC,300.5189514160156,289.86263865344927,284.5948181152344
BR.SP,298.6166076660156,294.0581782879216,288.5414123535156
BR.SE,299.399169921875,298.008778163365,297.1817321777344
BR.TO,304.074951171875,300.1818206221969,296.811279296875
