HASC_1,Max,Mean,Min
BR.AC,301.0126037597656,298.6690185546875,296.82672119140625
BR.AL,299.4943542480469,297.3045654296875,295.2108459472656
BR.AP,300.3856506347656,298.436511540817,296.81988525390625
BR.AM,302.3856506347656,298.0029549807746,294.5419006347656
BR.BA,303.02301025390625,297.9342996819975,293.89703369140625
BR.CE,302.4989318847656,300.45346174568965,297.59722900390625
BR.DF,293.57574462890625,292.39687093098956,291.5353698730469
BR.ES,297.3680725097656,294.1474222036508,290.2586975097656
BR.GO,302.4826354980469,295.3467147350311,290.9452209472656
BR.MA,304.64019775390625,301.3769428690926,298.5360412597656
BR.MT,304.2424011230469,298.45503984693806,292.7961120605469
BR.MS,297.9764709472656,292.64150717092116,287.12847900390625
BR.MG,298.7167053222656,293.23295019168665,287.1379089355469
BR.PA,303.81597900390625,299.00391166826455,296.1219787597656
BR.PB,302.8205261230469,299.49839305877686,296.5155334472656
BR.PR,290.0627136230469,286.51042214418067,282.8332214355469
BR.PE,302.2958068847656,298.6045196533203,295.2108459472656
BR.PI,304.3088073730469,301.94629677220394,298.8156433105469
BR.RJ,294.9266662597656,291.95231571903935,287.56109619140625
BR.RN,302.99371337890625,301.045706913389,298.3810729980469
BR.RS,286.7980651855469,281.3853411379114,278.9061584472656
BR.RO,301.1838073730469,299.0039140489366,297.28277587890625
BR.RR,299.20269775390625,296.8905025867934,293.29840087890625
BR.SC,299.4930725097656,284.60188840470227,279.29449462890625
BR.SP,294.83551025390625,290.14696298731434,285.88726806640625
BR.SE,298.9989318847656,297.1329912458147,295.6994323730469
BR.TO,304.64019775390625,301.12779744466144,297.67047119140625
