HASC_1,Max,Mean,Min
AU.AS,0.0,0.0,0.0
AU.AC,3872321844543488.0,1675132450548394.8,0.0
AU.CR,890918890635264.0,3241516798137.246,0.0
AU.JB,0,0,0
AU.NS,1.1821282228174848e+16,439440647195117.44,0.0
AU.NT,3646330597539840.0,575978797362370.1,0.0
AU.QL,5348360101822464.0,262626487688669.88,0.0
AU.SA,4115477928345600.0,340898297849408.94,0.0
AU.TS,9118428170289152.0,61294726894894.43,0.0
AU.VI,1.1821282228174848e+16,965944561881757.4,0.0
AU.WA,2766817932083200.0,323237233021279.44,0.0
