HASC_1,Max,Mean,Min
HT.CE,0.875921905040741,0.2754850775032999,0.0
HT.GR,1.063353180885315,0.1112792401441506,0.0
HT.AR,0.5623897910118103,0.06666626872960478,0.0
HT.NI,0.6422671675682068,0.04719416899089184,0.0
HT.ND,0.9176517128944397,0.14731826305069262,0.0
HT.NE,0.42763563990592957,0.16559131983667613,0.0
HT.NO,0.672990620136261,0.0263725440742241,0.0
HT.OU,0.95633864402771,0.13525643401140663,0.0
HT.SD,0.8228880763053894,0.006570151946945842,0.0
HT.SE,0.5865329504013062,0.08640342813118228,0.0
