HASC_1,Max,Mean,Min
HT.CE,0.5275917649269104,0.09160656364826811,0.0
HT.GR,0.5839019417762756,0.02962987951191497,0.0
HT.AR,1.6070576906204224,0.3121748689562082,0.0
HT.NI,0.05068305507302284,0.0036706329931298063,0.0
HT.ND,1.6070576906204224,0.3850082852212446,0.0
HT.NE,1.0867990255355835,0.5719065657258033,0.0
HT.NO,1.6070576906204224,0.450534141725964,0.0
HT.OU,0.24010534584522247,0.021407921195050757,0.0
HT.SD,0.07647815346717834,0.0009345995840940068,0.0
HT.SE,0.14859510958194733,0.006895152459453259,0.0
