HASC_1,Max,Mean,Min
HT.CE,0.7057457566261292,0.2570466332965427,0.0
HT.GR,1.3751344680786133,0.11851623046788431,0.0
HT.AR,0.9091070294380188,0.1711023177113384,0.0
HT.NI,0.6247221827507019,0.08287663649146755,0.0
HT.ND,0.84629225730896,0.2201797249726951,0.0
HT.NE,0.5355939865112305,0.24585918515920638,0.0
HT.NO,0.9091070294380188,0.13639397375356768,0.0
HT.OU,0.6888272166252136,0.06077561129859532,0.0
HT.SD,0.521608293056488,0.01240227728902193,0.0
HT.SE,0.4911341369152069,0.02182083842022361,0.0
