HASC_1,Max,Mean,Min
HT.CE,0.0,0.0,0.0
HT.GR,0.09737498313188553,0.00833987678994336,0.0
HT.AR,0.012190662324428558,0.0002187977648281958,0.0
HT.NI,0.043333325535058975,0.001604999708231642,0.0
HT.ND,0.0,0.0,0.0
HT.NE,0.0,0.0,0.0
HT.NO,0.0497249960899353,0.004015756510489155,0.0
HT.OU,0.1818833202123642,0.007885876582483487,0.0
HT.SD,0.006221337243914604,4.209937271132896e-05,0.0
HT.SE,0.0,0.0,0.0
