HASC_1,Max,Mean,Min
HT.CE,1.3017264604568481,0.6085616678945602,0.0
HT.GR,1.183333396911621,0.2765123928113589,0.0
HT.AR,1.2536225318908691,0.3545958160609007,0.0
HT.NI,2.2324397563934326,0.4315687676270803,0.0
HT.ND,0.6778743863105774,0.1497504947640534,0.0
HT.NE,1.045473575592041,0.2717078335210681,0.0
HT.NO,0.24844606220722198,0.03390481677633943,0.0
HT.OU,1.9287358522415161,0.37865382279543314,0.0
HT.SD,3.094586133956909,0.16895678576517414,0.0
HT.SE,2.9090566635131836,0.2585656298257943,0.0
