HASC_1,Max,Mean,Min
HT.CE,0.007093177642673254,0.00011259012131227387,0.0
HT.GR,0.36216941475868225,0.060588820959397015,0.0
HT.AR,0.02711615152657032,0.0010003578255418687,0.0
HT.NI,0.10499999672174454,0.017528020311146975,0.0
HT.ND,0.0,0.0,0.0
HT.NE,0.0,0.0,0.0
HT.NO,0.02711615152657032,0.0021627857566474834,0.0
HT.OU,0.09060098975896835,0.002966972323894665,0.0
HT.SD,0.37337765097618103,0.011477414571510797,0.0
HT.SE,0.09060098975896835,0.008319000084884464,0.0
