HASC_1,Max,Mean,Min
HT.CE,0.0,0.0,0.0
HT.GR,0.010833333246409893,0.00017526454873390438,0.0
HT.AR,0.0,0.0,0.0
HT.NI,0.010833333246409893,0.00024355058348090905,0.0
HT.ND,0.0,0.0,0.0
HT.NE,0.0,0.0,0.0
HT.NO,0.0,0.0,0.0
HT.OU,0.002291666576638818,3.1136197428756586e-05,0.0
HT.SD,0.0006249999860301614,3.0340510326008277e-06,0.0
HT.SE,0.0014792681904509664,3.423985815191242e-05,0.0
