HASC_1,Max,Mean,Min
HT.CE,1.3057457208633423,0.28884673083112355,0.0
HT.GR,1.317484736442566,0.20963661615101117,0.0
HT.AR,1.4405807256698608,0.24518347501754761,0.0
HT.NI,1.4562629461288452,0.40831149948967826,0.0
HT.ND,0.3822748363018036,0.10130923454250608,0.0
HT.NE,0.36961522698402405,0.19670402765274048,0.0
HT.NO,1.1117985248565674,0.25323725798063806,0.0
HT.OU,1.8825253248214722,0.5396103287006125,0.0
HT.SD,1.1017411947250366,0.07417217221159439,0.0
HT.SE,2.151094675064087,0.6875194694314685,0.0
