HASC_1,Max,Mean,Min
HT.CE,0.7910627722740173,0.0710431387156455,0.0
HT.GR,0.3916435241699219,0.046739079834272466,0.0
HT.AR,0.7910627722740173,0.0672283690443146,0.0
HT.NI,0.3916435241699219,0.020629644145568213,0.0
HT.ND,0.4535132944583893,0.04513089811890885,0.0
HT.NE,0.31605878472328186,0.07254622925072908,0.0
HT.NO,0.4535132944583893,0.03661632338949453,0.0
HT.OU,0.7910627722740173,0.061351836310624255,0.0
HT.SD,0.13086684048175812,0.005022406981265408,0.0
HT.SE,0.25831153988838196,0.021191736039223284,0.0
