HASC_1,Max,Mean,Min
HT.CE,0.07710003852844238,0.010239060262450486,0.0
HT.GR,0.04716746136546135,0.005694618207815525,0.0
HT.AR,0.21877740323543549,0.02175021390488837,0.0
HT.NI,0.05015772208571434,0.006816844567139116,0.0
HT.ND,0.10599934309720993,0.02287870273201926,0.0
HT.NE,0.11245831847190857,0.03114855811232701,0.0
HT.NO,0.04833333194255829,0.005403461367435133,0.0
HT.OU,0.10080093145370483,0.012309024200529914,0.0
HT.SD,0.08263572305440903,0.002655597093803113,0.0
HT.SE,0.059118255972862244,0.006369766906053493,0.0
