HASC_1,Max,Mean,Min
HT.CE,0.016836747527122498,0.00200191567134988,0.0
HT.GR,0.028030624613165855,0.0012933117543561532,0.0
HT.AR,0.004920260980725288,0.00011392251413781195,0.0
HT.NI,0.0014269467210397124,8.491795993500596e-05,0.0
HT.ND,0.020230857655405998,0.0013743504241574556,0.0
HT.NE,0.00045627381769008934,1.8250952707603573e-05,0.0
HT.NO,0.0020124937873333693,3.6574821246580945e-05,0.0
HT.OU,0.005019578617066145,0.000329369743105738,0.0
HT.SD,0.02933473140001297,0.0004149508753494933,0.0
HT.SE,0.0025652546901255846,0.00025025162425923296,0.0
