HASC_1,Max,Mean,Min
HT.CE,0.0,0.0,0.0
HT.GR,0.037291187793016434,0.0037855246579662585,0.0
HT.AR,0.0029178939294070005,5.533584742806852e-05,0.0
HT.NI,0.007012116257101297,0.00045274848913929113,0.0
HT.ND,0.021041667088866234,0.0003794642930837914,0.0
HT.NE,0.0,0.0,0.0
HT.NO,0.21020834147930145,0.010194121825689864,0.0
HT.OU,0.44187498092651367,0.010596877088092323,0.0
HT.SD,0.036944594234228134,0.0008719011051912925,0.0
HT.SE,0.0689583346247673,0.0022208586597116664,0.0
