HASC_1,Max,Mean,Min
HT.CE,0.570320725440979,0.11031161915831497,0.0
HT.GR,0.33224064111709595,0.029563537518062354,0.0
HT.AR,1.100261926651001,0.16784836124927097,0.0
HT.NI,0.26219242811203003,0.006473861575755614,0.0
HT.ND,0.9764420390129089,0.1696382816215711,0.0
HT.NE,0.570320725440979,0.23429018378257752,0.0
HT.NO,1.100261926651001,0.11516024863554372,0.0
HT.OU,1.0148990154266357,0.06134969131397504,0.0
HT.SD,0.2611265778541565,0.001642231127665251,0.0
HT.SE,0.3232468366622925,0.017271337492482938,0.0
