HASC_1,Max,Mean,Min
HT.CE,1.9661086797714233,0.8147508151947506,0.0
HT.GR,3.448606491088867,0.4429118548120771,0.0
HT.AR,3.2454707622528076,0.7844790714979172,0.0
HT.NI,2.515552043914795,0.26686658329433866,0.0
HT.ND,1.392952561378479,0.4894029551318714,0.0
HT.NE,1.6902579069137573,1.1461605882644654,0.0
HT.NO,1.960656762123108,0.2936298436588711,0.0
HT.OU,2.7650766372680664,0.4606926316696712,0.0
HT.SD,1.1751195192337036,0.03477662805541171,0.0
HT.SE,0.7967864871025085,0.16514349079079693,0.0
