HASC_1,Max,Mean,Min
HT.CE,1.0198272466659546,0.15533477051316627,0.0
HT.GR,0.22238974273204803,0.021165130482543083,0.0
HT.AR,0.4705371558666229,0.04340820587938651,0.0
HT.NI,0.8331062197685242,0.1074435992864892,0.0
HT.ND,1.0198272466659546,0.06959290935213046,0.0
HT.NE,0.5570595860481262,0.22861963784322142,0.0
HT.NO,0.10448411852121353,0.00663938589924429,0.0
HT.OU,1.027758002281189,0.12013045949382051,0.0
HT.SD,0.5925522446632385,0.008407034568394861,0.0
HT.SE,0.3728248178958893,0.05722792410524562,0.0
