HASC_1,Max,Mean,Min
HT.CE,0.2786860167980194,0.05364771953244354,0.0
HT.GR,0.4052814543247223,0.08574070071890241,0.0
HT.AR,0.35184165835380554,0.05216546291136183,0.0
HT.NI,0.47161516547203064,0.04499337126293944,0.0
HT.ND,0.6950681805610657,0.14833998237736523,0.0
HT.NE,0.8378462791442871,0.42829153954982757,0.0
HT.NO,0.1914159059524536,0.02720096109745403,0.0
HT.OU,0.6229161620140076,0.04471141243394574,0.0
HT.SD,0.47161516547203064,0.017179615209756006,0.0
HT.SE,0.6229161620140076,0.08818122972069042,0.0
