HASC_1,Max,Mean,Min
HT.CE,0.0,0.0,0.0
HT.GR,0.01708333194255829,0.0011276454514166014,0.0
HT.AR,0.0004166666476521641,4.166666476521641e-06,0.0
HT.NI,0.0,0.0,0.0
HT.ND,0.0,0.0,0.0
HT.NE,0.0,0.0,0.0
HT.NO,0.0006249999860301614,3.420990526339867e-05,0.0
HT.OU,0.006599219515919685,0.00024180415622301071,0.0
HT.SD,0.02291666716337204,0.0001893939354756315,0.0
HT.SE,0.0,0.0,0.0
