HASC_1,Max,Mean,Min
HT.CE,0.0,0.0,0.0
HT.GR,0.0062500000931322575,0.0007294215435635239,0.0
HT.AR,0.0014583333395421505,4.999999873689376e-05,0.0
HT.NI,0.003541666781529784,0.0002643976489909821,0.0
HT.ND,0.0,0.0,0.0
HT.NE,0.0,0.0,0.0
HT.NO,0.004791666753590107,0.00038943915294819615,0.0
HT.OU,0.004624706692993641,0.00018318107664954905,0.0
HT.SD,0.025960450991988182,0.0006917320370829858,0.0
HT.SE,0.004105910658836365,0.0003479881307742159,0.0
