HASC_1,Max,Mean,Min
HT.CE,0.19400757551193237,0.03485680860652041,0.0
HT.GR,0.016458332538604736,0.001979306838389704,0.0
HT.AR,0.5029318332672119,0.05304982909117825,0.0
HT.NI,0.006132204085588455,0.0002504996073386994,0.0
HT.ND,0.6374454498291016,0.11001951664054234,0.0
HT.NE,0.10089658945798874,0.027025913533288985,0.0
HT.NO,0.6374454498291016,0.0539428012083388,0.0
HT.OU,0.09961530566215515,0.007676880103110093,0.0
HT.SD,0.022696802392601967,0.0005191769477833431,0.0
HT.SE,0.006132204085588455,0.0007102373496828867,0.0
