HASC_1,Max,Mean,Min
HT.CE,0.6892593502998352,0.24352300054733717,0.0
HT.GR,3.7069473266601562,1.0050427554145691,0.0
HT.AR,1.3167895078659058,0.4963845121860504,0.0
HT.NI,2.3216402530670166,0.699823663632075,0.0
HT.ND,0.5981977581977844,0.21460399670260294,0.0
HT.NE,0.4005454480648041,0.2299952882528305,0.0
HT.NO,0.8104512691497803,0.12494884664192796,0.0
HT.OU,1.758463740348816,0.4081601408885463,0.0
HT.SD,2.38131046295166,0.16541393200395169,0.0
HT.SE,0.7228383421897888,0.13466571358564708,0.0
