HASC_1,Max,Mean,Min
HT.CE,0.4343278110027313,0.08447997949579508,0.0
HT.GR,0.6916983127593994,0.0866863100848619,0.0
HT.AR,0.4343278110027313,0.1123595274426043,0.0
HT.NI,0.4128083884716034,0.05977083219428702,0.0
HT.ND,0.4343278110027313,0.04883556116172778,0.0
HT.NE,0.15680189430713654,0.052657380289165306,0.0
HT.NO,0.08473679423332214,0.006109577211706589,0.0
HT.OU,0.7871699929237366,0.08181626265944514,0.0
HT.SD,0.02424357272684574,0.0003024074160618641,0.0
HT.SE,0.058007851243019104,0.0028494938412352766,0.0
