HASC_1,Max,Mean,Min
HT.CE,0.0,0.0,0.0
HT.GR,0.008750000037252903,0.0005177312497315663,0.0
HT.AR,0.0,0.0,0.0
HT.NI,0.0010146803688257933,2.2548452640573184e-05,0.0
HT.ND,0.0,0.0,0.0
HT.NE,0.0,0.0,0.0
HT.NO,0.012350357137620449,0.0005452881926127399,0.0
HT.OU,0.004444900434464216,0.00013386718509376377,0.0
HT.SD,0.008750000037252903,0.00022193262093305865,0.0
HT.SE,0.0016666665906086564,7.106779750236975e-05,0.0
