HASC_1,Max,Mean,Min
HT.CE,2.3701624870300293,0.5433194283691664,0.0
HT.GR,1.3298354148864746,0.19765050267146544,0.0
HT.AR,0.9890632629394531,0.20115677295601928,0.0
HT.NI,0.8576641082763672,0.07077237697085366,0.0
HT.ND,0.6937499642372131,0.14845566646960964,0.0
HT.NE,1.0351158380508423,0.29209679752588275,0.0
HT.NO,0.19662630558013916,0.017699666415056627,0.0
HT.OU,0.9176577925682068,0.1493250062750817,0.0
HT.SD,1.3298354148864746,0.04296740029682254,0.0
HT.SE,0.426004558801651,0.04819815846525931,0.0
