HASC_1,Max,Mean,Min
HT.CE,0.0592317096889019,0.002608078424744899,0.0
HT.GR,0.13718010485172272,0.010203272932105593,0.0
HT.AR,0.019359808415174484,0.001235743545985315,0.0
HT.NI,0.013659421354532242,0.0024683703914181224,0.0
HT.ND,0.012978795915842056,0.0004933507506003869,0.0
HT.NE,0.00208333320915699,0.00017335870303213595,0.0
HT.NO,0.026465773582458496,0.0026802355281284286,0.0
HT.OU,0.0705263540148735,0.005317662885906483,0.0
HT.SD,0.03249913826584816,0.001309491595889853,0.0
HT.SE,0.03029799461364746,0.003926154583626028,0.0
