HASC_1,Max,Mean,Min
HT.CE,2.038238763809204,1.0268725677142068,0.0
HT.GR,0.6574097275733948,0.05951630917658645,0.0
HT.AR,1.864416480064392,0.28516561072487095,0.0
HT.NI,0.6266745924949646,0.06180741729007827,0.0
HT.ND,1.3340253829956055,0.27655930352193536,0.0
HT.NE,1.7550891637802124,0.6527387315034866,0.0
HT.NO,0.675942599773407,0.03505571712998466,0.0
HT.OU,1.864416480064392,0.4339540811693844,0.0
HT.SD,1.3703861236572266,0.010101674137071573,0.0
HT.SE,0.7000396847724915,0.1840037082454988,0.0
