HASC_1,Max,Mean,Min
IT.AB,0.0,0.0,0.0
IT.SD,4276907495391232.0,394591711697075.6,0.0
IT.PU,2124803670540288.0,645852662071296.0,0.0
IT.LB,2152547011788800.0,862062594580762.5,0.0
IT.CM,0.0,0.0,0.0
IT.ER,1.384758122643456e+16,3698439424093369.0,0.0
IT.FV,7563597395787776.0,3083016273960330.0,0.0
IT.LZ,0.0,0.0,0.0
IT.LG,0.0,0.0,0.0
IT.LM,1.4141795076145152e+16,1332638178689345.2,0.0
IT.MH,7144354900606976.0,1832527603866579.5,0.0
IT.ML,0.0,0.0,0.0
IT.PM,0.0,0.0,0.0
IT.SC,0.0,0.0,0.0
IT.TT,2048027237810176.0,34807478337238.11,0.0
IT.TC,9105736541929472.0,1431346221729329.5,0.0
IT.BC,0.0,0.0,0.0
IT.UM,7144354900606976.0,840259506628969.4,0.0
IT.VB,0.0,0.0,0.0
IT.VN,1.4141795076145152e+16,4638145172960115.0,0.0
