HASC_1,Max,Mean,Min
IT.AB,5379357954539520.0,1110386996674560.0,0.0
IT.SD,0.0,0.0,0.0
IT.PU,0.0,0.0,0.0
IT.LB,1038397598597120.0,91491944191317.33,0.0
IT.CM,4462415722840064.0,430080777693866.7,0.0
IT.ER,1.4687675755790336e+16,2990725321594640.0,0.0
IT.FV,1.5286082811723776e+16,4866683332198400.0,0.0
IT.LZ,5379357954539520.0,1141020203242837.2,0.0
IT.LG,6831769865158656.0,1954784300324181.2,0.0
IT.LM,1.3881029357993984e+16,2244998914118577.2,0.0
IT.MH,5639944894676992.0,1688645268506136.5,0.0
IT.ML,2002918404259840.0,405584154314524.44,0.0
IT.PM,8000215718035456.0,1479002593262602.5,0.0
IT.SC,3488330830315520.0,767608178050951.5,0.0
IT.TT,3165497734463488.0,253144594512124.5,0.0
IT.TC,6831769865158656.0,1276470561893322.0,0.0
IT.BC,4521076386168832.0,1035602170843314.1,0.0
IT.UM,4328888410832896.0,1020006583347129.4,0.0
IT.VB,359131240202240.0,155149850553002.66,0.0
IT.VN,2.4835300496769024e+16,5746027619097371.0,0.0
