HASC_1,Max,Mean,Min
IT.AB,0.0,0.0,0.0
IT.SD,0.0,0.0,0.0
IT.PU,0.0,0.0,0.0
IT.LB,0.0,0.0,0.0
IT.CM,0.0,0.0,0.0
IT.ER,1.088526175174656e+16,2154440963741013.2,0.0
IT.FV,0.0,0.0,0.0
IT.LZ,7129520620437504.0,926764090498681.9,0.0
IT.LG,6366824086110208.0,1631783256469131.8,0.0
IT.LM,1.088526175174656e+16,2268967763859019.0,0.0
IT.MH,3182924295831552.0,323834529641094.75,0.0
IT.ML,0.0,0.0,0.0
IT.PM,1.892974408708915e+16,2763386163087310.0,0.0
IT.SC,5524390947061760.0,644958195399991.6,0.0
IT.TT,3132729818349568.0,180728904095829.66,0.0
IT.TC,5140497106468864.0,949457606216481.4,0.0
IT.BC,392750734245888.0,99675864144281.6,0.0
IT.UM,3200222813487104.0,1104553222315239.2,0.0
IT.VB,0.0,0.0,0.0
IT.VN,1.088526175174656e+16,1620220185512408.5,0.0
