HASC_1,Max,Mean,Min
IT.AB,4745960336916480.0,1428812200840099.0,0.0
IT.SD,0.0,0.0,0.0
IT.PU,0.0,0.0,0.0
IT.LB,1146155777916928.0,139513635908971.36,0.0
IT.CM,7114892498698240.0,1375621391157720.5,0.0
IT.ER,6258911959056384.0,1350338370985268.2,0.0
IT.FV,4623303587135488.0,1530524413722624.0,0.0
IT.LZ,6686031961128960.0,1215835203901478.8,0.0
IT.LG,5867805257760768.0,1018944800475086.0,0.0
IT.LM,1.83337658351616e+16,2965020676727871.5,0.0
IT.MH,3864073091416064.0,970235662303232.0,0.0
IT.ML,4745960336916480.0,1971786798414611.8,0.0
IT.PM,1.2416354242002944e+16,2055574464233472.0,0.0
IT.SC,2819501343113216.0,747646002850538.9,0.0
IT.TT,2998039643947008.0,307414521314097.8,0.0
IT.TC,3875745470349312.0,503291942977900.06,0.0
IT.BC,7798948181835776.0,874769986414393.8,0.0
IT.UM,2896112822255616.0,917571434083879.4,0.0
IT.VB,946306319122432.0,199720230610534.4,0.0
IT.VN,9134108022145024.0,1942399298121005.2,0.0
