HASC_1,Max,Mean,Min
IT.AB,3800002111471616.0,2163932813503146.8,0.0
IT.SD,3033148048801792.0,501850846972961.44,0.0
IT.PU,1812911601221632.0,747039788292973.8,0.0
IT.LB,1423031247306752.0,449945663540323.1,0.0
IT.CM,4221857288945664.0,1280609214931982.5,0.0
IT.ER,6721490674253824.0,2306895557223310.0,0.0
IT.FV,8061749714485248.0,3370867284635999.0,0.0
IT.LZ,4801837861437440.0,1597770463153721.0,0.0
IT.LG,3487984817012736.0,1128268628126505.8,0.0
IT.LM,7753304490639360.0,2557211407656889.5,0.0
IT.MH,4341271338418176.0,2086325475169621.2,0.0
IT.ML,3793128016314368.0,2207754705960960.0,0.0
IT.PM,6983919618490368.0,1754544482435370.0,0.0
IT.SC,2566541728022528.0,1470515745567386.8,0.0
IT.TT,2073629135208448.0,248156518127151.78,0.0
IT.TC,6124977162027008.0,1780752596524846.0,0.0
IT.BC,1.0813462783459328e+16,1762078669447818.2,0.0
IT.UM,3934341172297728.0,2042417646216338.2,0.0
IT.VB,1719757250232320.0,758558093982651.8,0.0
IT.VN,1.1422094009040896e+16,4116890499773533.0,0.0
