HASC_1,Max,Mean,Min
IT.AB,0.0,0.0,0.0
IT.SD,0.0,0.0,0.0
IT.PU,4024207188951040.0,335350599079253.3,0.0
IT.LB,3947873540505600.0,735256890429812.4,0.0
IT.CM,0.0,0.0,0.0
IT.ER,8117491410665472.0,1449601852185713.8,0.0
IT.FV,8313854094213120.0,2819017034100463.0,0.0
IT.LZ,0.0,0.0,0.0
IT.LG,2161088762216448.0,381128667076532.1,0.0
IT.LM,1.0844644246028288e+16,1745572760006283.8,0.0
IT.MH,4056329517793280.0,501642434607591.6,0.0
IT.ML,0.0,0.0,0.0
IT.PM,5272782636056576.0,457301402200451.44,0.0
IT.SC,0.0,0.0,0.0
IT.TT,4141363696238592.0,379069552744403.1,0.0
IT.TC,7730725847564288.0,1206518736709418.0,0.0
IT.BC,6103917863632896.0,641449574142084.1,0.0
IT.UM,2583728576528384.0,161483036033024.0,0.0
IT.VB,480331358535680.0,111085892927488.0,0.0
IT.VN,1.0844643172286464e+16,2588563120815288.0,0.0
