HASC_1,Max,Mean,Min
HU.BK,9124319791677440.0,3195979718147316.0,0.0
HU.BA,4484760021762048.0,2048041537590613.2,0.0
HU.BE,7586259790725120.0,1046792197588433.5,0.0
HU.BZ,5818945709801472.0,1297060698426275.0,0.0
HU.BU,9029888493223936.0,7517672742147413.0,5770837244248064.0
HU.CS,8273685949448192.0,3504195686396359.0,0.0
HU.FE,6933746347409408.0,4267012172598477.0,0.0
HU.GS,8461187578593280.0,4427727611213531.5,0.0
HU.HB,1906143395840000.0,211793710648888.88,0.0
HU.HE,1.1860275162513408e+16,3350764370001920.0,0.0
HU.JN,1.1860275162513408e+16,4360146681733666.0,0.0
HU.KE,7460498853330944.0,5336405865660416.0,0.0
HU.NO,1.1299164528836608e+16,3794653613304490.5,0.0
HU.PE,1.1860275162513408e+16,4461426538184704.0,0.0
HU.SO,5243421165879296.0,2797076365914931.0,0.0
HU.SZ,0.0,0.0,0.0
HU.TO,5397742562050048.0,2638477095075840.0,0.0
HU.VA,6551712227655680.0,3543346430956885.5,0.0
HU.VE,6177003174625280.0,4483428635587379.0,2515872388218880.0
HU.ZA,6077777082056704.0,3737335881111961.5,0.0
