HASC_1,Max,Mean,Min
HU.BK,7944838020333568.0,3939494295789958.0,0.0
HU.BA,9178007956619264.0,4103211915586218.5,0.0
HU.BE,4319464984150016.0,1665972153247334.5,0.0
HU.BZ,1.1005775312846848e+16,2410799844628294.0,0.0
HU.BU,1.3095035310440448e+16,9880966775089834.0,6812174613741568.0
HU.CS,7157292415844352.0,3300167624482460.0,0.0
HU.FE,1.159484403613696e+16,4936575978412442.0,0.0
HU.GS,1.2007208141193216e+16,5510241905915611.0,0.0
HU.HB,9420151770316800.0,2483828690316367.0,0.0
HU.HE,1.5038184815591424e+16,6042455905498205.0,0.0
HU.JN,1.4216108747784192e+16,4298203155997842.5,0.0
HU.KE,1.6016425894281216e+16,9153523672346350.0,0.0
HU.NO,1.912709783434035e+16,7098985428430476.0,0.0
HU.PE,1.912709783434035e+16,5442055260777131.0,0.0
HU.SO,9178007956619264.0,4463482753777664.0,0.0
HU.SZ,0.0,0.0,0.0
HU.TO,6145890431533056.0,3279128151894698.5,0.0
HU.VA,1.2527460750983168e+16,4361578726730410.5,0.0
HU.VE,7223337738567680.0,5586980628577212.0,4353138064621568.0
HU.ZA,8497932097552384.0,4357597797600461.0,0.0
