HASC_1,Max,Mean,Min
CA.AB,4.636646547285606e+16,5218682455063325.0,0.0
CA.BC,8174568841674752.0,1134018429541230.8,0.0
CA.MB,3466800159260672.0,1195613100574597.0,0.0
CA.NB,4112593320935424.0,1436077939514647.2,0.0
CA.NF,3785446198870016.0,398500998071346.7,0.0
CA.NT,4465350527680512.0,643232044660814.6,0.0
CA.NS,3612089507643392.0,959949047257965.8,0.0
CA.NU,1942031605694464.0,349771233678438.44,0.0
CA.ON,4.201878174826496e+16,1087182752466396.1,0.0
CA.PE,2783248329474048.0,1019491050880031.0,0.0
CA.QC,8948466113839104.0,1047395854733843.2,0.0
CA.SK,1.2887302774718464e+16,1806359133735175.8,0.0
CA.YT,2500492110331904.0,813363276272253.1,0.0
