HASC_1,Max,Mean,Min
CA.AB,5.19357066159063e+16,3565184249990114.0,0.0
CA.BC,1.161170715148288e+16,1140876324606541.5,0.0
CA.MB,4122336991117312.0,1579058084406025.2,0.0
CA.NB,0.0,0.0,0.0
CA.NF,4906502993215488.0,762151217000315.9,0.0
CA.NT,5152404903297024.0,934066232893933.2,0.0
CA.NS,5210376224374784.0,405744410755282.75,0.0
CA.NU,2975889960730624.0,670360113119514.0,0.0
CA.ON,2.869136937975808e+16,1564270261583301.8,0.0
CA.PE,0.0,0.0,0.0
CA.QC,2.868090898690867e+16,1603765524937032.2,0.0
CA.SK,1.773465547833344e+16,2949547256226309.5,0.0
CA.YT,5104182621110272.0,1186725240633810.8,0.0
