HASC_1,Max,Mean,Min
CA.AB,1.0445523672629248e+16,2967639506261644.0,0.0
CA.BC,1.1006462507614208e+16,1338739150623166.0,0.0
CA.MB,6642126657945600.0,1852796710112400.0,0.0
CA.NB,5546556736405504.0,1941207448217786.2,0.0
CA.NF,4271005405020160.0,712646384372184.2,0.0
CA.NT,4337115420688384.0,823107711842790.5,0.0
CA.NS,5310268573745152.0,1085318090358010.0,0.0
CA.NU,2674744033804288.0,602856930641560.8,0.0
CA.ON,6559201576878080.0,944705900615946.6,0.0
CA.PE,4893493537275904.0,1409151102128056.2,0.0
CA.QC,6536817281073152.0,1414123135968430.2,0.0
CA.SK,8444167696941056.0,3231494566371024.0,0.0
CA.YT,2923163600027648.0,943392462271272.8,0.0
