HASC_1,Max,Mean,Min
CA.AB,1.571959104077824e+16,3107150203151308.0,0.0
CA.BC,6221544669839360.0,1140447344119950.8,0.0
CA.MB,3837261489635328.0,1525913369507344.0,0.0
CA.NB,6614619003027456.0,2327603948790504.5,0.0
CA.NF,4186620840378368.0,855859173634139.0,0.0
CA.NT,4396766342414336.0,849936968473789.0,0.0
CA.NS,5164273508548608.0,1513357947137462.8,0.0
CA.NU,2917289695379456.0,606080991611183.5,0.0
CA.ON,1.3606866563104768e+16,1525666734294145.0,0.0
CA.PE,5986788199890944.0,1658914170041437.0,0.0
CA.QC,5680161894694912.0,1216521933641133.5,0.0
CA.SK,8321867966316544.0,3209868066838450.0,0.0
CA.YT,2826628304470016.0,1006994870391358.8,0.0
