HASC_1,Max,Mean,Min
CA.AB,2.205194908807987e+16,2856919119839780.5,0.0
CA.BC,6578117149720576.0,1024173179607863.9,0.0
CA.MB,3002579155943424.0,1345718151716187.2,0.0
CA.NB,4883104011386880.0,2095628269602257.5,0.0
CA.NF,3845825922859008.0,565410359999330.6,0.0
CA.NT,5032219370323968.0,677112359218804.5,0.0
CA.NS,6134576950804480.0,1643847657420270.8,0.0
CA.NU,1882207140446208.0,454264898542362.56,0.0
CA.ON,1.5156959988678656e+16,722202306050213.8,0.0
CA.PE,4020006979371008.0,1530170813051004.0,0.0
CA.QC,8044755065765888.0,1337014987237144.2,0.0
CA.SK,2976823847682048.0,1922029538022749.5,0.0
CA.YT,3129158821478400.0,776863763232548.2,0.0
