HASC_1,Max,Mean,Min
CA.AB,7.80118618191954e+16,7552934593408007.0,0.0
CA.BC,1.032168151187456e+16,1016066735434620.2,0.0
CA.MB,3561813157347328.0,1226914021752231.5,0.0
CA.NB,4974476219383808.0,1538145681813131.8,0.0
CA.NF,4890511219359744.0,492284168514200.6,0.0
CA.NT,6008401012195328.0,429062690503311.06,0.0
CA.NS,4122503957970944.0,1097978957791232.0,0.0
CA.NU,2831607513743360.0,115562344443402.03,0.0
CA.ON,4.398328690455347e+16,2015106643504827.0,0.0
CA.PE,4743791378432000.0,1567431675744132.0,0.0
CA.QC,1.4991142038798336e+16,1072761796439982.4,0.0
CA.SK,2.112993772122931e+16,3091456560521328.0,0.0
CA.YT,2624282463043584.0,546801534736935.4,0.0
