HASC_1,Max,Mean,Min
CA.AB,1.5555186135138304e+16,1906528335813420.8,0.0
CA.BC,3836513896890368.0,504880557906722.3,0.0
CA.MB,1.0229158252642304e+16,994897760959429.4,0.0
CA.NB,6920926406901760.0,1759192662290059.8,0.0
CA.NF,4758766318780416.0,602672050017544.1,0.0
CA.NT,4991241624223744.0,121569210676517.95,0.0
CA.NS,4751581912236032.0,1222793914932077.8,0.0
CA.NU,2333016839946240.0,48017873062602.76,0.0
CA.ON,3.896649022491853e+16,1668792771841535.2,0.0
CA.PE,5883635970342912.0,1516881620929443.0,0.0
CA.QC,7064268256051200.0,791390201733010.5,0.0
CA.SK,1.5579654563823616e+16,2175875913288917.0,0.0
CA.YT,2677872380608512.0,278358378285386.3,0.0
