HASC_1,Max,Mean,Min
CA.AB,2.826064858447872e+16,2410324584870068.0,0.0
CA.BC,8121405736484864.0,658767844509027.8,0.0
CA.MB,4103463294205952.0,850437303708805.6,0.0
CA.NB,4019179392860160.0,1419035386124101.8,0.0
CA.NF,4793158269403136.0,325618199440530.1,0.0
CA.NT,4892900831789056.0,169383338141095.34,0.0
CA.NS,4183284992966656.0,982624048775168.0,0.0
CA.NU,2249287660470272.0,29475183923504.91,0.0
CA.ON,1.6037906099470336e+16,904826106443741.8,0.0
CA.PE,3865407752503296.0,1161911670216517.8,0.0
CA.QC,7071762973982720.0,678198216521912.9,0.0
CA.SK,2.867257675035443e+16,3334463346597235.0,0.0
CA.YT,1952582863945728.0,179464083214084.47,0.0
