HASC_1,Max,Mean,Min
CA.AB,1.7476979989151744e+16,2669909626285495.0,0.0
CA.BC,8552692930576384.0,1357919742667673.2,0.0
CA.MB,6963627508629504.0,1817019789055874.5,0.0
CA.NB,9651455086559232.0,2145622154294105.8,0.0
CA.NF,4145400965496832.0,702235604973786.9,0.0
CA.NT,3420588458639360.0,939893786547489.6,0.0
CA.NS,5635935005835264.0,608634753883897.2,0.0
CA.NU,2721648297902080.0,820191849627786.5,0.0
CA.ON,1.1845518728626176e+16,1205008543066613.8,0.0
CA.PE,0.0,0.0,0.0
CA.QC,2.569650156915917e+16,1614035640024709.5,0.0
CA.SK,9880501397487616.0,3082790635136344.0,0.0
CA.YT,2986200298160128.0,1041834798118733.9,0.0
