HASC_1,Max,Mean,Min
CA.AB,8416511865651200.0,3545165302348465.0,0.0
CA.BC,7607251443384320.0,1980620886722080.0,0.0
CA.MB,9750791237664768.0,2933099627846030.5,0.0
CA.NB,9756865395163136.0,2630185622580875.5,0.0
CA.NF,5392886564651008.0,950760147945089.0,0.0
CA.NT,8375942141444096.0,2143288915974532.5,0.0
CA.NS,6534026089201664.0,1332507270121887.8,0.0
CA.NU,8340134462226432.0,1954419614645434.8,0.0
CA.ON,8388193535655936.0,1190271473657976.2,0.0
CA.PE,5276636295462912.0,1800977150817579.2,0.0
CA.QC,1.7492080020422656e+16,2168099630855888.8,0.0
CA.SK,1.0818895917088768e+16,4316040831744156.5,0.0
CA.YT,1.070680586059776e+16,2144360626955223.0,0.0
