HASC_1,Max,Mean,Min
CA.AB,9431579604549632.0,3911870297749523.5,0.0
CA.BC,7582649870712832.0,1895322774981354.8,0.0
CA.MB,9253039961538560.0,2529571974895024.0,0.0
CA.NB,6916892358868992.0,1738039375928219.5,0.0
CA.NF,5875741820452864.0,1237901554170318.5,0.0
CA.NT,1.1139879224213504e+16,2175402857323461.5,0.0
CA.NS,6846697023995904.0,1472413216822059.0,0.0
CA.NU,1.063539129188352e+16,2000598436749872.0,0.0
CA.ON,6768099659350016.0,1955835140365073.2,0.0
CA.PE,7376660554842112.0,2367146382709108.5,0.0
CA.QC,1.1608895021645824e+16,2011508818617312.8,0.0
CA.SK,1.1562886258229248e+16,4657083594949263.0,0.0
CA.YT,5668071024885760.0,2101239191265212.5,0.0
