HASC_1,Max,Mean,Min
CA.AB,1.4688624943562752e+16,2827236349210009.0,0.0
CA.BC,5758212724752384.0,1128891004611306.8,0.0
CA.MB,5759436253560832.0,1529053493771881.8,0.0
CA.NB,4337628400844800.0,1127616788650305.8,0.0
CA.NF,4132543175589888.0,823032407510643.6,0.0
CA.NT,3742606316011520.0,1129904154651985.0,0.0
CA.NS,4205477088985088.0,965104035970108.2,0.0
CA.NU,3101135233613824.0,955429420079429.8,0.0
CA.ON,1.5975757922697216e+16,1881046162039218.8,0.0
CA.PE,3237829547130880.0,1131035190997612.5,0.0
CA.QC,6165915179679744.0,1327247891547099.5,0.0
CA.SK,5350967146971136.0,2929004372503751.5,0.0
CA.YT,3134488070586368.0,1155974047462476.0,0.0
