HASC_1,Max,Mean,Min
CA.AB,1.6897526623895552e+16,3631390277697571.0,0.0
CA.BC,5544873646096384.0,1639067010153406.8,0.0
CA.MB,1.6418193241276416e+16,1983564917658186.2,0.0
CA.NB,6719120389177344.0,1434941674182499.8,0.0
CA.NF,6966659218669568.0,1246162040727882.2,0.0
CA.NT,9877468076834816.0,2023623902597999.5,0.0
CA.NS,5590454523396096.0,1373657664777794.0,0.0
CA.NU,5421856655933440.0,1767792558205088.2,0.0
CA.ON,1.0258769904664576e+16,2000282126609963.2,0.0
CA.PE,5756416354680832.0,2057409207483919.5,0.0
CA.QC,3.5101086230511616e+16,1890239374008972.5,0.0
CA.SK,1.44514106785792e+16,4837832333903640.0,0.0
CA.YT,6203538019450880.0,2045773708351804.0,0.0
