HASC_1,Max,Mean,Min
CA.AB,7233008931176448.0,3448725697780897.0,0.0
CA.BC,7248616305459200.0,1704633087056896.8,0.0
CA.MB,1.4376641740406784e+16,2740328733517281.5,0.0
CA.NB,5817779626180608.0,676570093402377.2,0.0
CA.NF,6157650051989504.0,1175457027427427.0,0.0
CA.NT,7542596079452160.0,2131421155536134.5,0.0
CA.NS,6602920585854976.0,1214062015405487.0,0.0
CA.NU,6626934821748736.0,1916510989124629.2,0.0
CA.ON,8607046278578176.0,1821117254538720.2,0.0
CA.PE,6651762417074176.0,2042127388468441.2,0.0
CA.QC,9385041486413824.0,2017341054289870.0,0.0
CA.SK,1.2955469274415104e+16,4452446992438901.0,0.0
CA.YT,5946034865831936.0,2129487219718902.0,0.0
