HASC_1,Max,Mean,Min
UA.CK,5934230685089792.0,674226697705396.1,0.0
UA.CH,0.0,0.0,0.0
UA.CV,6039589454086144.0,1764799471044900.5,0.0
UA.KR,0.0,0.0,0.0
UA.DP,9430394193575936.0,192457024358692.56,0.0
UA.DT,1.8213618420023296e+16,4965764383682124.0,0.0
UA.IF,1.2748268240896e+16,3485722084796006.5,0.0
UA.KK,6907781122621440.0,1189487168321284.5,0.0
UA.KS,0.0,0.0,0.0
UA.KM,1.7504151026008064e+16,5115687965015804.0,0.0
UA.KV,4789082345439232.0,362454040125588.94,0.0
UA.KC,0.0,0.0,0.0
UA.KH,4397719556718592.0,251728553983344.62,0.0
UA.LV,2.335526765146931e+16,7934717993700314.0,0.0
UA.LH,1.826577865034957e+16,6345143068164441.0,0.0
UA.MY,5696674433335296.0,561388474787204.44,0.0
UA.OD,8282567941816320.0,1288404346191574.0,0.0
UA.PL,0.0,0.0,0.0
UA.RV,2.8362671237627904e+16,1.065747067672662e+16,0.0
UA.SC,0.0,0.0,0.0
UA.SM,1619950665990144.0,154293539980356.28,0.0
UA.TP,2.335526765146931e+16,8447891555221504.0,0.0
UA.ZK,2.481679133520691e+16,6908014299487015.0,0.0
UA.VI,5934230685089792.0,1406416641748046.8,0.0
UA.VO,3.063698741736243e+16,1.6886382871071012e+16,0.0
UA.ZP,0.0,0.0,0.0
UA.ZT,5432518375374848.0,1335248655148301.5,0.0
