HASC_1,Max,Mean,Min
UA.CK,4651017937354752.0,543991534120686.94,0.0
UA.CH,6485556309524480.0,735772000312173.8,0.0
UA.CV,0.0,0.0,0.0
UA.KR,3834388424949760.0,934530989691081.5,0.0
UA.DP,3.641958750329242e+16,9321070449825430.0,0.0
UA.DT,2.206861356118835e+16,6467805899616328.0,0.0
UA.IF,1.2673395149766656e+16,1553833911343437.5,0.0
UA.KK,3.5673038435385344e+16,1.1407883111573302e+16,0.0
UA.KS,1.0915332965269504e+16,3248328123974250.5,0.0
UA.KM,0.0,0.0,0.0
UA.KV,4297079077732352.0,499535326558995.7,0.0
UA.KC,1099754561863680.0,539027432975018.7,0.0
UA.KH,1.7255613079748608e+16,2423021974179710.5,0.0
UA.LV,1.7452901328748544e+16,3006256124518993.5,0.0
UA.LH,1.7766849479442432e+16,4638980470594631.0,0.0
UA.MY,1.0915332965269504e+16,3704641001194602.0,0.0
UA.OD,0.0,0.0,0.0
UA.PL,2.9855462283280384e+16,5652610197407572.0,0.0
UA.RV,0.0,0.0,0.0
UA.SC,0.0,0.0,0.0
UA.SM,2.038121110490317e+16,5054355017125620.0,0.0
UA.TP,0.0,0.0,0.0
UA.ZK,2.0519403825135616e+16,8017395600421200.0,0.0
UA.VI,0.0,0.0,0.0
UA.VO,0.0,0.0,0.0
UA.ZP,1.5597731007430656e+16,5061685832052671.0,0.0
UA.ZT,5341030740131840.0,1202618760377139.2,0.0
