HASC_1,Max,Mean,Min
UA.CK,1361984058556416.0,621557009949842.2,0.0
UA.CH,1759211625119744.0,488610049965680.4,0.0
UA.CV,0.0,0.0,0.0
UA.KR,1918251042865152.0,563958264660429.5,0.0
UA.DP,3397424357834752.0,364443360019395.75,0.0
UA.DT,1.6320951960469504e+16,1916117911698900.5,0.0
UA.IF,0.0,0.0,0.0
UA.KK,2.185311357711155e+16,6202357649259226.0,0.0
UA.KS,1854273210023936.0,449372037826726.06,0.0
UA.KM,0.0,0.0,0.0
UA.KV,1283033969721344.0,456249831528908.4,0.0
UA.KC,971629043646464.0,492557528203264.0,0.0
UA.KH,2276133756207104.0,588755438320683.8,0.0
UA.LV,0.0,0.0,0.0
UA.LH,2.254605715819725e+16,8593257286074368.0,0.0
UA.MY,2339147368890368.0,882075572699856.1,0.0
UA.OD,2301230323859456.0,267044231891276.6,0.0
UA.PL,1487476426276864.0,377175480903546.0,0.0
UA.RV,784667640856576.0,119452350608335.23,0.0
UA.SC,1669337823838208.0,963604851691064.9,0.0
UA.SM,868386217132032.0,248529555044715.66,0.0
UA.TP,0.0,0.0,0.0
UA.ZK,6029737872850944.0,939757303930597.5,0.0
UA.VI,1211755900436480.0,513568487797740.7,0.0
UA.VO,0.0,0.0,0.0
UA.ZP,1517113848102912.0,383451055566989.25,0.0
UA.ZT,840481948827648.0,220796132827370.06,0.0
