HASC_1,Max,Mean,Min
HT.CE,301.5552673339844,299.85237884521484,297.6353454589844
HT.GR,303.177001953125,302.5972987583705,301.8443298339844
HT.AR,303.507080078125,302.2946515764509,301.0213928222656
HT.NI,302.6314392089844,302.2512268066406,301.8443298339844
HT.ND,303.507080078125,302.2714029947917,301.5552673339844
HT.NE,301.864501953125,301.09228515625,299.197509765625
HT.NO,303.507080078125,303.0128112792969,302.649658203125
HT.OU,303.2694396972656,301.0498046875,297.6353454589844
HT.SD,302.6314392089844,301.734619140625,299.197509765625
HT.SE,301.9042053222656,300.9311218261719,299.5083923339844
