HASC_1,Max,Mean,Min
HT.CE,300.06121826171875,298.92213439941406,297.57781982421875
HT.GR,301.45281982421875,300.83805193219865,299.9629211425781
HT.AR,301.5967102050781,300.46825735909596,299.0442810058594
HT.NI,300.9961242675781,300.4828369140625,299.9629211425781
HT.ND,301.0791320800781,299.9344787597656,299.0442810058594
HT.NE,299.72039794921875,299.2035446166992,298.3694763183594
HT.NO,301.48504638671875,301.18504638671874,300.9827575683594
HT.OU,301.5967102050781,299.84259033203125,297.57781982421875
HT.SD,301.1712341308594,300.323583984375,298.3694763183594
HT.SE,300.3802185058594,299.7368876139323,298.63153076171875
