HASC_1,Max,Mean,Min
HT.CE,299.1058044433594,297.1441421508789,295.45477294921875
HT.GR,301.03485107421875,300.3319091796875,299.1269836425781
HT.AR,300.7373352050781,299.18528965541293,296.6858825683594
HT.NI,301.03485107421875,300.092724609375,299.1269836425781
HT.ND,299.75164794921875,298.07847086588544,296.6858825683594
HT.NE,297.7978820800781,296.67376708984375,295.45477294921875
HT.NO,300.36688232421875,299.8151916503906,299.32879638671875
HT.OU,300.7373352050781,299.13507080078125,296.2181091308594
HT.SD,301.03485107421875,299.6526184082031,295.45477294921875
HT.SE,300.3382263183594,299.34691365559894,297.6943664550781
