HASC_1,Max,Mean,Min
HT.CE,302.6444396972656,302.25462341308594,301.1092834472656
HT.GR,302.58258056640625,302.1205313546317,301.80914306640625
HT.AR,303.1385803222656,302.57672119140625,301.4289245605469
HT.NI,302.29937744140625,302.0989929199219,301.8592834472656
HT.ND,302.71734619140625,302.2574869791667,301.4289245605469
HT.NE,302.6515808105469,302.33631896972656,301.4289245605469
HT.NO,302.84429931640625,302.5678649902344,302.2752990722656
HT.OU,303.1385803222656,302.12107849121094,300.8996276855469
HT.SD,302.6385803222656,302.07594604492186,301.80914306640625
HT.SE,302.19000244140625,301.72515869140625,300.8996276855469
