HASC_1,Max,Mean,Min
HT.CE,302.7962951660156,302.1724395751953,301.280029296875
HT.GR,302.1459045410156,301.7415291922433,301.3301696777344
HT.AR,302.844482421875,302.3505292619978,301.6739196777344
HT.NI,302.1459045410156,301.6828979492187,301.3301696777344
HT.ND,302.572998046875,302.2513834635417,301.6739196777344
HT.NE,302.7962951660156,302.354248046875,301.6739196777344
HT.NO,302.572998046875,302.2550354003906,301.9766540527344
HT.OU,302.844482421875,301.7840995788574,300.6465759277344
HT.SD,302.7962951660156,301.6653198242187,301.3301696777344
HT.SE,301.5033264160156,301.2129720052083,300.6465759277344
