HASC_1,Max,Mean,Min
HT.CE,298.4067077636719,296.25870513916016,294.6226806640625
HT.GR,300.3897705078125,299.74622017996654,298.6192626953125
HT.AR,299.8969421386719,298.35001046316967,295.3500671386719
HT.NI,300.3100280761719,299.5180969238281,298.6192626953125
HT.ND,298.7882080078125,297.0548095703125,295.3500671386719
HT.NE,297.0261535644531,295.53890228271484,294.6226806640625
HT.NO,299.6814270019531,299.0856689453125,298.6088562011719
HT.OU,299.8969421386719,298.393798828125,294.9792785644531
HT.SD,300.3897705078125,298.9843383789063,294.6226806640625
HT.SE,299.7494812011719,298.6492106119792,296.9971923828125
