HASC_1,Max,Mean,Min
HT.CE,298.36639404296875,296.80023193359375,295.8719177246094
HT.GR,299.55389404296875,298.8237043108259,298.0516052246094
HT.AR,299.33514404296875,298.1239754813058,295.9634094238281
HT.NI,299.55389404296875,298.8260925292969,298.0516052246094
HT.ND,298.3276672363281,297.0353495279948,295.9634094238281
HT.NE,296.8149719238281,296.3393783569336,295.8719177246094
HT.NO,298.9930114746094,298.42466430664064,297.9604797363281
HT.OU,299.33514404296875,298.1826362609863,296.14764404296875
HT.SD,299.55389404296875,298.5641784667969,295.8719177246094
HT.SE,299.0037536621094,298.10923258463544,296.80877685546875
