HASC_1,Max,Mean,Min
HT.CE,302.7857971191406,302.1255569458008,301.13995361328125
HT.GR,302.6666564941406,302.25528390066967,301.6881408691406
HT.AR,303.4225158691406,302.5201721191406,301.1100158691406
HT.NI,302.4413757324219,302.0327941894531,301.6881408691406
HT.ND,302.7857971191406,302.22264607747394,301.1100158691406
HT.NE,302.7857971191406,301.96458435058594,301.1100158691406
HT.NO,302.8346252441406,302.4864440917969,302.07550048828125
HT.OU,303.4225158691406,301.85439682006836,300.1210632324219
HT.SD,302.4413757324219,302.22556762695314,301.9674377441406
HT.SE,301.9674377441406,301.2894795735677,300.1210632324219
