HASC_1,Max,Mean,Min
HT.CE,299.1341247558594,297.1642303466797,295.5911560058594
HT.GR,300.7998046875,300.1920078822545,299.2451171875
HT.AR,300.6302185058594,299.2750244140625,296.8616638183594
HT.NI,300.7998046875,300.04498291015625,299.2451171875
HT.ND,299.830078125,298.23199462890625,296.8616638183594
HT.NE,298.0042419433594,296.7870330810547,295.5911560058594
HT.NO,300.4251403808594,299.95676879882814,299.6162109375
HT.OU,300.6302185058594,299.0566825866699,295.9273986816406
HT.SD,300.7998046875,299.548046875,295.5911560058594
HT.SE,300.3232421875,299.1589660644531,297.4026794433594
