HASC_1,Max,Mean,Min
HT.CE,302.14971923828125,300.56817626953125,298.09307861328125
HT.GR,302.1132507324219,301.51448713030135,301.01300048828125
HT.AR,302.40362548828125,301.72440447126115,300.8945007324219
HT.NI,302.1132507324219,301.4253723144531,301.0670471191406
HT.ND,302.14971923828125,301.63951619466144,300.8945007324219
HT.NE,302.14971923828125,301.3188247680664,300.63995361328125
HT.NO,301.87432861328125,301.21482543945314,300.6002502441406
HT.OU,302.40362548828125,300.73362731933594,298.09307861328125
HT.SD,301.14971923828125,300.9984191894531,300.63995361328125
HT.SE,301.0670471191406,300.1701253255208,298.6959533691406
