HASC_1,Max,Mean,Min
HT.CE,301.59869384765625,300.33648681640625,298.4020690917969
HT.GR,302.8473815917969,301.9149169921875,301.44439697265625
HT.AR,303.0355529785156,301.9847630092076,300.6833190917969
HT.NI,301.7386779785156,301.5618530273438,301.4378967285156
HT.ND,302.6481628417969,301.6433919270833,300.6833190917969
HT.NE,301.59869384765625,300.81044006347656,300.06939697265625
HT.NO,302.6625061035156,302.3406188964844,301.8903503417969
HT.OU,303.0355529785156,300.9563636779785,298.4020690917969
HT.SD,301.77447509765625,301.3014343261719,300.06939697265625
HT.SE,301.4378967285156,300.5012613932292,299.0335998535156
