HASC_1,Max,Mean,Min
HT.CE,298.843505859375,297.48380279541016,295.5101623535156
HT.GR,300.323974609375,299.7342790876116,298.7832946777344
HT.AR,300.7484436035156,299.284912109375,297.2588806152344
HT.NI,299.9834899902344,299.4038024902344,298.7832946777344
HT.ND,299.734130859375,298.55357869466144,297.2588806152344
HT.NE,298.667724609375,297.5726776123047,296.913818359375
HT.NO,300.1436462402344,299.65606689453125,299.1576232910156
HT.OU,300.7484436035156,298.48241806030273,295.5101623535156
HT.SD,300.0498962402344,299.2043212890625,296.913818359375
HT.SE,299.4375915527344,298.1252950032552,296.2845764160156
