HASC_1,Max,Mean,Min
IN.AN,1.4405972957611084,0.0042150914510228205,0.0
IN.AP,8.66364574432373,0.258010863929956,0.0
IN.AR,3.0887157917022705,0.22687051386383417,0.0
IN.AS,4.145239353179932,0.1238399837024722,0.0
IN.BR,1.81519615650177,0.004714882624188742,0.0
IN.CH,0.016586080193519592,0.009291585680330172,0.0007697913097217679
IN.CT,6.097694396972656,0.07193086821302247,0.0
IN.DN,0.0,0.0,0.0
IN.DD,0.0,0.0,0.0
IN.GA,0.00014027804718352854,3.7216625059954824e-06,0.0
IN.GJ,5.003761291503906,0.007042091619496205,0.0
IN.HR,1.3048042058944702,0.03862394533836888,0.0
IN.HP,1.9835577011108398,0.15776724331529943,0.0
IN.JK,2.280441999435425,0.09293450067976682,0.0
IN.JH,0.08902933448553085,0.0011114852908772888,0.0
IN.KA,0.5430655479431152,0.01375715535024983,0.0
IN.KL,0.9173684120178223,0.043305198898548974,0.0
IN.LD,0.0,0.0,0.0
IN.MP,0.4349084794521332,0.0008257228051977439,0.0
IN.MH,1.5307780504226685,0.006419923860310863,0.0
IN.MN,0.492073655128479,0.028326202267750265,0.0
IN.ML,1.3256455659866333,0.031328950718167096,0.0
IN.MZ,2.273157835006714,0.023471160346229293,0.0
IN.NL,1.2951148748397827,0.10230159141141676,0.0
IN.DL,0.19353000819683075,0.05157724062963906,0.0
IN.OR,2.5655016899108887,0.05738869264159247,0.0
IN.PY,0.8493304252624512,0.0009592674596206052,0.0
IN.PB,2.734044075012207,0.2238552984997495,0.0
IN.RJ,1.3709992170333862,0.005399602896076648,0.0
IN.SK,3.841012716293335,0.8851133274761114,0.0
IN.TN,6.243707180023193,0.3269019235677308,0.0
IN.TG,4.093522548675537,0.2502691920079644,0.0
IN.TR,2.273157835006714,0.011554403272689197,0.0
IN.UP,0.5045255422592163,0.0038044378556908245,0.0
IN.UT,1.3238238096237183,0.04051504678461641,0.0
IN.WB,9.217841148376465,0.09211918922237966,0.0
