HASC_1,Max,Mean,Min
IN.AN,0.03342491015791893,0.00010532236801878035,0.0
IN.AP,0.44953078031539917,0.002549687484478985,0.0
IN.AR,0.2537454068660736,0.005101916093883023,0.0
IN.AS,0.17657184600830078,0.0010249076135437462,0.0
IN.BR,0.0,0.0,0.0
IN.CH,0.0,0.0,0.0
IN.CT,0.30172041058540344,0.003456500652032975,0.0
IN.DN,0.0,0.0,0.0
IN.DD,0.0,0.0,0.0
IN.GA,0.07953517884016037,0.0044159270290817535,0.0
IN.GJ,0.31577521562576294,0.00046395422473421045,0.0
IN.HR,0.004031909629702568,4.336320919471539e-06,0.0
IN.HP,1.1844910383224487,0.007908262860395813,0.0
IN.JK,1.6611634492874146,0.049626207103917706,0.0
IN.JH,0.0,0.0,0.0
IN.KA,0.2784198522567749,0.004120646597657017,0.0
IN.KL,1.5159239768981934,0.04205833113173776,0.0
IN.LD,0.0,0.0,0.0
IN.MP,0.7400000095367432,0.002486705582589273,0.0
IN.MH,3.3689119815826416,0.032108810878800916,0.0
IN.MN,0.0027272726874798536,1.3157894442740239e-05,0.0
IN.ML,0.0,0.0,0.0
IN.MZ,0.0,0.0,0.0
IN.NL,0.019090907648205757,0.00032605369855637516,0.0
IN.DL,0.0,0.0,0.0
IN.OR,0.3287172019481659,0.0018634265141371255,0.0
IN.PY,0.09356603771448135,3.9133773970320986e-05,0.0
IN.PB,0.0,0.0,0.0
IN.RJ,0.06669551879167557,0.0001806843835638733,0.0
IN.SK,0.011818181723356247,0.00013636363543231378,0.0
IN.TN,1.5159239768981934,0.01566534571321306,0.0
IN.TG,1.1599431037902832,0.018559948052208883,0.0
IN.TR,0.0,0.0,0.0
IN.UP,0.051057398319244385,0.00035556605337151443,0.0
IN.UT,0.052163634449243546,0.00030760482516199386,0.0
IN.WB,0.10045454651117325,0.0002490340325157869,0.0
