HASC_1,Max,Mean,Min
IN.AN,1.9954378604888916,0.006301193491621831,0.0
IN.AP,0.644414484500885,0.0026450770009917705,0.0
IN.AR,1.149033784866333,0.04623593760335464,0.0
IN.AS,2.1289122104644775,0.0367625037257369,0.0
IN.BR,0.09523359686136246,0.0006817009539409922,0.0
IN.CH,0.15640532970428467,0.09531054645776749,0.04486661031842232
IN.CT,3.8240411281585693,0.0961666772899964,0.0
IN.DN,0.0,0.0,0.0
IN.DD,0.0,0.0,0.0
IN.GA,0.38638007640838623,0.03995428577597652,0.0
IN.GJ,0.7358397841453552,0.0053077828887426026,0.0
IN.HR,0.3330528140068054,0.007133069092174772,0.0
IN.HP,0.9898221492767334,0.06445004339038167,0.0
IN.JK,6.663236141204834,0.017879515027278973,0.0
IN.JH,3.4054055213928223,0.013944319195569863,0.0
IN.KA,2.095594882965088,0.04833529119695912,0.0
IN.KL,0.7106138467788696,0.027286449563239345,0.0
IN.LD,0.0,0.0,0.0
IN.MP,0.754019558429718,0.003819546080743124,0.0
IN.MH,1.517444133758545,0.035066745556666216,0.0
IN.MN,0.07939035445451736,0.0012257530850260272,0.0
IN.ML,2.1289122104644775,0.14254472371123816,0.0
IN.MZ,0.43833333253860474,0.02007403422873194,0.0
IN.NL,0.6414409279823303,0.043040181393581935,0.0
IN.DL,0.0,0.0,0.0
IN.OR,2.21750807762146,0.07066182285206139,0.0
IN.PY,0.0639667883515358,9.16339675658374e-05,0.0
IN.PB,0.993358850479126,0.05088990768848406,0.0
IN.RJ,1.3226442337036133,0.018007352488462487,0.0
IN.SK,0.04672219604253769,0.0014922000594775784,0.0
IN.TN,0.5326651334762573,0.020385419112406458,0.0
IN.TG,0.8371949791908264,0.005830865247468356,0.0
IN.TR,0.09166666865348816,0.0013592447495568392,0.0
IN.UP,0.957442045211792,0.003029770899446336,0.0
IN.UT,1.7035413980484009,0.09396237404194083,0.0
IN.WB,2.11008358001709,0.011003881616461916,0.0
