HASC_1,Max,Mean,Min
IN.AN,0.9919902682304382,0.008259128783075054,0.0
IN.AP,3.294793128967285,0.048879545022538336,0.0
IN.AR,1.727967619895935,0.05741739444057289,0.0
IN.AS,1.256964921951294,0.04551306961497301,0.0
IN.BR,2.6055684089660645,0.03148323656383972,0.0
IN.CH,0.4408070743083954,0.34412766247987747,0.21753638982772827
IN.CT,3.90132999420166,0.24950531503324083,0.0
IN.DN,0.2396136224269867,0.06353401768137701,0.0
IN.DD,0.1730303168296814,0.004817060837965636,0.0
IN.GA,1.8831034898757935,0.5722326587353433,0.0
IN.GJ,1.2502983808517456,0.01058153540280921,0.0
IN.HR,2.0833327770233154,0.27100053438260313,0.0
IN.HP,1.7467176914215088,0.10617079003770154,0.0
IN.JK,1.2569814920425415,0.05359230577566731,0.0
IN.JH,3.34350848197937,0.29880012753983864,0.0
IN.KA,3.3440771102905273,0.19785168209000517,0.0
IN.KL,2.1076622009277344,0.04536511519031523,0.0
IN.LD,1.630628228187561,0.020805736563849347,0.0
IN.MP,1.5110911130905151,0.03162978012273716,0.0
IN.MH,4.491145133972168,0.3225753787826918,0.0
IN.MN,0.8841336965560913,0.06419735092694234,0.0
IN.ML,1.6343450546264648,0.12665229887702625,0.0
IN.MZ,1.0598928928375244,0.20478365042665111,0.0
IN.NL,0.7867609262466431,0.0889281045375882,0.0
IN.DL,0.8877291083335876,0.4194422687093417,0.0
IN.OR,3.795229196548462,0.03894347307150599,0.0
IN.PY,1.9588251113891602,0.0011973301106146244,0.0
IN.PB,2.4836325645446777,0.14227440713424613,0.0
IN.RJ,4.526625156402588,0.139520131074674,0.0
IN.SK,0.05114929378032684,0.0016188599822767587,0.0
IN.TN,1.9009515047073364,0.016417292450972537,0.0
IN.TG,3.748436450958252,0.2966621017583982,0.0
IN.TR,2.3957619667053223,0.1762079775440371,0.0
IN.UP,1.242309808731079,0.07331380998466164,0.0
IN.UT,1.1411006450653076,0.14509034930798842,0.0
IN.WB,2.769087314605713,0.1443612202398084,0.0
