HASC_1,Max,Mean,Min
UA.CK,272.4788818359375,271.4818902266653,270.8168640136719
UA.CH,273.7819519042969,272.2039587402344,271.02447509765625
UA.CV,277.209716796875,275.3931180513822,273.44232177734375
UA.KR,283.1711730957031,278.9270616011186,275.4021911621094
UA.DP,272.1638488769531,271.214846097506,270.28948974609375
UA.DT,277.7148132324219,270.7476080031622,267.9324645996094
UA.IF,277.2375793457031,275.4419803619385,273.44232177734375
UA.KK,271.2707214355469,270.15956624348956,267.17919921875
UA.KS,279.9759521484375,274.88189697265625,271.3889465332031
UA.KM,277.209716796875,276.04163953993054,274.4088134765625
UA.KV,274.2935791015625,272.6911849975586,271.16864013671875
UA.KC,273.2245788574219,272.86131286621094,272.5321350097656
UA.KH,272.0039367675781,271.1912811279297,270.8168640136719
UA.LV,278.130126953125,277.01377958409927,275.1961364746094
UA.LH,269.94036865234375,266.15262256969106,262.4078369140625
UA.MY,276.5126953125,272.2084880628084,270.8387756347656
UA.OD,282.2819519042969,275.24279995622305,270.8656921386719
UA.PL,271.8585510253906,271.40212319113994,271.1069030761719
UA.RV,278.0289611816406,277.2640972137451,276.1385498046875
UA.SC,283.1711730957031,281.41920471191406,277.8826904296875
UA.SM,271.6761779785156,271.0479722456499,270.09832763671875
UA.TP,277.6866760253906,276.54597909109935,275.3043212890625
UA.ZK,277.9763488769531,276.2218892415365,273.7086181640625
UA.VI,276.3162841796875,273.8105407714844,271.36102294921875
UA.VO,279.1890869140625,278.133638381958,277.60205078125
UA.ZP,279.4119873046875,273.61744412508875,270.42864990234375
UA.ZT,276.917724609375,274.7353682084517,272.7336120605469
