HASC_1,Max,Mean,Min
UA.CK,291.2699279785156,290.61267571700245,290.1253967285156
UA.CH,291.2084045410156,289.8734289550781,287.639404296875
UA.CV,291.4844665527344,289.3969163161058,287.008544921875
UA.KR,294.4632873535156,292.661997014826,289.6084899902344
UA.DP,291.0267639160156,289.9479851355919,288.3897399902344
UA.DT,291.6856384277344,288.97644188290553,287.9584045410156
UA.IF,290.2715759277344,288.4748344421387,286.3350524902344
UA.KK,289.995849609375,288.54190208798366,287.3545837402344
UA.KS,293.6752014160156,291.8005340576172,290.310302734375
UA.KM,290.6670837402344,289.8778839111328,289.3682556152344
UA.KV,291.2084045410156,290.71474583943683,290.2012634277344
UA.KC,290.9981384277344,290.81990814208984,290.6856384277344
UA.KH,291.6036071777344,290.646305847168,290.1253967285156
UA.LV,289.9219665527344,288.69683299345127,286.3350524902344
UA.LH,289.4916076660156,287.95315967906606,286.8272399902344
UA.MY,292.8724670410156,291.52617283871297,290.3119201660156
UA.OD,293.5082092285156,292.4392626532193,290.837646484375
UA.PL,290.4183654785156,289.9799138849432,289.238037109375
UA.RV,289.9945373535156,289.6871528625488,289.3656311035156
UA.SC,293.7803649902344,293.130615234375,291.638427734375
UA.SM,290.2806701660156,288.5534376664595,286.6546936035156
UA.TP,290.3246154785156,289.646728515625,287.9261779785156
UA.ZK,292.0733337402344,289.4833292643229,287.0091857910156
UA.VI,291.4844665527344,290.7150054931641,290.0423889160156
UA.VO,289.887451171875,289.2515640258789,288.6673889160156
UA.ZP,292.2855529785156,290.58542563698506,288.685302734375
UA.ZT,291.0453186035156,290.22291287508875,289.4877014160156
