HASC_1,Max,Mean,Min
UA.CK,299.1465759277344,298.3801687140214,297.7386779785156
UA.CH,299.4766540527344,298.0042236328125,296.481201171875
UA.CV,299.272216796875,296.2001554048978,291.6566467285156
UA.KR,299.0169982910156,298.1859990900213,296.5879821777344
UA.DP,299.1322326660156,298.51444068321814,297.5762634277344
UA.DT,298.7923889160156,297.884027390253,297.1146545410156
UA.IF,297.885498046875,294.18042182922363,291.2725524902344
UA.KK,298.6293029785156,297.8621070498512,297.2630920410156
UA.KS,299.1283264160156,298.6979644775391,297.940185546875
UA.KM,299.272216796875,297.598388671875,296.3197326660156
UA.KV,299.4766540527344,298.58244069417316,297.9356384277344
UA.KC,299.0384826660156,298.71053314208984,298.395263671875
UA.KH,299.5150451660156,298.82376251220705,297.7386779785156
UA.LV,296.059326171875,294.4125384162454,291.2725524902344
UA.LH,298.367919921875,297.3582000732422,296.678466796875
UA.MY,299.5150451660156,298.94446764494245,298.170654296875
UA.OD,299.2650451660156,298.4264242238012,297.7386779785156
UA.PL,299.3301696777344,298.668495871804,297.7256774902344
UA.RV,297.4346618652344,296.06653022766113,294.4532165527344
UA.SC,298.5091857910156,297.9164276123047,297.4414978027344
UA.SM,298.5860290527344,297.35472384366125,295.4483337402344
UA.TP,298.8223571777344,296.34869166782926,292.7373962402344
UA.ZK,297.6869201660156,295.14513346354164,291.9639587402344
UA.VI,299.0918884277344,298.2456390380859,297.735107421875
UA.VO,296.029052734375,294.5737934112549,293.6026306152344
UA.ZP,299.1498107910156,298.5020585493608,297.530029296875
UA.ZT,299.3575134277344,298.06601507013494,296.815185546875
