HASC_1,Max,Mean,Min
UA.CK,281.5123596191406,280.37216025904604,279.6974182128906
UA.CH,281.3167419433594,279.94560546875,278.3346252441406
UA.CV,281.8912658691406,280.6305448091947,278.5177307128906
UA.KR,288.5400390625,285.92240489612925,283.12890625
UA.DP,281.9415588378906,281.02904686561,280.0208435058594
UA.DT,286.265625,282.87770298549106,281.2091369628906
UA.IF,282.4612731933594,280.6527805328369,278.5177307128906
UA.KK,281.7688903808594,281.19009690057663,280.7599182128906
UA.KS,285.4791564941406,282.9647674560547,280.48828125
UA.KM,281.8059997558594,281.15681796603735,279.9944763183594
UA.KV,280.9689025878906,279.5049680074056,278.3346252441406
UA.KC,279.5869140625,279.14034271240234,278.45458984375
UA.KH,281.1477966308594,280.4587890625,280.0208435058594
UA.LV,284.470703125,282.25672104779414,280.0719299316406
UA.LH,284.6199645996094,282.764687278054,281.7459411621094
UA.MY,283.3157653808594,281.3516058670847,280.4085388183594
UA.OD,287.2311096191406,282.0261746110587,280.0110778808594
UA.PL,281.5123596191406,280.9226601340554,280.0208435058594
UA.RV,281.7109375,280.9342575073242,278.7222595214844
UA.SC,288.2984924316406,287.52530670166016,285.4993591308594
UA.SM,281.3455505371094,280.7749550559304,280.0966796875
UA.TP,282.4612731933594,281.50682067871094,280.8063049316406
UA.ZK,283.2073669433594,281.1509053548177,279.2137145996094
UA.VI,281.8912658691406,280.4979843139648,278.913330078125
UA.VO,285.2252502441406,282.6029758453369,281.369140625
UA.ZP,286.265625,282.85983831232244,280.142578125
UA.ZT,281.1175231933594,279.30133334073156,278.0997619628906
