HASC_1,Max,Mean,Min
UA.CK,291.6942443847656,289.9620473761308,289.3237609863281
UA.CH,290.13397216796875,289.1347009277344,287.6645812988281
UA.CV,289.7273864746094,286.1650202824519,282.95037841796875
UA.KR,300.10894775390625,297.561674638228,294.09918212890625
UA.DP,298.5682678222656,296.70858295147235,292.7850646972656
UA.DT,300.44586181640625,298.6466326032366,297.0887756347656
UA.IF,287.0428161621094,285.0565986633301,282.95037841796875
UA.KK,298.5682678222656,297.2982148670015,294.71441650390625
UA.KS,300.10894775390625,296.78039703369143,292.9748229980469
UA.KM,288.8471984863281,287.5951622856988,286.8338317871094
UA.KV,290.43963623046875,289.7090034484863,288.9480895996094
UA.KC,290.0447692871094,289.97096252441406,289.88494873046875
UA.KH,294.95562744140625,291.3547058105469,289.2397766113281
UA.LV,288.0063781738281,286.76393037683823,284.24920654296875
UA.LH,300.57281494140625,298.6617709073153,297.4002990722656
UA.MY,296.6906433105469,292.48715049342104,289.2397766113281
UA.OD,293.18707275390625,291.05185778387664,289.42694091796875
UA.PL,297.98883056640625,293.20434154163706,289.8494567871094
UA.RV,288.32928466796875,287.71985054016113,286.94061279296875
UA.SC,296.0838928222656,295.6709671020508,295.37066650390625
UA.SM,297.3312683105469,291.9035741632635,288.25897216796875
UA.TP,288.1932067871094,286.67770603724887,283.74725341796875
UA.ZK,289.9109802246094,287.19284871419273,283.1518859863281
UA.VI,289.81951904296875,289.0139190673828,287.8081359863281
UA.VO,288.1694641113281,287.72721672058105,287.2361755371094
UA.ZP,299.75054931640625,298.36544383655894,296.97711181640625
UA.ZT,289.69158935546875,288.5189902565696,287.41717529296875
