HASC_1,Max,Mean,Min
UA.CK,272.8866271972656,272.3997288754112,272.1329040527344
UA.CH,272.4136657714844,271.6641577148437,270.1400146484375
UA.CV,272.82275390625,270.14937884990985,266.2371520996094
UA.KR,279.39892578125,276.8928791392933,273.8318786621094
UA.DP,274.5409240722656,273.5893167349008,272.6507873535156
UA.DT,275.904296875,273.95536150251115,273.1683044433594
UA.IF,272.7127380371094,269.7769412994385,266.2371520996094
UA.KK,273.6790466308594,273.32539440336683,272.9339294433594
UA.KS,277.1341247558594,275.3403686523437,273.852294921875
UA.KM,272.68310546875,272.2456817626953,271.9227600097656
UA.KV,272.4136657714844,272.2411638895671,271.7738342285156
UA.KC,272.4136657714844,272.3795394897461,272.335693359375
UA.KH,273.852294921875,272.8214050292969,272.1719665527344
UA.LV,273.9430236816406,272.44088027056523,269.3036193847656
UA.LH,273.9293518066406,273.3452800403942,272.9458923339844
UA.MY,275.95263671875,274.10210539165297,272.8115234375
UA.OD,277.5603942871094,274.7341950515221,272.4639587402344
UA.PL,273.2764587402344,272.6594349254261,271.8805236816406
UA.RV,272.90966796875,272.53368759155273,272.0868225097656
UA.SC,279.39892578125,278.237548828125,275.95751953125
UA.SM,273.095458984375,271.89102589000356,269.656982421875
UA.TP,272.7127380371094,271.78377205984935,267.6781921386719
UA.ZK,276.07861328125,272.5309631347656,267.3356018066406
UA.VI,272.82275390625,272.39491271972656,272.0313415527344
UA.VO,273.6514587402344,272.96967697143555,272.4474182128906
UA.ZP,275.99072265625,274.67688404430044,273.1695251464844
UA.ZT,272.5050354003906,272.2485462535511,272.0211486816406
