HASC_1,Max,Mean,Min
UA.CK,298.023681640625,296.08362780119245,294.2967834472656
UA.CH,297.173095703125,295.8524182128906,294.905517578125
UA.CV,294.1473693847656,291.8930358886719,289.06890869140625
UA.KR,296.8999938964844,295.6657603870739,293.4862365722656
UA.DP,297.459228515625,296.76445242074817,295.8892517089844
UA.DT,297.090087890625,296.176272437686,295.4872131347656
UA.IF,293.3306579589844,291.3834285736084,289.06890869140625
UA.KK,297.2001037597656,296.3632289341518,295.3377990722656
UA.KS,296.697509765625,296.32435150146483,295.1626892089844
UA.KM,295.939697265625,294.194578382704,293.1792907714844
UA.KV,297.303955078125,296.0700391133626,295.1050720214844
UA.KC,296.3231506347656,296.22533416748047,296.0731506347656
UA.KH,297.6942443847656,296.3705200195312,294.2967834472656
UA.LV,294.6578063964844,293.398489559398,290.8944396972656
UA.LH,297.1607360839844,296.15286671031606,295.090087890625
UA.MY,296.803955078125,295.96887528268917,294.6024475097656
UA.OD,296.0708923339844,294.5104938375539,293.3065490722656
UA.PL,298.023681640625,297.2796422784979,296.707275390625
UA.RV,296.5135803222656,295.6833267211914,294.1952209472656
UA.SC,296.178955078125,295.47672271728516,294.1600646972656
UA.SM,297.6568298339844,296.2871468283913,295.0923767089844
UA.TP,294.8915100097656,293.3848876953125,290.21343994140625
UA.ZK,296.4081115722656,293.5332458496094,289.6971740722656
UA.VI,295.3876037597656,294.2613067626953,293.4422912597656
UA.VO,296.1753845214844,295.04927825927734,294.1952209472656
UA.ZP,297.459228515625,296.4084736217152,295.4872131347656
UA.ZT,296.5116271972656,295.5082314231179,293.8495178222656
