HASC_1,Max,Mean,Min
DE.BW,7868706503786496.0,3532196064713581.5,0.0
DE.BY,6755897657262080.0,813397808153293.5,0.0
DE.BE,1.0866434762604544e+16,7847135970066432.0,0.0
DE.BR,1.3449329310171136e+16,4395133136360789.5,0.0
DE.HB,0.0,0.0,0.0
DE.HH,0.0,0.0,0.0
DE.HE,1.062631817347072e+16,3339737537891173.5,0.0
DE.MV,9064599345168384.0,3706954307219329.5,0.0
DE.NI,2.1641539193143296e+16,2793306991456151.0,0.0
DE.NW,2.1641539193143296e+16,6653704203345232.0,0.0
DE.RP,1.1925845354479616e+16,4123187183147318.5,0.0
DE.SL,7194548572782592.0,5608480751677167.0,0.0
DE.SN,7726073861111808.0,1821947843313664.0,0.0
DE.ST,0.0,0.0,0.0
DE.SH,7577584493658112.0,571751465484288.0,0.0
DE.TH,0.0,0.0,0.0
