HASC_1,Max,Mean,Min
DE.BW,6872579570663424.0,3566309972571780.5,0.0
DE.BY,7757661198090240.0,3262092572474834.5,0.0
DE.BE,6852309472509952.0,5021856151109632.0,0.0
DE.BR,6852309472509952.0,2540458376422577.5,0.0
DE.HB,7346808384651264.0,4206397434859065.0,0.0
DE.HH,9232328555495424.0,1769388460649130.8,0.0
DE.HE,7626379080237056.0,4070327935586795.5,0.0
DE.MV,5394700114591744.0,2270474873676946.5,0.0
DE.NI,1.5345506905489408e+16,4238144444064134.0,0.0
DE.NW,1.5084889363709952e+16,5203497114843218.0,0.0
DE.RP,7626379080237056.0,3568951071285839.0,0.0
DE.SL,5847317726887936.0,5201609945583889.0,0.0
DE.SN,6842793435594752.0,2931925798964830.0,0.0
DE.ST,6847655338573824.0,2753883106081028.5,0.0
DE.SH,1.0081182670651392e+16,2992981729397965.0,0.0
DE.TH,8425325138542592.0,3350522394612297.0,0.0
