HASC_1,Max,Mean,Min
DE.BW,9957967575121920.0,3366425886023311.0,0.0
DE.BY,9957967575121920.0,716503101133522.9,0.0
DE.BE,1.5482730036854784e+16,1.1163499933728768e+16,0.0
DE.BR,1.6838337679589376e+16,4554923303001367.0,0.0
DE.HB,0.0,0.0,0.0
DE.HH,0.0,0.0,0.0
DE.HE,8598547612041216.0,2592603123540878.0,0.0
DE.MV,1.3935400422735872e+16,3201145827764794.0,0.0
DE.NI,2.5390113634648064e+16,4214671350467902.0,0.0
DE.NW,1.9435807198674944e+16,5156093798659768.0,0.0
DE.RP,8355672043290624.0,3037159258129046.0,0.0
DE.SL,7233936107241472.0,4468462625191799.5,0.0
DE.SN,1.0643333760155648e+16,2426440097523168.5,0.0
DE.ST,9145676516556800.0,207856284467200.0,0.0
DE.SH,1.4226978236268544e+16,1003864484478976.0,0.0
DE.TH,0.0,0.0,0.0
