HASC_1,Max,Mean,Min
DE.BW,9933094345768960.0,4567018626805487.0,0.0
DE.BY,1.1110276162125824e+16,4133438712792934.5,0.0
DE.BE,1.4617498137657344e+16,1.1023382397059072e+16,0.0
DE.BR,1.4617498137657344e+16,5417278990310878.0,0.0
DE.HB,1.084520044429312e+16,6396826281894798.0,0.0
DE.HH,1.0717464895684608e+16,2681895233888559.5,0.0
DE.HE,7863946069409792.0,4186088511394283.5,0.0
DE.MV,1.0297394545557504e+16,4833793666823899.0,0.0
DE.NI,1.5467150042988544e+16,5603479186029954.0,0.0
DE.NW,1.8458410081058816e+16,7450523143961750.0,0.0
DE.RP,9481257343778816.0,4290936198045778.5,0.0
DE.SL,9481257343778816.0,6827915382550255.0,0.0
DE.SN,1.3970273409695744e+16,5526947455127134.0,0.0
DE.ST,9048919493312512.0,4295354243269501.5,0.0
DE.SH,1.1615732609581056e+16,4525099553617783.0,0.0
DE.TH,7927171209232384.0,3233180906534619.5,0.0
