HASC_1,Max,Mean,Min
DE.BW,7793587525779456.0,4138836049823880.5,0.0
DE.BY,9125260389515264.0,2944748401457416.5,0.0
DE.BE,4921855890685952.0,3846001949409280.0,0.0
DE.BR,1.0725710159151104e+16,3052379337531938.0,0.0
DE.HB,1292237681983488.0,328722699780096.0,0.0
DE.HH,8488551888977920.0,1727257671772002.5,0.0
DE.HE,8599576256708608.0,3371001608971223.0,0.0
DE.MV,1.3280182760636416e+16,4614643636427630.0,0.0
DE.NI,1.282664065662976e+16,3134401525415174.0,0.0
DE.NW,1.4967481063964672e+16,5477388678521160.0,0.0
DE.RP,7071408639180800.0,3487490906619573.0,0.0
DE.SL,6175033395249152.0,4724945437746790.0,0.0
DE.SN,7556343732895744.0,3249099233847421.5,0.0
DE.ST,9324080868098048.0,3376697860838344.0,0.0
DE.SH,1.2879196023947264e+16,3301574449858696.5,0.0
DE.TH,6603685626904576.0,2707917111695457.5,0.0
