HASC_1,Max,Mean,Min
DE.BW,2.8363528083603456e+16,2689273691408191.0,0.0
DE.BY,3.456895481492275e+16,6659521952827893.0,0.0
DE.BE,1.82573154172928e+16,7927635216695296.0,0.0
DE.BR,4.172579625920102e+16,1.0649995036065792e+16,0.0
DE.HB,5.310325911558554e+16,2.496008766963348e+16,0.0
DE.HH,4.859542035549389e+16,9554285746454528.0,0.0
DE.HE,2.9845197311442944e+16,9922933279994108.0,0.0
DE.MV,5.078341842999706e+16,2.3807051579935012e+16,0.0
DE.NI,5.675258974778163e+16,1.4575832050517614e+16,0.0
DE.NW,3.519440298495181e+16,8610020025590616.0,0.0
DE.RP,1.0628294932168704e+16,1738978656870534.2,0.0
DE.SL,1.943647721357312e+16,8518161147450709.0,0.0
DE.SN,1.8051668088193024e+16,3915658215945240.0,0.0
DE.ST,3.5560327756120064e+16,4778423923822302.0,0.0
DE.SH,4.944965499092992e+16,1.7390950362557098e+16,0.0
DE.TH,3.159414450159616e+16,7450968827945870.0,0.0
