HASC_1,Max,Mean,Min
DE.BW,1.1475372004605952e+16,4549983509204173.0,0.0
DE.BY,1.3503338523918336e+16,3050841073003332.5,0.0
DE.BE,0.0,0.0,0.0
DE.BR,6256065469480960.0,925406464954087.5,0.0
DE.HB,8218028005130240.0,4360240419394901.5,0.0
DE.HH,6768746051928064.0,600978181861571.0,0.0
DE.HE,1.5621658270236672e+16,5559223320832794.0,0.0
DE.MV,4679009312964608.0,1852266484714114.0,0.0
DE.NI,1.3210334781243392e+16,3909041189055665.5,0.0
DE.NW,1.8517498093633536e+16,7637712122752096.0,0.0
DE.RP,1.5007350171631616e+16,6185667921365426.0,0.0
DE.SL,1.1699242879942656e+16,8073147662903979.0,0.0
DE.SN,0.0,0.0,0.0
DE.ST,0.0,0.0,0.0
DE.SH,9550517986394112.0,1421059469577785.0,0.0
DE.TH,1.0798521665978368e+16,2598478251210834.0,0.0
