HASC_1,Max,Mean,Min
DE.BW,9454482517655552.0,4064413126275213.0,0.0
DE.BY,9279296170360832.0,3514319785163016.5,0.0
DE.BE,7086486658744320.0,5552627337134080.0,0.0
DE.BR,9902011667447808.0,3746566201591289.0,0.0
DE.HB,6876521813770240.0,3878657845916103.0,0.0
DE.HH,6007295058116608.0,1404610654532039.0,0.0
DE.HE,9454482517655552.0,3364190759891763.0,0.0
DE.MV,6767573525856256.0,3557305326726583.0,0.0
DE.NI,7853615062450176.0,3304404388423653.5,0.0
DE.NW,1.4642544239443968e+16,4668963856010882.0,0.0
DE.RP,9454482517655552.0,2322010296805352.0,0.0
DE.SL,7881705759178752.0,4305170336841728.0,0.0
DE.SN,1.165996110905344e+16,4772366442288692.0,0.0
DE.ST,8176206297956352.0,3538609398864579.5,0.0
DE.SH,6054002827460608.0,1933501411413196.8,0.0
DE.TH,1.0302959749431296e+16,3289221962574506.5,0.0
