HASC_1,Max,Mean,Min
DE.BW,1.0044230919520256e+16,4325820690176409.5,0.0
DE.BY,1.0878940633628672e+16,3980892349270643.0,0.0
DE.BE,1.5010584282005504e+16,9637975331700736.0,0.0
DE.BR,1.845510939869184e+16,4421848733095472.0,0.0
DE.HB,8927568413589504.0,2706626927540451.5,0.0
DE.HH,6957295116222464.0,1453590814518537.5,0.0
DE.HE,9862595678830592.0,4349887421307945.0,0.0
DE.MV,9838638351253504.0,4032624162429805.5,0.0
DE.NI,1.46066737463296e+16,3690317324856168.5,0.0
DE.NW,1.6292214334291968e+16,5639089018648221.0,0.0
DE.RP,1.161847172497408e+16,4516781581560987.0,0.0
DE.SL,7928475268677632.0,6544089949195469.0,0.0
DE.SN,1.4525684621770752e+16,5071677643003779.0,0.0
DE.ST,1.4525684621770752e+16,4581590427939039.0,0.0
DE.SH,7702295311548416.0,2149598096040831.0,0.0
DE.TH,1.2081170699255808e+16,4821727151939974.0,0.0
