HASC_1,Max,Mean,Min
DE.BW,2.0218564988370944e+16,7898357318304836.0,0.0
DE.BY,2.0045604507877376e+16,4944961493561205.0,0.0
DE.BE,4298897191075840.0,1474199726063616.0,0.0
DE.BR,1.005232263790592e+16,1603327358577322.8,0.0
DE.HB,1235617396555776.0,656740815208448.0,0.0
DE.HH,5036796194848768.0,813498695000367.4,0.0
DE.HE,1.317381360058368e+16,3223056201072460.0,0.0
DE.MV,3866932197457920.0,958952697378755.1,0.0
DE.NI,3.2607494790447104e+16,2187620687136950.8,0.0
DE.NW,4.289655280448307e+16,8729771808821696.0,0.0
DE.RP,3.051633104859955e+16,9121122966717244.0,0.0
DE.SL,3.09486753415168e+16,2.3863688771683396e+16,0.0
DE.SN,1.4329581783744512e+16,4955054656776255.0,0.0
DE.ST,9969947312652288.0,1466413286938054.0,0.0
DE.SH,6888215399104512.0,1506514509146794.8,0.0
DE.TH,1.0645210660864e+16,2119509562509604.5,0.0
