HASC_1,Max,Mean,Min
DE.BW,7911798984409088.0,3731169568603067.5,0.0
DE.BY,9906066116575232.0,3402059478049269.5,0.0
DE.BE,5604365385596928.0,4389806045921280.0,0.0
DE.BR,5791952914087936.0,2620762720087947.0,0.0
DE.HB,7205590396829696.0,4045448128670378.5,0.0
DE.HH,6517645620805632.0,1588797583014115.5,0.0
DE.HE,8701839964897280.0,3929995352588943.5,0.0
DE.MV,6409607329087488.0,3346069399325381.5,0.0
DE.NI,1.0094742956146688e+16,3519788892961752.0,0.0
DE.NW,1.2493600302563328e+16,4943952264410344.0,0.0
DE.RP,1.0286515393396736e+16,3987213144322503.0,0.0
DE.SL,6214956726878208.0,5216319635910383.0,0.0
DE.SN,6333333004877824.0,2992017565694480.0,0.0
DE.ST,7211827763085312.0,3056719423540726.5,0.0
DE.SH,7075686963478528.0,2655763960395639.5,0.0
DE.TH,9906066116575232.0,3346274478619111.5,0.0
