HASC_1,Max,Mean,Min
DE.BW,8439705762791424.0,4469586264693145.5,0.0
DE.BY,8562008714641408.0,2929022621137300.0,0.0
DE.BE,6967170856648704.0,4856521921921024.0,0.0
DE.BR,8269242268909568.0,3472959229828355.5,0.0
DE.HB,6340725180465152.0,3883806676571477.5,0.0
DE.HH,1.0971148212764672e+16,2633751474043714.5,0.0
DE.HE,8540168269070336.0,3903079086118229.5,0.0
DE.MV,1.0748465969627136e+16,4766185745360018.0,0.0
DE.NI,1.1031209035431936e+16,4337192691751789.5,0.0
DE.NW,1.1147486685036544e+16,5127909416317747.0,0.0
DE.RP,8540168269070336.0,3718106594259564.5,0.0
DE.SL,5671030794223616.0,4655861908845363.0,0.0
DE.SN,8722228711522304.0,3129621141706857.5,0.0
DE.ST,8379471530819584.0,3352744025972587.0,0.0
DE.SH,1.0748465969627136e+16,4176697725568068.5,0.0
DE.TH,7574210796847104.0,2188869417883734.5,0.0
