HASC_1,Max,Mean,Min
IT.AB,0.6647925972938538,0.29830322538812953,0.0
IT.SD,0.4715801179409027,0.10936013432219624,0.0
IT.PU,0.4090394675731659,0.20766236526625498,0.0
IT.LB,0.4797509014606476,0.18546768128871918,0.0
IT.CM,0.6368855237960815,0.24555693980720308,0.0
IT.ER,0.9024128913879395,0.3248565750462668,0.0
IT.FV,0.7607454061508179,0.37589063133512224,0.0
IT.LZ,0.8398797512054443,0.300116506991563,0.0
IT.LG,0.6051431894302368,0.20365697781865796,0.0
IT.LM,0.9138454794883728,0.32147347513172364,0.0
IT.MH,0.8115034699440002,0.33025221247226,0.0
IT.ML,0.6465905904769897,0.362730223685503,0.0
IT.PM,0.49713385105133057,0.1961874871091409,0.0
IT.SC,0.3703688979148865,0.15382632852362638,0.0
IT.TT,0.8245022892951965,0.1439536919693152,0.0
IT.TC,0.8916424512863159,0.34877010732889174,0.0
IT.BC,0.8697200417518616,0.40032614176235504,0.0
IT.UM,0.8308133482933044,0.3753466691289629,0.0
IT.VB,0.46300578117370605,0.276964141925176,0.0
IT.VN,0.8732535243034363,0.37737484073097055,0.0
