HASC_1,Max,Mean,Min
IT.AB,0.0,0.0,0.0
IT.SD,0.0,0.0,0.0
IT.PU,0.0,0.0,0.0
IT.LB,0.0,0.0,0.0
IT.CM,0.0,0.0,0.0
IT.ER,0.3397727310657501,0.0716337329878505,0.0
IT.FV,0.0,0.0,0.0
IT.LZ,0.2974931597709656,0.03003693597080807,0.0
IT.LG,0.3397727310657501,0.13324408528084555,0.0
IT.LM,0.3397727310657501,0.1281065809675771,0.0
IT.MH,0.0,0.0,0.0
IT.ML,0.0,0.0,0.0
IT.PM,0.3965965509414673,0.15373128334229644,0.0
IT.SC,0.38744598627090454,0.19388582879169422,0.0
IT.TT,0.32514461874961853,0.024930133161445458,0.0
IT.TC,0.3241283595561981,0.10623028350722355,0.0
IT.BC,0.3077726364135742,0.030613674874609663,0.0
IT.UM,0.14029835164546967,0.009541092240916831,0.0
IT.VB,0.2987520694732666,0.18253086507320404,0.0
IT.VN,0.2833382189273834,0.01076710721562532,0.0
