HASC_1,Max,Mean,Min
IT.AB,0.3257065415382385,0.11640217234768595,0.0
IT.SD,0.0,0.0,0.0
IT.PU,0.0,0.0,0.0
IT.LB,0.16287249326705933,0.008271319020007337,0.0
IT.CM,0.3296873867511749,0.05914712813036102,0.0
IT.ER,0.3623179793357849,0.12943816198302166,0.0
IT.FV,0.3169883191585541,0.033919827985976425,0.0
IT.LZ,0.36675500869750977,0.12622161113001681,0.0
IT.LG,0.6131362915039062,0.20483531492451826,0.0
IT.LM,0.5195924043655396,0.1600628693898519,0.0
IT.MH,0.3434029817581177,0.1429428975097835,0.0
IT.ML,0.2979770004749298,0.07922846455282222,0.0
IT.PM,0.7780088782310486,0.26884015337987377,0.0
IT.SC,0.6456567645072937,0.29885472340339964,0.0
IT.TT,0.3888038992881775,0.06607813293735186,0.0
IT.TC,0.3729294240474701,0.14671136513352395,0.0
IT.BC,0.35721826553344727,0.16247944403735418,0.0
IT.UM,0.360859215259552,0.1510620205884888,0.0
IT.VB,0.5348310470581055,0.3379347781340281,0.0
IT.VN,0.3327364921569824,0.13594256837809968,0.0
