HASC_1,Max,Mean,Min
IT.AB,0.0,0.0,0.0
IT.SD,0.0,0.0,0.0
IT.PU,0.0,0.0,0.0
IT.LB,0.0,0.0,0.0
IT.CM,0.0,0.0,0.0
IT.ER,0.3274228572845459,0.07090181965200568,0.0
IT.FV,0.0,0.0,0.0
IT.LZ,0.30194857716560364,0.029946861719643628,0.0
IT.LG,0.3682888448238373,0.13305106200277805,0.0
IT.LM,0.34073519706726074,0.12588704899353925,0.0
IT.MH,0.0,0.0,0.0
IT.ML,0.0,0.0,0.0
IT.PM,0.37288498878479004,0.1526499951427633,0.0
IT.SC,0.40610164403915405,0.18935173106464473,0.0
IT.TT,0.3160128891468048,0.02407456419430673,0.0
IT.TC,0.3197122812271118,0.10724371617349486,0.0
IT.BC,0.24420896172523499,0.021824554673263004,0.0
IT.UM,0.26502224802970886,0.016400131796087538,0.0
IT.VB,0.3587738275527954,0.21196208397547403,0.0
IT.VN,0.30891746282577515,0.015220538858061032,0.0
