HASC_1,Max,Mean,Min
IT.AB,0.8754434585571289,0.37703960357854766,0.0
IT.SD,0.6384288668632507,0.14745265562087298,0.0
IT.PU,0.6159259676933289,0.3320460794937043,0.0
IT.LB,0.6555513143539429,0.2721338484968458,0.0
IT.CM,0.7984358072280884,0.3078346542186207,0.0
IT.ER,0.9728652238845825,0.32311909752232687,0.0
IT.FV,0.9057925939559937,0.46901376502854486,0.0
IT.LZ,0.9057939052581787,0.3409952077048796,0.0
IT.LG,0.8298418521881104,0.2713415774827202,0.0
IT.LM,0.9728652238845825,0.329411522190795,0.0
IT.MH,0.8583458662033081,0.3841538783162832,0.0
IT.ML,0.7984358072280884,0.43716006229321164,0.0
IT.PM,0.8029161691665649,0.282917560366067,0.0
IT.SC,0.5317907333374023,0.20308502727526834,0.0
IT.TT,0.8406872153282166,0.1557961495220661,0.0
IT.TC,0.8943563103675842,0.35661663512388864,0.0
IT.BC,0.8883594274520874,0.42707115695590064,0.0
IT.UM,0.9057939052581787,0.39392243290231344,0.0
IT.VB,0.8029161691665649,0.45676717162132263,0.0
IT.VN,0.9057925939559937,0.4004156904464418,0.0
