HASC_1,Max,Mean,Min
IT.AB,0.6973509192466736,0.29969662831475335,0.0
IT.SD,0.47872987389564514,0.11033127885311841,0.0
IT.PU,0.40233680605888367,0.20699140571412586,0.0
IT.LB,0.5059831738471985,0.18473531582525798,0.0
IT.CM,0.6255958676338196,0.24701109466453394,0.0
IT.ER,0.8941184878349304,0.32458785695156883,0.0
IT.FV,0.7573379874229431,0.38029061342988696,0.0
IT.LZ,0.8536074757575989,0.3017689809203148,0.0
IT.LG,0.6003572344779968,0.20135325969507298,0.0
IT.LM,0.9156451225280762,0.32288884403359175,0.0
IT.MH,0.8237106800079346,0.33274606335908175,0.0
IT.ML,0.6401992440223694,0.36314553022384644,0.0
IT.PM,0.4877679646015167,0.19492456090043891,0.0
IT.SC,0.5888798236846924,0.17340681166388094,0.0
IT.TT,0.8258150815963745,0.14469510853290557,0.0
IT.TC,0.8887495994567871,0.3479308521995942,0.0
IT.BC,0.8723608255386353,0.39915672181144596,0.0
IT.UM,0.8176352381706238,0.37227426043578554,0.0
IT.VB,0.45846426486968994,0.2782469267646472,0.0
IT.VN,0.8867718577384949,0.37663189829750493,0.0
