HASC_1,Max,Mean,Min
IT.AB,0.0,0.0,0.0
IT.SD,0.0,0.0,0.0
IT.PU,0.0,0.0,0.0
IT.LB,0.0,0.0,0.0
IT.CM,0.0,0.0,0.0
IT.ER,0.31425741314888,0.05638618065183566,0.0
IT.FV,0.0,0.0,0.0
IT.LZ,0.30308997631073,0.03126485469531164,0.0
IT.LG,0.34653037786483765,0.13606267236173153,0.0
IT.LM,0.34101325273513794,0.07108738741188948,0.0
IT.MH,0.0,0.0,0.0
IT.ML,0.0,0.0,0.0
IT.PM,0.3745523691177368,0.15232352844693445,0.0
IT.SC,0.39327964186668396,0.19150466217913412,0.0
IT.TT,0.2995089292526245,0.025625500592092672,0.0
IT.TC,0.3312893211841583,0.10457652133336523,0.0
IT.BC,0.0,0.0,0.0
IT.UM,0.2369161993265152,0.014811278559916121,0.0
IT.VB,0.32573795318603516,0.1932842602332433,0.0
IT.VN,0.0,0.0,0.0
