HASC_1,Max,Mean,Min
IT.AB,0.8956955671310425,0.3832150703916947,0.0
IT.SD,0.8471860885620117,0.20288301557302474,0.0
IT.PU,0.8227211236953735,0.4305604561453774,0.0
IT.LB,0.8241171836853027,0.35318610135998046,0.0
IT.CM,0.894877552986145,0.33977147274547154,0.0
IT.ER,0.6550973653793335,0.16675634063514216,0.0
IT.FV,0.8566373586654663,0.49308762635503495,0.0
IT.LZ,0.8963711261749268,0.3060684747717999,0.0
IT.LG,0.37726473808288574,0.09765360737219453,0.0
IT.LM,0.4696873426437378,0.17850035393976757,0.0
IT.MH,0.9056742787361145,0.34544525807723403,0.0
IT.ML,0.8781428337097168,0.5254852585494518,0.0
IT.PM,0.38052985072135925,0.08619931533255361,0.0
IT.SC,0.42478615045547485,0.19583093374967575,0.0
IT.TT,0.8626328110694885,0.14377323606361944,0.0
IT.TC,0.5906322002410889,0.18449491169303656,0.0
IT.BC,0.5158005356788635,0.22403250409970207,0.0
IT.UM,0.9056742787361145,0.2859561535574141,0.0
IT.VB,0.09745927155017853,0.052505844334761305,0.0
IT.VN,0.8278723955154419,0.24652390088886023,0.0
