HASC_1,Max,Mean,Min
IT.AB,0.8557252287864685,0.3789920111497243,0.0
IT.SD,0.8803998827934265,0.2250845365226269,0.0
IT.PU,0.8803998827934265,0.44282507541633787,0.0
IT.LB,0.8985170722007751,0.36337984246867044,0.0
IT.CM,0.898408830165863,0.3354835696518421,0.0
IT.ER,0.8453024625778198,0.2240601945668459,0.0
IT.FV,0.870665967464447,0.4992160601275308,0.0
IT.LZ,0.7692195177078247,0.2240698697666327,0.0
IT.LG,0.4874405264854431,0.12650545798048066,0.0
IT.LM,0.7351877689361572,0.2554668470835074,0.0
IT.MH,0.8453024625778198,0.3382173751791318,0.0
IT.ML,0.8536784052848816,0.49054810342689353,0.0
IT.PM,0.48394575715065,0.108429071131501,0.0
IT.SC,0.380385160446167,0.08848253828579221,0.0
IT.TT,0.756916880607605,0.10080409767727057,0.0
IT.TC,0.7704117298126221,0.2199323007216056,0.0
IT.BC,0.865790843963623,0.3113705371580427,0.0
IT.UM,0.6557676792144775,0.2257154324934596,0.0
IT.VB,0.4479793906211853,0.09206107524611677,0.0
IT.VN,0.870665967464447,0.2987623450092294,0.0
