HASC_1,Max,Mean,Min
IT.AB,0.36300036311149597,0.15745247155427933,0.0
IT.SD,0.31884220242500305,0.06272860943427076,0.0
IT.PU,0.30565932393074036,0.16358084515446708,0.0
IT.LB,0.3263542354106903,0.13954162810529983,0.0
IT.CM,0.356770783662796,0.1382833607494831,0.0
IT.ER,0.6264424324035645,0.17737453657069377,0.0
IT.FV,0.349714457988739,0.18453068541628972,0.0
IT.LZ,0.39773768186569214,0.13772450760006905,0.0
IT.LG,0.8209444284439087,0.286193876216809,0.0
IT.LM,0.5876097083091736,0.2257632397943073,0.0
IT.MH,0.3532881736755371,0.15887256618589163,0.0
IT.ML,0.356770783662796,0.19526525462667146,0.0
IT.PM,0.8967078328132629,0.33707118115641854,0.0
IT.SC,0.8585872650146484,0.39691051620651374,0.0
IT.TT,0.5350968837738037,0.07500373681386312,0.0
IT.TC,0.6263521313667297,0.18423219323158263,0.0
IT.BC,0.46678903698921204,0.183131713952337,0.0
IT.UM,0.3749140501022339,0.15724504774525053,0.0
IT.VB,0.7702911496162415,0.46121670802434284,0.0
IT.VN,0.39927998185157776,0.16080528802492403,0.0
