HASC_1,Max,Mean,Min
IT.AB,0.0,0.0,0.0
IT.SD,0.0,0.0,0.0
IT.PU,0.0,0.0,0.0
IT.LB,0.0,0.0,0.0
IT.CM,0.0,0.0,0.0
IT.ER,0.3553599417209625,0.0988201564832707,0.0
IT.FV,0.0,0.0,0.0
IT.LZ,0.32598596811294556,0.06479492735296069,0.0
IT.LG,0.3374505341053009,0.1399295094112555,0.0
IT.LM,0.3885015845298767,0.14537262222451022,0.0
IT.MH,0.24478048086166382,0.007778061918074286,0.0
IT.ML,0.0,0.0,0.0
IT.PM,0.6047040820121765,0.1858903009783138,0.0
IT.SC,0.4374372661113739,0.20686865716495298,0.0
IT.TT,0.34638434648513794,0.03646411282007951,0.0
IT.TC,0.3553599417209625,0.13209132336990212,0.0
IT.BC,0.3333826959133148,0.06345397387705153,0.0
IT.UM,0.30772864818573,0.07333651377448513,0.0
IT.VB,0.3852711021900177,0.24345773259798686,0.0
IT.VN,0.3180728256702423,0.04084821360646112,0.0
