HASC_1,Max,Mean,Min
IT.AB,0.3973880112171173,0.15297413524240255,0.0
IT.SD,0.36721450090408325,0.08888393631204963,0.0
IT.PU,0.35528451204299927,0.1750045745145707,0.0
IT.LB,0.3635542392730713,0.14356003190789904,0.0
IT.CM,0.36721450090408325,0.1479371020363437,0.0
IT.ER,0.8370087742805481,0.23925819647099292,0.0
IT.FV,0.36948105692863464,0.20099869668483733,0.0
IT.LZ,0.5547203421592712,0.1625906324221028,0.0
IT.LG,0.8728237152099609,0.3520107874646783,0.0
IT.LM,0.7984691262245178,0.30406691019351667,0.0
IT.MH,0.4047621190547943,0.17318080396701893,0.0
IT.ML,0.3973880112171173,0.21237296797335148,0.0
IT.PM,0.9011248350143433,0.3754141768271273,0.0
IT.SC,0.8967766761779785,0.4336005545813929,0.0
IT.TT,0.6220865845680237,0.08325042848785719,0.0
IT.TC,0.8020583987236023,0.26165783281127614,0.0
IT.BC,0.6144559979438782,0.2740535733718721,0.0
IT.UM,0.42943984270095825,0.1914572808004561,0.0
IT.VB,0.8773184418678284,0.5067914466063181,0.0
IT.VN,0.576134979724884,0.22000144557519394,0.0
