HASC_1,Max,Mean,Min
IT.AB,0.0737479031085968,0.005405705796770614,0.0
IT.SD,0.37201350927352905,0.04501308318576776,0.0
IT.PU,0.0956723690032959,0.046725080615293076,0.0
IT.LB,0.09320887178182602,0.020299982137761876,0.0
IT.CM,0.07309652119874954,0.0073271447658448275,0.0
IT.ER,0.005434657912701368,4.852727925376753e-05,0.0
IT.FV,0.23277154564857483,0.05661543200590781,0.0
IT.LZ,0.0,0.0,0.0
IT.LG,0.0,0.0,0.0
IT.LM,0.0,0.0,0.0
IT.MH,0.05818178504705429,0.0038363716532501257,0.0
IT.ML,0.0737479031085968,0.019390663316395756,0.0
IT.PM,0.0,0.0,0.0
IT.SC,0.0,0.0,0.0
IT.TT,0.0,0.0,0.0
IT.TC,0.0,0.0,0.0
IT.BC,0.09856367856264114,0.022889246495521678,0.0
IT.UM,0.0,0.0,0.0
IT.VB,0.0,0.0,0.0
IT.VN,0.09730597585439682,0.023341413590142936,0.0
