HASC_1,Max,Mean,Min
IT.AB,0.4056491255760193,0.17514710811277232,0.0
IT.SD,0.34838593006134033,0.08047602435108274,0.0
IT.PU,0.34838593006134033,0.1705342240276791,0.0
IT.LB,0.3613969683647156,0.15274965124470846,0.0
IT.CM,0.36796441674232483,0.14566652352611223,0.0
IT.ER,0.7793360948562622,0.2382528916267412,0.0
IT.FV,0.36790931224823,0.18841026084763662,0.0
IT.LZ,0.604994535446167,0.16610960151862214,0.0
IT.LG,0.8824062347412109,0.3507556819046537,0.0
IT.LM,0.7815004587173462,0.3008039945211166,0.0
IT.MH,0.41539889574050903,0.16783919651061296,0.0
IT.ML,0.3766636252403259,0.2258929181843996,0.0
IT.PM,0.9146932363510132,0.37796069315888664,0.0
IT.SC,0.9099304676055908,0.43929928659715434,0.0
IT.TT,0.6079355478286743,0.08431702733039856,0.0
IT.TC,0.7785581350326538,0.2610915729155143,0.0
IT.BC,0.591855525970459,0.2784231749791948,0.0
IT.UM,0.46589183807373047,0.18553118514163153,0.0
IT.VB,0.9156776666641235,0.46885208288828534,0.0
IT.VN,0.5592822432518005,0.21879315122284673,0.0
