HASC_1,Max,Mean,Min
IT.AB,0.0,0.0,0.0
IT.SD,0.0,0.0,0.0
IT.PU,0.0,0.0,0.0
IT.LB,0.0,0.0,0.0
IT.CM,0.0,0.0,0.0
IT.ER,0.3195267915725708,0.03874610768564578,0.0
IT.FV,0.0,0.0,0.0
IT.LZ,0.3055846691131592,0.02951507738153278,0.0
IT.LG,0.3431336283683777,0.13205335227151713,0.0
IT.LM,0.34885919094085693,0.07016376305260083,0.0
IT.MH,0.0,0.0,0.0
IT.ML,0.0,0.0,0.0
IT.PM,0.3896934688091278,0.15460785722190684,0.0
IT.SC,0.39795273542404175,0.1931704238734462,0.0
IT.TT,0.3026730418205261,0.0235080852235357,0.0
IT.TC,0.31171754002571106,0.09663170767016709,0.0
IT.BC,0.0,0.0,0.0
IT.UM,0.15643075108528137,0.010677477222911659,0.0
IT.VB,0.3655474781990051,0.18798296749591828,0.0
IT.VN,0.0,0.0,0.0
