HASC_1,Max,Mean,Min
AU.AS,2823987973324800.0,862527009325056.0,0.0
AU.AC,0.0,0.0,0.0
AU.CR,2822475876401152.0,52954560998139.58,0.0
AU.JB,0,0,0
AU.NS,8854857838493696.0,768680865384132.4,0.0
AU.NT,1.3430667677270016e+16,2229429555347957.0,0.0
AU.QL,5084209412571136.0,822202662615348.8,0.0
AU.SA,6282078475780096.0,1601937156097553.2,0.0
AU.TS,4911492134600704.0,67656594186601.29,0.0
AU.VI,1.2766196508131328e+16,1519356010284151.0,0.0
AU.WA,5120747773100032.0,1406259930231073.2,0.0
