HASC_1,Max,Mean,Min
CN.AH,0.24271105229854584,0.02347706764693511,0.0
CN.BJ,9.005356876867765e-11,6.822240058233155e-13,0.0
CN.CQ,0.08102552592754364,0.0020848553217352097,0.0
CN.FJ,0.25707507133483887,0.00807068145045736,0.0
CN.GS,0.12457922846078873,4.130595817556947e-05,0.0
CN.GD,0.2769199013710022,0.0077421387854859445,0.0
CN.GX,0.2694530785083771,0.00024953463552718924,0.0
CN.GZ,0.013805205933749676,4.358685311166499e-05,0.0
CN.HA,0.0180168729275465,5.835668519646132e-05,0.0
CN.HB,0.05722355842590332,0.00024479707202556465,0.0
CN.HL,0.31609997153282166,0.005611412559864385,0.0
CN.HE,0.2426498979330063,0.00947159903959173,0.0
CN.HU,0.3271472454071045,0.01617474975544998,0.0
CN.HN,0.3172139525413513,0.007846078085013428,0.0
CN.JS,0.2383359670639038,0.017086725345616404,0.0
CN.JX,0.5410786271095276,0.026145070941578558,0.0
CN.JL,0.04350833222270012,8.429356313035326e-05,0.0
CN.LN,0.05345833674073219,0.00032814979428189136,0.0
CN.NM,0.21957500278949738,0.0004903486627280895,0.0
CN.NX,0.0050848666578531265,4.022119163018821e-06,0.0
CN.QH,0.12479398399591446,0.0002563291134070552,0.0
CN.SA,0.10278303176164627,0.0006487870035547088,0.0
CN.SD,0.3855554759502411,0.02499224176441449,0.0
CN.SH,0.051541950553655624,0.0009695047792417557,0.0
CN.SX,0.1494458168745041,0.00044880541914406785,0.0
CN.SC,0.38502004742622375,0.001438229587228443,0.0
CN.TJ,0.030849987640976906,0.001249294314752036,0.0
CN.XJ,0.3537333011627197,0.0011409641132876982,0.0
CN.XZ,2.9531993865966797,0.017967112808813527,0.0
CN.YN,0.1448710411787033,0.0002587126764191486,0.0
CN.ZJ,0.16759590804576874,0.0018509390986461464,0.0
