HASC_1,Max,Mean,Min
CN.AH,3.1413066387176514,0.3123828479481374,0.0
CN.BJ,0.08017013221979141,0.005905913891477424,0.0
CN.CQ,4.189073085784912,0.26051879622803137,0.0
CN.FJ,0.23149801790714264,0.0015837195383974555,0.0
CN.GS,2.2591378688812256,0.03413087745679157,0.0
CN.GD,1.0437482595443726,0.009257107564682263,0.0
CN.GX,3.307974100112915,0.05248736942150818,0.0
CN.GZ,3.3660151958465576,0.018446256849794757,0.0
CN.HA,8.637075424194336,0.24910919096269984,0.0
CN.HB,1.5932706594467163,0.06734621299499768,0.0
CN.HL,6.238606929779053,0.18575344002510955,0.0
CN.HE,3.70998477935791,0.2545813134658662,0.0
CN.HU,0.9091578125953674,0.06003944964372919,0.0
CN.HN,0.7257713675498962,0.0034089801212374886,0.0
CN.JS,7.4416422843933105,0.5654316556174308,0.0
CN.JX,0.3055587112903595,0.009068545574593467,0.0
CN.JL,1.958286166191101,0.05155826992043454,0.0
CN.LN,0.3996694087982178,0.0041581385168123165,0.0
CN.NM,1.4264369010925293,0.02094025143341995,0.0
CN.NX,0.4332925081253052,0.036575357228219856,0.0
CN.QH,3.8870513439178467,0.06231634091334136,0.0
CN.SA,5.278471946716309,0.33099317707588727,0.0
CN.SD,3.0137898921966553,0.27530775688888176,0.0
CN.SH,1.5238016843795776,0.16717908761597106,0.0
CN.SX,2.2182416915893555,0.2888595207035708,0.0
CN.SC,6.598627090454102,0.3757547439514494,0.0
CN.TJ,0.44381871819496155,0.03132786159426449,0.0
CN.XJ,1.7909165620803833,0.014287869510851188,0.0
CN.XZ,2.723504066467285,0.028512475673338415,0.0
CN.YN,1.4969291687011719,0.03820983902660169,0.0
CN.ZJ,3.165597677230835,0.0919617045022265,0.0
