HASC_1,Max,Mean,Min
CN.AH,1.4540596008300781,0.08998836595566428,0.0
CN.BJ,0.1664833426475525,0.024029320589541,0.0
CN.CQ,0.7647602558135986,0.024934615965484026,0.0
CN.FJ,1.3483161926269531,0.01710730014627868,0.0
CN.GS,0.09470769017934799,0.00012656546015916962,0.0
CN.GD,0.5113499760627747,0.002574931378806417,0.0
CN.GX,0.22823216021060944,0.0016130918591439958,0.0
CN.GZ,0.09481009840965271,0.0011964477266509655,0.0
CN.HA,0.02571149729192257,0.0002953211125689258,0.0
CN.HB,1.602646827697754,0.10068514762873695,0.0
CN.HL,0.09775833040475845,0.000723068019877787,0.0
CN.HE,0.5863145589828491,0.02539691104392615,0.0
CN.HU,0.5186891555786133,0.017819157962528268,0.0
CN.HN,0.37202778458595276,0.006526672060389575,0.0
CN.JS,1.5405293703079224,0.12360597444343771,0.0
CN.JX,0.3984445631504059,0.01956224581653818,0.0
CN.JL,0.5387416481971741,0.029248344823692558,0.0
CN.LN,0.6500501036643982,0.03509756943547577,0.0
CN.NM,0.11612498760223389,0.0005351109135317686,0.0
CN.NX,0.04412033036351204,0.0007218971556944946,0.0
CN.QH,0.2405499815940857,0.00031674822169293023,0.0
CN.SA,0.06341066211462021,0.0014658163081422565,0.0
CN.SD,1.2724131345748901,0.18374072059622693,0.0
CN.SH,1.1715707778930664,0.0682386233887103,0.0
CN.SX,0.5593683123588562,0.030524406644696685,0.0
CN.SC,0.28797146677970886,0.002953819227201949,0.0
CN.TJ,0.5972703099250793,0.08486481853852085,0.0
CN.XJ,0.0981166660785675,0.00011810876375744791,0.0
CN.XZ,2.5435750484466553,0.01310034735163422,0.0
CN.YN,0.43232497572898865,0.0011549282461097443,0.0
CN.ZJ,1.0782920122146606,0.016107781578583464,0.0
