HASC_1,Max,Mean,Min
CN.AH,0.20836935937404633,0.0017920059907887424,0.0
CN.BJ,0.19907481968402863,0.029624857634483515,0.0
CN.CQ,0.9860144257545471,0.06802313192992077,0.0
CN.FJ,0.05122866854071617,0.0005928402432828181,0.0
CN.GS,2.9448015689849854,0.05978566225115836,0.0
CN.GD,0.2741834223270416,0.0013506782138569394,0.0
CN.GX,1.0180152654647827,0.01315040647319165,0.0
CN.GZ,0.3705678880214691,0.012010361878103665,0.0
CN.HA,3.6344354152679443,0.5571007491000806,0.0
CN.HB,1.212990403175354,0.03292104217819272,0.0
CN.HL,4.307619571685791,0.10576920688939959,0.0
CN.HE,0.3941396176815033,0.014806086460231297,0.0
CN.HU,1.5870232582092285,0.049386324988978075,0.0
CN.HN,0.4246489703655243,0.0018685847281742507,0.0
CN.JS,2.5395593643188477,0.052223529583515615,0.0
CN.JX,0.05222060903906822,0.0006326492224041813,0.0
CN.JL,1.4140429496765137,0.08360059065399246,0.0
CN.LN,2.2849409580230713,0.1143907295252221,0.0
CN.NM,1.7841817140579224,0.016116786910473177,0.0
CN.NX,1.2333803176879883,0.045635515411446746,0.0
CN.QH,1.673927664756775,0.03497343880608255,0.0
CN.SA,1.4795422554016113,0.10682164884732441,0.0
CN.SD,3.4856464862823486,0.20066107112694426,0.0
CN.SH,0.019360003992915154,0.0011130776539947159,0.0
CN.SX,1.4795422554016113,0.058151644382109,0.0
CN.SC,1.673927664756775,0.058172153030753404,0.0
CN.TJ,0.15476280450820923,0.03335783027715104,0.0
CN.XJ,2.061265230178833,0.016119613014338837,0.0
CN.XZ,2.2467455863952637,0.009500473837254764,0.0
CN.YN,0.8629071116447449,0.009144541584044133,0.0
CN.ZJ,0.12009715288877487,0.0007261268557043704,0.0
