HASC_1,Max,Mean,Min
CN.AH,1.44987154006958,0.05609423659479,0.0
CN.BJ,0.015494641847908497,0.0003032707838355411,0.0
CN.CQ,0.1355130821466446,0.003029341830278565,0.0
CN.FJ,0.762728214263916,0.0018680060228124923,0.0
CN.GS,0.11233270913362503,-9.20153369905702,-833.3250122070312
CN.GD,0.003097764914855361,1.9814439053849254e-06,0.0
CN.GX,0.001041666604578495,3.865182260224157e-07,0.0
CN.GZ,0.04570232331752777,0.00012827429101101723,0.0
CN.HA,0.001514747622422874,2.576101398678357e-06,0.0
CN.HB,0.07141009718179703,-21.76539123690831,-1666.64990234375
CN.HL,2.4263112545013428,-410.1117425165944,-1666.64990234375
CN.HE,0.23601269721984863,0.004988328201710525,0.0
CN.HU,0.42731165885925293,-1.193944460238554,-833.3240356445312
CN.HN,0.12558554112911224,0.006879643300876802,0.0
CN.JS,1.44987154006958,0.059578493745455596,0.0
CN.JX,0.354313462972641,0.005021248582731157,0.0
CN.JL,1.399610161781311,-66.51819675531344,-1666.64111328125
CN.LN,0.3952670991420746,-120.57416996273881,-1666.64990234375
CN.NM,0.21474044024944305,-135.85620746257317,-1666.64990234375
CN.NX,0.05117127671837807,-1.658413979288867,-833.2691040039062
CN.QH,0.14435939490795135,-98.33022288630731,-833.3250122070312
CN.SA,0.459460973739624,-0.6239606454036334,-833.3250122070312
CN.SD,0.1399107128381729,0.0034322178756732023,0.0
CN.SH,0.3720707893371582,0.03913731150452285,0.0
CN.SX,0.06428590416908264,-8.093504430181811,-1249.9874267578125
CN.SC,0.11233270913362503,-8.502121520666611,-833.3250122070312
CN.TJ,0.04681062698364258,0.0004276520145746569,0.0
CN.XJ,0.13980181515216827,-91.83507119986368,-833.3250122070312
CN.XZ,0.20808778703212738,-87.68738878965661,-833.3250122070312
CN.YN,0.12118065357208252,-0.11397575479222544,-833.3250122070312
CN.ZJ,0.8323541283607483,0.02383025602087617,0.0
