HASC_1,Max,Mean,Min
CN.AH,2.059940814971924,0.09520107899143787,0.0
CN.BJ,0.31259238719940186,0.008404679775839159,0.0
CN.CQ,1.0647680759429932,0.022318370462432163,0.0
CN.FJ,1.1414026021957397,0.07553421934419309,0.0
CN.GS,0.02044740505516529,2.2691337719918085e-05,0.0
CN.GD,1.4897775650024414,0.0371885747872461,0.0
CN.GX,7.43797492980957,0.12187385228314501,0.0
CN.GZ,4.243698596954346,0.1922734370372565,0.0
CN.HA,0.0,0.0,0.0
CN.HB,0.21769897639751434,0.0013211944094958083,0.0
CN.HL,0.5441166758537292,0.001586364022076035,0.0
CN.HE,0.18553322553634644,0.001765818458835708,0.0
CN.HU,1.3113682270050049,0.049429991260408604,0.0
CN.HN,3.6532468795776367,0.39830399379618064,0.0
CN.JS,0.8258485198020935,0.024368789981818285,0.0
CN.JX,3.1510162353515625,0.387859372261109,0.0
CN.JL,0.310575008392334,0.0032749638156266488,0.0
CN.LN,0.1973666399717331,0.004755828103918218,0.0
CN.NM,0.15498626232147217,0.0001903762992432543,0.0
CN.NX,0.0030966687481850386,2.099152011581726e-05,0.0
CN.QH,0.1612914502620697,0.00011394086835626092,0.0
CN.SA,0.2841464579105377,0.0012423999756614916,0.0
CN.SD,0.09109721332788467,0.0013739597037617454,0.0
CN.SH,0.750150740146637,0.14377934464386533,0.0
CN.SX,0.07800832390785217,0.0007122513582040212,0.0
CN.SC,0.417499303817749,0.0020208661618792557,0.0
CN.TJ,0.0889807865023613,0.0076391115488542135,0.0
CN.XJ,0.4688136577606201,0.0012903390504344042,0.0
CN.XZ,1.5598835945129395,0.004755158388879687,0.0
CN.YN,0.3521362841129303,0.0004573898739047973,0.0
CN.ZJ,2.041170120239258,0.2943554593806593,0.0
