HASC_1,Max,Mean,Min
CN.AH,1.560991883277893,0.029967022350215682,0.0
CN.BJ,0.03952360898256302,0.0008342889707895308,0.0
CN.CQ,0.19567342102527618,0.006777737672367416,0.0
CN.FJ,1.304155945777893,0.2681319438884047,0.0
CN.GS,0.07858175039291382,0.00011303456123116282,0.0
CN.GD,5.726297378540039,0.34648969910856103,0.0
CN.GX,11.826839447021484,0.9474503771628293,0.0
CN.GZ,0.8705220818519592,0.08980926336955793,0.0
CN.HA,0.5179852843284607,0.05457521874525804,0.0
CN.HB,0.07999999821186066,0.00014329585464655683,0.0
CN.HL,0.28144165873527527,0.003155604419544456,0.0
CN.HE,0.05471346899867058,0.00013320489011186678,0.0
CN.HU,0.8983986973762512,0.043136947380861726,0.0
CN.HN,3.2013909816741943,0.43109226264409606,0.0
CN.JS,0.19129091501235962,0.002619451001387623,0.0
CN.JX,1.9860175848007202,0.46397853879552137,0.0
CN.JL,0.32584163546562195,0.0034321299530776514,0.0
CN.LN,0.07594050467014313,0.00030107608864421946,0.0
CN.NM,0.22212499380111694,0.00028359771592765295,0.0
CN.NX,0.004762530792504549,3.1644722873784377e-06,0.0
CN.QH,0.1697666496038437,0.000581329328766119,0.0
CN.SA,0.040481507778167725,3.8620956704288144e-05,0.0
CN.SD,0.023333333432674408,4.0094513938461984e-05,0.0
CN.SH,0.6242863535881042,0.10907204995492066,0.0
CN.SX,0.0,0.0,0.0
CN.SC,0.32589712738990784,0.004145433007623726,0.0
CN.TJ,0.07999999821186066,0.00034203200062335123,0.0
CN.XJ,0.3753083646297455,0.0004928860067055481,0.0
CN.XZ,0.44825002551078796,0.002009215922019216,0.0
CN.YN,5.460113048553467,0.02861830112625922,0.0
CN.ZJ,1.1694902181625366,0.2040666731730813,0.0
