HASC_1,Max,Mean,Min
CN.AH,0.4371219873428345,0.03344852632954141,0.0
CN.BJ,0.005071891937404871,-41.03481241749221,-5416.61376953125
CN.CQ,0.585349977016449,0.021554472337704127,0.0
CN.FJ,0.03061485104262829,6.722081140606661e-05,0.0
CN.GS,0.19269704818725586,0.0018044905836423074,0.0
CN.GD,0.05219568684697151,0.000259095736075657,0.0
CN.GX,2.692324638366699,0.059711443408679524,0.0
CN.GZ,1.0866321325302124,0.04884756786085237,0.0
CN.HA,0.0,0.0,0.0
CN.HB,0.22312498092651367,-223.58564576586951,-5416.61376953125
CN.HL,0.0,-2239.424894032138,-5416.61376953125
CN.HE,1.4235340356826782,0.0677448532613572,0.0
CN.HU,0.8346424102783203,-2.9557293679471344,-1458.3154296875
CN.HN,0.6869692802429199,0.03522835163264993,0.0
CN.JS,0.22958029806613922,0.01417151719375152,0.0
CN.JX,0.5871750712394714,0.0136731398454612,0.0
CN.JL,0.04435987398028374,-1840.0407704553288,-5416.61376953125
CN.LN,0.031256046146154404,-812.1848058084664,-5416.61376953125
CN.NM,0.2510416507720947,-787.5443374387762,-5416.61376953125
CN.NX,0.1340447962284088,0.006931509636338975,0.0
CN.QH,0.3129916489124298,0.0012874711939560646,0.0
CN.SA,0.35453546047210693,0.008269531701107563,0.0
CN.SD,0.49532079696655273,-1.6472805534931043,-5416.60205078125
CN.SH,0.15232519805431366,0.020695986464644583,0.0
CN.SX,1.3361822366714478,0.01316516099641519,0.0
CN.SC,0.5444759726524353,0.005007590713017127,0.0
CN.TJ,0.02170693129301071,0.0012603152067408789,0.0
CN.XJ,0.2471916675567627,0.00034839185670587576,0.0
CN.XZ,1.6141496896743774,0.018006608772802375,0.0
CN.YN,1.9742904901504517,0.05650738456206071,0.0
CN.ZJ,0.5143520832061768,0.009315960501675189,0.0
