HASC_1,Max,Mean,Min
CN.AH,1.292885184288025,0.14351404609392432,0.0
CN.BJ,0.0,0.0,0.0
CN.CQ,1.5267610549926758,0.0663810967662792,0.0
CN.FJ,0.5876099467277527,0.030107586366300343,0.0
CN.GS,0.49842238426208496,0.00033172217125725014,0.0
CN.GD,0.3232167661190033,0.00428397592052643,0.0
CN.GX,0.8161065578460693,0.03826322165634193,0.0
CN.GZ,2.936271905899048,0.16223273853216152,0.0
CN.HA,0.1936536580324173,0.0004693385843379814,0.0
CN.HB,0.0372067429125309,3.6410089741529283e-05,0.0
CN.HL,0.9666609764099121,-0.7829907261403024,-1041.6551513671875
CN.HE,0.3490232527256012,0.022524296759927658,0.0
CN.HU,1.8832989931106567,0.231685334164461,0.0
CN.HN,1.8832989931106567,0.17077967592258017,0.0
CN.JS,0.8656079173088074,0.05490149374886435,0.0
CN.JX,0.7978169322013855,0.07356383108294962,0.0
CN.JL,0.46162858605384827,-11.382388351893288,-1041.65625
CN.LN,0.2098984271287918,0.0016323191827184948,0.0
CN.NM,0.9298520088195801,-0.3720258371637107,-1041.6552734375
CN.NX,0.0033861484844237566,1.1611271172516226e-05,0.0
CN.QH,0.7065203189849854,0.002987999281454663,0.0
CN.SA,0.994202196598053,0.007045728083928464,0.0
CN.SD,0.4830874502658844,0.003096708116047106,0.0
CN.SH,0.8740116953849792,0.117783570233483,0.0
CN.SX,0.3773142993450165,0.0019363872456794066,0.0
CN.SC,2.566112756729126,0.032964752929908143,0.0
CN.TJ,0.10537142306566238,0.0019363027877297295,0.0
CN.XJ,1.1610374450683594,0.014185679937804084,0.0
CN.XZ,0.8041372895240784,0.013715266100894357,0.0
CN.YN,2.5890727043151855,0.1114177801977563,0.0
CN.ZJ,0.768150269985199,0.07811990855577668,0.0
