HASC_1,Max,Mean,Min
CN.AH,2.386765241622925,0.09365974782705501,0.0
CN.BJ,0.0,0.0,0.0
CN.CQ,0.22672931849956512,0.002258482120307191,0.0
CN.FJ,7.64500093460083,0.20846616046000258,0.0
CN.GS,0.2874102294445038,0.002542337462525972,0.0
CN.GD,3.4118049144744873,0.1512799425394945,0.0
CN.GX,3.4857146739959717,0.20374030301366208,0.0
CN.GZ,3.499601125717163,0.1432898415486204,0.0
CN.HA,1.057173252105713,0.016434908088338623,0.0
CN.HB,0.03502509742975235,1.3973047038261803e-05,0.0
CN.HL,5.452605724334717,0.31678734786643464,0.0
CN.HE,0.10905542224645615,0.0008071971231372692,0.0
CN.HU,0.2655957043170929,0.005822471130309029,0.0
CN.HN,2.496356725692749,0.20926471247730066,0.0
CN.JS,1.5341469049453735,0.06408751206222531,0.0
CN.JX,3.087099313735962,0.4279169993641533,0.0
CN.JL,4.928650379180908,0.34213250326653616,0.0
CN.LN,1.9529999494552612,0.030098627567147773,0.0
CN.NM,2.018204689025879,0.01176358084684954,0.0
CN.NX,0.13278602063655853,0.0011916315324290122,0.0
CN.QH,1.1599045991897583,0.01748210662972223,0.0
CN.SA,0.17359767854213715,0.002401892689823332,0.0
CN.SD,0.13671180605888367,0.00018440065886929138,0.0
CN.SH,2.071268320083618,0.4213617723967348,0.0
CN.SX,0.13514409959316254,0.0005180529640289621,0.0
CN.SC,1.593199372291565,0.028168784486917307,0.0
CN.TJ,0.006117840763181448,0.00018075446757446866,0.0
CN.XJ,1.5768455266952515,0.009919131401677224,0.0
CN.XZ,1.449985384941101,0.019172427674299896,0.0
CN.YN,1.355936884880066,0.01124034881698281,0.0
CN.ZJ,4.075124740600586,0.618783190782581,0.0
