HASC_1,Max,Mean,Min
CN.AH,0.5453478097915649,0.012643359489719825,0.0
CN.BJ,2.1684114933013916,0.44897416932037987,0.0
CN.CQ,0.4524571895599365,0.007719537111365864,0.0
CN.FJ,0.2105283886194229,0.0033546055338050866,0.0
CN.GS,1.0288323163986206,0.039491412259315094,0.0
CN.GD,3.151331663131714,0.11730853825876138,0.0
CN.GX,5.816624164581299,0.18112035042207486,0.0
CN.GZ,1.0006688833236694,0.018203033947334968,0.0
CN.HA,1.611047625541687,0.1526725139582948,0.0
CN.HB,2.1693029403686523,0.1390896470155582,0.0
CN.HL,2.9373624324798584,0.034550608992709994,0.0
CN.HE,0.4235837161540985,0.02738571404801416,0.0
CN.HU,0.3054625689983368,0.004995316925395757,0.0
CN.HN,0.5762298703193665,0.009316265710181976,0.0
CN.JS,0.5224210619926453,0.03971640708323911,0.0
CN.JX,0.155324324965477,0.004399037099273093,0.0
CN.JL,0.5648930668830872,0.003891188028797818,0.0
CN.LN,0.451192170381546,0.01636159999255419,0.0
CN.NM,2.397064447402954,0.030325684809511463,0.0
CN.NX,0.750008761882782,0.11388021388100429,0.0
CN.QH,4.875675678253174,0.05012922538218351,0.0
CN.SA,1.2720919847488403,0.10108625033733852,0.0
CN.SD,1.1149356365203857,0.07986924457594485,0.0
CN.SH,0.2841053307056427,0.025250855227100796,0.0
CN.SX,0.8176726698875427,0.12387671347730042,0.0
CN.SC,3.447503089904785,0.16985652237691898,0.0
CN.TJ,1.1996711492538452,0.32399435025804185,0.0
CN.XJ,1.6717969179153442,0.02306551934023309,0.0
CN.XZ,3.536034345626831,0.03695006392697902,0.0
CN.YN,2.419844150543213,0.09414115779434597,0.0
CN.ZJ,0.5224210619926453,0.02236198387379946,0.0
