HASC_1,Max,Mean,Min
CN.AH,1.1133671998977661,0.07997745225623301,0.0
CN.BJ,1.1991899013519287,0.08345805332819417,0.0
CN.CQ,1.4641681909561157,0.1206948012675772,0.0
CN.FJ,5.535676956176758,0.462433036904232,0.0
CN.GS,4.053852558135986,0.04135105159442146,0.0
CN.GD,3.320319175720215,0.15802750029321905,0.0
CN.GX,1.1562302112579346,0.03947244855174426,0.0
CN.GZ,1.3713191747665405,0.04263227103303049,0.0
CN.HA,0.045151758939027786,0.0037229796785419353,0.0
CN.HB,0.8748736381530762,0.018193379801474324,0.0
CN.HL,2.5084011554718018,0.05614005485622337,0.0
CN.HE,0.8997836112976074,0.06070099867107826,0.0
CN.HU,3.2588436603546143,0.2582259245362298,0.0
CN.HN,8.521344184875488,0.7182221562777938,0.0
CN.JS,1.0102174282073975,0.044136534111929034,0.0
CN.JX,2.1798980236053467,0.3455967898954425,0.0
CN.JL,0.3830338418483734,0.005989068777196907,0.0
CN.LN,1.7476171255111694,0.037178806531188484,0.0
CN.NM,1.4786548614501953,0.013480363674381242,0.0
CN.NX,0.793487012386322,0.07674229798804509,0.0
CN.QH,0.4496958255767822,0.009673093472564153,0.0
CN.SA,1.0996813774108887,0.13139167336394048,0.0
CN.SD,0.15643608570098877,0.000994821450053858,0.0
CN.SH,1.3444099426269531,0.2068417588514941,0.0
CN.SX,0.1332971304655075,0.008582331809680366,0.0
CN.SC,1.582529067993164,0.07403491196169512,0.0
CN.TJ,0.4300960600376129,0.033687247186889195,0.0
CN.XJ,1.952008843421936,0.004732864819573431,0.0
CN.XZ,1.527089238166809,0.014559347737076678,0.0
CN.YN,0.47950780391693115,0.015294555504257666,0.0
CN.ZJ,4.350203514099121,0.3016523837369113,0.0
