HASC_1,Max,Mean,Min
CN.AH,0.023127751424908638,0.00012225700929578988,0.0
CN.BJ,0.7965743541717529,0.15203102666066226,0.0
CN.CQ,0.020262859761714935,9.40972044971692e-05,0.0
CN.FJ,2.0708730220794678,0.1783090390786152,0.0
CN.GS,2.9490842819213867,0.037810117639957654,0.0
CN.GD,7.771538257598877,0.4564270439063309,0.0
CN.GX,2.7745838165283203,0.12630531481108184,0.0
CN.GZ,0.46431079506874084,0.0019972207520283403,0.0
CN.HA,0.45644745230674744,0.025564798311298008,0.0
CN.HB,1.1439956426620483,0.03722397221176902,0.0
CN.HL,1.084633469581604,0.003493581140924895,0.0
CN.HE,0.05467666685581207,0.0010722846830114906,0.0
CN.HU,0.12117084115743637,0.0012551581757023697,0.0
CN.HN,0.27971023321151733,0.0013111679348194415,0.0
CN.JS,1.0713318586349487,0.007823566563054662,0.0
CN.JX,1.870388388633728,0.02266750082612066,0.0
CN.JL,0.3006249964237213,0.0011940728947609888,0.0
CN.LN,0.5741666555404663,0.0029972702586341512,0.0
CN.NM,0.7676874995231628,0.01065102925013373,0.0
CN.NX,0.45574286580085754,0.024445584407909712,0.0
CN.QH,4.726309776306152,0.07182924756573048,0.0
CN.SA,0.21831680834293365,0.009309217742154409,0.0
CN.SD,2.2170486450195312,0.01260132602780947,0.0
CN.SH,0.009439121000468731,0.00011911067298829689,0.0
CN.SX,0.4508951008319855,0.005603661538519743,0.0
CN.SC,4.726309776306152,0.07749579008753076,0.0
CN.TJ,0.22068946063518524,0.02300558825281412,0.0
CN.XJ,2.975641965866089,0.033820198585140994,0.0
CN.XZ,2.233114719390869,0.03175703999619128,0.0
CN.YN,1.7274526357650757,0.05818173665559809,0.0
CN.ZJ,0.1001308336853981,0.001378019039234676,0.0
