HASC_1,Max,Mean,Min
CN.AH,0.9996469616889954,0.07788934320249674,0.0
CN.BJ,0.6690695285797119,0.12052827617717964,0.0
CN.CQ,2.1039669513702393,0.07580601279680595,0.0
CN.FJ,0.20715247094631195,0.0029454994801257294,0.0
CN.GS,0.3917882442474365,0.0012272957793584662,0.0
CN.GD,0.39111456274986267,0.0004293853642737093,0.0
CN.GX,0.15657760202884674,0.000492258412875761,0.0
CN.GZ,0.0,0.0,0.0
CN.HA,0.00020833332382608205,3.54308373853881e-07,0.0
CN.HB,3.5149965286254883,0.08474235088165034,0.0
CN.HL,0.3285583555698395,0.001297772874930613,0.0
CN.HE,1.8615374565124512,0.04835905963330077,0.0
CN.HU,1.3828773498535156,0.1318409507516636,0.0
CN.HN,1.3573378324508667,0.014728243767166594,0.0
CN.JS,1.3578763008117676,0.036459899903919984,0.0
CN.JX,0.375423789024353,0.01906599414579446,0.0
CN.JL,0.1043500080704689,0.0008433094590526554,0.0
CN.LN,0.08277018368244171,0.001403012357647481,0.0
CN.NM,1.2333048582077026,0.008347843998532634,0.0
CN.NX,0.1548086255788803,0.0030980981358949443,0.0
CN.QH,0.07733628153800964,0.0004641741732692148,0.0
CN.SA,2.3122990131378174,0.0637046555175249,0.0
CN.SD,0.23565304279327393,0.0058286878014454455,0.0
CN.SH,1.3578763008117676,0.17587751299142837,0.0
CN.SX,3.5038559436798096,0.26324435152709,0.0
CN.SC,1.7213579416275024,0.014071038948796867,0.0
CN.TJ,0.6424055099487305,0.14272092222144792,0.0
CN.XJ,0.30375000834465027,0.00231428988471312,0.0
CN.XZ,0.8967832922935486,0.003898213903633452,0.0
CN.YN,0.22076666355133057,0.00035379682774999314,0.0
CN.ZJ,0.8883459568023682,0.05765831721046457,0.0
