HASC_1,Max,Mean,Min
CN.AH,0.3851255476474762,0.01853193934249993,0.0
CN.BJ,0.016955334693193436,0.0009113327196395532,0.0
CN.CQ,3.0524823665618896,0.28614274784195715,0.0
CN.FJ,0.3395802080631256,0.0054723718013771315,0.0
CN.GS,0.6003437638282776,0.0013555441469944888,0.0
CN.GD,2.8206303119659424,0.0682065815331588,0.0
CN.GX,3.2615888118743896,0.14566923800958378,0.0
CN.GZ,1.8610793352127075,0.08640137283264294,0.0
CN.HA,1.325898289680481,0.10416667004842782,0.0
CN.HB,0.09070688486099243,0.001061341072423921,0.0
CN.HL,1.802876353263855,0.0558852163860463,0.0
CN.HE,0.3100176751613617,0.005687519756924282,0.0
CN.HU,2.5317885875701904,0.14485365295376945,0.0
CN.HN,1.7243432998657227,0.08127151338830842,0.0
CN.JS,0.0800386443734169,0.0034979485461764095,0.0
CN.JX,1.9720443487167358,0.03452377173573998,0.0
CN.JL,0.6130408644676208,0.005959332909127036,0.0
CN.LN,0.06068189814686775,0.002160028698215521,0.0
CN.NM,0.38704490661621094,0.0007354023246469372,0.0
CN.NX,0.03084375709295273,0.00013507267850790023,0.0
CN.QH,0.30505234003067017,0.0008338274882487417,0.0
CN.SA,0.6087262630462646,0.019282489588936712,0.0
CN.SD,0.08887389302253723,0.0012151004052351176,0.0
CN.SH,0.0035908103454858065,0.00012852047366322948,0.0
CN.SX,0.062361955642700195,0.00198361206499683,0.0
CN.SC,3.0524823665618896,0.07360490582107948,0.0
CN.TJ,0.06286799162626266,0.005797088068021706,0.0
CN.XJ,2.1479275226593018,0.002300905932839941,0.0
CN.XZ,3.4653213024139404,0.03302721109950375,0.0
CN.YN,4.557178974151611,0.2041582264317445,0.0
CN.ZJ,0.11922609806060791,0.0008208427864035131,0.0
