HASC_1,Max,Mean,Min
CN.AH,1.3058371543884277,0.0429818440760861,0.0
CN.BJ,0.21703968942165375,0.015463965229403152,0.0
CN.CQ,1.2435749769210815,0.12791923983658596,0.0
CN.FJ,2.3207943439483643,0.05064907591348055,0.0
CN.GS,1.8105257749557495,0.031674662826004896,0.0
CN.GD,5.140224456787109,0.05228075442992389,0.0
CN.GX,1.360181450843811,0.015521663084302218,0.0
CN.GZ,0.9929493069648743,0.04229657109633858,0.0
CN.HA,2.758568048477173,0.2623521503742917,0.0
CN.HB,2.024174928665161,0.05196977421149295,0.0
CN.HL,2.4719297885894775,0.07755891449941756,0.0
CN.HE,0.5766028761863708,0.03068033545074114,0.0
CN.HU,0.9050347208976746,0.06819186041215637,0.0
CN.HN,0.7547122836112976,0.03906256273144261,0.0
CN.JS,0.46369612216949463,0.02442406553747445,0.0
CN.JX,0.8635227680206299,0.05505402533056009,0.0
CN.JL,2.4719297885894775,0.06659708003640226,0.0
CN.LN,0.5545388460159302,0.01072830191380527,0.0
CN.NM,4.734628200531006,0.0765114816792175,0.0
CN.NX,1.4159669876098633,0.09109936088657755,0.0
CN.QH,0.9493667483329773,0.030155594001180997,0.0
CN.SA,3.998594045639038,0.17670469156916882,0.0
CN.SD,0.312183141708374,0.007073442998106208,0.0
CN.SH,0.2686222195625305,0.052454074685062684,0.0
CN.SX,3.8663289546966553,0.24981141083718816,0.0
CN.SC,1.6537572145462036,0.14090900857434704,0.0
CN.TJ,0.20264548063278198,0.02629906545937011,0.0
CN.XJ,3.2212822437286377,0.024337694347369303,0.0
CN.XZ,2.715998649597168,0.03937341747795265,0.0
CN.YN,1.4172011613845825,0.12137064174023951,0.0
CN.ZJ,0.46621906757354736,0.03427849204953721,0.0
