HASC_1,Max,Mean,Min
CN.AH,0.7938801646232605,0.016166456664558453,0.0
CN.BJ,0.6715207099914551,0.06709759148376326,0.0
CN.CQ,1.2323106527328491,0.028493589570510864,0.0
CN.FJ,3.5676193237304688,0.2526026827711038,0.0
CN.GS,1.709173321723938,0.014167779087657454,0.0
CN.GD,3.5841710567474365,0.28963071749839026,0.0
CN.GX,3.631542444229126,0.09694507641115613,0.0
CN.GZ,0.4745164215564728,0.004225096979709118,0.0
CN.HA,3.2456226348876953,0.30901827403584964,0.0
CN.HB,0.953251838684082,0.0848751435263551,0.0
CN.HL,2.187023401260376,0.05610434406185364,0.0
CN.HE,0.27636289596557617,0.0034360007266559293,0.0
CN.HU,1.287361741065979,0.010497686043906908,0.0
CN.HN,1.508771538734436,0.02260247457663304,0.0
CN.JS,0.6632305979728699,0.015993456831087053,0.0
CN.JX,2.3244404792785645,0.07220496662122344,0.0
CN.JL,2.2078616619110107,0.04831496483766555,0.0
CN.LN,0.38038477301597595,0.021203225069467285,0.0
CN.NM,2.2128164768218994,0.04757173054142991,0.0
CN.NX,0.4808439314365387,0.05163365708853649,0.0
CN.QH,1.3445841073989868,0.034464505443999455,0.0
CN.SA,2.021324396133423,0.06969126919683542,0.0
CN.SD,0.7834665179252625,0.00953270227694081,0.0
CN.SH,2.8858115673065186,0.10864808774484637,0.0
CN.SX,1.0833131074905396,0.10484647895580704,0.0
CN.SC,1.8520174026489258,0.012437608627425585,0.0
CN.TJ,1.024849534034729,0.16509570477932106,0.0
CN.XJ,1.9394322633743286,0.0034230852158670007,0.0
CN.XZ,1.5285698175430298,0.0761454499207428,0.0
CN.YN,2.461787700653076,0.027625534128662126,0.0
CN.ZJ,2.996009588241577,0.11680366501777392,0.0
