HASC_1,Max,Mean,Min
HR.BB,1.3505754470825195,0.4546528280555428,0.0
HR.SP,0.6403910517692566,0.3229784653522074,0.0
HR.DN,0.21855296194553375,0.010609669644513478,0.0
HR.GZ,1.6030687093734741,0.5558285224768851,0.0
HR.IS,0.870047390460968,0.2822059623867972,0.0
HR.KA,0.7431584000587463,0.20220768108963966,0.0
HR.KK,1.893241047859192,0.6320167698643424,0.0
HR.KZ,2.178095579147339,1.0033611910683768,0.0
HR.LS,1.1960909366607666,0.2934924064962952,0.0
HR.ME,1.574460506439209,0.8759909442492894,0.0
HR.OB,1.1065844297409058,0.4628470436884807,0.0
HR.PS,0.9237434267997742,0.3420989421697763,0.0
HR.PG,1.3016209602355957,0.17209356894073563,0.0
HR.SB,0.2571348249912262,0.03869361102139616,0.0
HR.SM,0.7694335579872131,0.31754302432139714,0.0
HR.SD,0.31848302483558655,0.03624689312145987,0.0
HR.VA,2.178095579147339,0.8485632419586182,0.0
HR.VP,1.1356946229934692,0.5158629408388427,0.0
HR.VS,0.9345530867576599,0.419086126770292,0.0
HR.ZD,1.0494232177734375,0.09350832729460368,0.0
HR.ZG,2.1086838245391846,0.40794716903141565,0.0
