HASC_1,Max,Mean,Min
HR.BB,0.2983236610889435,0.022009424167509832,0.0
HR.SP,0.23015375435352325,0.010802988343129982,0.0
HR.DN,0.0,0.0,0.0
HR.GZ,0.006666666362434626,0.000501908592721318,0.0
HR.IS,0.01587063819169998,0.0019776205263042357,0.0
HR.KA,0.10907932370901108,0.0026194386000861413,0.0
HR.KK,0.09542655944824219,0.014624199355294519,0.0
HR.KZ,0.003333333181217313,0.0001618476098103981,0.0
HR.LS,0.003958333283662796,8.552704778223953e-05,0.0
HR.ME,0.031584497541189194,0.005118262806977977,0.0
HR.OB,0.0,0.0,0.0
HR.PS,0.2983236610889435,0.026063507465565076,0.0
HR.PG,0.10907932370901108,0.003697696022711517,0.0
HR.SB,0.0,0.0,0.0
HR.SM,0.23015375435352325,0.010028999864759195,0.0
HR.SD,0.0,0.0,0.0
HR.VA,0.031584497541189194,0.0023641523698725822,0.0
HR.VP,0.2983236610889435,0.01864711870770076,0.0
HR.VS,0.1507423222064972,0.005485496896186045,0.0
HR.ZD,0.0,0.0,0.0
HR.ZG,0.020218413323163986,0.001021741534766209,0.0
