HASC_1,Max,Mean,Min
HR.BB,1.9952982664108276,0.33522848044703535,0.0
HR.SP,1.3287943601608276,0.30446907463192474,0.0
HR.DN,1.0577418804168701,0.011353185429975888,0.0
HR.GZ,3.2109215259552,1.0593494284484122,0.0
HR.IS,0.8388180732727051,0.13876057964262145,0.0
HR.KA,2.641132116317749,0.33716273235622796,0.0
HR.KK,1.8532510995864868,0.3278752359928507,0.0
HR.KZ,2.709425449371338,0.8263774241719927,0.0
HR.LS,0.3016228675842285,0.0430253678068766,0.0
HR.ME,2.2767140865325928,0.93599976173469,0.0
HR.OB,1.0737797021865845,0.2931370340610066,0.0
HR.PS,1.9952982664108276,0.3319122058840898,0.0
HR.PG,2.542245626449585,0.18914516068928475,0.0
HR.SB,0.40224602818489075,0.010150994648422321,0.0
HR.SM,1.802893877029419,0.23243110861318808,0.0
HR.SD,2.1021888256073,0.1621897755351876,0.0
HR.VA,2.626767873764038,0.6214722004803744,0.0
HR.VP,1.5961904525756836,0.4664981942059416,0.0
HR.VS,1.3056185245513916,0.42818302874054226,0.0
HR.ZD,3.5328733921051025,0.2069737551206594,0.0
HR.ZG,3.2109215259552,0.6039530443293708,0.0
