HASC_1,Max,Mean,Min
HR.BB,2.3960142135620117,0.6220186511417488,0.0
HR.SP,3.3398444652557373,1.7354777418076992,0.0
HR.DN,4.9447221755981445,0.7682142148001326,0.0
HR.GZ,1.4298616647720337,0.7247563575704893,0.0
HR.IS,3.24236798286438,0.17217341027412658,0.0
HR.KA,1.070824146270752,0.3657079016789794,0.0
HR.KK,1.384933590888977,0.5236384313214909,0.0
HR.KZ,0.9580585360527039,0.4515116683074406,0.0
HR.LS,2.380650281906128,0.3279599920400263,0.0
HR.ME,1.7795714139938354,0.6585433099951062,0.0
HR.OB,3.2044460773468018,1.2536296563652845,0.0
HR.PS,3.065402030944824,1.2662233334321242,0.0
HR.PG,1.2154513597488403,0.12359842779135631,0.0
HR.SB,2.7813377380371094,0.8576650057608882,0.0
HR.SM,1.6901617050170898,0.5440250411629677,0.0
HR.SD,3.413134813308716,0.8301943276772659,0.0
HR.VA,1.384933590888977,0.4935858650641008,0.0
HR.VP,3.10229754447937,1.066613315632849,0.0
HR.VS,2.0663228034973145,0.6197316118649074,0.0
HR.ZD,2.7813377380371094,0.45187140691960653,0.0
HR.ZG,1.4953354597091675,0.4559071728161403,0.0
