HASC_1,Max,Mean,Min
HR.BB,0.20201392471790314,0.0542056728849889,0.0
HR.SP,0.16216380894184113,0.038628502312349156,0.0
HR.DN,0.08145607262849808,0.002904003569778137,0.0
HR.GZ,0.12633872032165527,0.02938924843005629,0.0
HR.IS,0.12355145812034607,0.02316914814264237,0.0
HR.KA,0.11591243743896484,0.012378903938661097,0.0
HR.KK,0.1736876517534256,0.03613851328775512,0.0
HR.KZ,0.3110218346118927,0.029567488072955582,0.0
HR.LS,0.1631573587656021,0.009274894524693352,0.0
HR.ME,0.2142101377248764,0.07278895737337214,0.0
HR.OB,0.1127839908003807,0.029401579157610495,0.0
HR.PS,0.16216380894184113,0.03209727723867847,0.0
HR.PG,0.08012683689594269,0.00498737873834086,0.0
HR.SB,0.06966803222894669,0.004187764678192707,0.0
HR.SM,0.20201392471790314,0.029010436580089543,0.0
HR.SD,0.10886969417333603,0.012555609888704349,0.0
HR.VA,0.3112267553806305,0.06306705866008996,0.0
HR.VP,0.06787607818841934,0.010015558066890773,0.0
HR.VS,0.10892179608345032,0.021902564207890204,0.0
HR.ZD,0.042838696390390396,0.003363711131647042,0.0
HR.ZG,0.13475751876831055,0.023804896028568258,0.0
