HASC_1,Max,Mean,Min
HR.BB,0.8218209743499756,0.25675100320345395,0.0
HR.SP,0.21292121708393097,0.0812062814948149,0.0
HR.DN,0.0271296426653862,0.0004726152226739773,0.0
HR.GZ,0.9818903803825378,0.5495589971542358,0.0
HR.IS,0.20772743225097656,0.05302254832390929,0.0
HR.KA,0.5564905405044556,0.07837150037998071,0.0
HR.KK,0.7932208180427551,0.21684233234687286,0.0
HR.KZ,0.7744491696357727,0.40787300382341657,0.0
HR.LS,0.24589858949184418,0.02102723975455134,0.0
HR.ME,0.3832433521747589,0.2208024375140667,0.0
HR.OB,0.24075108766555786,0.11026995750860526,0.0
HR.PS,0.43614062666893005,0.11006087127786417,0.0
HR.PG,0.30823203921318054,0.04247607010139139,0.0
HR.SB,0.00950061995536089,0.0007226840411522772,0.0
HR.SM,0.9818903803825378,0.24580896236002445,0.0
HR.SD,0.02956460975110531,0.0017941001913023295,0.0
HR.VA,0.7226345539093018,0.18838895586403934,0.0
HR.VP,0.4055294692516327,0.15212843409090332,0.0
HR.VS,0.27240148186683655,0.13594624676874706,0.0
HR.ZD,0.04592137411236763,0.004609853570001428,0.0
HR.ZG,0.9188482761383057,0.3413448628925142,0.0
