HASC_1,Max,Mean,Min
HR.BB,0.014795682393014431,0.0012152285926749283,0.0
HR.SP,0.037517379969358444,0.002783125851749446,0.0
HR.DN,0.059096191078424454,0.004230172675182989,0.0
HR.GZ,0.051272597163915634,0.00952106608181364,0.0
HR.IS,0.10689584165811539,0.018720451602121102,0.0
HR.KA,0.0330873467028141,0.005787071177910548,0.0
HR.KK,0.04839413985610008,0.006793576208716938,0.0
HR.KZ,0.02319861575961113,0.0052105424489127476,0.0
HR.LS,0.08704106509685516,0.005896807260244343,0.0
HR.ME,0.19051028788089752,0.013630912152101311,0.0
HR.OB,0.08140397071838379,0.01991512704884931,0.0
HR.PS,0.004048747476190329,0.0008120160976362128,0.0
HR.PG,1.494499921798706,0.03637375659586507,0.0
HR.SB,0.037857141345739365,0.004483291088042425,0.0
HR.SM,0.01412048190832138,0.0010494423133877717,0.0
HR.SD,0.06426110118627548,0.00506884342990907,0.0
HR.VA,0.02300972305238247,0.0020664934568644226,0.0
HR.VP,0.015264169313013554,0.0030890173142269664,0.0
HR.VS,0.07089202851057053,0.015702257356107502,0.0
HR.ZD,0.06940934807062149,0.005369739690104622,0.0
HR.ZG,0.051272597163915634,0.0026808947888985997,0.0
