HASC_1,Max,Mean,Min
HR.BB,0.014636974781751633,0.003523927394851782,0.0
HR.SP,0.03375927731394768,0.008759569570429449,0.0
HR.DN,0.03429389372467995,0.000892626874226018,0.0
HR.GZ,0.01593981869518757,0.005602922904977782,0.0
HR.IS,0.002742476761341095,0.0002784404119005046,0.0
HR.KA,0.02850266732275486,0.004694361483607281,0.0
HR.KK,0.01748577319085598,0.0011404425298623569,0.0
HR.KZ,0.006442170590162277,0.001969610619458503,0.0
HR.LS,0.010047201998531818,0.00031336028721313966,0.0
HR.ME,0.01748577319085598,0.0026207347418676363,0.0
HR.OB,0.01248722430318594,0.0005199981948093269,0.0
HR.PS,0.03375927731394768,0.0074834765442154515,0.0
HR.PG,0.011642643250524998,0.00040598822963439877,0.0
HR.SB,0.009683922864496708,0.00017871373666385656,0.0
HR.SM,0.03375927731394768,0.007048539538906577,0.0
HR.SD,0.03687126561999321,0.002024427697787007,0.0
HR.VA,0.005925724282860756,0.0008453467151742768,0.0
HR.VP,0.02077229879796505,0.004878253245227494,0.0
HR.VS,0.0,0.0,0.0
HR.ZD,0.0010166667634621263,3.0999466997219e-05,0.0
HR.ZG,0.013614584691822529,0.002649398298291046,0.0
