HASC_1,Max,Mean,Min
HR.BB,0.2739449441432953,0.06794837001082185,0.0
HR.SP,0.08586674183607101,0.03031654003279982,0.0
HR.DN,1.9083420038223267,0.1433914168269523,0.0
HR.GZ,0.49012240767478943,0.1812780818177594,0.0
HR.IS,0.3031184673309326,0.03461270438856445,0.0
HR.KA,1.1668134927749634,0.20314878560137004,0.0
HR.KK,0.6243388056755066,0.11903835381522324,0.0
HR.KZ,0.7373554110527039,0.3264352236475263,0.0
HR.LS,0.25587499141693115,0.029598570216654074,0.0
HR.ME,0.41708436608314514,0.14593966039163725,0.0
HR.OB,0.08089682459831238,0.017662789954696424,0.0
HR.PS,0.12485885620117188,0.037141987079611194,0.0
HR.PG,1.9964327812194824,0.23756653542486242,0.0
HR.SB,0.0550541877746582,0.003451768892167214,0.0
HR.SM,0.47576943039894104,0.08980576913503076,0.0
HR.SD,1.457046389579773,0.08934908225954429,0.0
HR.VA,0.7373554110527039,0.22906247716058384,0.0
HR.VP,0.15579183399677277,0.03651045152042626,0.0
HR.VS,0.10580721497535706,0.02735378475460623,0.0
HR.ZD,0.17453698813915253,0.012478906350450748,0.0
HR.ZG,0.6746957898139954,0.15778784028121404,0.0
