HASC_1,Max,Mean,Min
HR.BB,0.0238850936293602,0.0006376251634270824,0.0
HR.SP,0.04710671305656433,0.004100067099898297,0.0
HR.DN,13.393219947814941,0.10386582869331404,0.0
HR.GZ,0.002916666679084301,8.10185188634528e-05,0.0
HR.IS,4.351158618927002,0.7960079582271646,0.0
HR.KA,0.6699666976928711,0.015386280013772194,0.0
HR.KK,0.0,0.0,0.0
HR.KZ,0.0,0.0,0.0
HR.LS,0.7711832523345947,0.0687275079324738,0.0
HR.ME,0.0,0.0,0.0
HR.OB,0.7324076294898987,0.01577323815189839,0.0
HR.PS,0.023221619427204132,0.0009850049539146801,0.0
HR.PG,2.7610361576080322,0.16950082636079364,0.0
HR.SB,0.7609149813652039,0.0648082007925647,0.0
HR.SM,0.0238850936293602,0.0009782192778705697,0.0
HR.SD,0.8182832598686218,0.05476579044989194,0.0
HR.VA,0.0,0.0,0.0
HR.VP,0.0,0.0,0.0
HR.VS,0.0,0.0,0.0
HR.ZD,1.6041384935379028,0.13645003174105963,0.0
HR.ZG,0.004976061172783375,0.00013835691857994314,0.0
