HASC_1,Max,Mean,Min
HR.BB,0.39669713377952576,0.09300356608355878,0.0
HR.SP,0.9509994387626648,0.41768960701301694,0.0
HR.DN,0.2762584090232849,0.03672498017355489,0.0
HR.GZ,0.7174091935157776,0.06333470492770882,0.0
HR.IS,0.046981703490018845,0.0021066594945580164,0.0
HR.KA,0.7174091935157776,0.07317570529237855,0.0
HR.KK,0.12966053187847137,0.03802191550758752,0.0
HR.KZ,0.09012117236852646,0.00606154867242107,0.0
HR.LS,0.32086196541786194,0.016083031269759143,0.0
HR.ME,0.1393304318189621,0.03392964242292302,0.0
HR.OB,0.9042748808860779,0.3877049463872726,0.0
HR.PS,0.6708647608757019,0.2720825085273156,0.0
HR.PG,0.1363069862127304,0.0033928972432347238,0.0
HR.SB,0.4406697750091553,0.030239538555643247,0.0
HR.SM,0.7174091935157776,0.12507405798533,0.0
HR.SD,0.4406697750091553,0.07948957386306313,0.0
HR.VA,0.12034047394990921,0.02056979660622098,0.0
HR.VP,0.5387420058250427,0.1861246863775181,0.0
HR.VS,0.9509994387626648,0.43156477851527075,0.0
HR.ZD,0.3338371813297272,0.021167789116856617,0.0
HR.ZG,0.7174091935157776,0.026080955068166423,0.0
