HASC_1,Max,Mean,Min
HR.BB,0.9470561146736145,0.17989772325986392,0.0
HR.SP,0.22241456806659698,0.06825750201824121,0.0
HR.DN,2.908047914505005,0.14815669108173568,0.0
HR.GZ,0.9967175126075745,0.39456493738624787,0.0
HR.IS,0.7332132458686829,0.10990096822206397,0.0
HR.KA,2.68334698677063,0.700107604265213,0.0
HR.KK,0.6115378737449646,0.16794277467962468,0.0
HR.KZ,0.3531823456287384,0.10879330954381398,0.0
HR.LS,10.151448249816895,1.5646617341924596,0.0
HR.ME,0.731167733669281,0.28911945489900454,0.0
HR.OB,0.19674450159072876,0.0702690442200177,0.0
HR.PS,0.4050896465778351,0.05917086609854148,0.0
HR.PG,3.0042788982391357,0.32511981184195193,0.0
HR.SB,1.4276074171066284,0.2413409549432496,0.0
HR.SM,1.3229413032531738,0.3559694292489439,0.0
HR.SD,1.641953945159912,0.24913862220632163,0.0
HR.VA,0.6137382388114929,0.14127905416217718,0.0
HR.VP,0.43443167209625244,0.08459790124360358,0.0
HR.VS,0.31588661670684814,0.09528779491250004,0.0
HR.ZD,7.495803356170654,0.8500319552437396,0.0
HR.ZG,1.042128086090088,0.24114896527358465,0.0
