HASC_1,Max,Mean,Min
HR.BB,0.006603092420846224,0.00024414803702747085,0.0
HR.SP,0.0,0.0,0.0
HR.DN,0.00781391840428114,5.54656704749774e-05,0.0
HR.GZ,0.0,0.0,0.0
HR.IS,0.010436895303428173,0.0012679812261922052,0.0
HR.KA,0.0,0.0,0.0
HR.KK,0.004126932937651873,0.0002040931175350014,0.0
HR.KZ,0.0,0.0,0.0
HR.LS,0.0,0.0,0.0
HR.ME,0.0006249999860301614,6.69642842175173e-05,0.0
HR.OB,0.00495231943204999,0.0001829253809634023,0.0
HR.PS,0.006603092420846224,0.00010158603724378806,0.0
HR.PG,0.0070558269508183,0.0002159438043322769,0.0
HR.SB,0.0,0.0,0.0
HR.SM,0.002841424895450473,7.103562238626182e-05,0.0
HR.SD,0.0,0.0,0.0
HR.VA,0.0006249999860301614,1.1363636109639298e-05,0.0
HR.VP,0.005777706857770681,0.00015007029993064475,0.0
HR.VS,0.003551781177520752,9.133151532816035e-05,0.0
HR.ZD,0.0,0.0,0.0
HR.ZG,0.0008333332953043282,1.5873015148653872e-05,0.0
