HASC_1,Max,Mean,Min
HR.BB,0.02904253453016281,0.001351194321874313,0.0
HR.SP,0.002228666329756379,5.098144907833557e-05,0.0
HR.DN,0.16888739168643951,0.0035389354463691066,0.0
HR.GZ,0.003293493529781699,0.0003043313466453886,0.0
HR.IS,0.028759097680449486,0.004008742391647502,0.0
HR.KA,0.015162278898060322,0.00108250403754937,0.0
HR.KK,0.06163802370429039,0.0057378192222765365,0.0
HR.KZ,0.0,0.0,0.0
HR.LS,0.039083804935216904,0.0013866474888615172,0.0
HR.ME,0.017040038481354713,0.0019965042759265217,0.0
HR.OB,0.06227143108844757,0.00537187975064276,0.0
HR.PS,0.01570567674934864,0.00040592783882927437,0.0
HR.PG,0.028202464804053307,0.0008884295806681274,0.0
HR.SB,0.014996018260717392,0.0022069359464940894,0.0
HR.SM,0.02567926235496998,0.002808014263913113,0.0
HR.SD,0.023518837988376617,0.0020728698641744956,0.0
HR.VA,0.00939518865197897,0.00023030231267594817,0.0
HR.VP,0.23110133409500122,0.028189392020067316,0.0
HR.VS,0.06227143108844757,0.004033276201620798,0.0
HR.ZD,0.02415764145553112,0.0016260078048623233,0.0
HR.ZG,0.009622701443731785,0.00045262761736272034,0.0
