HASC_1,Max,Mean,Min
HR.BB,0.14408697187900543,0.009649244972993016,0.0
HR.SP,0.8618198037147522,0.2916341338859638,0.0
HR.DN,8.594679832458496,0.5416426664742175,0.0
HR.GZ,0.011105951853096485,0.0024405760151340575,0.0
HR.IS,0.05777706205844879,0.0026710434594861,0.0
HR.KA,0.013738926500082016,0.0010830822662683203,0.0
HR.KK,0.007937418296933174,0.0006106717568896288,0.0
HR.KZ,0.002614713041111827,0.0003074515935233129,0.0
HR.LS,0.2986237704753876,0.021496329286040877,0.0
HR.ME,0.006192496046423912,0.0016449015092803165,0.0
HR.OB,0.48587796092033386,0.12984458463660514,0.0
HR.PS,0.610964834690094,0.12426402842482695,0.0
HR.PG,0.030903836712241173,0.00159687467084084,0.0
HR.SB,1.628769874572754,0.24942190849590892,0.0
HR.SM,0.13211072981357574,0.010109771979720487,0.0
HR.SD,4.574921131134033,0.5689882613255076,0.0
HR.VA,0.006192496046423912,0.0007466031894595785,0.0
HR.VP,0.30991330742836,0.033086070038817444,0.0
HR.VS,0.3778417110443115,0.12669234148093633,0.0
HR.ZD,0.6973042488098145,0.0532721224500236,0.0
HR.ZG,0.011105951853096485,0.0011425637856258878,0.0
