HASC_1,Max,Mean,Min
HR.BB,0.6218499541282654,0.07386979085768199,0.0
HR.SP,0.08926606178283691,0.023019687228952534,0.0
HR.DN,0.005421214271336794,9.703535707322535e-05,0.0
HR.GZ,0.3297373950481415,0.11718652635398838,0.0
HR.IS,1.7233071327209473,0.38826868098112755,0.0
HR.KA,1.2013694047927856,0.09759182833135129,0.0
HR.KK,1.2423382997512817,0.30210265743009973,0.0
HR.KZ,0.24821603298187256,0.10731934042913573,0.0
HR.LS,2.6088831424713135,0.4382931845883528,0.0
HR.ME,2.690664529800415,0.3845813910343817,0.0
HR.OB,0.15519262850284576,0.022919753817125008,0.0
HR.PS,0.059055861085653305,0.016910577966616703,0.0
HR.PG,2.6889336109161377,0.42189099862506346,0.0
HR.SB,0.1328875869512558,0.01571636923229865,0.0
HR.SM,0.5936197638511658,0.06865973059708873,0.0
HR.SD,0.03227286413311958,0.0016545072479004557,0.0
HR.VA,2.690664529800415,0.26088263256983324,0.0
HR.VP,0.5271113514900208,0.06400131273337385,0.0
HR.VS,0.11074093729257584,0.00809884692675301,0.0
HR.ZD,1.3141319751739502,0.07348095087880306,0.0
HR.ZG,0.5936197638511658,0.06819837785192899,0.0
