HASC_1,Max,Mean,Min
HR.BB,0.041311103850603104,0.001169043965032929,0.0
HR.SP,0.4534957706928253,0.014217818521501613,0.0
HR.DN,0.0014583333395421505,1.4467592606066588e-05,0.0
HR.GZ,0.014907927252352238,0.0015319632172274094,0.0
HR.IS,0.26419922709465027,0.007248463182804699,0.0
HR.KA,0.01720316708087921,0.00024365194141864777,0.0
HR.KK,0.023190105333924294,0.0013803635850887406,0.0
HR.KZ,0.002916666679084301,0.00025000000106436865,0.0
HR.LS,0.06101879104971886,0.0027462088934111376,0.0
HR.ME,0.023190105333924294,0.004305119135616613,0.0
HR.OB,0.5091140866279602,0.06296080200511894,0.0
HR.PS,0.4534957706928253,0.013136131447166778,0.0
HR.PG,0.0813649520277977,0.002074199779252965,0.0
HR.SB,0.014139394275844097,0.00023321222473290013,0.0
HR.SM,0.041311103850603104,0.0015504364574250454,0.0
HR.SD,0.014139394275844097,0.00011350587149636384,0.0
HR.VA,0.023190105333924294,0.0010110313242132013,0.0
HR.VP,0.20590181648731232,0.010337702443145892,0.0
HR.VS,0.28770574927330017,0.023597594955104537,0.0
HR.ZD,0.014052905142307281,0.0005142367109192195,0.0
HR.ZG,0.01720316708087921,0.0005014690387594913,0.0
