HASC_1,Max,Mean,Min
HR.BB,0.42816516757011414,0.04429382486752682,0.0
HR.SP,0.052877381443977356,0.006328202275199146,0.0
HR.DN,0.11148587614297867,0.009431206670679213,0.0
HR.GZ,0.033034928143024445,0.010896500322916027,0.0
HR.IS,1.424275279045105,0.1376626834826311,0.0
HR.KA,0.6051936745643616,0.04516715231584385,0.0
HR.KK,0.3005506098270416,0.026451609701546135,0.0
HR.KZ,0.10531686991453171,0.012408383722816194,0.0
HR.LS,1.537126898765564,0.08380740592859823,0.0
HR.ME,0.44854840636253357,0.10178899454019431,0.0
HR.OB,0.32046881318092346,0.01610376372655782,0.0
HR.PS,0.42816516757011414,0.025998592835206252,0.0
HR.PG,1.8587948083877563,0.11507305751105637,0.0
HR.SB,0.054543644189834595,0.005480023352902208,0.0
HR.SM,0.4120432436466217,0.05484382706927136,0.0
HR.SD,0.2538835406303406,0.015861138120476317,0.0
HR.VA,0.14689050614833832,0.023954982615330002,0.0
HR.VP,0.42816516757011414,0.04235202048430713,0.0
HR.VS,0.052328675985336304,0.003974570004668619,0.0
HR.ZD,0.16733507812023163,0.01131128680386681,0.0
HR.ZG,0.04956522211432457,0.007922388945839234,0.0
