HASC_1,Max,Mean,Min
DE.BW,277.7044677734375,276.2201352326766,273.7720947265625
DE.BY,277.2143859863281,274.931013391373,266.9938049316406
DE.BE,277.3720397949219,277.2777099609375,277.1479797363281
DE.BR,277.4509582519531,277.0552558898926,275.7700500488281
DE.HB,278.0574035644531,277.6762288411458,277.3433837890625
DE.HH,278.0574035644531,277.1871643066406,276.8722839355469
DE.HE,277.1794738769531,276.0423522949219,274.8494567871094
DE.MV,277.7285461425781,276.98119562322444,276.5735168457031
DE.NI,279.0371398925781,277.09853796056797,275.5946044921875
DE.NW,277.7807312011719,276.59527369907926,275.32080078125
DE.RP,277.7044677734375,276.46495225694446,275.6686706542969
DE.SL,277.1672668457031,276.78894805908203,276.1399841308594
DE.SN,277.4265441894531,275.66265869140625,274.0256042480469
DE.ST,277.4509582519531,276.6255541349712,274.3106689453125
DE.SH,279.4630126953125,277.54920397306745,276.7292175292969
DE.TH,276.3135986328125,275.3423377143012,274.1141662597656
