HASC_1,Max,Mean,Min
DE.BW,301.1435852050781,298.4279440174932,296.2392883300781
DE.BY,299.6019287109375,296.380983393243,289.8792724609375
DE.BE,294.6191711425781,294.0583068847656,293.4079284667969
DE.BR,294.8027648925781,293.38088607788086,290.4886474609375
DE.HB,293.4036865234375,293.1890563964844,292.8086242675781
DE.HH,293.2988586425781,292.82842407226565,292.2536315917969
DE.HE,299.6019287109375,297.4979904174805,295.4144287109375
DE.MV,293.2988586425781,291.1652277166193,289.8284912109375
DE.NI,296.3880615234375,294.27711940456084,292.6012878417969
DE.NW,299.9027099609375,297.2662473406111,294.2962646484375
DE.RP,300.4743347167969,298.9480336507161,297.8515930175781
DE.SL,299.7366943359375,299.2471160888672,298.6247253417969
DE.SN,295.6491394042969,294.3224246376439,292.4306945800781
DE.ST,295.2285461425781,294.33256932308797,292.8649597167969
DE.SH,293.2988586425781,291.60780414782073,290.4704284667969
DE.TH,297.6195068359375,295.4113006591797,293.7246398925781
