HASC_1,Max,Mean,Min
DE.BW,286.35986328125,284.4630949600883,281.4796447753906
DE.BY,285.7872619628906,283.3812431173122,278.1007385253906
DE.BE,285.0701599121094,284.57952270507815,284.1417541503906
DE.BR,285.1124572753906,284.2594935099284,283.5203552246094
DE.HB,283.0955505371094,283.0271809895833,282.92724609375
DE.HH,283.5157775878906,283.26591796875,283.0955505371094
DE.HE,285.3185119628906,283.8586090087891,282.5105895996094
DE.MV,283.7625427246094,283.5287045565519,283.1111755371094
DE.NI,284.1736755371094,283.366513638883,282.5350036621094
DE.NW,284.19287109375,283.33556365966797,282.1062927246094
DE.RP,286.35986328125,284.09711371527777,282.61376953125
DE.SL,284.6307067871094,284.291015625,283.8731994628906
DE.SN,285.2283630371094,284.22225470291943,283.43603515625
DE.ST,284.7908630371094,283.89538092362255,282.5350036621094
DE.SH,283.6759338378906,283.29921200400906,282.9637145996094
DE.TH,284.9187927246094,283.8484530978733,282.5350036621094
