HASC_1,Max,Mean,Min
DE.BW,276.5086669921875,275.0191424825917,271.7854309082031
DE.BY,276.2762451171875,273.07807630173704,264.5225524902344
DE.BE,276.3970031738281,276.16888427734375,276.0268859863281
DE.BR,276.7374267578125,276.0117365519206,275.0550842285156
DE.HB,276.8598327636719,276.5653889973958,276.2052001953125
DE.HH,276.4967956542969,276.2386840820312,275.9542236328125
DE.HE,276.4173583984375,275.3876663208008,274.1316223144531
DE.MV,276.8963623046875,275.9982341419567,275.5273132324219
DE.NI,278.7539367675781,276.5714886639569,274.3925476074219
DE.NW,278.7539367675781,276.70667048863004,274.8409423828125
DE.RP,276.5086669921875,275.96576097276477,275.2817077636719
DE.SL,276.5170593261719,276.0115432739258,275.2817077636719
DE.SN,276.2343444824219,274.7993099814967,272.8782958984375
DE.ST,276.7374267578125,275.59540437397203,273.4185791015625
DE.SH,278.9949951171875,276.8333627801192,275.6494445800781
DE.TH,275.4551696777344,274.36873202853735,273.1681823730469
