HASC_1,Max,Mean,Min
DE.BW,288.4877624511719,286.51674486243206,284.2615051269531
DE.BY,288.5971374511719,285.219362299493,277.1271667480469
DE.BE,288.1410827636719,288.0608703613281,287.8901062011719
DE.BR,288.4089660644531,287.92267481486004,286.8861999511719
DE.HB,286.5303955078125,286.15386962890625,285.8650207519531
DE.HH,287.6166687011719,286.63377685546874,285.8650207519531
DE.HE,288.5971374511719,287.58023223876955,286.8666687011719
DE.MV,288.2550048828125,287.3776675137606,286.2107238769531
DE.NI,288.4076843261719,287.1006898622255,285.6013488769531
DE.NW,288.3790283203125,287.43585314069475,286.6355285644531
DE.RP,288.4822082519531,287.5788065592448,286.7162780761719
DE.SL,287.9952392578125,287.7235870361328,287.1042785644531
DE.SN,288.3998718261719,286.6098745245683,284.4042663574219
DE.ST,288.4272155761719,287.8883650930304,286.3041687011719
DE.SH,287.8822937011719,286.54488653885693,285.8562316894531
DE.TH,288.1325988769531,287.073004828559,285.4089660644531
