HASC_1,Max,Mean,Min
DE.BW,292.4708557128906,291.2057587996773,288.9659729003906
DE.BY,294.40704345703125,291.5553264212101,286.1850280761719
DE.BE,292.6781921386719,292.1877685546875,291.6733093261719
DE.BR,292.7208557128906,291.4044812520345,289.6661682128906
DE.HB,287.9399108886719,287.70163981119794,287.5226135253906
DE.HH,288.6798400878906,288.18341674804685,287.5226135253906
DE.HE,292.1105041503906,289.4830856323242,287.2023010253906
DE.MV,292.34259033203125,289.96920360218394,288.6225280761719
DE.NI,289.7892150878906,288.2154722471495,287.13653564453125
DE.NW,288.4679260253906,287.77127729143416,286.08087158203125
DE.RP,292.3031921386719,289.566655476888,287.2084655761719
DE.SL,290.7042541503906,290.12725830078125,289.2113952636719
DE.SN,291.8295593261719,290.55273919356495,289.2794494628906
DE.ST,291.71466064453125,289.8674525210732,288.41485595703125
DE.SH,289.2553405761719,288.199363306949,287.0782775878906
DE.TH,291.5492858886719,289.83531867133246,288.41485595703125
