HASC_1,Max,Mean,Min
DE.BW,272.7915344238281,270.5297745414402,266.5563659667969
DE.BY,272.4438781738281,269.07455768991025,257.8658752441406
DE.BE,272.2386169433594,272.0190490722656,271.81268310546875
DE.BR,272.6404113769531,271.8936373392741,270.12347412109375
DE.HB,274.7063903808594,274.02484130859375,273.52728271484375
DE.HH,274.7063903808594,273.5528991699219,272.93255615234375
DE.HE,272.5511169433594,271.81290435791016,271.2324523925781
DE.MV,274.5478820800781,272.85327703302556,272.2912902832031
DE.NI,275.9204406738281,273.32591371278505,271.65472412109375
DE.NW,274.3558044433594,272.63446044921875,271.2324523925781
DE.RP,272.7915344238281,272.0806833902995,271.1540222167969
DE.SL,272.83807373046875,272.44149017333984,271.9070129394531
DE.SN,271.7119445800781,270.50914563630755,268.9753112792969
DE.ST,272.39544677734375,271.7129484477796,270.2290344238281
DE.SH,276.8562927246094,274.4652918765419,272.6087341308594
DE.TH,271.96990966796875,271.1986948649089,269.6225280761719
