HASC_1,Max,Mean,Min
DE.BW,295.6214904785156,293.77859762440556,292.3868103027344
DE.BY,295.184326171875,292.65422674950133,287.2503967285156
DE.BE,294.2611389160156,293.53998413085935,292.678466796875
DE.BR,294.8089904785156,293.0466842651367,290.543701171875
DE.HB,290.1231384277344,290.02320353190106,289.9297790527344
DE.HH,290.2129821777344,290.0769104003906,289.9297790527344
DE.HE,295.184326171875,292.8108383178711,290.3851623535156
DE.MV,294.2279357910156,291.33809037642044,289.845458984375
DE.NI,292.4330139160156,290.60418866131755,289.8252868652344
DE.NW,292.5782165527344,291.3506426130022,290.209716796875
DE.RP,295.6214904785156,293.17712741427954,291.8060607910156
DE.SL,293.5589904785156,293.2095489501953,292.5843811035156
DE.SN,294.6895446777344,292.8371164422286,291.5684509277344
DE.ST,293.7032165527344,291.8459215666118,290.521240234375
DE.SH,290.5960998535156,290.1184194464433,289.5957946777344
DE.TH,293.376708984375,292.2655283610026,291.0459899902344
