HASC_1,Max,Mean,Min
DE.BW,0.0,0.0,0.0
DE.BY,7239094362963968.0,398083444520147.3,0.0
DE.BE,0.0,0.0,0.0
DE.BR,3346220026167296.0,335308515242224.94,0.0
DE.HB,0.0,0.0,0.0
DE.HH,5796109368688640.0,629604443727604.9,0.0
DE.HE,0.0,0.0,0.0
DE.MV,4453643252137984.0,812161096822061.1,0.0
DE.NI,6020550937804800.0,554690421365010.5,0.0
DE.NW,1.70818097119232e+16,4126002879922176.0,0.0
DE.RP,1.3573697604419584e+16,1898975894893790.5,0.0
DE.SL,0.0,0.0,0.0
DE.SN,3682137471451136.0,249833477580907.78,0.0
DE.ST,6083706821279744.0,1220383838568448.0,0.0
DE.SH,5676222872813568.0,871044533452800.0,0.0
DE.TH,5742940894789632.0,174028511963322.2,0.0
