HASC_1,Max,Mean,Min
DE.BW,8326464655065088.0,2412461070137426.0,0.0
DE.BY,1.2628054253764608e+16,2228755504653484.5,0.0
DE.BE,5649293427867648.0,3873114232455168.0,0.0
DE.BR,5649293427867648.0,1802990930963551.5,0.0
DE.HB,0.0,0.0,0.0
DE.HH,1.6203211874500608e+16,1776139409007336.8,0.0
DE.HE,1.2628054253764608e+16,1161649287385613.2,0.0
DE.MV,7129285470978048.0,1942380368063926.8,0.0
DE.NI,1.180400357474304e+16,1116412859779323.5,0.0
DE.NW,0.0,0.0,0.0
DE.RP,0.0,0.0,0.0
DE.SL,0.0,0.0,0.0
DE.SN,3654423658102784.0,1770570497462188.5,0.0
DE.ST,4644469185970176.0,1689963534016887.8,0.0
DE.SH,1.835698013339648e+16,2266865635782551.0,0.0
DE.TH,9612980769521664.0,2445339254507753.5,0.0
