HASC_1,Max,Mean,Min
DE.BW,0.0,0.0,0.0
DE.BY,8654275886448640.0,562430758156564.75,0.0
DE.BE,8260789236400128.0,5296823178625024.0,0.0
DE.BR,1.3620786552111104e+16,3469107936767303.5,0.0
DE.HB,0.0,0.0,0.0
DE.HH,0.0,0.0,0.0
DE.HE,0.0,0.0,0.0
DE.MV,1.3743627985485824e+16,2074799494922240.0,0.0
DE.NI,7501957635768320.0,90385031756244.81,0.0
DE.NW,0.0,0.0,0.0
DE.RP,0.0,0.0,0.0
DE.SL,0.0,0.0,0.0
DE.SN,1.3620786552111104e+16,4049905501582060.5,0.0
DE.ST,1.0911671505649664e+16,3118376787794733.5,0.0
DE.SH,1.3743627985485824e+16,2170795328138840.2,0.0
DE.TH,7670649455640576.0,2264060545240204.5,0.0
