HASC_1,Max,Mean,Min
UA.CK,3960425850863616.0,1478064528896819.2,0.0
UA.CH,3958667061755904.0,1168017891638073.2,0.0
UA.CV,0.0,0.0,0.0
UA.KR,3276954283278336.0,436274157658525.75,0.0
UA.DP,7561748949237760.0,1598888698532099.2,0.0
UA.DT,1.0146738903973888e+16,2388589220148999.0,0.0
UA.IF,2338064500260864.0,210768756787150.06,0.0
UA.KK,6266742221307904.0,1417667867318849.8,0.0
UA.KS,4394692946952192.0,1113016847652181.4,0.0
UA.KM,1356549985402880.0,457009537987858.75,0.0
UA.KV,3960425850863616.0,657288005758506.0,0.0
UA.KC,0.0,0.0,0.0
UA.KH,3415946941169664.0,981572704095589.2,0.0
UA.LV,542286563770368.0,30962929118341.566,0.0
UA.LH,1.0656531120914432e+16,2477298449691558.0,0.0
UA.MY,4394692946952192.0,1656687798837360.2,0.0
UA.OD,3011993455820800.0,601395646991539.8,0.0
UA.PL,3779795095650304.0,1430560694075392.0,0.0
UA.RV,2620363842256896.0,755093914849553.1,0.0
UA.SC,3739415960616960.0,1244123961433201.8,0.0
UA.SM,7536663655874560.0,1299851808182319.0,0.0
UA.TP,1636590174601216.0,356720639865879.8,0.0
UA.ZK,2338064500260864.0,668019523832347.0,0.0
UA.VI,0.0,0.0,0.0
UA.VO,2620363842256896.0,238214894750626.9,0.0
UA.ZP,7561748949237760.0,1836578411798461.5,0.0
UA.ZT,2789993844047872.0,1155227564498397.8,0.0
