HASC_1,Max,Mean,Min
UA.CK,0.0,0.0,0.0
UA.CH,0.0,0.0,0.0
UA.CV,3542640154902528.0,136255390573174.16,0.0
UA.KR,2199978617339904.0,325541228129458.8,0.0
UA.DP,1.17211804991488e+16,1310097210425193.8,0.0
UA.DT,2642111677595648.0,214440722926040.62,0.0
UA.IF,0.0,0.0,0.0
UA.KK,1.17211804991488e+16,1426433226595607.2,0.0
UA.KS,2806594161082368.0,586742248278152.5,0.0
UA.KM,0.0,0.0,0.0
UA.KV,0.0,0.0,0.0
UA.KC,0.0,0.0,0.0
UA.KH,2516887611113472.0,156903501474251.75,0.0
UA.LV,0.0,0.0,0.0
UA.LH,0.0,0.0,0.0
UA.MY,4181666058731520.0,1644499207052359.5,0.0
UA.OD,4254277581144064.0,1106786565468475.1,0.0
UA.PL,4260448643842048.0,375203290349568.0,0.0
UA.RV,0.0,0.0,0.0
UA.SC,877753272369152.0,264975893397504.0,0.0
UA.SM,6693890140667904.0,185493863467581.44,0.0
UA.TP,0.0,0.0,0.0
UA.ZK,0.0,0.0,0.0
UA.VI,3542640154902528.0,752198983816113.2,0.0
UA.VO,0.0,0.0,0.0
UA.ZP,3526203583496192.0,744907654950488.2,0.0
UA.ZT,0.0,0.0,0.0
