HASC_1,Max,Mean,Min
SE.BL,276.8021545410156,276.4033508300781,275.6477966308594
SE.KO,275.5738830566406,273.460455125378,269.9163818359375
SE.GV,275.7665100097656,274.4182780872692,272.57763671875
SE.GT,276.3836975097656,276.0686543782552,275.6405334472656
SE.HA,278.0458068847656,276.7478820800781,275.2742614746094
SE.JA,273.8960876464844,271.86383850097656,269.9163818359375
SE.JO,276.2069396972656,274.8645665785846,274.1346435546875
SE.KA,276.631103515625,275.29983139038086,274.1346435546875
SE.KR,276.3397521972656,275.1251220703125,274.1346435546875
SE.NB,274.1436462402344,269.74199144767994,266.6611328125
SE.OR,276.7987365722656,275.54730442592074,274.7549743652344
SE.OG,275.7965393066406,275.1378112792969,274.2806701660156
SE.SN,277.4078063964844,276.4118441068209,275.1534118652344
SE.SD,275.998779296875,275.4025709364149,275.0431213378906
SE.ST,276.2445373535156,275.2680318196615,274.463623046875
SE.UP,275.4129943847656,275.02343495686847,274.463623046875
SE.VR,277.0526428222656,275.40981419881183,272.0802917480469
SE.VB,275.431884765625,271.8272919236568,269.957763671875
SE.VN,275.234619140625,273.3536846454327,271.8419494628906
SE.VM,275.5677185058594,275.1833412863991,274.96142578125
SE.VG,278.5941467285156,276.43966783796037,274.64453125
