HASC_1,Max,Mean,Min
SE.BL,285.0008850097656,284.2146911621094,283.2084045410156
SE.KO,280.8267517089844,278.5470206968246,275.5057067871094
SE.GV,281.2554626464844,279.46000255237925,278.0235290527344
SE.GT,284.439697265625,284.1443617078993,283.956298828125
SE.HA,284.9747009277344,283.85021057128904,282.918212890625
SE.JA,281.1620178222656,279.0300231933594,275.484130859375
SE.JO,283.7774353027344,282.67073148839614,282.307373046875
SE.KA,284.6260681152344,283.3993949890137,282.307373046875
SE.KR,284.061767578125,282.9619336809431,282.504150390625
SE.NB,280.0630798339844,274.7629718202533,272.3800354003906
SE.OR,282.456298828125,281.32830810546875,279.8387756347656
SE.OG,283.497802734375,282.56776936848956,281.602294921875
SE.SN,284.890869140625,283.70156625600964,282.7596740722656
SE.SD,283.449462890625,282.07887098524304,280.9071350097656
SE.ST,283.9769592285156,282.1333048502604,280.726806640625
SE.UP,281.8330993652344,280.9093526204427,279.9549865722656
SE.VR,282.7752990722656,280.3587468465169,276.77294921875
SE.VB,281.825927734375,278.15986499451753,274.2325744628906
SE.VN,281.4366149902344,280.404779287485,278.9291076660156
SE.VM,281.7040100097656,280.9749367453835,280.1424865722656
SE.VG,285.6075134277344,283.21182032993863,281.5028381347656
