HASC_1,Max,Mean,Min
SE.BL,279.8113708496094,279.51109008789064,279.11004638671875
SE.KO,278.03387451171875,275.5349554246472,271.5939025878906
SE.GV,278.3203430175781,276.53689020330256,274.1922912597656
SE.GT,279.35711669921875,279.25791422526044,279.1557922363281
SE.HA,279.31610107421875,278.7926513671875,277.7829895019531
SE.JA,275.1582946777344,271.7735467529297,267.78277587890625
SE.JO,278.4751281738281,277.5394394818474,276.95965576171875
SE.KA,279.6308898925781,278.54385566711426,276.98382568359375
SE.KR,279.4482727050781,278.21556527274,277.2789001464844
SE.NB,273.8950500488281,266.6840117483428,264.04986572265625
SE.OR,278.0449523925781,277.637948172433,276.73333740234375
SE.OG,278.77801513671875,277.86285603841145,276.95965576171875
SE.SN,279.70965576171875,279.2544860839844,278.11419677734375
SE.SD,278.7635192871094,278.2400885687934,277.9087829589844
SE.ST,278.99114990234375,278.47539672851565,278.1756286621094
SE.UP,278.4273376464844,278.2514165242513,278.0808410644531
SE.VR,279.0246887207031,277.24484125773114,274.04449462890625
SE.VB,276.4131774902344,270.8069666812294,265.57635498046875
SE.VN,276.8047790527344,273.8107123741737,271.5597229003906
SE.VM,278.3203430175781,278.0354725230824,277.57171630859375
SE.VG,280.0569763183594,278.3169501168387,277.0647277832031
