HASC_1,Max,Mean,Min
SE.BL,293.0674133300781,292.7047180175781,292.4238586425781
SE.KO,296.20770263671875,291.99960031817034,288.8779602050781
SE.GV,296.10321044921875,292.07174266468394,290.0905456542969
SE.GT,293.4036560058594,292.5898030598958,292.1058349609375
SE.HA,292.5635070800781,292.1192932128906,291.61688232421875
SE.JA,291.6474914550781,289.5324737548828,287.1719055175781
SE.JO,294.8597106933594,292.91601382984834,291.61688232421875
SE.KA,295.2425231933594,294.0226650238037,292.3769836425781
SE.KR,294.75750732421875,292.8714403424944,291.61688232421875
SE.NB,289.1009521484375,286.8258124457465,281.4080810546875
SE.OR,296.35906982421875,294.9100581577846,292.8994445800781
SE.OG,296.35906982421875,294.9327006022135,292.9690856933594
SE.SN,293.0674133300781,292.3700937124399,292.1438903808594
SE.SD,297.0911560058594,295.92109849717883,293.8470153808594
SE.ST,297.0911560058594,294.9233907063802,293.0293273925781
SE.UP,297.0911560058594,295.9596532185872,294.4326477050781
SE.VR,295.3909606933594,292.64972432454425,290.4762878417969
SE.VB,289.4655456542969,288.18836412931745,286.1253662109375
SE.VN,290.4059753417969,289.64227294921875,288.8450927734375
SE.VM,297.0911560058594,296.0051380504261,294.46942138671875
SE.VG,295.3909606933594,292.6614870343889,291.61688232421875
