HASC_1,Max,Mean,Min
SE.BL,284.625,284.07741088867186,283.5901794433594
SE.KO,286.6243591308594,283.3648681640625,280.1780700683594
SE.GV,284.1744689941406,282.5696008855646,280.5556640625
SE.GT,283.1295471191406,282.8101060655382,282.4947814941406
SE.HA,285.2571716308594,284.9214202880859,284.6695861816406
SE.JA,282.4388122558594,279.6499230957031,273.9430236816406
SE.JO,287.232421875,285.46095545151655,284.7737731933594
SE.KA,286.7034606933594,285.06361961364746,283.2174377441406
SE.KR,285.6819763183594,284.9829297746931,284.2066955566406
SE.NB,281.1551208496094,276.9357460099037,271.497314453125
SE.OR,288.263671875,286.47533089774,284.4375
SE.OG,287.7044372558594,285.9205769856771,283.6702575683594
SE.SN,285.3287658691406,284.76239248422473,284.1826171875
SE.SD,286.5113830566406,284.75853474934894,282.7711486816406
SE.ST,284.3841247558594,282.7335713704427,280.9140625
SE.UP,284.9078674316406,283.59092712402344,282.2864685058594
SE.VR,288.263671875,285.33375549316406,282.2731018066406
SE.VB,281.0517578125,279.1838448507744,273.5154724121094
SE.VN,281.9388122558594,280.78347660945013,279.9462890625
SE.VM,286.5113830566406,284.80352783203125,283.9996643066406
SE.VG,288.263671875,285.5980976649693,284.2601013183594
