HASC_1,Max,Mean,Min
SE.BL,279.3313293457031,278.1432739257813,276.2640686035156
SE.KO,272.0553894042969,269.36132517168596,266.4300842285156
SE.GV,274.1195373535156,270.59518987482244,268.67486572265625
SE.GT,278.83587646484375,278.14498562282984,277.2856750488281
SE.HA,278.3152160644531,275.9694885253906,273.4636535644531
SE.JA,270.76690673828125,268.6704956054688,266.4300842285156
SE.JO,274.7374572753906,273.1770881204044,272.5699157714844
SE.KA,278.89886474609375,275.1304168701172,272.7118225097656
SE.KR,277.91265869140625,274.24288504464283,272.89739990234375
SE.NB,274.8212585449219,266.4780640264954,263.35491943359375
SE.OR,273.42132568359375,272.12682451520647,270.2169189453125
SE.OG,275.6373596191406,273.16656290690105,272.3921203613281
SE.SN,278.8913879394531,276.94423029972955,273.6049499511719
SE.SD,276.5478820800781,273.0836249457465,271.6761474609375
SE.ST,278.77386474609375,274.8721903483073,271.6761474609375
SE.UP,274.58551025390625,272.443354288737,271.5003356933594
SE.VR,274.4680480957031,271.17200724283856,267.9018249511719
SE.VB,275.48577880859375,267.29982074938323,263.7204895019531
SE.VN,273.41436767578125,269.2340217003456,267.2847595214844
SE.VM,272.6365051269531,271.9073097922585,270.9929504394531
SE.VG,278.8301086425781,274.4494868687221,272.4615173339844
