HASC_1,Max,Mean,Min
SE.BL,291.6800842285156,290.786328125,289.6341857910156
SE.KO,291.97076416015625,290.07557038337956,287.4274597167969
SE.GV,292.37603759765625,291.3287908380682,289.9303894042969
SE.GT,291.85162353515625,290.88294474283856,289.71002197265625
SE.HA,291.66802978515625,290.7233032226562,289.48443603515625
SE.JA,291.41412353515625,289.3918835449219,286.8669128417969
SE.JO,291.94342041015625,291.07974063648896,290.43072509765625
SE.KA,292.9157409667969,291.66391944885254,289.75689697265625
SE.KR,292.7985534667969,291.48343985421315,290.6833190917969
SE.NB,291.5924987792969,288.48133526426375,280.7845764160156
SE.OR,292.10748291015625,291.4979945591518,290.46490478515625
SE.OG,292.51470947265625,291.76698608398436,290.7829284667969
SE.SN,291.7660217285156,291.3201974722055,290.58599853515625
SE.SD,292.53228759765625,291.9783630371094,291.19635009765625
SE.ST,292.6891784667969,291.5857381184896,290.29693603515625
SE.UP,292.71685791015625,292.37378692626953,291.6673889160156
SE.VR,291.9603576660156,290.3163312276204,288.9193420410156
SE.VB,291.1224670410156,289.41973127398575,285.77349853515625
SE.VN,291.68560791015625,290.8061758188101,289.44927978515625
SE.VM,292.53228759765625,291.9602355957031,291.28619384765625
SE.VG,291.9603576660156,290.1685060773577,287.96685791015625
