HASC_1,Max,Mean,Min
JP.AI,0.0,0.0,0.0
JP.AK,0.4996333420276642,0.009821322391082824,0.0
JP.AO,2.0389750003814697,0.0871354965602853,0.0
JP.CH,0.0004166666476521641,2.4654831222021545e-06,0.0
JP.EH,0.0011385753750801086,4.216945833630032e-06,0.0
JP.FI,0.0072916666977107525,0.0005277300994524236,0.0
JP.FO,0.0,0.0,0.0
JP.FS,0.030664026737213135,0.0001469191353129947,0.0
JP.GF,0.08895833045244217,0.0005944444209388974,0.0
JP.GM,0.0,0.0,0.0
JP.HS,0.010230759158730507,0.00017384041537601055,0.0
JP.HK,0.8278499245643616,0.015581577195913784,0.0
JP.HG,0.2198178619146347,0.009136165599696912,0.0
JP.IB,0.0,0.0,0.0
JP.IS,0.3539583384990692,0.008053070623314514,0.0
JP.IW,0.05833333358168602,0.003322316557585981,0.0
JP.KG,0.0,0.0,0.0
JP.KS,0.02229166589677334,5.340613513427583e-05,0.0
JP.KN,0.0008333332953043282,1.1904761361490402e-05,0.0
JP.KC,0.0,0.0,0.0
JP.KM,0.0,0.0,0.0
JP.KY,0.13105672597885132,0.007879680903493459,0.0
JP.ME,0.08895833045244217,0.0035222629998244493,0.0
JP.MG,0.06708333641290665,0.0019856650723364183,0.0
JP.MZ,0.0,0.0,0.0
JP.NN,0.0018749999580904841,6.578947221370119e-06,0.0
JP.NS,0.001185280503705144,2.8886894473213363e-06,0.0
JP.NR,0.12585128843784332,0.007548778096679598,0.0
JP.NI,0.22023414075374603,0.0058938281080484385,0.0
JP.OT,0.0,0.0,0.0
JP.OY,0.002306017093360424,1.7469826464851696e-05,0.0
JP.ON,0.26249998807907104,0.0004973811946590157,0.0
JP.OS,0.13105672597885132,0.023156593586983427,0.0
JP.SG,0.0,0.0,0.0
JP.ST,0.0004166666476521641,2.1367520392418672e-05,0.0
JP.SH,0.08895833045244217,0.011408351496356772,0.0
JP.SM,0.4452552795410156,0.005268281877592758,0.0
JP.SZ,0.010833333246409893,2.4585402418208986e-06,0.0
JP.TC,0.0,0.0,0.0
JP.TS,0.5326899886131287,0.006967665282664476,0.0
JP.TK,0.0004166666476521641,2.2727271690118043e-05,0.0
JP.TT,0.0,0.0,0.0
JP.TY,0.07018696516752243,0.003778356615260815,0.0
JP.WK,0.03270833194255829,0.0002905254344617532,0.0
JP.YT,0.15390869975090027,0.006049536426952626,0.0
JP.YC,0.0,0.0,0.0
JP.YN,0.0,0.0,0.0
