HASC_1,Max,Mean,Min
JP.AI,0.18348030745983124,0.017629025821743534,0.0
JP.AK,0.002513017738237977,1.5426943718921393e-05,0.0
JP.AO,0.0019532591104507446,5.2086909612019855e-06,0.0
JP.CH,0.03021734207868576,0.0008917527456530893,0.0
JP.EH,0.20864786207675934,0.011738591392781085,0.0
JP.FI,0.49973979592323303,0.01700985579349459,0.0
JP.FO,0.4743322432041168,0.04853353141755848,0.0
JP.FS,0.06952682137489319,0.00035287715614347264,0.0
JP.GF,0.17106370627880096,0.007930157297796541,0.0
JP.GM,0.0,0.0,0.0
JP.HS,0.027783328667283058,0.0015002083878622823,0.0
JP.HK,0.02331034280359745,3.203090284314071e-05,0.0
JP.HG,0.2711583077907562,0.006189940973854391,0.0
JP.IB,0.003366221906617284,4.7111107427737065e-05,0.0
JP.IS,0.49973979592323303,0.008830783295839636,0.0
JP.IW,0.0,0.0,0.0
JP.KG,0.21649162471294403,0.027790327318361962,0.0
JP.KS,3.6049530506134033,0.1360536593834407,0.0
JP.KN,0.004841235000640154,0.00015584430199981267,0.0
JP.KC,0.4432462751865387,0.009232079820406504,0.0
JP.KM,0.5588032007217407,0.16181643965343634,0.0
JP.KY,0.5506331920623779,0.03449846092007647,0.0
JP.ME,0.38290712237358093,0.0604107274523224,0.0
JP.MG,0.008981975726783276,0.00010490674728479905,0.0
JP.MZ,1.1955233812332153,0.21932294043974998,0.0
JP.NN,0.08436951041221619,0.0007424733931609233,0.0
JP.NS,0.988370954990387,0.05637296688343797,0.0
JP.NR,1.005441665649414,0.1983333556621801,0.0
JP.NI,0.08436951041221619,0.0002791830942434197,0.0
JP.OT,1.1955233812332153,0.1731718132792452,0.0
JP.OY,0.029133327305316925,0.0008431728417759366,0.0
JP.ON,9.216605186462402,0.09621291028554825,0.0
JP.OS,1.0034795999526978,0.1970861454901751,0.0
JP.SG,0.3105259835720062,0.08101382892992762,0.0
JP.ST,0.0,0.0,0.0
JP.SH,0.18194162845611572,0.04946308637736365,0.0
JP.SM,0.24987705051898956,0.0025528334503717443,0.0
JP.SZ,1.5521639585494995,0.0006112391220137963,0.0
JP.TC,0.0033506902400404215,2.769165487636712e-05,0.0
JP.TS,0.25009992718696594,0.00951448331224364,0.0
JP.TK,0.0,0.0,0.0
JP.TT,0.0,0.0,0.0
JP.TY,0.06227244809269905,0.002310613849405482,0.0
JP.WK,1.005441665649414,0.09944577584373149,0.0
JP.YT,0.0,0.0,0.0
JP.YC,0.45561352372169495,0.03221292437445643,0.0
JP.YN,0.0016753451200202107,2.7922418667003512e-05,0.0
