HASC_1,Max,Mean,Min
JP.AI,0.0,0.0,0.0
JP.AK,0.16155917942523956,0.007885930638889583,0.0
JP.AO,0.11029257625341415,0.002379383821660061,0.0
JP.CH,0.0,0.0,0.0
JP.EH,0.2982426583766937,0.01610549470599465,0.0
JP.FI,0.010987762361764908,7.134910624522667e-05,0.0
JP.FO,0.37368229031562805,0.0413622297461728,0.0
JP.FS,0.06686993688344955,0.0010358780226104626,0.0
JP.GF,0.0,0.0,0.0
JP.GM,0.0,0.0,0.0
JP.HS,0.002846631919965148,3.1061854921669387e-05,0.0
JP.HK,0.08487391471862793,0.0010625167714923196,0.0
JP.HG,0.0006562182097695768,5.158100276066062e-06,0.0
JP.IB,0.0,0.0,0.0
JP.IS,0.010987762361764908,0.00013271131396514217,0.0
JP.IW,0.18199968338012695,0.00497682998037716,0.0
JP.KG,0.0,0.0,0.0
JP.KS,0.23648761212825775,0.002047097575090294,0.0
JP.KN,0.0,0.0,0.0
JP.KC,0.1927894800901413,0.013984048856728189,0.0
JP.KM,0.43486085534095764,0.07045445289242909,0.0
JP.KY,0.003441059961915016,2.3896249735520945e-05,0.0
JP.ME,0.0,0.0,0.0
JP.MG,0.01504573691636324,0.00011144990388017434,0.0
JP.MZ,0.1537376493215561,0.019975244705505574,0.0
JP.NN,0.9389743804931641,0.003963750565685985,0.0
JP.NS,1.5919324159622192,0.0647931875707884,0.0
JP.NR,0.003441059961915016,4.30132495239377e-05,0.0
JP.NI,0.9389743804931641,0.0028906754930192206,0.0
JP.OT,0.17751716077327728,0.029083554160119,0.0
JP.OY,0.0,0.0,0.0
JP.ON,0.0010256011737510562,5.063973209390122e-07,0.0
JP.OS,0.003441059961915016,6.1447499319911e-05,0.0
JP.SG,0.19328677654266357,0.05484142093845303,0.0
JP.ST,0.0,0.0,0.0
JP.SH,0.0,0.0,0.0
JP.SM,0.0,0.0,0.0
JP.SZ,2.099843740463257,0.00020609075450394527,0.0
JP.TC,0.0008424220141023397,6.962165405804461e-06,0.0
JP.TS,0.050469908863306046,0.004335330323859428,0.0
JP.TK,0.0,0.0,0.0
JP.TT,0.0,0.0,0.0
JP.TY,0.05863259360194206,0.0016590629152646711,0.0
JP.WK,0.0004166666476521641,3.4435260136542486e-06,0.0
JP.YT,0.02705233357846737,0.0006041439780448046,0.0
JP.YC,0.18499056994915009,0.012728503491145378,0.0
JP.YN,0.0,0.0,0.0
