HASC_1,Max,Mean,Min
JP.AI,0.032864052802324295,0.0013286282830651747,0.0
JP.AK,0.018748128786683083,0.00020694427011596204,0.0
JP.AO,0.25544223189353943,0.0010315302079543472,0.0
JP.CH,0.0362548828125,0.0009386911991702602,0.0
JP.EH,0.0,0.0,0.0
JP.FI,0.0033230192493647337,2.301658392965479e-05,0.0
JP.FO,0.0,0.0,0.0
JP.FS,0.0,0.0,0.0
JP.GF,0.01249875221401453,0.00011384756116765654,0.0
JP.GM,0.0,0.0,0.0
JP.HS,0.0,0.0,0.0
JP.HK,0.28517115116119385,0.0008499682487556608,0.0
JP.HG,0.0,0.0,0.0
JP.IB,0.0,0.0,0.0
JP.IS,0.009572395123541355,5.22081553558951e-05,0.0
JP.IW,0.0,0.0,0.0
JP.KG,0.0,0.0,0.0
JP.KS,0.20999108254909515,0.0030166365132929134,0.0
JP.KN,0.0026411134749650955,4.310194926802069e-05,0.0
JP.KC,0.0,0.0,0.0
JP.KM,0.023203952237963676,0.0006799399037845433,0.0
JP.KY,0.0,0.0,0.0
JP.ME,0.3184887170791626,0.00965357229321015,0.0
JP.MG,0.0,0.0,0.0
JP.MZ,0.06087528541684151,0.0014800588643620125,0.0
JP.NN,0.48477303981781006,0.0036553712604616424,0.0
JP.NS,0.10739655047655106,0.00044819254362192187,0.0
JP.NR,0.3184887170791626,0.021787662037786502,0.0
JP.NI,0.48477303981781006,0.002276950184686779,0.0
JP.OT,0.0,0.0,0.0
JP.OY,0.0,0.0,0.0
JP.ON,0.019945725798606873,4.3961195799578063e-05,0.0
JP.OS,0.0,0.0,0.0
JP.SG,0.0,0.0,0.0
JP.ST,0.0,0.0,0.0
JP.SH,0.0,0.0,0.0
JP.SM,0.0,0.0,0.0
JP.SZ,1.1611722707748413,0.0005779344002950293,0.0
JP.TC,0.0,0.0,0.0
JP.TS,0.0,0.0,0.0
JP.TK,0.0,0.0,0.0
JP.TT,0.0,0.0,0.0
JP.TY,0.19015955924987793,0.002626975562386426,0.0
JP.WK,0.22561310231685638,0.006585352512438251,0.0
JP.YT,0.006249376107007265,3.4718756150040364e-05,0.0
JP.YC,0.0,0.0,0.0
JP.YN,0.0,0.0,0.0
