HASC_1,Max,Mean,Min
JP.AI,1.4503298997879028,0.6022613630802544,0.0
JP.AK,0.18194840848445892,0.016324108142277832,0.0
JP.AO,0.13453979790210724,0.0025414970329560066,0.0
JP.CH,1.9259014129638672,0.40414222805986744,0.0
JP.EH,0.5600380897521973,0.05176870321372041,0.0
JP.FI,1.1644823551177979,0.07500547973148815,0.0
JP.FO,0.007036639377474785,0.00035988517153712636,0.0
JP.FS,0.9648190140724182,0.3607163930590819,0.0
JP.GF,1.8087406158447266,0.37101208918624456,0.0
JP.GM,1.7899131774902344,0.4847318565561658,0.0
JP.HS,0.17645426094532013,0.017962013996566384,0.0
JP.HK,0.005347606260329485,8.108309827047648e-05,0.0
JP.HG,0.831593930721283,0.19895186697920927,0.0
JP.IB,1.4153178930282593,0.4351329926908369,0.0
JP.IS,0.25693246722221375,0.028753455371976742,0.0
JP.IW,0.388881117105484,0.05315468019489008,0.0
JP.KG,0.9606585502624512,0.2846985187381506,0.0
JP.KS,0.8151063919067383,0.010632556303542488,0.0
JP.KN,2.599702835083008,0.8543572481189455,0.0
JP.KC,0.8181294798851013,0.12367555930426247,0.0
JP.KM,0.43283960223197937,0.04372659195942106,0.0
JP.KY,1.9977498054504395,0.25131929568467765,0.0
JP.ME,2.1930646896362305,0.3214418711323364,0.0
JP.MG,0.5078914761543274,0.11057947633358148,0.0
JP.MZ,0.43283960223197937,0.08247700879254784,0.0
JP.NN,1.9330333471298218,0.4330051073510396,0.0
JP.NS,0.008769037202000618,0.0001187130898645816,0.0
JP.NR,2.1786746978759766,0.48503835331648587,0.0
JP.NI,0.9576523303985596,0.07891574678350273,0.0
JP.OT,0.287092387676239,0.028067256685523255,0.0
JP.OY,0.6452267169952393,0.10921979335288404,0.0
JP.ON,0.5707314014434814,0.00031978186635730224,0.0
JP.OS,2.0748584270477295,0.3622542599748288,0.0
JP.SG,0.0029579291585832834,0.00027877307683599016,0.0
JP.ST,2.901324987411499,0.7319575066749866,0.0
JP.SH,1.8625949621200562,0.6909520173445344,0.0
JP.SM,0.13687480986118317,0.0006280976927950246,0.0
JP.SZ,1.6726423501968384,0.0066767748956060675,0.0
JP.TC,1.59748375415802,0.526707518691859,0.0
JP.TS,0.8181294798851013,0.24156195321982657,0.0
JP.TK,2.599702835083008,0.9115868210792542,0.0
JP.TT,0.19785720109939575,0.022559753997322535,0.0
JP.TY,0.5289544463157654,0.17817939475538547,0.0
JP.WK,0.826777458190918,0.20402518665987598,0.0
JP.YT,0.4218071699142456,0.08644971480179164,0.0
JP.YC,0.25320759415626526,0.0051719800640855455,0.0
JP.YN,1.5371733903884888,0.7277051144176059,0.0
