HASC_1,Max,Mean,Min
JP.AI,0.5389647483825684,0.19571577329878453,0.0
JP.AK,0.6985461711883545,0.08176781140825957,0.0
JP.AO,0.8256596922874451,0.1181801982273658,0.0
JP.CH,1.4887866973876953,0.32210089786518253,0.0
JP.EH,2.388627290725708,0.10467604140063082,0.0
JP.FI,0.39747560024261475,0.05437440216214723,0.0
JP.FO,0.0,0.0,0.0
JP.FS,0.4585249722003937,0.11309669075556371,0.0
JP.GF,0.47733378410339355,0.12776527524822287,0.0
JP.GM,0.2591285705566406,0.08041092540536608,0.0
JP.HS,1.449318289756775,0.1462426145860718,0.0
JP.HK,1.0886855125427246,0.06621871564077862,0.0
JP.HG,0.6042363047599792,0.11189959425694095,0.0
JP.IB,0.5688164830207825,0.15691023981253777,0.0
JP.IS,1.4723643064498901,0.09777704324678853,0.0
JP.IW,0.4221535921096802,0.1485677941667813,0.0
JP.KG,1.2513757944107056,0.2521903732419014,0.0
JP.KS,1.032305359840393,0.023635354426447087,0.0
JP.KN,1.2763322591781616,0.27678209000400134,0.0
JP.KC,1.2312947511672974,0.18455832087348106,0.0
JP.KM,0.12679387629032135,0.0057622360965805565,0.0
JP.KY,0.4149397611618042,0.05386959239452457,0.0
JP.ME,0.4498880207538605,0.1135998507413794,0.0
JP.MG,0.4585249722003937,0.11632810579851652,0.0
JP.MZ,0.6965623497962952,0.08942813430524742,0.0
JP.NN,0.49145233631134033,0.13027891995091187,0.0
JP.NS,0.0008333332953043282,1.0462163897630359e-05,0.0
JP.NR,0.4498880207538605,0.13693090565502644,0.0
JP.NI,0.3416323959827423,0.05233069821955277,0.0
JP.OT,0.17139838635921478,0.004206456915269811,0.0
JP.OY,1.449318289756775,0.1450576176866889,0.0
JP.ON,0.114490807056427,0.0009459204134419879,0.0
JP.OS,0.2476412057876587,0.06984228135219642,0.0
JP.SG,0.04499242827296257,0.000714165528142263,0.0
JP.ST,0.6762203574180603,0.1440235833900097,0.0
JP.SH,0.25841882824897766,0.04742247589165345,0.0
JP.SM,1.0679210424423218,0.01021007925753818,0.0
JP.SZ,1.7692747116088867,0.00242019361640767,0.0
JP.TC,0.3635682761669159,0.14216601503782036,0.0
JP.TS,0.683691680431366,0.19808685696787304,0.0
JP.TK,0.9295980930328369,0.23489319709214299,0.0
JP.TT,0.342969685792923,0.07535015548734615,0.0
JP.TY,0.49145233631134033,0.09853726202114062,0.0
JP.WK,0.46019962430000305,0.11176031079789824,0.0
JP.YT,0.4253488779067993,0.10003220276751866,0.0
JP.YC,0.1537517011165619,0.0041786824014005165,0.0
JP.YN,0.47293999791145325,0.11805067534248034,0.0
