HASC_1,Max,Mean,Min
JP.AI,0.09222522377967834,0.018342872559043353,0.0
JP.AK,1.9251998662948608,0.26152792072046877,0.0
JP.AO,0.8982250094413757,0.06775687462401887,0.0
JP.CH,0.12323562055826187,0.01959344487948641,0.0
JP.EH,0.15459592640399933,0.006359068764194726,0.0
JP.FI,0.2312234789133072,0.019159976567607373,0.0
JP.FO,0.0,0.0,0.0
JP.FS,1.0641502141952515,0.0421617010462082,0.0
JP.GF,1.8267083168029785,0.04557448505163646,0.0
JP.GM,0.21896667778491974,0.014678466470372985,0.0
JP.HS,0.00397465517744422,6.151967791841646e-05,0.0
JP.HK,0.8777594566345215,0.05814757014766509,0.0
JP.HG,0.15940162539482117,0.008072700237544968,0.0
JP.IB,0.049646589905023575,0.004747322167833191,0.0
JP.IS,0.5791876912117004,0.028183873950375096,0.0
JP.IW,2.1935665607452393,0.1449374654142351,0.0
JP.KG,0.10348091274499893,0.013357908993712045,0.0
JP.KS,0.6085532307624817,0.003743027747536389,0.0
JP.KN,0.04706403985619545,0.009014821950066627,0.0
JP.KC,0.15459592640399933,0.008447958170664911,0.0
JP.KM,0.00958333257585764,0.0004977644815678812,0.0
JP.KY,0.23049549758434296,0.018145469370614994,0.0
JP.ME,0.14666332304477692,0.0063097868440344625,0.0
JP.MG,0.13609610497951508,0.011070197871184717,0.0
JP.MZ,0.06008165702223778,0.002788494776065748,0.0
JP.NN,1.8267083168029785,0.05496742354553773,0.0
JP.NS,0.004791666753590107,2.708122682834782e-05,0.0
JP.NR,0.04046652466058731,0.009282747082215792,0.0
JP.NI,0.8101463317871094,0.04769802848035429,0.0
JP.OT,0.07039252668619156,0.006888931596068841,0.0
JP.OY,0.007499999832361937,0.00011321873554345186,0.0
JP.ON,0.5880429744720459,0.0015556174200730096,0.0
JP.OS,0.13326893746852875,0.007261518064686763,0.0
JP.SG,0.0,0.0,0.0
JP.ST,0.14892981946468353,0.013973497975175867,0.0
JP.SH,0.16160497069358826,0.02384140474277956,0.0
JP.SM,0.0001784677879186347,1.2149219940140567e-06,0.0
JP.SZ,0.47812461853027344,0.00038094356663057006,0.0
JP.TC,0.06298039853572845,0.00683665875229895,0.0
JP.TS,0.12442358583211899,0.014128181637981166,0.0
JP.TK,0.14170905947685242,0.014820110553773701,0.0
JP.TT,0.007499999832361937,0.0006608786856910835,0.0
JP.TY,0.688499927520752,0.05909085678782007,0.0
JP.WK,0.3542616367340088,0.039327437189419195,0.0
JP.YT,0.9649834036827087,0.0786288416949699,0.0
JP.YC,0.018109513446688652,0.0004242947152146882,0.0
JP.YN,0.05800401791930199,0.002705608252573357,0.0
