HASC_1,Max,Mean,Min
JP.AI,0.37046679854393005,0.09077828963873563,0.0
JP.AK,0.19985128939151764,0.018975426191686625,0.0
JP.AO,1.206050157546997,0.017340469193955262,0.0
JP.CH,0.1740170121192932,0.01689865890684222,0.0
JP.EH,1.9009109735488892,0.34264791701678876,0.0
JP.FI,0.4456920325756073,0.11760384260446995,0.0
JP.FO,2.953744888305664,0.6689201907797174,0.0
JP.FS,0.3793635666370392,0.024897775319317705,0.0
JP.GF,0.4313337504863739,0.100268419691258,0.0
JP.GM,0.5447891354560852,0.029358450488264982,0.0
JP.HS,2.40901780128479,0.9949676785618067,0.0
JP.HK,0.1404845267534256,0.0011573620746854003,0.0
JP.HG,1.5870193243026733,0.24742491783287662,0.0
JP.IB,0.5101298689842224,0.04135023851702596,0.0
JP.IS,0.40143445134162903,0.03143767318951092,0.0
JP.IW,1.329690933227539,0.3993050200864673,0.0
JP.KG,2.242586612701416,1.0278792321681975,0.0
JP.KS,0.689373254776001,0.014620248662899004,0.0
JP.KN,0.14085941016674042,0.02500857107806951,0.0
JP.KC,0.7624198794364929,0.18341933414038375,0.0
JP.KM,1.0606273412704468,0.3181536807161238,0.0
JP.KY,0.37286099791526794,0.0806836206983361,0.0
JP.ME,1.4647296667099,0.14081840311158814,0.0
JP.MG,0.7039108872413635,0.0628695401777991,0.0
JP.MZ,1.0606273412704468,0.23188249514653134,0.0
JP.NN,0.30612897872924805,0.056124903791731,0.0
JP.NS,7.606834411621094,0.30831473684785043,0.0
JP.NR,0.8690997958183289,0.33559289257973435,0.0
JP.NI,0.30190014839172363,0.0075293451052283146,0.0
JP.OT,1.5281227827072144,0.5143715619266808,0.0
JP.OY,2.4626872539520264,0.9963500009793224,0.0
JP.ON,0.06785256415605545,0.00010683793935534006,0.0
JP.OS,1.4531197547912598,0.2708133532266532,0.0
JP.SG,2.171511173248291,0.9967838081102522,0.0
JP.ST,0.28632763028144836,0.046117493388196755,0.0
JP.SH,0.4091521203517914,0.11243448529858142,0.0
JP.SM,3.3211371898651123,0.33906346206311827,0.0
JP.SZ,0.6410033106803894,0.0016310791680155124,0.0
JP.TC,0.5447891354560852,0.038787993696500926,0.0
JP.TS,1.7082304954528809,0.47900072540398,0.0
JP.TK,0.2165597826242447,0.01676215137188344,0.0
JP.TT,1.2833155393600464,0.4433530982997682,0.0
JP.TY,0.1513444036245346,0.03326657039641842,0.0
JP.WK,2.322970151901245,0.5086338217100821,0.0
JP.YT,0.22397136688232422,0.012982602840687226,0.0
JP.YC,3.3211371898651123,0.9080887747961178,0.0
JP.YN,0.35131755471229553,0.1011213785244359,0.0
