HASC_1,Max,Mean,Min
JP.AI,0.00833333283662796,7.861274247665683e-05,0.0
JP.AK,0.07663696259260178,0.0021875892704402385,0.0
JP.AO,0.011250548996031284,0.00011840960298043987,0.0
JP.CH,0.01916666515171528,0.0001177338372844343,0.0
JP.EH,0.002291666576638818,8.487653987551176e-06,0.0
JP.FI,0.03419185057282448,0.0008278580444075723,0.0
JP.FO,0.0,0.0,0.0
JP.FS,0.04749999940395355,0.0006758797179595549,0.0
JP.GF,0.05422527715563774,0.000278038266632292,0.0
JP.GM,0.009176160208880901,7.85162528267219e-05,0.0
JP.HS,0.0004166666476521641,2.1701387898550215e-06,0.0
JP.HK,0.13768094778060913,0.0020029455124774324,0.0
JP.HG,0.0012499999720603228,1.0016025323868515e-05,0.0
JP.IB,0.01916666515171528,0.00012173673636403992,0.0
JP.IS,0.3296045958995819,0.0046032916274683375,0.0
JP.IW,0.005791336297988892,0.00012956542551465747,0.0
JP.KG,0.0,0.0,0.0
JP.KS,0.00020833332382608205,2.3567695959287845e-07,0.0
JP.KN,0.0,0.0,0.0
JP.KC,0.0,0.0,0.0
JP.KM,0.0,0.0,0.0
JP.KY,0.1371004730463028,0.001320297273600267,0.0
JP.ME,0.0,0.0,0.0
JP.MG,0.0021958069410175085,2.194430876093415e-05,0.0
JP.MZ,0.0,0.0,0.0
JP.NN,0.05398454889655113,0.00039908881380892636,0.0
JP.NS,0.0,0.0,0.0
JP.NR,0.014480353333055973,0.00025207921280525627,0.0
JP.NI,0.39158153533935547,0.006512031699043163,0.0
JP.OT,0.0,0.0,0.0
JP.OY,0.0004166666476521641,3.1565655125163947e-06,0.0
JP.ON,0.3911185562610626,0.0018571989097996694,0.0
JP.OS,0.014480353333055973,0.0004419583960303238,0.0
JP.SG,0.0,0.0,0.0
JP.ST,0.0031368667259812355,4.021624007668251e-05,0.0
JP.SH,0.014115900732576847,0.00042935733836202417,0.0
JP.SM,0.014296122826635838,7.72471455598457e-05,0.0
JP.SZ,0.2623099386692047,7.558582595028979e-05,0.0
JP.TC,0.0008333332953043282,6.887052027308497e-06,0.0
JP.TS,0.0,0.0,0.0
JP.TK,0.0031368667259812355,0.0001197712797544558,0.0
JP.TT,0.0008333332953043282,9.259258836714758e-06,0.0
JP.TY,0.05398454889655113,0.001139577291972025,0.0
JP.WK,0.0,0.0,0.0
JP.YT,0.22147613763809204,0.012040006905752104,0.0
JP.YC,0.0,0.0,0.0
JP.YN,0.0,0.0,0.0
