HASC_1,Max,Mean,Min
JP.AI,0.0,0.0,0.0
JP.AK,0.06631273031234741,0.004538019154143941,0.0
JP.AO,0.0639394223690033,0.0033613533595344054,0.0
JP.CH,0.47288402915000916,0.03032892326167895,0.0
JP.EH,0.1055864468216896,0.0014134041278979297,0.0
JP.FI,0.0,0.0,0.0
JP.FO,0.0012328749289736152,1.0215753938389973e-05,0.0
JP.FS,1.3507275581359863,0.1686580421555993,0.0
JP.GF,0.007049438077956438,0.00010910861401094331,0.0
JP.GM,0.5065015554428101,0.06803867852039773,0.0
JP.HS,0.005567772313952446,4.841228383156704e-05,0.0
JP.HK,0.713050901889801,0.003145704114169932,0.0
JP.HG,0.0,0.0,0.0
JP.IB,1.9813255071640015,0.21016256718279122,0.0
JP.IS,0.051488447934389114,0.0014974606069681393,0.0
JP.IW,0.12445177882909775,0.016549634328677915,0.0
JP.KG,0.0,0.0,0.0
JP.KS,0.14161284267902374,0.0008225150632501896,0.0
JP.KN,0.0,0.0,0.0
JP.KC,0.1055864468216896,0.0006934259942998486,0.0
JP.KM,0.018584003672003746,0.0004741730484460681,0.0
JP.KY,0.0,0.0,0.0
JP.ME,0.0,0.0,0.0
JP.MG,0.09319162368774414,0.01104286880312989,0.0
JP.MZ,0.018584003672003746,0.000485787174782159,0.0
JP.NN,0.5065015554428101,0.01420779000217041,0.0
JP.NS,0.02584298700094223,0.00011535063270475331,0.0
JP.NR,0.0,0.0,0.0
JP.NI,0.15851151943206787,0.004916170686105384,0.0
JP.OT,0.018584003672003746,0.00022150007924966457,0.0
JP.OY,0.0,0.0,0.0
JP.ON,4.056474685668945,0.006235904177968036,0.0
JP.OS,0.0,0.0,0.0
JP.SG,0.0,0.0,0.0
JP.ST,0.2507052719593048,0.009064049078589074,0.0
JP.SH,0.0,0.0,0.0
JP.SM,0.11388621479272842,0.00023961539545443546,0.0
JP.SZ,2.0077102184295654,0.0004660690412066917,0.0
JP.TC,2.307954788208008,0.3066080169719649,0.0
JP.TS,0.0,0.0,0.0
JP.TK,0.0004166666476521641,1.8383807301605967e-05,0.0
JP.TT,0.0,0.0,0.0
JP.TY,0.04301399365067482,0.003036810052104887,0.0
JP.WK,0.0,0.0,0.0
JP.YT,0.04097086936235428,0.0022505262793957727,0.0
JP.YC,0.10128550976514816,0.002498433233488852,0.0
JP.YN,0.0,0.0,0.0
