HASC_1,Max,Mean,Min
JP.AI,0.0,0.0,0.0
JP.AK,0.0,-9.957008417914896,-208.3312530517578
JP.AO,0.021458333358168602,-2.7776894851346343,-208.3312530517578
JP.CH,0.005624089390039444,0.0001082946598900416,0.0
JP.EH,0.0040265643037855625,2.3613953413183078e-05,0.0
JP.FI,2.7874595616594888e-05,-1.3528001634880662,-208.3312530517578
JP.FO,0.005670785438269377,0.00017464201379210624,0.0
JP.FS,0.0012499999720603228,-15.18202957462214,-208.3312530517578
JP.GF,0.06337932497262955,-5.555180701038076,-208.3312530517578
JP.GM,0.0,-11.160602842058454,-208.3312530517578
JP.HS,0.0,0.0,0.0
JP.HK,0.6588307619094849,-26.24773318018997,-208.3312530517578
JP.HG,0.0034040671307593584,4.390945877310934e-05,0.0
JP.IB,0.005624089390039444,7.849568650939298e-05,0.0
JP.IS,0.0,-1.6868927372611968,-208.3312530517578
JP.IW,0.00208333320915699,-10.030734086548856,-208.3312530517578
JP.KG,0.0,0.0,0.0
JP.KS,0.10264730453491211,0.0007770243536072683,0.0
JP.KN,0.0,0.0,0.0
JP.KC,0.008710290305316448,0.0006813160208746016,0.0
JP.KM,0.014197219163179398,0.00042897796962885576,0.0
JP.KY,0.003296511247754097,0.00010366442276992732,0.0
JP.ME,0.0,-1.021231632606656,-208.3312530517578
JP.MG,0.0015458371490240097,-6.410176995590266,-208.3312530517578
JP.MZ,0.005871035624295473,0.00033219020475744635,0.0
JP.NN,0.08717340230941772,-11.6954793874591,-208.3312530517578
JP.NS,0.014921444468200207,7.494306029096966e-05,0.0
JP.NR,0.0,-10.416529846191406,-208.3312530517578
JP.NI,0.08717340230941772,-23.756879262329996,-208.3312530517578
JP.OT,0.014197219163179398,0.0012792036343900644,0.0
JP.OY,0.0,0.0,0.0
JP.ON,0.07061627507209778,7.424019951191867e-05,0.0
JP.OS,0.001858032657764852,8.215288072018925e-05,0.0
JP.SG,0.0014762418577447534,6.456341825036187e-05,0.0
JP.ST,0.007083333563059568,0.00016017645322837128,0.0
JP.SH,0.0,0.0,0.0
JP.SM,0.0007729185745120049,3.8979894102171616e-06,0.0
JP.SZ,1.1278390884399414,0.00037529394780044166,0.0
JP.TC,0.0,0.0,0.0
JP.TS,0.007839263416826725,0.00039338715190819195,0.0
JP.TK,0.024371055886149406,0.000624928293241696,0.0
JP.TT,0.0,0.0,0.0
JP.TY,0.0007729185745120049,-21.30659664258234,-208.3312530517578
JP.WK,0.00182416383177042,-3.4434206544295396,-208.3293914794922
JP.YT,0.0012499999720603228,-43.98102957944567,-208.3312530517578
JP.YC,0.004830352496355772,4.879530316477605e-05,0.0
JP.YN,0.0,0.0,0.0
