HASC_1,Max,Mean,Min
JP.AI,9.073273658752441,1.3695042861832514,0.0
JP.AK,7.3759765625,1.4807703794144533,0.0
JP.AO,7.3759765625,1.0863983709017435,0.0
JP.CH,2.459967613220215,0.49958805360737635,0.0
JP.EH,0.1623464971780777,0.023132948949933053,0.0
JP.FI,1.4152956008911133,0.30617673385452915,0.0
JP.FO,0.16381783783435822,0.00748339583989676,0.0
JP.FS,5.3327507972717285,0.9919599643361713,0.0
JP.GF,3.2547597885131836,0.7123838988939921,0.0
JP.GM,3.1079742908477783,0.8492008378463132,0.0
JP.HS,0.9619276523590088,0.13311049905223626,0.0
JP.HK,3.992342233657837,0.3867989436119467,0.0
JP.HG,1.4440947771072388,0.146251785577848,0.0
JP.IB,5.783580303192139,1.4504303406681536,0.0
JP.IS,1.116186499595642,0.20786501014763528,0.0
JP.IW,2.291656732559204,0.6652122582550402,0.0
JP.KG,0.176920548081398,0.0564223837479949,0.0
JP.KS,0.3841547966003418,0.012178645205046473,0.0
JP.KN,2.860513925552368,0.9098048669951303,0.0
JP.KC,0.3758549690246582,0.04359890066600039,0.0
JP.KM,0.35559654235839844,0.05412446363027104,0.0
JP.KY,2.5835859775543213,0.41938224983298117,0.0
JP.ME,5.116939067840576,0.4901206441515801,0.0
JP.MG,1.8485416173934937,0.3525573595976218,0.0
JP.MZ,0.30192163586616516,0.021370650355059365,0.0
JP.NN,6.104635238647461,0.961046822656665,0.0
JP.NS,0.14420698583126068,0.0036966232328799757,0.0
JP.NR,1.5579396486282349,0.52875333186239,0.0
JP.NI,5.3360981941223145,0.5552326208960853,0.0
JP.OT,0.19360755383968353,0.015622228871755149,0.0
JP.OY,0.6764371395111084,0.12300034275165561,0.0
JP.ON,0.7856335043907166,0.004788152502682993,0.0
JP.OS,1.8577836751937866,0.5641574455159051,0.0
JP.SG,0.09987302869558334,0.006514084354876104,0.0
JP.ST,3.2249081134796143,1.0557366189284203,0.0
JP.SH,1.1058026552200317,0.46029906030744316,0.0
JP.SM,0.2834847867488861,0.010816515979590973,0.0
JP.SZ,9.073273658752441,0.017885365154869336,0.0
JP.TC,4.283802509307861,1.1881381711683983,0.0
JP.TS,0.4155482351779938,0.09758514931632413,0.0
JP.TK,3.2249081134796143,1.0209864648905667,0.0
JP.TT,0.3578275740146637,0.08560105735022161,0.0
JP.TY,1.3134498596191406,0.4894699108871547,0.0
JP.WK,1.329859972000122,0.27744705827275584,0.0
JP.YT,5.3360981941223145,0.8376851534263955,0.0
JP.YC,0.07294289767742157,0.0045452629402828746,0.0
JP.YN,5.414585590362549,1.664195027616289,0.0
