HASC_1,Max,Mean,Min
JP.AI,0.5156065225601196,0.050393629395700745,0.0
JP.AK,0.27092209458351135,0.047290269367401966,0.0
JP.AO,0.09177578240633011,0.002950061757748093,0.0
JP.CH,0.7215040326118469,0.033844310950113116,0.0
JP.EH,0.5325609445571899,0.013246492698689744,0.0
JP.FI,0.11117015033960342,0.002817557376678829,0.0
JP.FO,0.7131070494651794,0.04447603509582292,0.0
JP.FS,0.5386736392974854,0.07565377921599632,0.0
JP.GF,1.6584982872009277,0.10825978803787924,0.0
JP.GM,0.8645694851875305,0.07878540827981678,0.0
JP.HS,0.4507167637348175,0.021610203476560248,0.0
JP.HK,0.0695435106754303,0.00040808821902115703,0.0
JP.HG,0.2728424370288849,0.01032418218087864,0.0
JP.IB,1.4154924154281616,0.1644139602975286,0.0
JP.IS,0.03396682068705559,0.0003741778477391055,0.0
JP.IW,0.3438358008861542,0.02492598307959539,0.0
JP.KG,0.038784291595220566,0.0015518078819150105,0.0
JP.KS,2.034165859222412,0.07940913516062277,0.0
JP.KN,0.15445546805858612,0.027068267443766152,0.0
JP.KC,0.6790376305580139,0.01223792426420185,0.0
JP.KM,1.4304801225662231,0.08886242465499285,0.0
JP.KY,0.0,0.0,0.0
JP.ME,0.018333332613110542,0.00016734824691643464,0.0
JP.MG,0.06433575600385666,0.0011625488067063719,0.0
JP.MZ,0.3446132242679596,0.04731953744715914,0.0
JP.NN,1.117691993713379,0.07250331738241744,0.0
JP.NS,1.1751012802124023,0.07480554562515591,0.0
JP.NR,0.6209332346916199,0.04340508654931909,0.0
JP.NI,0.14010289311408997,0.004814456298352828,0.0
JP.OT,0.5194399952888489,0.028246066773454596,0.0
JP.OY,0.3783895969390869,0.03666435025512659,0.0
JP.ON,8.090764045715332,0.09965500309789443,0.0
JP.OS,0.20782005786895752,0.017190285790482967,0.0
JP.SG,0.6284400224685669,0.0961978750392085,0.0
JP.ST,0.8645694851875305,0.12114646060851952,0.0
JP.SH,0.05690452456474304,0.0008620812051958638,0.0
JP.SM,0.4847128093242645,0.013155874546861956,0.0
JP.SZ,5.494897842407227,0.0007910207943307398,0.0
JP.TC,1.9393033981323242,0.33164830921479493,0.0
JP.TS,0.1856887936592102,0.007914678357203095,0.0
JP.TK,0.4238191545009613,0.04485440866767683,0.0
JP.TT,0.4847128093242645,0.04196009145477243,0.0
JP.TY,0.03765886649489403,0.0019820074025615627,0.0
JP.WK,0.6209332346916199,0.019205705577811642,0.0
JP.YT,0.32426127791404724,0.04016691690206547,0.0
JP.YC,0.2967994511127472,0.008931510438375418,0.0
JP.YN,0.5595864057540894,0.07029267196646995,0.0
