HASC_1,Max,Mean,Min
JP.AI,0.11291245371103287,0.02870711582471375,0.0
JP.AK,0.11595207452774048,0.007829756885578664,0.0
JP.AO,0.6049410700798035,0.025181460813619196,0.0
JP.CH,0.7753238081932068,0.2332043655701643,0.0
JP.EH,0.023268237709999084,0.0010394262419578337,0.0
JP.FI,0.008112973533570766,0.00016132334805023403,0.0
JP.FO,0.031526800245046616,0.0011940400308758598,0.0
JP.FS,0.04609765112400055,0.012742504779217498,0.0
JP.GF,0.03906797245144844,0.00475763972016163,0.0
JP.GM,0.08182118088006973,0.011464172311077294,0.0
JP.HS,0.05599958822131157,0.00224026606850695,0.0
JP.HK,1.6410398483276367,0.05515240639399508,0.0
JP.HG,0.011821486987173557,0.0002239634335104221,0.0
JP.IB,0.7727529406547546,0.07508309013568439,0.0
JP.IS,0.21852029860019684,0.0017451791047862297,0.0
JP.IW,0.16942910850048065,0.03951717341993504,0.0
JP.KG,0.00640513002872467,0.0003104261344196857,0.0
JP.KS,1.950918197631836,0.07558645820126204,0.0
JP.KN,0.5885919332504272,0.10685672022934471,0.0
JP.KC,0.1439363807439804,0.006543323952965778,0.0
JP.KM,0.1805192232131958,0.011367454537927793,0.0
JP.KY,0.022016474977135658,0.0014263568138801475,0.0
JP.ME,0.17507398128509521,0.014707542194610498,0.0
JP.MG,0.09888144582509995,0.010175473360308947,0.0
JP.MZ,0.8078637719154358,0.10387462501127559,0.0
JP.NN,0.14482645690441132,0.012327543662334057,0.0
JP.NS,0.011814902536571026,0.00015930416797399122,0.0
JP.NR,0.03978428244590759,0.009324906455003657,0.0
JP.NI,0.15084214508533478,0.003937578109399877,0.0
JP.OT,0.14648057520389557,0.01028826873684389,0.0
JP.OY,0.001153323333710432,2.6092711881243634e-05,0.0
JP.ON,2.004075050354004,0.023164747196578368,0.0
JP.OS,0.05271770432591438,0.006287482316630693,0.0
JP.SG,0.006592511665076017,0.000311170067792744,0.0
JP.ST,0.1721550077199936,0.04202201212636936,0.0
JP.SH,0.04049958288669586,0.007141678116545336,0.0
JP.SM,0.01010818500071764,4.8998463023087456e-05,0.0
JP.SZ,4.648292064666748,0.0029081566367615353,0.0
JP.TC,0.0799429789185524,0.020613191041264158,0.0
JP.TS,0.006579674314707518,0.0013147388881280778,0.0
JP.TK,0.3959248960018158,0.07222995659844442,0.0
JP.TT,0.0,0.0,0.0
JP.TY,0.002291666576638818,6.92604650215468e-05,0.0
JP.WK,1.9099558591842651,0.1030609352227439,0.0
JP.YT,0.09888144582509995,0.004263706969828086,0.0
JP.YC,0.004994733724743128,0.00011735983905549674,0.0
JP.YN,0.1261802762746811,0.020893603853053517,0.0
