HASC_1,Max,Mean,Min
AL.BE,0.03474493324756622,0.004095878261848286,0.0
AL.DB,0.07518129795789719,0.01225229677982584,0.0
AL.DU,0.05525175854563713,0.007637379081764569,0.0
AL.EB,0.14585226774215698,0.01962314664488076,0.0
AL.FI,0.10512769222259521,0.015172511505495225,0.0
AL.GK,0.2088400274515152,0.03299919981024383,0.0
AL.KE,0.05556404963135719,0.0074199259089999196,0.0
AL.KK,0.14492055773735046,0.02934378292591219,0.0
AL.LZ,0.16953396797180176,0.028703320384956897,0.0
AL.SD,0.5215552449226379,0.06245916684274562,0.0
AL.TI,0.14585226774215698,0.019893008642140084,0.0
AL.VR,0.2739236652851105,0.027996208931007693,0.0
