HASC_1,Max,Mean,Min
AL.BE,0.4158240258693695,0.057925084015421034,0.0
AL.DB,0.09115475416183472,0.003008765797685122,0.0
AL.DU,0.06718183308839798,0.010104329697787762,0.0
AL.EB,0.1629342883825302,0.007970443915110082,0.0
AL.FI,0.1283687949180603,0.025037104521678493,0.0
AL.GK,0.720186710357666,0.1869619973262565,0.0
AL.KE,0.7086338996887207,0.10887024091615868,0.0
AL.KK,0.0,0.0,0.0
AL.LZ,0.027136800810694695,0.002331642392091453,0.0
AL.SD,0.053852129727602005,0.002104702219367027,0.0
AL.TI,0.09115475416183472,0.01244862631170286,0.0
AL.VR,0.642321765422821,0.08682334861017701,0.0
