HASC_1,Max,Mean,Min
AL.BE,0.721595823764801,0.06120464425891571,0.0
AL.DB,0.24676372110843658,0.03392473950710458,0.0
AL.DU,0.0,0.0,0.0
AL.EB,0.38331255316734314,0.05266663410002366,0.0
AL.FI,0.009442875161767006,0.00027877516653721353,0.0
AL.GK,0.5911614298820496,0.12704906720440098,0.0
AL.KE,0.38331255316734314,0.08719446505314078,0.0
AL.KK,0.13819865882396698,0.005292731708053638,0.0
AL.LZ,0.10153371095657349,0.006056218892335891,0.0
AL.SD,0.12041666358709335,0.005527459174627439,0.0
AL.TI,0.1408742517232895,0.006890979455891755,0.0
AL.VR,0.07266844063997269,0.003328938822960481,0.0
