HASC_1,Max,Mean,Min
AL.BE,0.08643697947263718,0.014981629231572566,0.0
AL.DB,0.18325215578079224,0.05630998685956001,0.0
AL.DU,0.3837960660457611,0.10265464869638284,0.0
AL.EB,0.08790993690490723,0.018836269385974446,0.0
AL.FI,0.34487631916999817,0.017787590724765323,0.0
AL.GK,0.9769912362098694,0.16074827584412155,0.0
AL.KE,0.3409534692764282,0.03287672819715226,0.0
AL.KK,1.0938276052474976,0.22164248532535116,0.0
AL.LZ,0.38591715693473816,0.1262571033090353,0.0
AL.SD,1.0938276052474976,0.2265405216254294,0.0
AL.TI,0.24225954711437225,0.035465842938585276,0.0
AL.VR,0.9769912362098694,0.07428767747815299,0.0
