HASC_1,Max,Mean,Min
AL.BE,1.2620973587036133,0.27641614890204175,0.0
AL.DB,1.6213250160217285,0.29648526599224184,0.0
AL.DU,0.0629810020327568,0.006946962020894413,0.0
AL.EB,1.6213250160217285,0.4185282432474196,0.0
AL.FI,1.158021330833435,0.09265324593077041,0.0
AL.GK,1.5785938501358032,0.07128963663934781,0.0
AL.KE,1.1971551179885864,0.11674703783831898,0.0
AL.KK,1.8488634824752808,0.07292581848404002,0.0
AL.LZ,0.36423179507255554,0.025681755861055536,0.0
AL.SD,1.8488634824752808,0.06884691635710169,0.0
AL.TI,0.5672103762626648,0.046556279716780946,0.0
AL.VR,0.8080661296844482,0.010264374093491246,0.0
