HASC_1,Max,Mean,Min
AL.BE,0.0581987090408802,0.005092832918567832,0.0
AL.DB,0.03358659893274307,0.0007993796912376725,0.0
AL.DU,0.0,0.0,0.0
AL.EB,0.01424529030919075,0.0009446563996789337,0.0
AL.FI,0.003685939824208617,0.0003398887019443464,0.0
AL.GK,0.29034367203712463,0.04974202753111791,0.0
AL.KE,0.29034367203712463,0.031017055364724332,0.0
AL.KK,0.09597345441579819,0.001787900887314736,0.0
AL.LZ,0.0,0.0,0.0
AL.SD,0.016845015808939934,0.00033173471689224243,0.0
AL.TI,0.0034955746959894896,7.495384219240535e-05,0.0
AL.VR,0.1528358906507492,0.013127569147257396,0.0
