HASC_1,Max,Mean,Min
AL.BE,0.0012068956857547164,4.310341734838273e-05,0.0
AL.DB,0.12537606060504913,0.008880617337242241,0.0
AL.DU,0.0,0.0,0.0
AL.EB,0.013175279833376408,0.0006628045666730031,0.0
AL.FI,0.003391743404790759,8.211855518831206e-05,0.0
AL.GK,0.0030172390397638083,4.1906097774497335e-05,0.0
AL.KE,0.10169107466936111,0.003686214751558675,0.0
AL.KK,0.16948020458221436,0.00864642651436885,0.0
AL.LZ,0.018706882372498512,0.0006391520786564797,0.0
AL.SD,0.16745668649673462,0.0039292378808022475,0.0
AL.TI,0.0060344780795276165,0.00037560843500412174,0.0
AL.VR,0.0034680578391999006,7.664126224723483e-05,0.0
