HASC_1,Max,Mean,Min
AL.BE,0.41444167494773865,0.011360522132268411,0.0
AL.DB,0.6052083373069763,0.09641013939778084,0.0
AL.DU,0.008752147667109966,0.0002917382555703322,0.0
AL.EB,0.15896666049957275,0.013335480381397247,0.0
AL.FI,0.0029173819348216057,5.209610597895724e-05,0.0
AL.GK,0.19995272159576416,0.010661297063102716,0.0
AL.KE,0.41444167494773865,0.02256989455664056,0.0
AL.KK,0.7980249524116516,0.11065562363831832,0.0
AL.LZ,0.12978331744670868,0.01040631513860717,0.0
AL.SD,0.18110831081867218,0.01217317644652212,0.0
AL.TI,0.025100000202655792,0.0011367814063473983,0.0
AL.VR,0.17147858440876007,0.0017486967007852782,0.0
