HASC_1,Max,Mean,Min
AL.BE,0.1680561751127243,0.013725235884391753,0.0
AL.DB,0.5522833466529846,0.052632578900311415,0.0
AL.DU,0.018852366134524345,0.0040550947411247765,0.0
AL.EB,0.3205469846725464,0.01581605238473003,0.0
AL.FI,0.033113569021224976,0.005044749816728914,0.0
AL.GK,0.28502771258354187,0.023759980364502553,0.0
AL.KE,0.3352750241756439,0.037532681541382444,0.0
AL.KK,1.1535999774932861,0.09415229283816491,0.0
AL.LZ,0.21917472779750824,0.010938847177094431,0.0
AL.SD,0.6630166172981262,0.040453361198560744,0.0
AL.TI,0.46228060126304626,0.013147922567845348,0.0
AL.VR,0.023847542703151703,0.0017271658749255152,0.0
