HASC_1,Max,Mean,Min
AL.BE,0.19314022362232208,0.03448397392847775,0.0
AL.DB,0.6399352550506592,0.16159772216564133,0.0
AL.DU,1.2960150241851807,0.21185181221614283,0.0
AL.EB,0.33537161350250244,0.0782837744030985,0.0
AL.FI,0.17921526730060577,0.0312162746642051,0.0
AL.GK,0.1557808369398117,0.029421007824971132,0.0
AL.KE,0.16594797372817993,0.017595662066014484,0.0
AL.KK,0.6399352550506592,0.027897259709137825,0.0
AL.LZ,0.6399352550506592,0.11430664275147137,0.0
AL.SD,0.5974493622779846,0.020748229306318536,0.0
AL.TI,1.2960150241851807,0.19893297159837353,0.0
AL.VR,0.1340470314025879,0.006800446921847314,0.0
