HASC_1,Max,Mean,Min
AL.BE,3.605160713195801,1.2887414991855621,0.0
AL.DB,4.428134441375732,1.1228548903313895,0.0
AL.DU,4.001722812652588,2.0464171290397646,0.0
AL.EB,4.489117622375488,1.3975724764168262,0.0
AL.FI,4.4173102378845215,1.8322638017790658,0.0
AL.GK,3.2107536792755127,1.3765932230485811,0.0
AL.KE,2.8882133960723877,0.7549201581965793,0.0
AL.KK,3.008234977722168,0.6268415421615412,0.0
AL.LZ,4.961767673492432,1.6424054181575776,0.0
AL.SD,2.926844596862793,0.7649803271889687,0.0
AL.TI,4.851901054382324,2.024687385117566,0.0
AL.VR,3.2107536792755127,0.8464501529685722,0.0
