HASC_1,Max,Mean,Min
AL.BE,0.08882352709770203,0.0035562024910567353,0.0
AL.DB,0.23803158104419708,0.03168220575222106,0.0
AL.DU,0.00029411763534881175,9.803921178293725e-06,0.0
AL.EB,0.6364520192146301,0.06125955228562816,0.0
AL.FI,0.004374659154564142,0.00022919626914179908,0.0
AL.GK,0.07885423302650452,0.0030565844794618138,0.0
AL.KE,1.8289738893508911,0.07368087029806247,0.0
AL.KK,0.23803158104419708,0.027612920196510078,0.0
AL.LZ,0.23803158104419708,0.009137685709065408,0.0
AL.SD,0.23145465552806854,0.013429044722925028,0.0
AL.TI,0.05588235333561897,0.0026479890296252926,0.0
AL.VR,0.09878775477409363,0.003285373014143471,0.0
