HASC_1,Max,Mean,Min
US.AL,0.3714669644832611,0.1285837943588997,0.0
US.AK,1.5223249197006226,0.022773707390145795,0.0
US.AZ,0.41018950939178467,0.12350957652759259,0.0
US.AR,0.6159073710441589,0.25653026293532377,0.0
US.CA,0.8918851017951965,0.2124872769118811,0.0
US.CO,0.09478427469730377,0.006137865664311187,0.0
US.CT,0.8543444871902466,0.47325255659719306,0.0
US.DE,0.3729114234447479,0.2123941175107445,0.0
US.DC,0.09389723092317581,0.09190994501113892,0.08992265909910202
US.FL,0.33838939666748047,0.009864079929329299,0.0
US.GA,0.0,0.0,0.0
US.HI,0.7331705689430237,0.01778110286203514,0.0
US.ID,0.3672202229499817,0.06959101449267231,0.0
US.IL,0.36727505922317505,0.1092388345932505,0.0
US.IN,0.2864856421947479,0.004544765703153147,0.0
US.IA,0.765080988407135,0.2580998428363018,0.0
US.KS,0.8938011527061462,0.36142505194336255,0.0
US.KY,0.33947697281837463,0.02169895217521874,0.0
US.LA,0.6063931584358215,0.2083149364951885,0.0
US.ME,0.6123532056808472,0.18631132567922273,0.0
US.MD,0.3436289429664612,0.041364691000328295,0.0
US.MA,0.8655030727386475,0.2474873608443886,0.0
US.MI,0.0,0.0,0.0
US.MN,0.7761715054512024,0.1887244041414912,0.0
US.MS,0.4666866660118103,0.20622112229466438,0.0
US.MO,0.6268329620361328,0.19638694577983448,0.0
US.MT,0.4899495244026184,0.04848611863802647,0.0
US.NE,0.9041868448257446,0.3030103217983523,0.0
US.NV,0.6342324614524841,0.20146691484697934,0.0
US.NH,0.7923952341079712,0.2857410929821156,0.0
US.NJ,0.8699941635131836,0.28018921215764503,0.0
US.NM,0.0,0.0,0.0
US.NY,0.9051584005355835,0.19532320305165327,0.0
US.NC,0.09126521646976471,0.002365328671014861,0.0
US.ND,0.910880982875824,0.4412816486875033,0.0
US.OH,0.09593312442302704,0.0015647520472904081,0.0
US.OK,0.8464924693107605,0.256065169089103,0.0
US.OR,0.9012404680252075,0.3499642613087276,0.0
US.PA,0.5565282106399536,0.09683227029787285,0.0
US.RI,0.7611042857170105,0.3843372970819473,0.0
US.SC,0.0,0.0,0.0
US.SD,0.8987579345703125,0.3690805448743049,0.0
US.TN,0.3922325372695923,0.07820416608188276,0.0
US.TX,0.8003410696983337,0.07546368835776407,0.0
US.UT,0.33267465233802795,0.05079117730356026,0.0
US.VT,0.8556159734725952,0.40323435748466335,0.0
US.VA,0.2954406440258026,0.00881391032114282,0.0
US.WA,0.9105947017669678,0.33634984502286625,0.0
US.WV,0.08115319907665253,0.0008374877926851493,0.0
US.WI,0.3610626459121704,0.05685183439474255,0.0
US.WY,0.21141527593135834,0.009931435112681858,0.0
