HASC_1,Max,Mean,Min
US.AL,0.8106340765953064,0.34525217664620234,0.0
US.AK,1.053859829902649,0.01641794193970128,0.0
US.AZ,0.8364452719688416,0.3875460367805014,0.0
US.AR,0.7945412993431091,0.09062885188471191,0.0
US.CA,0.7923871874809265,0.024476356346719925,0.0
US.CO,0.39396125078201294,0.13820567725915298,0.0
US.CT,0.048999886959791183,0.0019792093528441987,0.0
US.DE,0.0,0.0,0.0
US.DC,0.0,0.0,0.0
US.FL,0.6515436172485352,0.10757139239849065,0.0
US.GA,0.47418585419654846,0.20031236115843057,0.0
US.HI,0.5429519414901733,0.022986322110518813,0.0
US.ID,0.9227051138877869,0.3321464030543963,0.0
US.IL,0.9023393988609314,0.36269579053317247,0.0
US.IN,0.6622911691665649,0.29672583424243604,0.0
US.IA,0.9160701632499695,0.2389453736986354,0.0
US.KS,0.07553358376026154,0.0011195191146235474,0.0
US.KY,0.8436089754104614,0.19142724585253745,0.0
US.LA,0.5356097221374512,0.03917221659402414,0.0
US.ME,0.913777768611908,0.20499698153444001,0.0
US.MD,0.0,0.0,0.0
US.MA,0.09542307257652283,0.024378027898281474,0.0
US.MI,0.8106849193572998,0.1664142414478452,0.0
US.MN,0.9075269103050232,0.22794271446521938,0.0
US.MS,0.7914814949035645,0.29432489348687035,0.0
US.MO,0.8653324246406555,0.1620868768492528,0.0
US.MT,0.8398956060409546,0.192137464193911,0.0
US.NE,0.08990363776683807,0.002872667258852996,0.0
US.NV,0.8976573348045349,0.2500431317524091,0.0
US.NH,0.38018596172332764,0.07127572500353886,0.0
US.NJ,0.0,0.0,0.0
US.NM,0.46005845069885254,0.21153694726865702,0.0
US.NY,0.09191855788230896,0.0010580179837544083,0.0
US.NC,0.3830016255378723,0.07174035686585813,0.0
US.ND,0.47103869915008545,0.08053715981439315,0.0
US.OH,0.38868045806884766,0.10544558238238096,0.0
US.OK,0.0,0.0,0.0
US.OR,0.9027968645095825,0.14001498969329337,0.0
US.PA,0.2585102915763855,0.0013423791465659936,0.0
US.RI,0.08991550654172897,0.033660318772672324,0.0
US.SC,0.41379183530807495,0.14369625565954125,0.0
US.SD,0.3732704222202301,0.01991896092567913,0.0
US.TN,0.8436089754104614,0.3320158638784455,0.0
US.TX,0.3955853581428528,0.015615092858513103,0.0
US.UT,0.8519030809402466,0.363975077544972,0.0
US.VT,0.31686124205589294,0.04809525773930775,0.0
US.VA,0.3616067171096802,0.03545265126789486,0.0
US.WA,0.8670055270195007,0.23860208272106118,0.0
US.WV,0.3616067171096802,0.06279683400145067,0.0
US.WI,0.9111133813858032,0.32830243702141604,0.0
US.WY,0.43456125259399414,0.1540748188985619,0.0
