HASC_1,Max,Mean,Min
US.AL,0.7148078680038452,0.21865937525096615,0.0
US.AK,2.0682296752929688,0.02478331884095242,0.0
US.AZ,0.866107702255249,0.30656126198540157,0.0
US.AR,0.4194985628128052,0.06941133045640316,0.0
US.CA,0.3955315947532654,0.01621489862868263,0.0
US.CO,0.8299787044525146,0.3538608684907471,0.0
US.CT,0.0,0.0,0.0
US.DE,0.31085988879203796,0.1604641622730664,0.0
US.DC,0.2950032353401184,0.23217682540416718,0.16935041546821594
US.FL,0.7129427194595337,0.13797596874009235,0.0
US.GA,0.8180530071258545,0.3377930623292923,0.0
US.HI,0.5663372278213501,0.02316199231892824,0.0
US.ID,0.9094533324241638,0.29046597468852997,0.0
US.IL,0.9114593267440796,0.22614445025918253,0.0
US.IN,0.8983361124992371,0.47918074471609934,0.0
US.IA,0.4746764600276947,0.11007999494627473,0.0
US.KS,0.361208975315094,0.08464365452152467,0.0
US.KY,0.8700644969940186,0.2746570108283777,0.0
US.LA,0.3930528163909912,0.03834517497741006,0.0
US.ME,0.6307898163795471,0.12464042883318514,0.0
US.MD,0.3815354108810425,0.11807249926237597,0.0
US.MA,0.0,0.0,0.0
US.MI,0.9137927889823914,0.30522557823848323,0.0
US.MN,0.8430386781692505,0.1419972403416807,0.0
US.MS,0.4254688024520874,0.17191273734839646,0.0
US.MO,0.4460727572441101,0.08118254796494771,0.0
US.MT,0.9150021076202393,0.37379355791538044,0.0
US.NE,0.3768593966960907,0.07953001654499935,0.0
US.NV,0.518872082233429,0.12620749621507552,0.0
US.NH,0.0,0.0,0.0
US.NJ,0.29427260160446167,0.032363454599610784,0.0
US.NM,0.8414624333381653,0.3640280803390171,0.0
US.NY,0.3499525785446167,0.038412921880301314,0.0
US.NC,0.7929214239120483,0.1953840843393459,0.0
US.ND,0.3313722014427185,0.032256036016699526,0.0
US.OH,0.855474054813385,0.21959015225109302,0.0
US.OK,0.361208975315094,0.04917191119760294,0.0
US.OR,0.7254135012626648,0.06068498369527248,0.0
US.PA,0.41011500358581543,0.17612817122445754,0.0
US.RI,0.0,0.0,0.0
US.SC,0.6612879037857056,0.2167110219024695,0.0
US.SD,0.34392672777175903,0.06769752086308169,0.0
US.TN,0.8700644969940186,0.3215561136294127,0.0
US.TX,0.6640458703041077,0.09583882033636171,0.0
US.UT,0.8997901678085327,0.42379312869967706,0.0
US.VT,0.0,0.0,0.0
US.VA,0.727834165096283,0.14924264433128492,0.0
US.WA,0.8070436716079712,0.12140199759941415,0.0
US.WV,0.6387934684753418,0.13631467029215796,0.0
US.WI,0.9200159311294556,0.3088722983882034,0.0
US.WY,0.9049685001373291,0.40335853440665653,0.0
