HASC_1,Max,Mean,Min
US.AL,0.3185969591140747,0.05587021586233898,0.0
US.AK,1.8907452821731567,0.025248037031104044,0.0
US.AZ,0.3434387743473053,0.06404802950055455,0.0
US.AR,0.4710526168346405,0.22005892468958485,0.0
US.CA,0.8958295583724976,0.17947674214257717,0.0
US.CO,0.3729924261569977,0.029486875359526002,0.0
US.CT,0.8333229422569275,0.38887186845143634,0.0
US.DE,0.8745429515838623,0.509681333388601,0.0
US.DC,0.34900975227355957,0.2658391445875168,0.182668536901474
US.FL,0.3086836040019989,0.006037505071267368,0.0
US.GA,0.0,0.0,0.0
US.HI,0.7092558741569519,0.026833773152902723,0.0
US.ID,0.3404896855354309,0.021415028854932947,0.0
US.IL,0.33572378754615784,0.04323421637258307,0.0
US.IN,0.0,0.0,0.0
US.IA,0.5377236008644104,0.20447114251249537,0.0
US.KS,0.9014263153076172,0.4153648712393326,0.0
US.KY,0.2661042809486389,0.004064127068583427,0.0
US.LA,0.481947660446167,0.18551173332062634,0.0
US.ME,0.409562885761261,0.14408478594994473,0.0
US.MD,0.804741621017456,0.14245291973929852,0.0
US.MA,0.7400420904159546,0.1814639421645552,0.0
US.MI,0.09806749224662781,0.0028688624489496173,0.0
US.MN,0.5906409025192261,0.13654827000755176,0.0
US.MS,0.4215647280216217,0.18691518947482108,0.0
US.MO,0.44695502519607544,0.16597629043140583,0.0
US.MT,0.5130902528762817,0.0812043464931288,0.0
US.NE,0.9166465997695923,0.35842876641366345,0.0
US.NV,0.4458378851413727,0.16208867494484555,0.0
US.NH,0.6345694065093994,0.22931247245934275,0.0
US.NJ,0.8921255469322205,0.37407682480459864,0.0
US.NM,0.3833601474761963,0.006646200929333091,0.0
US.NY,0.9096699953079224,0.22897128595152136,0.0
US.NC,0.4614330232143402,0.013127300738134992,0.0
US.ND,0.8953176736831665,0.46277825733483663,0.0
US.OH,0.3752065598964691,0.006319782797815462,0.0
US.OK,0.8696708083152771,0.2874595106103462,0.0
US.OR,0.9131209850311279,0.28835700731436165,0.0
US.PA,0.8734016418457031,0.21353408514657835,0.0
US.RI,0.6211861371994019,0.3425117790699005,0.0
US.SC,0.03707915544509888,0.00014261213632730336,0.0
US.SD,0.9527186155319214,0.4022621361305937,0.0
US.TN,0.32162678241729736,0.040559377485300904,0.0
US.TX,0.8202604651451111,0.1416670043641171,0.0
US.UT,0.31460851430892944,0.005699937731769436,0.0
US.VT,0.8109934329986572,0.3179630691354925,0.0
US.VA,0.7086654305458069,0.037993241043339024,0.0
US.WA,0.8907204270362854,0.2549542279018564,0.0
US.WV,0.09415468573570251,0.005214463160611183,0.0
US.WI,0.336221307516098,0.014547440292808212,0.0
US.WY,0.3813870847225189,0.03989397709420489,0.0
