HASC_1,Max,Mean,Min
US.AL,0.09437640011310577,0.0005115867518479862,0.0
US.AK,1.787619948387146,0.02532580792340126,0.0
US.AZ,0.31319478154182434,0.012644132839846457,0.0
US.AR,0.4326120913028717,0.19887971750390873,0.0
US.CA,0.7592158317565918,0.14355705558380363,0.0
US.CO,0.849912166595459,0.09279474230956752,0.0
US.CT,0.6436921954154968,0.2872288782770435,0.0
US.DE,0.8512040376663208,0.40805860449160847,0.0
US.DC,0.8083281517028809,0.7415451109409332,0.6747620701789856
US.FL,0.3528778553009033,0.010557549634875728,0.0
US.GA,0.0,0.0,0.0
US.HI,0.7118171453475952,0.024877445129677652,0.0
US.ID,0.1791481077671051,0.0005766913158198198,0.0
US.IL,0.1853206604719162,0.0008466742644821735,0.0
US.IN,0.0,0.0,0.0
US.IA,0.37485045194625854,0.13804618304422267,0.0
US.KS,0.9044237732887268,0.43300518122274206,0.0
US.KY,0.0,0.0,0.0
US.LA,0.418632447719574,0.16549454106375425,0.0
US.ME,0.361275315284729,0.08338078406975707,0.0
US.MD,0.8851935267448425,0.2639362301367025,0.0
US.MA,0.6042309403419495,0.14241181616671383,0.0
US.MI,0.3079061508178711,0.01300861312306133,0.0
US.MN,0.3900470733642578,0.0821211143436198,0.0
US.MS,0.37016767263412476,0.12419916094344444,0.0
US.MO,0.39964768290519714,0.1278679437910406,0.0
US.MT,0.5176621079444885,0.11890681244746275,0.0
US.NE,0.9222618341445923,0.3653359913036355,0.0
US.NV,0.3913668990135193,0.10843587344307362,0.0
US.NH,0.41270801424980164,0.15579888583333404,0.0
US.NJ,0.8184016942977905,0.3351619445126165,0.0
US.NM,0.09398211538791656,0.0038209771241046204,0.0
US.NY,0.9188132286071777,0.22681851251558824,0.0
US.NC,0.8544933199882507,0.07777972809749541,0.0
US.ND,0.9129106402397156,0.45527267088675827,0.0
US.OH,0.46429750323295593,0.02017583594083446,0.0
US.OK,0.8715575337409973,0.260980853676382,0.0
US.OR,0.6595998406410217,0.21198528091055227,0.0
US.PA,0.8900375962257385,0.33748451007840535,0.0
US.RI,0.41716402769088745,0.21864665150642396,0.0
US.SC,0.0,0.0,0.0
US.SD,0.9266422986984253,0.39839735981076957,0.0
US.TN,0.2903206944465637,0.0060024262735775364,0.0
US.TX,0.8330681324005127,0.15244897361807913,0.0
US.UT,0.0,0.0,0.0
US.VT,0.5521401166915894,0.23731290225428764,0.0
US.VA,0.8790639638900757,0.11951473839064035,0.0
US.WA,0.60708087682724,0.16490136255942886,0.0
US.WV,0.3677866756916046,0.02623221969371939,0.0
US.WI,0.0,0.0,0.0
US.WY,0.469218373298645,0.0913098748146442,0.0
