HASC_1,Max,Mean,Min
US.AL,0.0,0.0,0.0
US.AK,1.5897787809371948,0.023967077866537997,0.0
US.AZ,0.0936354324221611,0.005098463192963563,0.0
US.AR,0.0,0.0,0.0
US.CA,0.35348790884017944,0.021411183409383985,0.0
US.CO,0.8970611691474915,0.45596630214017697,0.0
US.CT,0.1809367835521698,0.016563405294315697,0.0
US.DE,0.36983388662338257,0.20057773856180056,0.0
US.DC,0.3977610468864441,0.31043916940689087,0.22311729192733765
US.FL,0.5094524621963501,0.06275262057939796,0.0
US.GA,0.7769381403923035,0.11167128678262941,0.0
US.HI,0.42202436923980713,0.01651841197395697,0.0
US.ID,0.45633071660995483,0.04876036912915204,0.0
US.IL,0.09945794194936752,0.006740788250795049,0.0
US.IN,0.4410126209259033,0.09557572102216107,0.0
US.IA,0.0,0.0,0.0
US.KS,0.4283943176269531,0.15944744973343664,0.0
US.KY,0.8577749133110046,0.10172581087651149,0.0
US.LA,0.0,0.0,0.0
US.ME,0.04304233938455582,0.0003962386548324997,0.0
US.MD,0.6027177572250366,0.14424016347361934,0.0
US.MA,0.004628267604857683,3.615834066295065e-05,0.0
US.MI,0.9177250862121582,0.21706693416007428,0.0
US.MN,0.38758015632629395,0.014481802798845441,0.0
US.MS,0.0,0.0,0.0
US.MO,0.0,0.0,0.0
US.MT,0.9147654175758362,0.34000013163218235,0.0
US.NE,0.6156484484672546,0.14793426905257198,0.0
US.NV,0.0,0.0,0.0
US.NH,0.0,0.0,0.0
US.NJ,0.34976935386657715,0.1446298138153824,0.0
US.NM,0.8630003333091736,0.35398471953849364,0.0
US.NY,0.5885720252990723,0.09203943955794922,0.0
US.NC,0.8715598583221436,0.24849229531261968,0.0
US.ND,0.5016494393348694,0.11545084651199079,0.0
US.OH,0.888739287853241,0.2687026927188823,0.0
US.OK,0.4695015251636505,0.10963308791354022,0.0
US.OR,0.32190296053886414,0.013937941411158792,0.0
US.PA,0.6550835967063904,0.258992400765419,0.0
US.RI,0.0,0.0,0.0
US.SC,0.8030451536178589,0.30341276216965457,0.0
US.SD,0.5635432600975037,0.13413488454680192,0.0
US.TN,0.8715598583221436,0.07148871906726602,0.0
US.TX,0.8077741861343384,0.13961252706356211,0.0
US.UT,0.44076234102249146,0.06002611479825931,0.0
US.VT,0.0,0.0,0.0
US.VA,0.8577749133110046,0.21030681197132384,0.0
US.WA,0.09696458280086517,0.007227261802920957,0.0
US.WV,0.8503946661949158,0.22713474820530605,0.0
US.WI,0.47809168696403503,0.06346983865584359,0.0
US.WY,0.9139756560325623,0.45101922352609164,0.0
