HASC_1,Max,Mean,Min
US.AL,0.4534926414489746,0.207989691079609,0.0
US.AK,0.8772550225257874,0.004566532594949435,0.0
US.AZ,0.4870486557483673,0.23582704605845115,0.0
US.AR,0.8058022856712341,0.39257552145289726,0.0
US.CA,0.8768061399459839,0.18385239369071046,0.0
US.CO,0.28208017349243164,0.001369251591292606,0.0
US.CT,0.46808111667633057,0.22726589216229817,0.0
US.DE,0.007507101632654667,0.0002744134419897039,0.0
US.DC,0.0,0.0,0.0
US.FL,0.4150182604789734,0.05146405853269158,0.0
US.GA,0.3504830002784729,0.10069727150705149,0.0
US.HI,0.7362626791000366,0.030178634636104106,0.0
US.ID,0.6239402294158936,0.1729541447762555,0.0
US.IL,0.5254148840904236,0.17524747710609645,0.0
US.IN,0.3707353472709656,0.1567756385359514,0.0
US.IA,0.9107767343521118,0.4106333504120509,0.0
US.KS,0.8794321417808533,0.16075719844845598,0.0
US.KY,0.4145698845386505,0.08066744590617721,0.0
US.LA,0.7911257147789001,0.29307559219123136,0.0
US.ME,0.9011944532394409,0.31922431763859443,0.0
US.MD,0.0,0.0,0.0
US.MA,0.9001017808914185,0.24838324266602285,0.0
US.MI,0.35101747512817383,0.026878073830179528,0.0
US.MN,0.9101322889328003,0.3189350882506308,0.0
US.MS,0.6464030146598816,0.26289818023641903,0.0
US.MO,0.8825348615646362,0.3094798037250127,0.0
US.MT,0.3715008497238159,0.05125571026683943,0.0
US.NE,0.8736811280250549,0.12157662097092531,0.0
US.NV,0.8716304302215576,0.3064041479291587,0.0
US.NH,0.9040493965148926,0.333667707319061,0.0
US.NJ,0.1941196322441101,0.036517844433877726,0.0
US.NM,0.3229912519454956,0.03922485000289389,0.0
US.NY,0.47148627042770386,0.0669377281307072,0.0
US.NC,0.2867819368839264,0.00556005970134425,0.0
US.ND,0.9101322889328003,0.2908299122894106,0.0
US.OH,0.0006761316326446831,1.4234350160940698e-06,0.0
US.OK,0.7890545129776001,0.08678060107347776,0.0
US.OR,0.9090432524681091,0.36207071054819107,0.0
US.PA,0.09586969763040543,0.00938481499128405,0.0
US.RI,0.887763261795044,0.43914175033569336,0.0
US.SC,0.0,0.0,0.0
US.SD,0.9020950794219971,0.1915698022313895,0.0
US.TN,0.45899060368537903,0.17089216530762819,0.0
US.TX,0.6841292381286621,0.016393181896367192,0.0
US.UT,0.43050065636634827,0.18724655054632608,0.0
US.VT,0.8789891004562378,0.2879449584417873,0.0
US.VA,0.0,0.0,0.0
US.WA,0.9167302846908569,0.3981862385014091,0.0
US.WV,0.0,0.0,0.0
US.WI,0.6227318048477173,0.1621121055300848,0.0
US.WY,0.31707561016082764,0.00801186853744557,0.0
