HASC_1,Max,Mean,Min
US.AL,0.3169589638710022,0.0882239994252958,0.0
US.AK,1.8297924995422363,0.025225800304563444,0.0
US.AZ,0.3630164563655853,0.08383013790333077,0.0
US.AR,0.46995222568511963,0.21924104967287608,0.0
US.CA,0.8941871523857117,0.1794357269875005,0.0
US.CO,0.3713807463645935,0.02951023615952038,0.0
US.CT,0.8119857311248779,0.3873773937424024,0.0
US.DE,0.8730126023292542,0.5249740811330932,0.0
US.DC,0.36360687017440796,0.28753019124269485,0.21145351231098175
US.FL,0.2932579815387726,0.006113981223935899,0.0
US.GA,0.0,0.0,0.0
US.HI,0.648586630821228,0.026732912613078953,0.0
US.ID,0.3313465118408203,0.02138812024247212,0.0
US.IL,0.3286309838294983,0.04290551130782006,0.0
US.IN,0.0,0.0,0.0
US.IA,0.5790583491325378,0.2046501187379897,0.0
US.KS,0.8980394601821899,0.41521310083748353,0.0
US.KY,0.2872723937034607,0.004026780111113719,0.0
US.LA,0.4722374975681305,0.18605475176614944,0.0
US.ME,0.4158487319946289,0.14428017035494617,0.0
US.MD,0.842061460018158,0.1449224923012985,0.0
US.MA,0.7535631656646729,0.1818128344602883,0.0
US.MI,0.09603123366832733,0.002841548076331423,0.0
US.MN,0.5838978886604309,0.13632781404328398,0.0
US.MS,0.40775448083877563,0.1840266018609206,0.0
US.MO,0.4407508969306946,0.16638828005109516,0.0
US.MT,0.5151864886283875,0.08144380186783602,0.0
US.NE,0.9160352349281311,0.3579876327361816,0.0
US.NV,0.43286702036857605,0.1610964090634009,0.0
US.NH,0.60444176197052,0.22305851001982335,0.0
US.NJ,0.8893221616744995,0.37544291906736116,0.0
US.NM,0.43247872591018677,0.07952838623290596,0.0
US.NY,0.9166902899742126,0.2292158010895505,0.0
US.NC,0.5130069851875305,0.11453315162801012,0.0
US.ND,0.915002167224884,0.46183806666374755,0.0
US.OH,0.37006866931915283,0.006475180697318712,0.0
US.OK,0.8653004765510559,0.29169488427919366,0.0
US.OR,0.9066631197929382,0.28858941495879886,0.0
US.PA,0.8893221616744995,0.2136061035679571,0.0
US.RI,0.5823367834091187,0.32340751588344574,0.0
US.SC,0.38675975799560547,0.062158260646706015,0.0
US.SD,0.8940362930297852,0.4018811380878712,0.0
US.TN,0.33355623483657837,0.04835435099054545,0.0
US.TX,0.8018589019775391,0.16282535254718375,0.0
US.UT,0.2948344945907593,0.005966328300164763,0.0
US.VT,0.7990859746932983,0.31192236882869645,0.0
US.VA,0.5986651182174683,0.043151885875007186,0.0
US.WA,0.795427680015564,0.2542161946977498,0.0
US.WV,0.0933389812707901,0.005186638126883375,0.0
US.WI,0.33104750514030457,0.013986114514954023,0.0
US.WY,0.381103515625,0.03961254397676031,0.0
