HASC_1,Max,Mean,Min
US.AL,0.42646634578704834,0.16572061082428236,0.0
US.AK,1.8437994718551636,0.02552721041783662,0.0
US.AZ,0.5241624116897583,0.15602409267101003,0.0
US.AR,0.0,0.0,0.0
US.CA,0.33579039573669434,0.031892730155959725,0.0
US.CO,0.9067966341972351,0.47899149362554494,0.0
US.CT,0.28593775629997253,0.02923424218048846,0.0
US.DE,0.35833740234375,0.1798332626266139,0.0
US.DC,0.29193052649497986,0.26115043461322784,0.23037034273147583
US.FL,0.5045190453529358,0.10381213680349236,0.0
US.GA,0.7768499851226807,0.20512861309483923,0.0
US.HI,0.6880942583084106,0.03387158976867795,0.0
US.ID,0.4611321985721588,0.04798806464776741,0.0
US.IL,0.3931804299354553,0.050609317606749596,0.0
US.IN,0.6555593013763428,0.17330001084869648,0.0
US.IA,0.0,0.0,0.0
US.KS,0.4439558684825897,0.17477680959785463,0.0
US.KY,0.8255539536476135,0.20130912444757065,0.0
US.LA,0.2006804645061493,0.0024900625370480496,0.0
US.ME,0.04048803821206093,0.00032939741946002855,0.0
US.MD,0.5913462042808533,0.14419033005833626,0.0
US.MA,0.04558471217751503,0.00035613056388683617,0.0
US.MI,0.915032148361206,0.21567621885626695,0.0
US.MN,0.3815229535102844,0.014228545167291884,0.0
US.MS,0.2974812686443329,0.009736250078990451,0.0
US.MO,0.13907864689826965,0.0005024361104005948,0.0
US.MT,0.930199384689331,0.33853397066609897,0.0
US.NE,0.6078089475631714,0.14820063072575146,0.0
US.NV,0.3667374551296234,0.0035882190672744964,0.0
US.NH,0.0,0.0,0.0
US.NJ,0.348446249961853,0.1498818485574289,0.0
US.NM,0.8674299120903015,0.4118742869698579,0.0
US.NY,0.5954968333244324,0.09351217117889037,0.0
US.NC,0.8287745118141174,0.260427263036773,0.0
US.ND,0.5020396113395691,0.11532283189313804,0.0
US.OH,0.9079460501670837,0.27968593720542756,0.0
US.OK,0.45471107959747314,0.12956974845739616,0.0
US.OR,0.3350018262863159,0.013958627097901525,0.0
US.PA,0.657026469707489,0.26246091842651365,0.0
US.RI,0.0,0.0,0.0
US.SC,0.8195057511329651,0.30829707538852325,0.0
US.SD,0.5476980209350586,0.13567822757637865,0.0
US.TN,0.8424606323242188,0.2004487230272692,0.0
US.TX,0.7217607498168945,0.14528237409877978,0.0
US.UT,0.736328125,0.17373886226261706,0.0
US.VT,0.0,0.0,0.0
US.VA,0.8699452877044678,0.21181711472925685,0.0
US.WA,0.0990915521979332,0.006958093487905026,0.0
US.WV,0.8578397035598755,0.22577432081812904,0.0
US.WI,0.46749114990234375,0.06278820611246715,0.0
US.WY,0.9119404554367065,0.4501574477537667,0.0
