HASC_1,Max,Mean,Min
US.AL,0.7819584608078003,0.25464254674877757,0.0
US.AK,0.865395188331604,0.003647060529066787,0.0
US.AZ,0.8619439601898193,0.3097122450120178,0.0
US.AR,0.06508440524339676,0.001085228749375068,0.0
US.CA,0.0017112686764448881,1.050789754238059e-06,0.0
US.CO,0.657141923904419,0.2820534321097693,0.0
US.CT,0.0,0.0,0.0
US.DE,0.0,0.0,0.0
US.DC,0.04825235530734062,0.02412617765367031,0.0
US.FL,0.6837125420570374,0.12196835337034777,0.0
US.GA,0.7994561791419983,0.30076664820313453,0.0
US.HI,0.5371764302253723,0.020784690994769334,0.0
US.ID,0.9034054279327393,0.24136142329623303,0.0
US.IL,0.894858181476593,0.21200631134898254,0.0
US.IN,0.9057156443595886,0.4673506543666375,0.0
US.IA,0.3754894733428955,0.05668997572245574,0.0
US.KS,0.30504801869392395,0.0127877183269263,0.0
US.KY,0.8513481616973877,0.24938716806354932,0.0
US.LA,0.0,0.0,0.0
US.ME,0.4746427536010742,0.0912686527464061,0.0
US.MD,0.33782050013542175,0.03215179281014318,0.0
US.MA,0.0,0.0,0.0
US.MI,0.9136928915977478,0.25676907088701467,0.0
US.MN,0.8292738795280457,0.1158636777270902,0.0
US.MS,0.09302990138530731,0.007385502800231431,0.0
US.MO,0.09417292475700378,0.012702886764226864,0.0
US.MT,0.922599732875824,0.31124568067880687,0.0
US.NE,0.32069435715675354,0.019939179144178826,0.0
US.NV,0.40294960141181946,0.04028272469110624,0.0
US.NH,0.04716974124312401,0.000772432618153592,0.0
US.NJ,0.0,0.0,0.0
US.NM,0.6801700592041016,0.2998978125789891,0.0
US.NY,0.326870322227478,0.01041592747346978,0.0
US.NC,0.6612778902053833,0.15839751971695995,0.0
US.ND,0.09939644485712051,0.009017845565702474,0.0
US.OH,0.6462215185165405,0.1679141796890058,0.0
US.OK,0.3024247884750366,0.006670563702506048,0.0
US.OR,0.46967387199401855,0.039036993070608234,0.0
US.PA,0.37528228759765625,0.09350432710683283,0.0
US.RI,0.0,0.0,0.0
US.SC,0.48293840885162354,0.1759956285930597,0.0
US.SD,0.33031773567199707,0.006629887795133982,0.0
US.TN,0.8573071956634521,0.30190718794765165,0.0
US.TX,0.4738544225692749,0.05976784954477191,0.0
US.UT,0.9088262319564819,0.43449596997382706,0.0
US.VT,0.0012271034065634012,1.239498390468082e-05,0.0
US.VA,0.619086503982544,0.1139067319223657,0.0
US.WA,0.5015580654144287,0.11849809395086291,0.0
US.WV,0.4461233615875244,0.11678616607946063,0.0
US.WI,0.907970130443573,0.2662341393606395,0.0
US.WY,0.8335318565368652,0.33027763176580954,0.0
