HASC_1,Max,Mean,Min
US.AL,0.16571786999702454,0.0008398660621236242,0.0
US.AK,1.8758928775787354,0.025136710916439094,0.0
US.AZ,0.2979815900325775,0.012812948552891612,0.0
US.AR,0.42232033610343933,0.19408575999376296,0.0
US.CA,0.6667913198471069,0.14273516409626738,0.0
US.CO,0.8733747005462646,0.09468516480206184,0.0
US.CT,0.6353722214698792,0.2860231992478172,0.0
US.DE,0.7048024535179138,0.3732189355151994,0.0
US.DC,0.8177313804626465,0.7803437113761902,0.7429560422897339
US.FL,0.0,0.0,0.0
US.GA,0.0,0.0,0.0
US.HI,0.6989951729774475,0.023890352761372923,0.0
US.ID,0.31564730405807495,0.0007782011708574525,0.0
US.IL,0.26320910453796387,0.0010022729749611596,0.0
US.IN,0.0,0.0,0.0
US.IA,0.3892664611339569,0.13701228484038322,0.0
US.KS,0.8861768245697021,0.4313268316094227,0.0
US.KY,0.0,0.0,0.0
US.LA,0.4471489191055298,0.16815917588996165,0.0
US.ME,0.354736864566803,0.08141534174016367,0.0
US.MD,0.8703732490539551,0.27240496532370645,0.0
US.MA,0.623212993144989,0.14391419931780547,0.0
US.MI,0.3403559625148773,0.012357323877726941,0.0
US.MN,0.38481074571609497,0.08088994464195783,0.0
US.MS,0.34701240062713623,0.1213287540874929,0.0
US.MO,0.4083560109138489,0.12725437289087235,0.0
US.MT,0.5104957222938538,0.11921117615963121,0.0
US.NE,0.9021416902542114,0.36579023664578414,0.0
US.NV,0.402369886636734,0.10764457005333027,0.0
US.NH,0.39766544103622437,0.15029602759966143,0.0
US.NJ,0.849108099937439,0.33536261472512374,0.0
US.NM,0.09310582280158997,0.0039900101886672455,0.0
US.NY,0.9008729457855225,0.22670125924050807,0.0
US.NC,0.8084388375282288,0.08108981850409647,0.0
US.ND,0.9195507168769836,0.45425725628703423,0.0
US.OH,0.4591555595397949,0.01943049115463318,0.0
US.OK,0.8319113254547119,0.26028138825462926,0.0
US.OR,0.7019322514533997,0.21158697082917755,0.0
US.PA,0.8761970400810242,0.3374703166012963,0.0
US.RI,0.4123780131340027,0.20054120495915412,0.0
US.SC,0.0,0.0,0.0
US.SD,0.916185200214386,0.39772015426618357,0.0
US.TN,0.2860602140426636,0.005921467048109561,0.0
US.TX,0.8161417841911316,0.1528067842538014,0.0
US.UT,0.0,0.0,0.0
US.VT,0.623212993144989,0.22902897165881264,0.0
US.VA,0.863834023475647,0.11965705612879161,0.0
US.WA,0.6733532547950745,0.16582025591321667,0.0
US.WV,0.3644813895225525,0.026709673635288336,0.0
US.WI,0.0,0.0,0.0
US.WY,0.4716719686985016,0.09218391971894685,0.0
