HASC_1,Max,Mean,Min
US.AL,0.0,0.0,0.0
US.AK,1.2173776626586914,0.012804191082444384,0.0
US.AZ,0.0,0.0,0.0
US.AR,0.3944377601146698,0.14296176965937626,0.0
US.CA,0.6401011943817139,0.11128849777809807,0.0
US.CO,0.8900896310806274,0.22153077255719514,0.0
US.CT,0.36446332931518555,0.19220079481601715,0.0
US.DE,0.6406978368759155,0.32350987249187063,0.0
US.DC,0.6044407486915588,0.5263949334621429,0.44834911823272705
US.FL,0.0,0.0,0.0
US.GA,0.0,0.0,0.0
US.HI,0.49838459491729736,0.022110845148563384,0.0
US.ID,0.0023684068582952023,3.30803103861399e-06,0.0
US.IL,0.0,0.0,0.0
US.IN,0.0,0.0,0.0
US.IA,0.36599987745285034,0.0831530527650593,0.0
US.KS,0.863368809223175,0.3665963487897051,0.0
US.KY,0.0017375204479321837,4.524792833156728e-06,0.0
US.LA,0.3944377601146698,0.13626345150392313,0.0
US.ME,0.3337184190750122,0.029973274596282684,0.0
US.MD,0.8546736240386963,0.27713981327704257,0.0
US.MA,0.3710288107395172,0.11975139647256583,0.0
US.MI,0.38071146607398987,0.045079677923850994,0.0
US.MN,0.3464941382408142,0.03577244719377385,0.0
US.MS,0.30461567640304565,0.03130561968882451,0.0
US.MO,0.37484318017959595,0.07492624349344143,0.0
US.MT,0.9297006130218506,0.17971424662523253,0.0
US.NE,0.9046398401260376,0.34452390572072095,0.0
US.NV,0.3709905743598938,0.05325410793023084,0.0
US.NH,0.3526708483695984,0.14559279120078794,0.0
US.NJ,0.6411791443824768,0.2636068236421455,0.0
US.NM,0.7669405937194824,0.03222293815932378,0.0
US.NY,0.9130169153213501,0.20060086248047423,0.0
US.NC,0.8730584979057312,0.16235153047488937,0.0
US.ND,0.8829495310783386,0.3973726849951502,0.0
US.OH,0.9130169153213501,0.05480610389848272,0.0
US.OK,0.863368809223175,0.22255943436865452,0.0
US.OR,0.49651286005973816,0.13822764572316215,0.0
US.PA,0.8969658017158508,0.3999925983200471,0.0
US.RI,0.30667850375175476,0.16730959340929985,0.0
US.SC,0.09284356981515884,0.006779031705507613,0.0
US.SD,0.8945808410644531,0.36665855112175144,0.0
US.TN,0.0,0.0,0.0
US.TX,0.8719738721847534,0.17718820614914063,0.0
US.UT,0.0,0.0,0.0
US.VT,0.38527292013168335,0.1828014278652692,0.0
US.VA,0.8623307347297668,0.202134941793823,0.0
US.WA,0.5623658299446106,0.09930897823889812,0.0
US.WV,0.8754326105117798,0.08593163533369079,0.0
US.WI,0.07718165218830109,0.0003943562586427521,0.0
US.WY,0.8935655355453491,0.1750462355876283,0.0
