HASC_1,Max,Mean,Min
US.AL,0.0,0.0,0.0
US.AK,1.1054543256759644,0.005675507872678752,0.0
US.AZ,0.0,0.0,0.0
US.AR,0.33613747358322144,0.07385385661191136,0.0
US.CA,0.4354246258735657,0.0839293550221495,0.0
US.CO,0.908466637134552,0.3368819072256409,0.0
US.CT,0.39058589935302734,0.18714870481441417,0.0
US.DE,0.48406118154525757,0.24166275614074298,0.0
US.DC,0.5851545333862305,0.43288932740688324,0.280624121427536
US.FL,0.0,0.0,0.0
US.GA,0.0,0.0,0.0
US.HI,0.48883652687072754,0.020854756934568286,0.0
US.ID,0.09690088033676147,0.0024827023564290207,0.0
US.IL,0.0,0.0,0.0
US.IN,0.09404860436916351,0.004138806063641854,0.0
US.IA,0.3251177966594696,0.0325189198308166,0.0
US.KS,0.6810978055000305,0.29886072455188645,0.0
US.KY,0.09457023441791534,0.006074720641035943,0.0
US.LA,0.36330416798591614,0.08029897807141699,0.0
US.ME,2.3899243473124443e-08,7.376309713927298e-11,0.0
US.MD,0.8635643124580383,0.23667859637902844,0.0
US.MA,0.34990715980529785,0.08919349741063343,0.0
US.MI,0.47102850675582886,0.09015811379710705,0.0
US.MN,0.29467079043388367,0.0038577353044175013,0.0
US.MS,0.11819051206111908,0.0004921694161991279,0.0
US.MO,0.32291755080223083,0.028784490420158754,0.0
US.MT,0.9075384140014648,0.24283902911069324,0.0
US.NE,0.8706938028335571,0.2836478664579555,0.0
US.NV,0.31876081228256226,0.013890595522163244,0.0
US.NH,0.316813588142395,0.08357451595419135,0.0
US.NJ,0.48406118154525757,0.17421919801695782,0.0
US.NM,0.8659838438034058,0.145371793809332,0.0
US.NY,0.904900312423706,0.16498763470938713,0.0
US.NC,0.8713881373405457,0.2262306410187988,0.0
US.ND,0.7942898273468018,0.3038355234787513,0.0
US.OH,0.904900312423706,0.1191935480113381,0.0
US.OK,0.8165640830993652,0.18524857061328712,0.0
US.OR,0.40857359766960144,0.09055784394533459,0.0
US.PA,0.9016321301460266,0.41139220183094344,0.0
US.RI,0.283419668674469,0.16222190037369727,0.0
US.SC,0.7106276750564575,0.07680247303711579,0.0
US.SD,0.8230434656143188,0.2973034079366092,0.0
US.TN,0.09338498115539551,0.0027726477079947167,0.0
US.TX,0.830434262752533,0.17346084928047004,0.0
US.UT,0.08787806332111359,0.0018611380786204125,0.0
US.VT,0.3597263693809509,0.15790757608383593,0.0
US.VA,0.8713881373405457,0.23695325380346427,0.0
US.WA,0.36972784996032715,0.04871004912901565,0.0
US.WV,0.863031804561615,0.17489253733129728,0.0
US.WI,0.09744136035442352,0.004708222666041446,0.0
US.WY,0.9121655225753784,0.298278587394993,0.0
