HASC_1,Max,Mean,Min
US.AL,0.3640618324279785,0.026175359507194823,0.0
US.AK,1.836280107498169,0.025492750921721787,0.0
US.AZ,0.3643873333930969,0.014063230618524535,0.0
US.AR,0.2768796980381012,0.00726707024043616,0.0
US.CA,0.38606923818588257,0.052945260233446215,0.0
US.CO,0.8895683884620667,0.42259037657194837,0.0
US.CT,0.34376776218414307,0.15621990299162766,0.0
US.DE,0.41907671093940735,0.22180225487266267,0.0
US.DC,0.3811371624469757,0.31360016018152237,0.24606315791606903
US.FL,0.4542142152786255,0.07219697307268673,0.0
US.GA,0.4782852530479431,0.07144488666119286,0.0
US.HI,0.7514464259147644,0.033013695068657395,0.0
US.ID,0.36480265855789185,0.017132888030823853,0.0
US.IL,0.0873243659734726,0.0007295527604040679,0.0
US.IN,0.3458280563354492,0.026707545852133547,0.0
US.IA,0.0,0.0,0.0
US.KS,0.611186146736145,0.22388774762345878,0.0
US.KY,0.6266337633132935,0.028737633042396737,0.0
US.LA,0.3031313121318817,0.03782233990171913,0.0
US.ME,0.0,0.0,0.0
US.MD,0.7749335765838623,0.17547294280181328,0.0
US.MA,0.3269474506378174,0.029534732620959403,0.0
US.MI,0.9196441173553467,0.1503077923132404,0.0
US.MN,0.22529582679271698,0.00393735256727723,0.0
US.MS,0.0,0.0,0.0
US.MO,0.0,0.0,0.0
US.MT,0.9261623620986938,0.3002144600492807,0.0
US.NE,0.7447580695152283,0.21381175419258544,0.0
US.NV,0.0,0.0,0.0
US.NH,0.3179895877838135,0.0045843310826630505,0.0
US.NJ,0.4051060080528259,0.16160565038973634,0.0
US.NM,0.8763302564620972,0.26938339550846413,0.0
US.NY,0.8061665296554565,0.1343128444231821,0.0
US.NC,0.8759561777114868,0.25232389565172597,0.0
US.ND,0.5925546288490295,0.19702940803956806,0.0
US.OH,0.8856130838394165,0.2027029243895882,0.0
US.OK,0.5999965071678162,0.1589364626823226,0.0
US.OR,0.3742879629135132,0.05087540381744133,0.0
US.PA,0.8670250177383423,0.33305440078179044,0.0
US.RI,0.12489329278469086,0.007606837712228298,0.0
US.SC,0.8007861971855164,0.21240949238540802,0.0
US.SD,0.6386969089508057,0.20526065581507283,0.0
US.TN,0.7315406203269958,0.016646832214367652,0.0
US.TX,0.7928783893585205,0.16440494001346223,0.0
US.UT,0.33992114663124084,0.01580551377585173,0.0
US.VT,0.32219862937927246,0.06907990985509417,0.0
US.VA,0.8759561777114868,0.23511573239007877,0.0
US.WA,0.32923808693885803,0.013956220369223645,0.0
US.WV,0.8700529336929321,0.24041370243307145,0.0
US.WI,0.38141095638275146,0.022753616583778145,0.0
US.WY,0.9261623620986938,0.39761441832915007,0.0
