HASC_1,Max,Mean,Min
US.AL,0.0,0.0,0.0
US.AK,2.113410711288452,0.025347230703094293,0.0
US.AZ,0.0,0.0,0.0
US.AR,0.3331136107444763,0.07182663610808117,0.0
US.CA,0.432995080947876,0.08392407470930358,0.0
US.CO,0.8914697766304016,0.3360725127365057,0.0
US.CT,0.34846317768096924,0.18666149334361157,0.0
US.DE,0.46474581956863403,0.24264974838921002,0.0
US.DC,0.5690621733665466,0.4278475195169449,0.28663286566734314
US.FL,0.0,0.0,0.0
US.GA,0.0,0.0,0.0
US.HI,0.6478487849235535,0.03131311336532235,0.0
US.ID,0.09493541717529297,0.002454434512925218,0.0
US.IL,0.0,0.0,0.0
US.IN,0.09294450283050537,0.004091256426590917,0.0
US.IA,0.3329589366912842,0.03267629059289075,0.0
US.KS,0.6568523645401001,0.29639805424185944,0.0
US.KY,0.09393522888422012,0.00599430829399239,0.0
US.LA,0.3421404957771301,0.08027299437695418,0.0
US.ME,0.003898095339536667,1.2031158455360084e-05,0.0
US.MD,0.8584441542625427,0.23801249658895862,0.0
US.MA,0.357616126537323,0.09022966232441831,0.0
US.MI,0.477710485458374,0.08922568499854333,0.0
US.MN,0.3233126401901245,0.004191164850558001,0.0
US.MS,0.08617361634969711,0.0004124248493462801,0.0
US.MO,0.3156536817550659,0.0285739655668814,0.0
US.MT,0.9166216254234314,0.24207836547738457,0.0
US.NE,0.8453202247619629,0.285429281843269,0.0
US.NV,0.31430792808532715,0.013693950344117937,0.0
US.NH,0.32401159405708313,0.08462161792677189,0.0
US.NJ,0.42829322814941406,0.17660411362620917,0.0
US.NM,0.8650084733963013,0.1451079207731454,0.0
US.NY,0.8515443205833435,0.16516975421797145,0.0
US.NC,0.8393654227256775,0.22682800967474273,0.0
US.ND,0.8050659894943237,0.30479949842687815,0.0
US.OH,0.9186300039291382,0.11740890620012866,0.0
US.OK,0.8258528113365173,0.186555117810214,0.0
US.OR,0.40770286321640015,0.09041436810346302,0.0
US.PA,0.8941980004310608,0.4108901463449001,0.0
US.RI,0.32676005363464355,0.1749417558312416,0.0
US.SC,0.7498478293418884,0.07292245179922667,0.0
US.SD,0.8345584273338318,0.2976812082226388,0.0
US.TN,0.08893129229545593,0.0026922453379383013,0.0
US.TX,0.8258528113365173,0.17429053996270177,0.0
US.UT,0.09563621878623962,0.001786444424270914,0.0
US.VT,0.35129767656326294,0.16020913130481435,0.0
US.VA,0.8623819351196289,0.23697874339829597,0.0
US.WA,0.357097864151001,0.04874395872042938,0.0
US.WV,0.8584441542625427,0.1747051634426628,0.0
US.WI,0.09640675783157349,0.004627941368733648,0.0
US.WY,0.9220031499862671,0.2984662655238085,0.0
