HASC_1,Max,Mean,Min
US.AL,0.8136717677116394,0.37596114024756444,0.0
US.AK,1.7970399856567383,0.024158060026554604,0.0
US.AZ,0.8579210638999939,0.40065259744869763,0.0
US.AR,0.2486737072467804,0.011553479011485759,0.0
US.CA,0.09354627877473831,0.002370584841361369,0.0
US.CO,0.44120222330093384,0.20090899626925474,0.0
US.CT,0.0,0.0,0.0
US.DE,0.0,0.0,0.0
US.DC,0.0,0.0,0.0
US.FL,0.6187069416046143,0.11746444222836115,0.0
US.GA,0.6655471324920654,0.24077315773814917,0.0
US.HI,0.5140156745910645,0.021300935447216035,0.0
US.ID,0.9174923896789551,0.29388164048890275,0.0
US.IL,0.9164302349090576,0.3381530485491742,0.0
US.IN,0.8351215124130249,0.40392275724340887,0.0
US.IA,0.6031778454780579,0.11915305948008531,0.0
US.KS,0.0,0.0,0.0
US.KY,0.864018976688385,0.23093955451622605,0.0
US.LA,0.007442772388458252,2.0267689251340926e-05,0.0
US.ME,0.4946496784687042,0.14529051975473578,0.0
US.MD,0.27690988779067993,0.00919122302568414,0.0
US.MA,0.07484842836856842,0.0036563381555652086,0.0
US.MI,0.9093819260597229,0.21178193321498504,0.0
US.MN,0.8956402540206909,0.1717093244278658,0.0
US.MS,0.7521096467971802,0.10876536537102463,0.0
US.MO,0.7639740705490112,0.05955005854284536,0.0
US.MT,0.915730357170105,0.26128646118737303,0.0
US.NE,0.012997203506529331,2.7771802364378913e-05,0.0
US.NV,0.8764567375183105,0.12356608579998896,0.0
US.NH,0.09729418158531189,0.022414239923027372,0.0
US.NJ,0.0,0.0,0.0
US.NM,0.5016120672225952,0.2504903048147326,0.0
US.NY,0.14007817208766937,0.00031551319795350234,0.0
US.NC,0.47206512093544006,0.11549595087506548,0.0
US.ND,0.3831850588321686,0.03092799232502168,0.0
US.OH,0.47153908014297485,0.130651592841666,0.0
US.OK,0.31185948848724365,0.0017258412394396685,0.0
US.OR,0.49323326349258423,0.08136164955239224,0.0
US.PA,0.3365561068058014,0.043599558549079424,0.0
US.RI,0.0,0.0,0.0
US.SC,0.4530719816684723,0.1611986415890547,0.0
US.SD,0.0963369831442833,0.004508988816727803,0.0
US.TN,0.864018976688385,0.3480408748792898,0.0
US.TX,0.45193421840667725,0.032877309642207024,0.0
US.UT,0.8981910347938538,0.4456174039156922,0.0
US.VT,0.09624005854129791,0.010817326491844435,0.0
US.VA,0.42585259675979614,0.07015103482497666,0.0
US.WA,0.5136042237281799,0.1727589282833734,0.0
US.WV,0.39048922061920166,0.09607731776518955,0.0
US.WI,0.9164302349090576,0.3189236808720292,0.0
US.WY,0.6323673129081726,0.2409743408424637,0.0
