HASC_1,Max,Mean,Min
US.AL,0.6822997331619263,0.27887800804206303,0.0
US.AK,1.0639357566833496,0.01267343602264062,0.0
US.AZ,0.8189451694488525,0.32954230482896996,0.0
US.AR,0.8048111796379089,0.23643617116995141,0.0
US.CA,0.8003019094467163,0.06804014878279109,0.0
US.CO,0.36979174613952637,0.08524587937234633,0.0
US.CT,0.09545727074146271,0.03904498499711432,0.0
US.DE,0.0,0.0,0.0
US.DC,0.0,0.0,0.0
US.FL,0.611728847026825,0.09487172651839444,0.0
US.GA,0.44634515047073364,0.18179770089685918,0.0
US.HI,0.4661610722541809,0.020974294827319682,0.0
US.ID,0.9082194566726685,0.2895679939190547,0.0
US.IL,0.8666810989379883,0.2980684640964395,0.0
US.IN,0.4780590534210205,0.2264756254789208,0.0
US.IA,0.9200397729873657,0.3488955019170014,0.0
US.KS,0.1023188978433609,0.01267290325706951,0.0
US.KY,0.655290424823761,0.1582499110372737,0.0
US.LA,0.6967146992683411,0.1370214065172232,0.0
US.ME,0.9255849123001099,0.29261475479529225,0.0
US.MD,0.0,0.0,0.0
US.MA,0.377346009016037,0.09003452993056271,0.0
US.MI,0.6017716526985168,0.11630249268967441,0.0
US.MN,0.9096136689186096,0.2783724293112755,0.0
US.MS,0.8078866600990295,0.3830020226538181,0.0
US.MO,0.9091019034385681,0.268252930550703,0.0
US.MT,0.7530950307846069,0.13180184717338658,0.0
US.NE,0.16187530755996704,0.012552107954962772,0.0
US.NV,0.9101483821868896,0.33613314571565595,0.0
US.NH,0.4647686183452606,0.14300317296551335,0.0
US.NJ,0.0,0.0,0.0
US.NM,0.43454086780548096,0.14915980381379285,0.0
US.NY,0.2177456021308899,0.008277802159984799,0.0
US.NC,0.3492368459701538,0.040690779946073216,0.0
US.ND,0.5086798667907715,0.14133145509590095,0.0
US.OH,0.3709990978240967,0.06913209187918638,0.0
US.OK,0.07863343507051468,0.0010188082247011387,0.0
US.OR,0.9264580011367798,0.23414187730787628,0.0
US.PA,0.0,0.0,0.0
US.RI,0.1749584674835205,0.05122709637507796,0.0
US.SC,0.34738636016845703,0.09829745042997484,0.0
US.SD,0.422566294670105,0.05669007506135889,0.0
US.TN,0.8175793886184692,0.2758717759926286,0.0
US.TX,0.3271559476852417,0.007610419291566009,0.0
US.UT,0.6754937171936035,0.28605571195676727,0.0
US.VT,0.378572940826416,0.12008401779740145,0.0
US.VA,0.3504747748374939,0.017859851626590605,0.0
US.WA,0.912427544593811,0.32823938543748377,0.0
US.WV,0.31634819507598877,0.02108769423904873,0.0
US.WI,0.8724731206893921,0.2753873208195579,0.0
US.WY,0.37517982721328735,0.09931911797567605,0.0
