HASC_1,Max,Mean,Min
US.AL,0.3399689793586731,0.12972735235844518,0.0
US.AK,1.7029305696487427,0.02382393519260218,0.0
US.AZ,0.4062429964542389,0.12447710014142406,0.0
US.AR,0.6780561208724976,0.259212747064172,0.0
US.CA,0.9007284641265869,0.2131551469429436,0.0
US.CO,0.09573344141244888,0.006227805249684645,0.0
US.CT,0.8256217241287231,0.47443022516866523,0.0
US.DE,0.37152931094169617,0.20762984853770053,0.0
US.DC,0.08707371354103088,0.08162026107311249,0.07616680860519409
US.FL,0.3348310589790344,0.009799936535432685,0.0
US.GA,0.0,0.0,0.0
US.HI,0.6332773566246033,0.018057193509303033,0.0
US.ID,0.36374759674072266,0.07104004626967556,0.0
US.IL,0.37140947580337524,0.1111077448939588,0.0
US.IN,0.30667367577552795,0.004511653915235475,0.0
US.IA,0.655655562877655,0.25749121385592,0.0
US.KS,0.8945534825325012,0.36095871167462934,0.0
US.KY,0.3374374806880951,0.02249699608849672,0.0
US.LA,0.6447805166244507,0.20945809506858237,0.0
US.ME,0.6297490000724792,0.18702144322939862,0.0
US.MD,0.3447488844394684,0.039993266359993465,0.0
US.MA,0.8684185743331909,0.2494840562576428,0.0
US.MI,0.0,0.0,0.0
US.MN,0.7390322685241699,0.19016138687826847,0.0
US.MS,0.45270198583602905,0.20456734975179036,0.0
US.MO,0.6529647707939148,0.1976877285433667,0.0
US.MT,0.4855898916721344,0.048074444162685324,0.0
US.NE,0.9287490844726562,0.30186578672340764,0.0
US.NV,0.6316370368003845,0.20182183280073362,0.0
US.NH,0.8145604729652405,0.2866334397759702,0.0
US.NJ,0.8791356086730957,0.2765537306497043,0.0
US.NM,0.0,0.0,0.0
US.NY,0.9300836324691772,0.19429742578605796,0.0
US.NC,0.08863025903701782,0.0022194133772626555,0.0
US.ND,0.9284056425094604,0.4417950384971184,0.0
US.OH,0.0851810872554779,0.0014791054288894215,0.0
US.OK,0.8664531707763672,0.25498488816822457,0.0
US.OR,0.9190492033958435,0.35100654534557285,0.0
US.PA,0.6548687219619751,0.09580744671051235,0.0
US.RI,0.7952641844749451,0.41210884004831316,0.0
US.SC,0.0,0.0,0.0
US.SD,0.9287490844726562,0.3675478565429027,0.0
US.TN,0.36832839250564575,0.07861529153564738,0.0
US.TX,0.8054381012916565,0.07457333875859234,0.0
US.UT,0.34191739559173584,0.051573356549785246,0.0
US.VT,0.8684185743331909,0.4052511080346926,0.0
US.VA,0.27692878246307373,0.008587344578170683,0.0
US.WA,0.9022274613380432,0.33721019074772346,0.0
US.WV,0.06866397708654404,0.000748826959170401,0.0
US.WI,0.35401588678359985,0.05746382171140436,0.0
US.WY,0.14458268880844116,0.009305078083030069,0.0
