HASC_1,Max,Mean,Min
BR.AC,7705934222589952.0,1347005189052491.2,0.0
BR.AL,3430706596282368.0,402945161939720.8,0.0
BR.AP,3062719703941120.0,1139336106906105.5,0.0
BR.AM,7933285095178240.0,1003999383736504.5,0.0
BR.BA,7580806256001024.0,1413651339585207.8,0.0
BR.CE,0.0,0.0,0.0
BR.DF,6878546353979392.0,5450968749572096.0,0.0
BR.ES,7754597812666368.0,457580256400663.5,0.0
BR.GO,7863077949145088.0,2825426701672657.5,0.0
BR.MA,9507807757860864.0,1656031744725794.5,0.0
BR.MT,1.6354287349137408e+16,2443575752952843.5,0.0
BR.MS,2.3851342816608256e+16,3351032389967931.5,0.0
BR.MG,7754597812666368.0,2202513411448396.8,0.0
BR.PA,9187629757104128.0,1495080082233320.5,0.0
BR.PB,4719264967688192.0,382602467972767.94,0.0
BR.PR,5761712049356800.0,2737009046958144.5,0.0
BR.PE,5019533110673408.0,1219129393181848.0,0.0
BR.PI,7125587504136192.0,1377616738067543.2,0.0
BR.RJ,9462919980908544.0,2657684679938420.5,0.0
BR.RN,4340958074241024.0,492751091729703.5,0.0
BR.RS,6456663527653376.0,1121540095224815.9,0.0
BR.RO,9183670870999040.0,28879468147795.723,0.0
BR.RR,3984123332919296.0,900599671039183.5,0.0
BR.SC,5332225520304128.0,134498573017041.5,0.0
BR.SP,8918311685324800.0,2347980498941413.0,0.0
BR.SE,0.0,0.0,0.0
BR.TO,1.0586687436488704e+16,2511728030152750.0,0.0
