HASC_1,Max,Mean,Min
BR.AC,3671914643980288.0,325008800353726.7,0.0
BR.AL,5294794880319488.0,858282645947304.2,0.0
BR.AP,3411901887283200.0,905831342600286.9,0.0
BR.AM,4278900897087488.0,834317167523836.4,0.0
BR.BA,1.6608905895346176e+16,549421730750293.1,0.0
BR.CE,4331433178955776.0,562447385019875.75,0.0
BR.DF,0.0,0.0,0.0
BR.ES,2827652922605568.0,27694582836159.19,0.0
BR.GO,1.6608905895346176e+16,895238248478154.2,0.0
BR.MA,3669580329254912.0,862710578420101.6,0.0
BR.MT,5405738717413376.0,1067773819255870.2,0.0
BR.MS,5922220345917440.0,1655156805224373.5,0.0
BR.MG,5702189171343360.0,652296626402403.2,0.0
BR.PA,4374121932652544.0,1085727304965380.8,0.0
BR.PB,4436656388046848.0,548619491706142.75,0.0
BR.PR,6308959602343936.0,2313310068879400.5,0.0
BR.PE,5294794880319488.0,1546173452626783.2,0.0
BR.PI,3524704371474432.0,248336361746752.88,0.0
BR.RJ,8860704362725376.0,772890798277214.9,0.0
BR.RN,4125062953172992.0,635270680196913.4,0.0
BR.RS,6475768079056896.0,2017933107582768.2,0.0
BR.RO,4708834102738944.0,619560858970334.1,0.0
BR.RR,2910518142566400.0,989919247192436.4,0.0
BR.SC,7312379389935616.0,84395331238999.19,0.0
BR.SP,8860704362725376.0,1366470709176449.0,0.0
BR.SE,2382163345408000.0,452458119369649.25,0.0
BR.TO,3729286817120256.0,1213602548262098.5,0.0
