HASC_1,Max,Mean,Min
BR.AC,0.0,0.0,0.0
BR.AL,3786464911425536.0,1360192559097082.2,0.0
BR.AP,3146978640789504.0,1125718930492600.5,0.0
BR.AM,5007871200722944.0,1072192215039028.0,0.0
BR.BA,5908712136900608.0,1165458136565080.0,0.0
BR.CE,4293565794484224.0,1779631895386871.8,0.0
BR.DF,4949295362998272.0,3368874663319961.5,0.0
BR.ES,4061412343152640.0,39612112998037.06,0.0
BR.GO,8583386377486336.0,2061155192787970.5,0.0
BR.MA,4650187398053888.0,284402734352591.56,0.0
BR.MT,1.0498017836662784e+16,2336633138434283.5,0.0
BR.MS,9359539044352000.0,1504743412130363.5,0.0
BR.MG,5532241610407936.0,504357000729792.75,0.0
BR.PA,3.742543877924454e+16,2441945478094851.5,0.0
BR.PB,3768114126782464.0,666672242911266.8,0.0
BR.PR,5270482144198656.0,1563001260435817.5,0.0
BR.PE,3754739598622720.0,1940570638890022.0,0.0
BR.PI,4595841029373952.0,969175171085151.0,0.0
BR.RJ,0.0,0.0,0.0
BR.RN,3768114126782464.0,834347151918607.1,0.0
BR.RS,5428591701524480.0,1778579814702874.2,0.0
BR.RO,9374328764235776.0,475637186541990.1,0.0
BR.RR,2813955466592256.0,1096093100577688.9,0.0
BR.SC,5270482144198656.0,91073123306581.03,0.0
BR.SP,3973595025899520.0,45048284320810.57,0.0
BR.SE,4083042603761664.0,2131457518134158.2,0.0
BR.TO,1.3603284560379904e+16,2364513944728784.0,0.0
