HASC_1,Max,Mean,Min
BR.AC,3087298996469760.0,940627956447864.1,0.0
BR.AL,4851672366972928.0,1577069599763988.5,0.0
BR.AP,4982859995545600.0,651132113042161.4,0.0
BR.AM,5592169289089024.0,1132342917961892.8,0.0
BR.BA,4024602594377728.0,604051710914264.0,0.0
BR.CE,4053731867885568.0,1249472959479808.0,0.0
BR.DF,2961102656765952.0,1974068348365482.8,0.0
BR.ES,3940542031331328.0,208970838736939.2,0.0
BR.GO,6428547061121024.0,694622376534154.9,0.0
BR.MA,4471135848628224.0,625281035254793.0,0.0
BR.MT,4954151360397312.0,876048614412804.4,0.0
BR.MS,5367496328609792.0,1510726316257863.2,0.0
BR.MG,1.0034964527579136e+16,1000759251674533.6,0.0
BR.PA,4654573633404928.0,715922514223138.5,0.0
BR.PB,4183305930932224.0,619817610762354.2,0.0
BR.PR,5785156128342016.0,884602587144878.5,0.0
BR.PE,4851672366972928.0,2051190479368135.2,0.0
BR.PI,3920932284399616.0,467414519029440.4,0.0
BR.RJ,1.0034964527579136e+16,1643491442672721.8,0.0
BR.RN,4063247367929856.0,717443464683052.6,0.0
BR.RS,5962320308076544.0,1480737728256859.0,0.0
BR.RO,3949938614468608.0,771277633257803.0,0.0
BR.RR,3326262118449152.0,990802817049840.8,0.0
BR.SC,5962320308076544.0,15380979063739.049,0.0
BR.SP,8208295072366592.0,1067824199813029.9,0.0
BR.SE,3859952607166464.0,1750798488829952.0,0.0
BR.TO,3408392362131456.0,455528556207217.75,0.0
