HASC_1,Max,Mean,Min
BR.AC,3512592563699712.0,733670491072412.5,0.0
BR.AL,3354338319663104.0,337412218113113.8,0.0
BR.AP,2673827595157504.0,473095573769410.9,0.0
BR.AM,7282568558804992.0,670713163724527.2,0.0
BR.BA,7557494784131072.0,1061985766755424.1,0.0
BR.CE,0.0,0.0,0.0
BR.DF,5952050504400896.0,3465530077549489.0,0.0
BR.ES,3594694353223680.0,63696557439751.45,0.0
BR.GO,6305961178300416.0,1415987640687678.0,0.0
BR.MA,1.070463690211328e+16,1062685997806463.2,0.0
BR.MT,6683230568710144.0,1390315262111200.2,0.0
BR.MS,5362880312508416.0,1734967899394175.0,0.0
BR.MG,1.1664721006559232e+16,1420299417990458.0,0.0
BR.PA,4535790407254016.0,1047260521592170.4,0.0
BR.PB,3580968711487488.0,167576145194422.84,0.0
BR.PR,5181730939994112.0,1779750256619418.5,0.0
BR.PE,4715067710898176.0,682186326304358.4,0.0
BR.PI,6008978148425728.0,976341541157271.1,0.0
BR.RJ,5055807330713600.0,374375459472966.25,0.0
BR.RN,3873794481455104.0,422762608120766.06,0.0
BR.RS,9112358307758080.0,1307552432194709.2,0.0
BR.RO,4374762151215104.0,209608912044794.03,0.0
BR.RR,4522970466746368.0,828581518242309.2,0.0
BR.SC,5114632813412352.0,91708545813445.11,0.0
BR.SP,6638946771533824.0,1498029027697377.0,0.0
BR.SE,0.0,0.0,0.0
BR.TO,4346683802517504.0,1170405540475924.2,0.0
