HASC_1,Max,Mean,Min
BR.AC,3342720701562880.0,366203963642545.2,0.0
BR.AL,1841457967136768.0,38363707648682.664,0.0
BR.AP,3882817402437632.0,1056183203361360.5,0.0
BR.AM,4128364172410880.0,900571758340759.8,0.0
BR.BA,6903005118988288.0,742908856988941.2,0.0
BR.CE,3661867641733120.0,1535178261208822.2,0.0
BR.DF,3578933702295552.0,2385800618993254.5,0.0
BR.ES,3475860124336128.0,27936143320591.08,0.0
BR.GO,1.0027832734384128e+16,1404264902566162.0,0.0
BR.MA,4905029282562048.0,211832111257944.97,0.0
BR.MT,6723984976510976.0,1345090355375042.2,0.0
BR.MS,8411660700090368.0,1975204954979056.0,0.0
BR.MG,6781800605024256.0,859723200489251.0,0.0
BR.PA,5253390321844224.0,1468945214180383.5,0.0
BR.PB,2800956479635456.0,503460752992541.06,0.0
BR.PR,6070227066421248.0,2197592119011520.8,0.0
BR.PE,3395072057933824.0,1203930190476973.0,0.0
BR.PI,4905029282562048.0,814408989523995.2,0.0
BR.RJ,6016705331462144.0,358432761994519.25,0.0
BR.RN,3007570444812288.0,653208946439225.8,0.0
BR.RS,1.1143202455158784e+16,1227576211330859.0,0.0
BR.RO,5244705897971712.0,1089407079969729.6,0.0
BR.RR,2826608708681728.0,920000592083816.5,0.0
BR.SC,1.1143202455158784e+16,101247487908484.75,0.0
BR.SP,8973692604252160.0,1668571080766289.5,0.0
BR.SE,3253182713036800.0,888486999621632.0,0.0
BR.TO,5537609245786112.0,1367906825958002.5,0.0
