HASC_1,Max,Mean,Min
BR.AC,7916552439463936.0,443201914298395.94,0.0
BR.AL,3587406867464192.0,1067654590093961.4,0.0
BR.AP,6419343483076608.0,1101115132147075.4,0.0
BR.AM,1.9161326576205824e+16,1565242819009389.8,0.0
BR.BA,5165909891088384.0,1292039428028698.0,0.0
BR.CE,4234534421790720.0,1241235063982372.5,0.0
BR.DF,3948043728584704.0,2692683799024981.5,0.0
BR.ES,4432435508936704.0,171007060182469.6,0.0
BR.GO,8818401082343424.0,1883809178033963.2,0.0
BR.MA,5673637839372288.0,720397447035769.5,0.0
BR.MT,1.3390515101761536e+16,2730589011579412.5,0.0
BR.MS,5846957486505984.0,2173113741403961.8,0.0
BR.MG,9031488368541696.0,899112391916066.9,0.0
BR.PA,1.860161932309299e+16,2398336271799720.5,0.0
BR.PB,5165909891088384.0,388004500235114.9,0.0
BR.PR,1.4561872942465024e+16,2313206899479399.5,0.0
BR.PE,3992320009568256.0,1733815683776512.0,0.0
BR.PI,6741689368576000.0,1219373594628941.2,0.0
BR.RJ,1391892734410752.0,15295524553964.309,0.0
BR.RN,3187860555431936.0,552545133941880.7,0.0
BR.RS,5921806418444288.0,1686813907115350.2,0.0
BR.RO,1.9161326576205824e+16,2580569765547107.0,0.0
BR.RR,4003158896410624.0,900879081673775.8,0.0
BR.SC,6677380286382080.0,70454965176161.81,0.0
BR.SP,1.1640697106989056e+16,1760201900559800.2,0.0
BR.SE,4121252243439616.0,1259336644728962.8,0.0
BR.TO,6352325887131648.0,1300816872955244.0,0.0
