HASC_1,Max,Mean,Min
IN.AN,0.019335176795721054,0.018925202855219442,0.017271744087338448
IN.AP,0.016869928687810898,0.014707307344021862,0.011156626045703888
IN.AR,0.012376693077385426,0.008334879936693712,0.0032254718244075775
IN.AS,0.014138446189463139,0.012131734137338672,0.009566533379256725
IN.BR,0.012033052742481232,0.008688009769210348,0.0050234259106218815
IN.CH,0.0038609765470027924,0.0038609765470027924,0.0038609765470027924
IN.CT,0.016665365546941757,0.012216018551013997,0.006950842682272196
IN.DN,0.013912425376474857,0.012829767540097237,0.011747109703719616
IN.DD,0.013912425376474857,0.012805289588868618,0.011698153801262379
IN.GA,0.017670219764113426,0.016636397689580917,0.01608378253877163
IN.GJ,0.013912425376474857,0.008249431649843852,0.004684236366301775
IN.HR,0.004372344817966223,0.004068271789167609,0.0036206108052283525
IN.HP,0.003976490348577499,0.0024695237625564914,0.000762027280870825
IN.JK,0.004064188804477453,0.001688898439708821,0.0006430663634091616
IN.JH,0.014242875389754772,0.010491379348206379,0.007252203766256571
IN.KA,0.016935255378484726,0.013964701157349806,0.01094363909214735
IN.KL,0.01755085214972496,0.016280189715325834,0.013211793266236782
IN.LD,0.018391992896795273,0.017918620631098746,0.01750730164349079
IN.MP,0.011962957680225372,0.00728969792908174,0.004429764114320278
IN.MH,0.01833667978644371,0.013710403860714591,0.008436746895313263
IN.MN,0.013501868583261967,0.011157081462442875,0.009578295052051544
IN.ML,0.01432504877448082,0.013095221656840295,0.010363884270191193
IN.MZ,0.014171666465699673,0.012761708931066096,0.010881808586418629
IN.NL,0.01214272528886795,0.01080535598365324,0.009433336555957794
IN.DL,0.004163490142673254,0.004082798802604278,0.004017379600554705
IN.OR,0.016665365546941757,0.014651413089321816,0.010414826683700085
IN.PY,0.01753273233771324,0.01630355278030038,0.015040464699268341
IN.PB,0.004281825385987759,0.0039229198721134,0.003125217044726014
IN.RJ,0.008081503212451935,0.004551946610621543,0.003237353404983878
IN.SK,0.009333200752735138,0.00574917031917721,0.0021257668267935514
IN.TN,0.01863962970674038,0.015007847390169728,0.011338618583977222
IN.TG,0.016745474189519882,0.015460841872907699,0.01366876158863306
IN.TR,0.015700247138738632,0.014697745349258185,0.013744897209107876
IN.UP,0.008102166466414928,0.004965775413438678,0.0036309820134192705
IN.UT,0.004087553825229406,0.003003125829439211,0.000888662354554981
IN.WB,0.016415661200881004,0.012926840004237258,0.008143492043018341
