HASC_1,Max,Mean,Min
IN.AN,0.02155737392604351,0.020884489562983315,0.020034991204738617
IN.AP,0.02144801802933216,0.016153781164488564,0.012292902916669846
IN.AR,0.015394571237266064,0.01072541263690868,0.00489064259454608
IN.AS,0.01678423397243023,0.014382719337432221,0.010959666222333908
IN.BR,0.013248487375676632,0.010700280869217671,0.007231435272842646
IN.CH,0.009940347634255886,0.009940347634255886,0.009940347634255886
IN.CT,0.01566414348781109,0.013642218208215276,0.009486239403486252
IN.DN,0.01892554946243763,0.01627314370125532,0.013620737940073013
IN.DD,0.019340716302394867,0.01913313288241625,0.01892554946243763
IN.GA,0.02049688808619976,0.019849342294037342,0.018534542992711067
IN.GJ,0.02200973592698574,0.013796258034805458,0.008175652474164963
IN.HR,0.010150155983865261,0.009088744492536145,0.007809838745743036
IN.HP,0.01157335564494133,0.0077145499890320934,0.002736411988735199
IN.JK,0.013909065164625645,0.006205864802554801,0.0019967779517173767
IN.JH,0.015476588159799576,0.01140191417098755,0.0090663842856884
IN.KA,0.02071559615433216,0.016353374645591546,0.011506280861794949
IN.KL,0.02051214687526226,0.019747445732355116,0.017591677606105804
IN.LD,0.019496165215969086,0.018779892288148404,0.018395306542515755
IN.MP,0.014861945062875748,0.008320609464135487,0.005692444741725922
IN.MH,0.020384671166539192,0.012154742934145644,0.006011368706822395
IN.MN,0.01574917882680893,0.01234334260225296,0.010321498848497868
IN.ML,0.016948582604527473,0.01506733155110851,0.010959666222333908
IN.MZ,0.01788286678493023,0.015523466281592846,0.012729845941066742
IN.NL,0.014802020974457264,0.012582855365638222,0.010321498848497868
IN.DL,0.009627939201891422,0.00930843191842238,0.008959334343671799
IN.OR,0.02158057875931263,0.014655756353236297,0.011782369576394558
IN.PY,0.020141802728176117,0.018730444212754566,0.01728888601064682
IN.PB,0.012250147759914398,0.009802941750321124,0.00796449277549982
IN.RJ,0.011673570610582829,0.007854304135297283,0.005405705887824297
IN.SK,0.011023562401533127,0.007792737626004964,0.003918530885130167
IN.TN,0.02091936580836773,0.017762846008328528,0.014142557047307491
IN.TG,0.016304535791277885,0.014495057430356107,0.012763861566781998
IN.TR,0.018744034692645073,0.017320039495825768,0.016508938744664192
IN.UP,0.013898257166147232,0.009606227038963007,0.006264648865908384
IN.UT,0.013898257166147232,0.008888207159803383,0.0035970034077763557
IN.WB,0.020665369927883148,0.014523791605789288,0.01042131707072258
