HASC_1,Max,Mean,Min
IN.AN,0.02212267369031906,0.021525951800867915,0.02067563310265541
IN.AP,0.019725454971194267,0.015718817391930377,0.012728982605040073
IN.AR,0.01795734278857708,0.012858266530688419,0.006690633948892355
IN.AS,0.02123543806374073,0.017446105431934648,0.014048869721591473
IN.BR,0.019718462601304054,0.012677831028628609,0.008435697294771671
IN.CH,0.007903547026216984,0.007903547026216984,0.007903547026216984
IN.CT,0.014281087554991245,0.012471714621928871,0.009479653090238571
IN.DN,0.0201116930693388,0.017328474204987288,0.014545255340635777
IN.DD,0.0201116930693388,0.0197586752474308,0.019405657425522804
IN.GA,0.021343203261494637,0.020795794669538736,0.01973499171435833
IN.GJ,0.020689619705080986,0.014634505535165468,0.008990895934402943
IN.HR,0.007904183119535446,0.0059659657002027544,0.004400185775011778
IN.HP,0.00807910319417715,0.005973901665129233,0.0027969598304480314
IN.JK,0.011083099991083145,0.004916175923965595,0.0018559619784355164
IN.JH,0.017170879989862442,0.012306996355099338,0.008435697294771671
IN.KA,0.021363230422139168,0.0160546835201482,0.009466382674872875
IN.KL,0.0213349387049675,0.019987798184156417,0.016960276290774345
IN.LD,0.021402014419436455,0.02104546707123518,0.020631445571780205
IN.MP,0.014655406586825848,0.008880440964276204,0.004648657515645027
IN.MH,0.021203331649303436,0.012384242584287632,0.006521753966808319
IN.MN,0.019537899643182755,0.015296147391200065,0.012728028930723667
IN.ML,0.02138580195605755,0.018841528217308223,0.014563534408807755
IN.MZ,0.020808828994631767,0.017990592925343663,0.015112057328224182
IN.NL,0.017222696915268898,0.01475706244153636,0.012380414642393589
IN.DL,0.005906315520405769,0.005552555279185374,0.005213471129536629
IN.OR,0.019820187240839005,0.014717464075040291,0.009953469969332218
IN.PY,0.021305693313479424,0.01830686442553997,0.0163885485380888
IN.PB,0.008698276244103909,0.007228693683390264,0.005347303580492735
IN.RJ,0.018348349258303642,0.007320424615913494,0.004377297591418028
IN.SK,0.015014145523309708,0.010467045591212809,0.005204172804951668
IN.TN,0.02112068049609661,0.017392179061626566,0.014967893250286579
IN.TG,0.014403317123651505,0.012182319358466788,0.00900678988546133
IN.TR,0.0211696345359087,0.02063328940421343,0.019691122695803642
IN.UP,0.011892451904714108,0.008431778575229172,0.004461101721972227
IN.UT,0.010990276001393795,0.00712377648700827,0.003555110888555646
IN.WB,0.02123543806374073,0.017423207944660794,0.011478397995233536
