HASC_1,Max,Mean,Min
IN.AN,0.0194681566208601,0.018812517635524273,0.01813841424882412
IN.AP,0.0176777895539999,0.014517073685379878,0.011100932955741882
IN.AR,0.00941690243780613,0.0064217426738333565,0.0022560202050954103
IN.AS,0.011869912035763264,0.009479949621229687,0.007321441080421209
IN.BR,0.00932407844811678,0.007784609217196703,0.00401697913184762
IN.CH,0.004153374582529068,0.004153374582529068,0.004153374582529068
IN.CT,0.013148472644388676,0.00977594013035786,0.00770728150382638
IN.DN,0.011427248828113079,0.010310376062989235,0.00919350329786539
IN.DD,0.011427248828113079,0.010379398241639137,0.009331547655165195
IN.GA,0.016189103946089745,0.015563613269478083,0.014566428028047085
IN.GJ,0.011703495867550373,0.008494384835163753,0.004005635157227516
IN.HR,0.005206509027630091,0.004083624458871782,0.0034203175455331802
IN.HP,0.004438483621925116,0.0027764097685576417,0.0007912956061773002
IN.JK,0.004265590105205774,0.001753961935820472,0.00045029749162495136
IN.JH,0.00915591325610876,0.007920304823312022,0.007250948343425989
IN.KA,0.017283286899328232,0.01397660206286953,0.011759284883737564
IN.KL,0.01809740625321865,0.01704928692430258,0.015178210102021694
IN.LD,0.018348541110754013,0.017856476828455925,0.016527976840734482
IN.MP,0.012137100100517273,0.008971935596491676,0.006469253916293383
IN.MH,0.016189103946089745,0.011321438743625997,0.008177363313734531
IN.MN,0.011819049715995789,0.009615579371651013,0.007950548082590103
IN.ML,0.01108519732952118,0.010216086637228727,0.008771025575697422
IN.MZ,0.013400878757238388,0.011479725420940667,0.010002060793340206
IN.NL,0.010250731371343136,0.008839049276762776,0.007620020303875208
IN.DL,0.004269007593393326,0.004040509928017855,0.003912452608346939
IN.OR,0.013882484287023544,0.010142528479371,0.007542057428508997
IN.PY,0.018434371799230576,0.017294916324317455,0.016042714938521385
IN.PB,0.004319711122661829,0.0038772875322373927,0.0032686435151845217
IN.RJ,0.00990518368780613,0.005806428355616376,0.0028992139268666506
IN.SK,0.006426338572055101,0.004099302357644774,0.0017054619966074824
IN.TN,0.019059982150793076,0.01688861361993798,0.014317677356302738
IN.TG,0.0143793486058712,0.012809694467231314,0.011786305345594883
IN.TR,0.012152835726737976,0.011250167060643435,0.010093693621456623
IN.UP,0.008022709749639034,0.006356014579645183,0.003940069582313299
IN.UT,0.005992654711008072,0.00394316204308,0.0010128660360351205
IN.WB,0.010560517199337482,0.008716747000375214,0.005962137598544359
