HASC_1,Max,Mean,Min
IN.AN,0.020577840507030487,0.02016006487732132,0.019733520224690437
IN.AP,0.020970119163393974,0.016993335754393716,0.014766943641006947
IN.AR,0.01992075890302658,0.014587879830668138,0.008113156072795391
IN.AS,0.022112302482128143,0.01920708552510901,0.016218753531575203
IN.BR,0.01997925154864788,0.01794198141230837,0.011842976324260235
IN.CH,0.01184059213846922,0.01184059213846922,0.01184059213846922
IN.CT,0.017169566825032234,0.016024783009388407,0.015278749167919159
IN.DN,0.020197642967104912,0.019670261070132256,0.0191428791731596
IN.DD,0.020197642967104912,0.019976708106696606,0.0197557732462883
IN.GA,0.019899459555745125,0.01940188044682145,0.01912253350019455
IN.GJ,0.02076762169599533,0.0176336869597435,0.015012833289802074
IN.HR,0.015324525535106659,0.013047631963023118,0.01157483458518982
IN.HP,0.012766927480697632,0.009753290985827334,0.004407098982483149
IN.JK,0.01651296205818653,0.007307723858738663,0.002319128019735217
IN.JH,0.02095581404864788,0.017919863019848152,0.015601408667862415
IN.KA,0.01986035890877247,0.016355928379851274,0.014626753516495228
IN.KL,0.02050567977130413,0.01892357174307108,0.015544665046036243
IN.LD,0.020546050742268562,0.02018975857645273,0.019942693412303925
IN.MP,0.01801118440926075,0.015940389232127927,0.013638906180858612
IN.MH,0.020265353843569756,0.017154414046433617,0.015277636237442493
IN.MN,0.02069673128426075,0.01689809908469518,0.014827978797256947
IN.ML,0.022112302482128143,0.020369502599351108,0.017327718436717987
IN.MZ,0.022198768332600594,0.019722116529010236,0.016509465873241425
IN.NL,0.01891367882490158,0.016781626468790427,0.014703206717967987
IN.DL,0.01464535016566515,0.013983711289862791,0.013472010381519794
IN.OR,0.022878102958202362,0.01761511332519791,0.015126478858292103
IN.PY,0.019077392295002937,0.017821960151195526,0.01650898903608322
IN.PB,0.013005982153117657,0.011766870506107807,0.01054470706731081
IN.RJ,0.017246656119823456,0.015068927434075511,0.01185696292668581
IN.SK,0.016855331137776375,0.012657752726227045,0.007710149511694908
IN.TN,0.020643962547183037,0.017263638674570567,0.014626753516495228
IN.TG,0.01775321550667286,0.016609348039677802,0.015832675620913506
IN.TR,0.023367976769804955,0.022449109889566898,0.021586192771792412
IN.UP,0.01954977959394455,0.015417710048063556,0.012137343175709248
IN.UT,0.016213826835155487,0.012032437537397658,0.0056173913180828094
IN.WB,0.023451581597328186,0.02025420835935602,0.01619364134967327
