HASC_1,Max,Mean,Min
IN.AN,0.02098836749792099,0.01947953668422997,0.017737610265612602
IN.AP,0.021248402073979378,0.017739885984218284,0.014439646154642105
IN.AR,0.021180056035518646,0.01592972337506538,0.008974536322057247
IN.AS,0.02211274951696396,0.020377424122257667,0.017617447301745415
IN.BR,0.022584499791264534,0.021672024270114693,0.013187471777200699
IN.CH,0.015643499791622162,0.015643499791622162,0.015643499791622162
IN.CT,0.020951492711901665,0.01955805526527225,0.018244965001940727
IN.DN,0.01900663413107395,0.01887327805161476,0.01873992197215557
IN.DD,0.020364029332995415,0.019685331732034683,0.01900663413107395
IN.GA,0.0189074520021677,0.01860171929001808,0.018163267523050308
IN.GJ,0.020583057776093483,0.019082202712694805,0.016957346349954605
IN.HR,0.01726013794541359,0.015487802181659,0.013881429098546505
IN.HP,0.01731100119650364,0.013797979525406845,0.007361554075032473
IN.JK,0.018704000860452652,0.010154856959599312,0.0038759938906878233
IN.JH,0.02180693857371807,0.020677084458016214,0.01949555054306984
IN.KA,0.01886485330760479,0.016051239345986873,0.014314397238194942
IN.KL,0.01866617240011692,0.017471039742231367,0.015203061513602734
IN.LD,0.019635740667581558,0.019398689083755017,0.01900472678244114
IN.MP,0.02173604816198349,0.0190042840258684,0.015952492132782936
IN.MH,0.020910166203975677,0.018212504219263792,0.015377902425825596
IN.MN,0.020875515416264534,0.01873078818122546,0.016755009070038795
IN.ML,0.022042812779545784,0.020575168658979237,0.017617447301745415
IN.MZ,0.021417520940303802,0.019945783773437142,0.018093330785632133
IN.NL,0.020860256627202034,0.018778103536793163,0.016296768561005592
IN.DL,0.01583280600607395,0.015571022095779577,0.01528126373887062
IN.OR,0.021279238164424896,0.01980025866342818,0.017948690801858902
IN.PY,0.020498497411608696,0.01772301426778237,0.01627960242331028
IN.PB,0.01731100119650364,0.0149508036190161,0.012755774892866611
IN.RJ,0.019613170996308327,0.016472695324795717,0.013282839208841324
IN.SK,0.018085066229104996,0.01359812798909843,0.008496030233800411
IN.TN,0.01897166483104229,0.01639035925397585,0.014163716696202755
IN.TG,0.020114485174417496,0.018093757489894297,0.015780353918671608
IN.TR,0.021623514592647552,0.021290905214846133,0.020615164190530777
IN.UP,0.02257560007274151,0.01939715163800681,0.015492342412471771
IN.UT,0.020648542791604996,0.016195820311882665,0.008503180928528309
IN.WB,0.022241177037358284,0.021135317672993623,0.01725107803940773
