HASC_1,Max,Mean,Min
IN.AN,0.019006557762622833,0.01728371938224882,0.01361448597162962
IN.AP,0.013247479684650898,0.010087368320928861,0.007444848772138357
IN.AR,0.009855099953711033,0.006900763918840608,0.0033072137739509344
IN.AS,0.009855099953711033,0.008122259623963724,0.006648530717939138
IN.BR,0.006967533379793167,0.005818728742230198,0.004401912912726402
IN.CH,0.005481631029397249,0.005481631029397249,0.005481631029397249
IN.CT,0.010571707040071487,0.007250291944221884,0.004038164857774973
IN.DN,0.012074142694473267,0.008515964262187481,0.004957785829901695
IN.DD,0.012074142694473267,0.011755218263715506,0.011436293832957745
IN.GA,0.01578027941286564,0.014373411424458027,0.013253201730549335
IN.GJ,0.013830333948135376,0.006662566509718696,0.00294406246393919
IN.HR,0.005531858187168837,0.004679977020714432,0.003744155401363969
IN.HP,0.006581693887710571,0.003723675588844344,0.000813980819657445
IN.JK,0.007207462098449469,0.002791172912111506,0.0007420380134135485
IN.JH,0.010049808770418167,0.006569714085864169,0.005052239168435335
IN.KA,0.01652255468070507,0.009343316868090859,0.006794919725507498
IN.KL,0.01652255468070507,0.013568113893270492,0.009683995507657528
IN.LD,0.01642623357474804,0.015500693209469318,0.01462410856038332
IN.MP,0.006140063051134348,0.0037780550301249605,0.00285445642657578
IN.MH,0.01578027941286564,0.007283113215530872,0.0035349430982023478
IN.MN,0.008046775124967098,0.006535919910917679,0.004661789163947105
IN.ML,0.008577176369726658,0.007735926745226607,0.006648530717939138
IN.MZ,0.008961666375398636,0.006976412580115721,0.00487922690808773
IN.NL,0.009390025399625301,0.00781928385341806,0.006605932954698801
IN.DL,0.004872630815953016,0.004645020390550296,0.004392853006720543
IN.OR,0.01246101688593626,0.009163134923095213,0.006608078721910715
IN.PY,0.015610367059707642,0.013624260822931925,0.012252002954483032
IN.PB,0.006818205118179321,0.0056466371579854575,0.00455879233777523
IN.RJ,0.005660603288561106,0.0034329722437894707,0.0025623145047575235
IN.SK,0.006105571985244751,0.004570099466945976,0.0024863581638783216
IN.TN,0.015511184930801392,0.011743348573559317,0.007864941842854023
IN.TG,0.011077712289988995,0.009020765599338933,0.0067100427113473415
IN.TR,0.009688366204500198,0.008197431545704603,0.007458119187504053
IN.UP,0.005598615389317274,0.004303902659638978,0.0029158892575651407
IN.UT,0.005447616800665855,0.00410107070430448,0.0009988545207306743
IN.WB,0.012704044580459595,0.007853126545966255,0.005827575922012329
