HASC_1,Max,Mean,Min
IN.AN,0.019398629665374756,0.01875654188916087,0.018009761348366737
IN.AP,0.02108345367014408,0.017552041844145893,0.0152612728998065
IN.AR,0.021161019802093506,0.016321409428708775,0.009192646481096745
IN.AS,0.021461745724081993,0.019898463294587353,0.01726367138326168
IN.BR,0.022842666134238243,0.02125703679073764,0.01376559492200613
IN.CH,0.010840038768947124,0.010840038768947124,0.010840038768947124
IN.CT,0.02065112255513668,0.019066498263693245,0.016764581203460693
IN.DN,0.02002074383199215,0.0196799635887146,0.01933918334543705
IN.DD,0.02002074383199215,0.019827624782919884,0.019634505733847618
IN.GA,0.020298263058066368,0.020149807445704937,0.01991615630686283
IN.GJ,0.0201987624168396,0.018455441445112228,0.016822120174765587
IN.HR,0.014107168652117252,0.011711850662582688,0.009840747341513634
IN.HP,0.012432674877345562,0.00906060692796018,0.004594665020704269
IN.JK,0.01159630250185728,0.0069282337574771155,0.0030512623488903046
IN.JH,0.021201392635703087,0.0202613113270629,0.01932424306869507
IN.KA,0.020260116085410118,0.01721699968075905,0.015374441631138325
IN.KL,0.020645081996917725,0.01963020719587803,0.017440101131796837
IN.LD,0.019634505733847618,0.01939500607550144,0.019221564754843712
IN.MP,0.0202775988727808,0.01825320105854189,0.012765984050929546
IN.MH,0.020459434017539024,0.01815106602171894,0.015993693843483925
IN.MN,0.02026996947824955,0.017704247186581295,0.016064107418060303
IN.ML,0.021955111995339394,0.020619730232283473,0.017894050106406212
IN.MZ,0.020670196041464806,0.018925815587863326,0.01666746474802494
IN.NL,0.020083686336874962,0.01801400844539915,0.01633463427424431
IN.DL,0.013903718441724777,0.013390323768059412,0.012839100323617458
IN.OR,0.021641353145241737,0.019227865919032517,0.01643095351755619
IN.PY,0.020021697506308556,0.019134197073678177,0.017672479152679443
IN.PB,0.01101646851748228,0.010320415789330448,0.009209892712533474
IN.RJ,0.018892228603363037,0.01516325276514346,0.009871741756796837
IN.SK,0.0185508131980896,0.01415250776335597,0.009222925640642643
IN.TN,0.020741721615195274,0.018078341678684128,0.015526552684605122
IN.TG,0.0183702502399683,0.01650949010744374,0.014825602062046528
IN.TR,0.02127736806869507,0.020681194402277468,0.01976611278951168
IN.UP,0.023259103298187256,0.017936341851802155,0.010952889919281006
IN.UT,0.019119521602988243,0.012526898761279881,0.005260965321213007
IN.WB,0.021530091762542725,0.02059559067528622,0.017894050106406212
