HASC_1,Max,Mean,Min
JP.AI,0.0,0.0,0.0
JP.AK,3687874205581312.0,1518409676925610.8,0.0
JP.AO,4645437701095424.0,1400586194971150.8,0.0
JP.CH,9558604336070656.0,1815252711837969.0,0.0
JP.EH,5021010579423232.0,1384245991619605.0,0.0
JP.FI,0.0,0.0,0.0
JP.FO,3603747070541824.0,1016459108893140.1,0.0
JP.FS,1.6215157252292608e+16,4217012305788928.0,0.0
JP.GF,0.0,0.0,0.0
JP.GM,0.0,0.0,0.0
JP.HS,4653968579887104.0,2416067068419550.0,0.0
JP.HK,4079345173790720.0,655243819018426.1,0.0
JP.HG,0.0,0.0,0.0
JP.IB,1.6215157252292608e+16,2545310859603816.5,0.0
JP.IS,0.0,0.0,0.0
JP.IW,7822185028648960.0,3067112033872666.0,0.0
JP.KG,3069455554838528.0,2708661558312960.0,1963761992728576.0
JP.KS,2324436569030656.0,229942831651622.78,0.0
JP.KN,2782964056326144.0,695741014081536.0,0.0
JP.KC,3203615032344576.0,995248580730398.1,0.0
JP.KM,3507851993546752.0,1094099468542654.1,0.0
JP.KY,0.0,0.0,0.0
JP.ME,0.0,0.0,0.0
JP.MG,7380425093677056.0,3842642806273911.5,0.0
JP.MZ,2698661364498432.0,964123767253674.6,0.0
JP.NN,0.0,0.0,0.0
JP.NS,2392609511178240.0,428851546845639.1,0.0
JP.NR,0.0,0.0,0.0
JP.NI,4403834516406272.0,194070108298717.88,0.0
JP.OT,4130050215510016.0,1726220427748966.5,0.0
JP.OY,3412185891995648.0,2246493625623272.8,0.0
JP.ON,2160539945926656.0,115451063237071.61,0.0
JP.OS,0.0,0.0,0.0
JP.SG,1768463655763968.0,624107069846323.2,0.0
JP.ST,0.0,0.0,0.0
JP.SH,0,0,0
JP.SM,4636769383350272.0,652661682557833.4,0.0
JP.SZ,975433982017536.0,485120876879.93286,0.0
JP.TC,4227806623956992.0,1732734911483449.0,0.0
JP.TS,3069455554838528.0,903864545219145.1,0.0
JP.TK,0,0,0
JP.TT,4636769383350272.0,2209715427504583.0,0.0
JP.TY,0.0,0.0,0.0
JP.WK,0.0,0.0,0.0
JP.YT,4425089235812352.0,2063658615046144.0,0.0
JP.YC,4639942290440192.0,1240387772986406.0,0.0
JP.YN,0.0,0.0,0.0
