HASC_1,Max,Mean,Min
JP.AI,1.4229539110518784e+16,7270283520682667.0,0.0
JP.AK,6235147905007616.0,1790433875965202.8,0.0
JP.AO,6546961456955392.0,1972615542631579.2,0.0
JP.CH,1.8125131356307456e+16,7087535510636316.0,0.0
JP.EH,5565921133330432.0,1152910275491547.5,0.0
JP.FI,8773824153649152.0,4017375429899995.5,0.0
JP.FO,0.0,0.0,0.0
JP.FS,1.4982272931332096e+16,7585314311600451.0,0.0
JP.GF,1.1141206369107968e+16,5718940214886400.0,0.0
JP.GM,1.7020475431452672e+16,5538004502081991.0,0.0
JP.HS,4251321569902592.0,1717268908081152.0,0.0
JP.HK,5425628174090240.0,556070918925942.7,0.0
JP.HG,1.8295555658612736e+16,7144031236473300.0,0.0
JP.IB,1.752525971652608e+16,7008496606948011.0,0.0
JP.IS,7494068317716480.0,2716431853202090.5,0.0
JP.IW,6100238687272960.0,2266276639449322.0,0.0
JP.KG,5319502753431552.0,4808506100154368.0,3675781993594880.0
JP.KS,0.0,0.0,0.0
JP.KN,1.7476967104249856e+16,7108175742509602.0,0.0
JP.KC,5141496760107008.0,1237527614094474.5,0.0
JP.KM,0.0,0.0,0.0
JP.KY,1.1546666314235904e+16,5005331264438272.0,0.0
JP.ME,1.4229539110518784e+16,4647785323508531.0,0.0
JP.MG,9685160916156416.0,4562448040651855.0,0.0
JP.MZ,0.0,0.0,0.0
JP.NN,1.0016637902127104e+16,3954647424730301.5,0.0
JP.NS,0.0,0.0,0.0
JP.NR,1.0375516779446272e+16,5899416888147968.0,0.0
JP.NI,1.1790900703264768e+16,4046171644246243.5,0.0
JP.OT,0.0,0.0,0.0
JP.OY,5319502753431552.0,2822020319957483.5,0.0
JP.ON,2497615287549952.0,41354674419419.43,0.0
JP.OS,1.596859713847296e+16,7334382820567723.0,0.0
JP.SG,0.0,0.0,0.0
JP.ST,1.752525971652608e+16,7689788038694684.0,0.0
JP.SH,1.1812905968205824e+16,8895952577713493.0,6155983067807744.0
JP.SM,6753458115837952.0,1029383860344149.4,0.0
JP.SZ,1.190448970334208e+16,78169368067023.52,0.0
JP.TC,1.7020475431452672e+16,9375000239422832.0,0.0
JP.TS,9677868061687808.0,2785112887743829.5,0.0
JP.TK,1.752525971652608e+16,1.069234878593106e+16,7401102139981824.0
JP.TT,8607621267324928.0,3463307507194733.5,0.0
JP.TY,6852228941873152.0,4844470494228207.0,0.0
JP.WK,1.6938821660704768e+16,4734233353737557.0,0.0
JP.YT,8231469105283072.0,2709808620620553.0,0.0
JP.YC,0.0,0.0,0.0
JP.YN,9726391528456192.0,5017305203762790.0,0.0
