HASC_1,Max,Mean,Min
JP.AI,7405176453332992.0,4560467276070912.0,0.0
JP.AK,5711370737680384.0,1110906694707882.6,0.0
JP.AO,4970863078146048.0,996384856934224.5,0.0
JP.CH,1.3440774809059328e+16,4564421859752164.0,0.0
JP.EH,7563774563188736.0,1828046555290649.0,0.0
JP.FI,6631602914328576.0,2241466038005643.0,0.0
JP.FO,5510149909250048.0,1493382989933070.8,0.0
JP.FS,1.198997028995072e+16,5264405904834196.0,0.0
JP.GF,7136894542413824.0,4807793474855822.0,0.0
JP.GM,1.1696406054043648e+16,4366398537538674.0,0.0
JP.HS,6957536708132864.0,3466998766700923.5,0.0
JP.HK,6920650992123904.0,662573649716337.8,0.0
JP.HG,1.1685304637325312e+16,4435874378041636.5,0.0
JP.IB,1.3440774809059328e+16,4592286347413276.0,0.0
JP.IS,6141249719369728.0,1526643527690922.8,0.0
JP.IW,5860315908538368.0,2101095934481303.5,0.0
JP.KG,6985218846097408.0,4455061128216576.0,2658849165148160.0
JP.KS,2017627325071360.0,201401617630724.38,0.0
JP.KN,1.2971978054959104e+16,7373895383314159.0,0.0
JP.KC,4838849205239808.0,1608004547204437.2,0.0
JP.KM,2987534153940992.0,1259910453989135.0,0.0
JP.KY,9800296104460288.0,2966194191364551.0,0.0
JP.ME,9800296104460288.0,3247988500384973.0,0.0
JP.MG,1.2208731227947008e+16,4870845051769105.0,0.0
JP.MZ,3482557320527872.0,1232164738177121.5,0.0
JP.NN,6912848647159808.0,3570875881342748.5,0.0
JP.NS,1705372733669376.0,170318274694192.75,0.0
JP.NR,9800296104460288.0,5440795564764911.0,0.0
JP.NI,6323228557443072.0,2127169393705324.0,0.0
JP.OT,5904777946857472.0,2675738005558613.5,0.0
JP.OY,9081325021560832.0,4932340721899274.0,0.0
JP.ON,2096378100580352.0,52273924499691.016,0.0
JP.OS,1.0340103700348928e+16,4895734660158805.0,0.0
JP.SG,3334375311671296.0,803233311810446.2,0.0
JP.ST,1.3741539557638144e+16,7157586591277966.0,0.0
JP.SH,6590907562328064.0,4027048153229994.5,2514988430262272.0
JP.SM,5041143775494144.0,711202106493467.0,0.0
JP.SZ,8384710317178880.0,58335343495749.15,0.0
JP.TC,1.1696406054043648e+16,6141240077168148.0,0.0
JP.TS,6194264648187904.0,2315887570845696.0,0.0
JP.TK,1.3741539557638144e+16,1.1368790619481702e+16,5897146326843392.0
JP.TT,5484292595515392.0,2741161868244699.5,0.0
JP.TY,5236842349723648.0,3561086037279812.5,0.0
JP.WK,6974344525774848.0,2218692796481536.0,0.0
JP.YT,6021574750633984.0,1956149259066221.8,0.0
JP.YC,8031075594928128.0,2187594674422366.8,0.0
JP.YN,1.148872613167104e+16,5111920863687475.0,0.0
