HASC_1,Max,Mean,Min
JP.AI,9844831694094336.0,4949079965914453.0,0.0
JP.AK,0.0,0.0,0.0
JP.AO,0.0,0.0,0.0
JP.CH,1.935627084680397e+16,3936104770874026.5,0.0
JP.EH,6796856612880384.0,2105920953649779.0,0.0
JP.FI,9299512581423104.0,2824961983707311.5,0.0
JP.FO,4681503615221760.0,1492981538956434.2,0.0
JP.FS,6218421154873344.0,2233848941248512.0,0.0
JP.GF,8694250757685248.0,4487566134170965.5,0.0
JP.GM,1.256376181456896e+16,3558615378966755.5,0.0
JP.HS,6445849873743872.0,3193118007003272.5,0.0
JP.HK,0.0,0.0,0.0
JP.HG,6371189920366592.0,3051185611450426.5,0.0
JP.IB,1.256376181456896e+16,3566728942643386.0,0.0
JP.IS,8694250757685248.0,1118164176513706.6,0.0
JP.IW,0.0,0.0,0.0
JP.KG,6274405516705792.0,4535887849324544.0,3094473739337728.0
JP.KS,2032979014582272.0,262192739809767.62,0.0
JP.KN,1.935627084680397e+16,9607025367869030.0,0.0
JP.KC,4369003136942080.0,1550076402292053.2,0.0
JP.KM,3017846690938880.0,1444979648031246.8,0.0
JP.KY,8023516989358080.0,2335908601906972.5,0.0
JP.ME,8023516989358080.0,2523258329392742.5,0.0
JP.MG,0.0,0.0,0.0
JP.MZ,2794681532416000.0,1222949694103942.0,0.0
JP.NN,8071860067500032.0,2950445157726435.5,0.0
JP.NS,2708731720630272.0,572929874145128.2,0.0
JP.NR,8023516989358080.0,3830084805084228.5,0.0
JP.NI,5212202122346496.0,1268262524726996.2,0.0
JP.OT,4643049162407936.0,2120570000480665.5,0.0
JP.OY,5642725349130240.0,2925751857378754.5,0.0
JP.ON,952637302243328.0,6917944878501.647,0.0
JP.OS,6259131539259392.0,2736016831370581.5,0.0
JP.SG,2372517385732096.0,904286936078745.6,0.0
JP.ST,1.4713660307931136e+16,6670579280234268.0,0.0
JP.SH,6627244596264960.0,5382514464697003.0,4228268332941312.0
JP.SM,4055642054590464.0,820173566465365.4,0.0
JP.SZ,9872191709511680.0,74252018712346.78,0.0
JP.TC,1.256376181456896e+16,6362785295717717.0,0.0
JP.TS,6274405516705792.0,2292843415950677.5,0.0
JP.TK,1.935627084680397e+16,1.2327416582530662e+16,6404058231341056.0
JP.TT,4134810113015808.0,1951716792099206.0,0.0
JP.TY,7543598954315776.0,2953274165709092.5,0.0
JP.WK,6163981370654720.0,1890294767428130.2,0.0
JP.YT,0.0,0.0,0.0
JP.YC,6445849873743872.0,1969828450106178.2,0.0
JP.YN,9034168428134400.0,4565491314065408.0,0.0
