HASC_1,Max,Mean,Min
JP.AI,1.6342727444660224e+16,8169707744002048.0,0.0
JP.AK,2966667592204288.0,1229475285740202.8,0.0
JP.AO,3260182704422912.0,920287991190543.2,0.0
JP.CH,2.635118987653939e+16,8483480146168101.0,0.0
JP.EH,1.7047463932198912e+16,5275839135289260.0,0.0
JP.FI,1.1151870772903936e+16,3405418370507922.5,0.0
JP.FO,0.0,0.0,0.0
JP.FS,9339656566996992.0,3851347893711303.0,0.0
JP.GF,1.5644752309387264e+16,5497388015579591.0,0.0
JP.GM,1.3559515622408192e+16,4726006761448334.0,0.0
JP.HS,1.158969544409088e+16,5435759572444774.0,0.0
JP.HK,9098945124892672.0,408584277319565.9,0.0
JP.HG,1.582992338190336e+16,7735696405546364.0,0.0
JP.IB,2.318569375268864e+16,8603747206823936.0,0.0
JP.IS,7640899290923008.0,2186201405936981.2,0.0
JP.IW,4029066676011008.0,1447876731595546.0,0.0
JP.KG,1.3762929568514048e+16,1.0385192602566656e+16,7950883723673600.0
JP.KS,0.0,0.0,0.0
JP.KN,2.7110514324668416e+16,1.6831587207907464e+16,0.0
JP.KC,1.7047463932198912e+16,4093670381030969.0,0.0
JP.KM,0.0,0.0,0.0
JP.KY,1.7596284516958208e+16,6717680009259691.0,0.0
JP.ME,1.7596284516958208e+16,7043921680636314.0,0.0
JP.MG,5529385994027008.0,2984516644136550.5,0.0
JP.MZ,0.0,0.0,0.0
JP.NN,1.3177208772231168e+16,5272713474158440.0,0.0
JP.NS,0.0,0.0,0.0
JP.NR,1.7353194736713728e+16,1.1341367378566622e+16,0.0
JP.NI,8566488365531136.0,2329661621933761.5,0.0
JP.OT,7458184939700224.0,745818493970022.4,0.0
JP.OY,1.0638702711668736e+16,6318378895120794.0,0.0
JP.ON,1552819924500480.0,7608120699388.226,0.0
JP.OS,1.7212754674843648e+16,9202493833609216.0,0.0
JP.SG,0.0,0.0,0.0
JP.ST,2.075856478404608e+16,9474126743630280.0,0.0
JP.SH,1.7596284516958208e+16,9653823895240704.0,5274288022093824.0
JP.SM,7815960547295232.0,1237049378078720.0,0.0
JP.SZ,2.7110514324668416e+16,159652433896225.5,0.0
JP.TC,1.7774837044871168e+16,5929235026091704.0,0.0
JP.TS,1.7047463932198912e+16,5749209231785984.0,0.0
JP.TK,2.6801515050041344e+16,2.0376575117203864e+16,1.0805569707311104e+16
JP.TT,7508047899394048.0,3493948276842106.0,0.0
JP.TY,9241557366472704.0,5988687139150234.0,0.0
JP.WK,1.4786705890476032e+16,5409347277352687.0,0.0
JP.YT,5573970438914048.0,2441753481842337.0,0.0
JP.YC,1.1290520907153408e+16,2935911318614991.0,0.0
JP.YN,2.7110514324668416e+16,1.14125117490987e+16,0.0
