HASC_1,Max,Mean,Min
JP.AI,0.0,0.0,0.0
JP.AK,1165844176437248.0,366959034338872.9,0.0
JP.AO,1186743487299584.0,386306236481536.0,0.0
JP.CH,0.0,0.0,0.0
JP.EH,9541763769303040.0,1693759301689144.2,0.0
JP.FI,0.0,0.0,0.0
JP.FO,6636197455593472.0,1842725818473793.8,0.0
JP.FS,0.0,0.0,0.0
JP.GF,0.0,0.0,0.0
JP.GM,0.0,0.0,0.0
JP.HS,9541763769303040.0,2570572036833280.0,0.0
JP.HK,2132137192980480.0,354463365075180.94,0.0
JP.HG,0.0,0.0,0.0
JP.IB,0.0,0.0,0.0
JP.IS,0.0,0.0,0.0
JP.IW,1333917118365696.0,734183740848977.1,0.0
JP.KG,0,0,0
JP.KS,3073754280230912.0,259845404914457.8,0.0
JP.KN,0.0,0.0,0.0
JP.KC,5840208482271232.0,871932561208805.0,0.0
JP.KM,6906057230123008.0,2172271883976704.0,0.0
JP.KY,0.0,0.0,0.0
JP.ME,0.0,0.0,0.0
JP.MG,1333917118365696.0,408038544506880.0,0.0
JP.MZ,4353366234759168.0,1175486997175930.0,0.0
JP.NN,0.0,0.0,0.0
JP.NS,5624975323037696.0,1002583416033431.8,0.0
JP.NR,0.0,0.0,0.0
JP.NI,0.0,0.0,0.0
JP.OT,6174614635937792.0,2200020175622417.0,0.0
JP.OY,0.0,0.0,0.0
JP.ON,5333358854799360.0,104050632396735.86,0.0
JP.OS,0.0,0.0,0.0
JP.SG,5943929794985984.0,1676425935873638.5,0.0
JP.ST,0.0,0.0,0.0
JP.SH,0,0,0
JP.SM,1.1315017253126144e+16,716137590357186.4,0.0
JP.SZ,613397766864896.0,198125893690.21188,0.0
JP.TC,0.0,0.0,0.0
JP.TS,0.0,0.0,0.0
JP.TK,0,0,0
JP.TT,0.0,0.0,0.0
JP.TY,0.0,0.0,0.0
JP.WK,0.0,0.0,0.0
JP.YT,0.0,0.0,0.0
JP.YC,6885656672337920.0,1479016757765178.0,0.0
JP.YN,0.0,0.0,0.0
