HASC_1,Max,Mean,Min
JP.AI,2316691937689600.0,960967360340598.1,0.0
JP.AK,3746997920071680.0,1572548630282240.0,0.0
JP.AO,2805707518771200.0,665291287894719.0,0.0
JP.CH,1.2589003337367552e+16,3877945820869063.0,0.0
JP.EH,0.0,0.0,0.0
JP.FI,2133247710461952.0,214530579759104.0,0.0
JP.FO,0.0,0.0,0.0
JP.FS,6205314525298688.0,3820010565586125.0,0.0
JP.GF,2133247710461952.0,1240504610761386.8,0.0
JP.GM,6359132873424896.0,1867996713597155.5,0.0
JP.HS,0.0,0.0,0.0
JP.HK,3554979327508480.0,530247335252300.1,0.0
JP.HG,0.0,0.0,0.0
JP.IB,1.1660276789149696e+16,3464301271231146.5,0.0
JP.IS,1701401499533312.0,654119511377015.1,0.0
JP.IW,3473606340247552.0,1547629478436362.5,0.0
JP.KG,0,0,0
JP.KS,843625126690816.0,4260732963084.929,0.0
JP.KN,1.2768382646484992e+16,6456133296044988.0,0.0
JP.KC,0.0,0.0,0.0
JP.KM,0.0,0.0,0.0
JP.KY,0.0,0.0,0.0
JP.ME,0.0,0.0,0.0
JP.MG,4340380938010624.0,2442066375003341.0,0.0
JP.MZ,0.0,0.0,0.0
JP.NN,3244897452687360.0,1102602260641412.8,0.0
JP.NS,0.0,0.0,0.0
JP.NR,0.0,0.0,0.0
JP.NI,5988961990213632.0,1612526238628431.8,0.0
JP.OT,0.0,0.0,0.0
JP.OY,0.0,0.0,0.0
JP.ON,1828582057836544.0,65761013456768.28,0.0
JP.OS,0.0,0.0,0.0
JP.SG,0.0,0.0,0.0
JP.ST,1.1660276789149696e+16,4553220801283868.0,0.0
JP.SH,0,0,0
JP.SM,0.0,0.0,0.0
JP.SZ,9312989115056128.0,37021116384080.62,0.0
JP.TC,6787668067221504.0,3014535373159137.5,0.0
JP.TS,0.0,0.0,0.0
JP.TK,1.2768382646484992e+16,9610859632813670.0,2066822148915200.0
JP.TT,0.0,0.0,0.0
JP.TY,1709132306448384.0,1307791297592251.8,0.0
JP.WK,0.0,0.0,0.0
JP.YT,5949299577847808.0,3246048143452218.5,0.0
JP.YC,0.0,0.0,0.0
JP.YN,1.1109935785967616e+16,2467359048178073.5,0.0
