HASC_1,Max,Mean,Min
US.AL,5203342141685760.0,1958407562168516.5,0.0
US.AK,4356265337683968.0,16870808448868.152,0.0
US.AZ,5943718267846656.0,3150251152453203.0,0.0
US.AR,0.0,0.0,0.0
US.CA,3657892917936128.0,4238578120435.838,0.0
US.CO,6834003785023488.0,2928486925721267.0,0.0
US.CT,0.0,0.0,0.0
US.DE,0.0,0.0,0.0
US.DC,0,0,0
US.FL,4548586725441536.0,881973739023693.6,0.0
US.GA,7490987752423424.0,2177684193183351.0,0.0
US.HI,3421686359654400.0,16956003716182.361,0.0
US.ID,7192097757069312.0,1541341678518956.5,0.0
US.IL,9398958254194688.0,718520261657231.4,0.0
US.IN,0.0,0.0,0.0
US.IA,5862089193160704.0,2452999544977233.0,0.0
US.KS,4315160621613056.0,2147178325460489.8,0.0
US.KY,1060813771112448.0,12203056434134.566,0.0
US.LA,0.0,0.0,0.0
US.ME,5384226836840448.0,1878400541070184.5,0.0
US.MD,4186669695631360.0,58148190217102.22,0.0
US.MA,0.0,0.0,0.0
US.MI,1.0733415330480128e+16,889733607071618.0,0.0
US.MN,5862089193160704.0,658297104546641.1,0.0
US.MS,0.0,0.0,0.0
US.MO,0.0,0.0,0.0
US.MT,4649731057778688.0,1883520606068249.8,0.0
US.NE,4296448791281664.0,914604217358277.5,0.0
US.NV,4487247076261888.0,1626887759329560.8,0.0
US.NH,4681873519280128.0,392533871951872.0,0.0
US.NJ,0.0,0.0,0.0
US.NM,5127499461689344.0,2320208666820608.0,0.0
US.NY,0.0,0.0,0.0
US.NC,6885237376155648.0,1456507342605175.2,0.0
US.ND,3740483259990016.0,1569135804706916.0,0.0
US.OH,0.0,0.0,0.0
US.OK,4315160621613056.0,279042006284028.4,0.0
US.OR,4017509992759296.0,1255288489006614.8,0.0
US.PA,0.0,0.0,0.0
US.RI,0.0,0.0,0.0
US.SC,6886340109008896.0,1438116857448768.8,0.0
US.SD,3943438718337024.0,517819139744225.9,0.0
US.TN,7359475316948992.0,1101408214960294.0,0.0
US.TX,9899866331283456.0,597805387695502.1,0.0
US.UT,8144945915363328.0,3001876732010607.0,0.0
US.VT,2341031785791488.0,83608278063981.72,0.0
US.VA,1.0242136570068992e+16,1196283937037854.0,0.0
US.WA,7192097757069312.0,574391424175308.8,0.0
US.WV,8376479549227008.0,680626402291438.9,0.0
US.WI,1.0733415330480128e+16,935511716561635.1,0.0
US.WY,5586827960385536.0,2386464321485335.0,0.0
