HASC_1,Max,Mean,Min
US.AL,7132547498639360.0,2930199654588339.5,0.0
US.AK,5612165046206464.0,73876897627405.38,0.0
US.AZ,1.0075801076629504e+16,2856268006881214.0,0.0
US.AR,0.0,0.0,0.0
US.CA,9383452348514304.0,767281576684015.4,0.0
US.CO,6061513651519488.0,3444476265894875.0,0.0
US.CT,0.0,0.0,0.0
US.DE,5219043468378112.0,2089819014430720.0,0.0
US.DC,0,0,0
US.FL,5354686588649472.0,847671543324326.8,0.0
US.GA,8164408022794240.0,2314918411127864.5,0.0
US.HI,3824969830105088.0,205288136790507.53,0.0
US.ID,6842520705171456.0,2189921588057142.0,0.0
US.IL,6511249340760064.0,1381701865672249.0,0.0
US.IN,6509745565335552.0,3969361614952841.5,0.0
US.IA,0.0,0.0,0.0
US.KS,7605639756906496.0,3400669323511233.5,0.0
US.KY,5664651157176320.0,992417979155575.1,0.0
US.LA,2.708108735623987e+16,691399814146949.1,0.0
US.ME,0.0,0.0,0.0
US.MD,7639117953236992.0,1543365148204976.5,0.0
US.MA,0.0,0.0,0.0
US.MI,6730615332274176.0,2029280078965881.2,0.0
US.MN,3817702477004800.0,709874166927832.2,0.0
US.MS,4787056731488256.0,507659514429040.4,0.0
US.MO,0.0,0.0,0.0
US.MT,5764584845606912.0,3211682708875935.5,0.0
US.NE,6400401066688512.0,2883236290584265.5,0.0
US.NV,0.0,0.0,0.0
US.NH,0.0,0.0,0.0
US.NJ,0.0,0.0,0.0
US.NM,4409038674591744.0,3091260041772043.0,0.0
US.NY,9627809144111104.0,936941631911105.2,0.0
US.NC,8164408022794240.0,2324914008482661.5,0.0
US.ND,4311030205251584.0,2819801368053678.0,0.0
US.OH,6227702042329088.0,2449857860114177.0,0.0
US.OK,6152965853282304.0,1852079291745095.0,0.0
US.OR,4585367751622656.0,811126964631386.0,0.0
US.PA,8442138861764608.0,3966229565425311.0,0.0
US.RI,0.0,0.0,0.0
US.SC,7737624101912576.0,2425514262811456.5,0.0
US.SD,5603404386664448.0,2754886070878358.5,0.0
US.TN,6589733962514432.0,2723027655410132.0,0.0
US.TX,2.708108735623987e+16,1803232436767817.8,0.0
US.UT,5229805582680064.0,2788405565566215.0,0.0
US.VT,0.0,0.0,0.0
US.VA,6567853788495872.0,1802524313951750.2,0.0
US.WA,6842520705171456.0,905755265340106.0,0.0
US.WV,7068099903750144.0,1636982786684512.2,0.0
US.WI,6511249340760064.0,2067723642733616.2,0.0
US.WY,6778702322991104.0,3476152628591637.0,0.0
