HASC_1,Max,Mean,Min
US.AL,5612572531228672.0,1868808132464185.0,0.0
US.AK,4394823406583808.0,30123008614692.1,0.0
US.AZ,7620022528638976.0,3048510124622723.0,0.0
US.AR,5305212860366848.0,1323841428785325.5,0.0
US.CA,1.2726905073565696e+16,1958198589809541.0,0.0
US.CO,3880175192244224.0,1701376837025792.0,0.0
US.CT,1.3513554103631872e+16,5584283360034816.0,0.0
US.DE,1.0111971143712768e+16,2019496724500025.0,0.0
US.DC,0,0,0
US.FL,6490145482080256.0,364768359203215.6,0.0
US.GA,1.0074303206785024e+16,1804721762179289.5,0.0
US.HI,3636187226963968.0,162442115245273.22,0.0
US.ID,4999813305204736.0,786360651880219.4,0.0
US.IL,1.067708468690944e+16,2598234308083712.0,0.0
US.IN,9293418022830080.0,3670913319045861.0,0.0
US.IA,4877892605444096.0,173435077821256.22,0.0
US.KS,5316648210792448.0,738163374349165.8,0.0
US.KY,8116257681309696.0,1292533378347873.2,0.0
US.LA,4467351445569536.0,1612321450929667.2,0.0
US.ME,7198712543576064.0,2301557353273407.5,0.0
US.MD,0.0,0.0,0.0
US.MA,7824691142066176.0,2521316220163757.5,0.0
US.MI,9999230399676416.0,778839521621015.9,0.0
US.MN,4899793717428224.0,684588770011910.5,0.0
US.MS,4467351445569536.0,1092913711495778.8,0.0
US.MO,8250785720696832.0,844190672858405.1,0.0
US.MT,3990011196211200.0,799776548185143.6,0.0
US.NE,0.0,0.0,0.0
US.NV,5668274498961408.0,1558551691783342.0,0.0
US.NH,7198712543576064.0,2775414162364703.0,0.0
US.NJ,1.2449325632192512e+16,5188285470636152.0,0.0
US.NM,5061278045306880.0,1692155111489669.2,0.0
US.NY,1.3404504883986432e+16,2298788988203717.0,0.0
US.NC,4067155251298304.0,134888401869937.78,0.0
US.ND,5261187834970112.0,3101278824213162.5,0.0
US.OH,5242674378440704.0,22994185870353.965,0.0
US.OK,5474554830913536.0,496426380917882.1,0.0
US.OR,6569996440305664.0,1491178733471779.5,0.0
US.PA,1.1632753564975104e+16,3480122404074261.0,0.0
US.RI,7016490502979584.0,4612426958268006.0,0.0
US.SC,0.0,0.0,0.0
US.SD,5429117835018240.0,2140729889734418.5,0.0
US.TN,5305212860366848.0,1780306085955231.0,0.0
US.TX,4202515172163584.0,3585763798774.389,0.0
US.UT,5145008432742400.0,1627530938615632.5,0.0
US.VT,6791158265020416.0,3493870733469716.5,0.0
US.VA,0.0,0.0,0.0
US.WA,5559263934021632.0,1448919067912378.2,0.0
US.WV,0.0,0.0,0.0
US.WI,7554809355829248.0,1538058280728439.5,0.0
US.WY,2526375462305792.0,233679442275593.47,0.0
