HASC_1,Max,Mean,Min
US.AL,6313531058159616.0,3669594106145450.5,0.0
US.AK,7481241934757888.0,126586736395925.6,0.0
US.AZ,1.6986424930729984e+16,3676327947971242.5,0.0
US.AR,8144764989865984.0,3919851254644290.0,0.0
US.CA,7535483613609984.0,2102015998471787.0,0.0
US.CO,5354879325306880.0,3455431715195131.5,0.0
US.CT,6848993757757440.0,3412670803869696.0,0.0
US.DE,7680407621337088.0,3674457925383719.5,0.0
US.DC,0,0,0
US.FL,7264642975924224.0,1141962828104016.8,0.0
US.GA,8719716692525056.0,2861685727173701.0,0.0
US.HI,3766285007585280.0,217158099989954.56,0.0
US.ID,8337229990592512.0,2439151024164197.0,0.0
US.IL,1.0176795085111296e+16,3363380357635137.5,0.0
US.IN,7690449254875136.0,3855619857580032.0,0.0
US.IA,9106872560779264.0,3772065791567065.0,0.0
US.KS,6032643955097600.0,4471634270646150.5,0.0
US.KY,7659399862550528.0,2116989022740981.5,0.0
US.LA,7439767046193152.0,3217579863629410.5,0.0
US.ME,5665398481485824.0,2604815919799612.0,0.0
US.MD,6218465715159040.0,1804325782532411.0,0.0
US.MA,6243512353816576.0,2219056247603200.0,0.0
US.MI,6351357372006400.0,1493815783517489.5,0.0
US.MN,7715243564204032.0,1725872343203497.8,0.0
US.MS,7439767046193152.0,4024156732927945.5,0.0
US.MO,8776852105592832.0,2920670728945194.0,0.0
US.MT,6601261654736896.0,1813346184502955.8,0.0
US.NE,7599126975873024.0,3083177332328954.0,0.0
US.NV,5593757890117632.0,2983090449269166.5,0.0
US.NH,5982846493655040.0,3059449886680557.0,0.0
US.NJ,7680407621337088.0,2320094598231335.0,0.0
US.NM,5029865191374848.0,2983750528342670.5,0.0
US.NY,7145261138706432.0,1941613811696970.0,0.0
US.NC,5653527728750592.0,691394083573740.0,0.0
US.ND,9051725180698624.0,5386745647401419.0,0.0
US.OH,5731298312192000.0,508706541273088.0,0.0
US.OK,6006837644099584.0,2928301996172398.5,0.0
US.OR,5899937518714880.0,3218447185118908.5,0.0
US.PA,9058762484613120.0,2550482642343750.0,0.0
US.RI,5844005233360896.0,3276446457082675.0,0.0
US.SC,8286962767101952.0,604049805805741.5,0.0
US.SD,7050918960824320.0,3682589523236319.5,0.0
US.TN,8542701762904064.0,3936243719623722.0,0.0
US.TX,7746932369784832.0,1670504021441684.5,0.0
US.UT,6167665915723776.0,3317064771057155.5,0.0
US.VT,5922827010048000.0,3424441589309192.0,0.0
US.VA,6210200050597888.0,636837126849816.9,0.0
US.WA,7608178082578432.0,3600568731037006.5,0.0
US.WV,0.0,0.0,0.0
US.WI,7431547552530432.0,2736414555041385.5,0.0
US.WY,7973628259860480.0,3263872987909920.5,0.0
