HASC_1,Max,Mean,Min
US.AL,7887772937355264.0,1507164851602886.2,0.0
US.AK,3293220935041024.0,3623109819398.218,0.0
US.AZ,4945093274370048.0,2713746915983360.0,0.0
US.AR,5261969519017984.0,1979478709171457.5,0.0
US.CA,4665689008766976.0,602598725316920.8,0.0
US.CO,6451076848943104.0,2005483554794861.0,0.0
US.CT,4197340005007360.0,1303577493072233.5,0.0
US.DE,0.0,0.0,0.0
US.DC,0,0,0
US.FL,1.4993513934487552e+16,730495010411908.9,0.0
US.GA,9355291321696256.0,2234680287607482.8,0.0
US.HI,3213226900717568.0,184875035519877.12,0.0
US.ID,6166626533638144.0,1277976770134061.8,0.0
US.IL,5614196565737472.0,1756180488251472.2,0.0
US.IN,7319540174159872.0,1152948015454555.8,0.0
US.IA,5024097050296320.0,1587420659966981.5,0.0
US.KS,3860033406238720.0,1526776528482088.5,0.0
US.KY,9594173107732480.0,1754229089638744.8,0.0
US.LA,3433930237673472.0,225004002241850.03,0.0
US.ME,0.0,0.0,0.0
US.MD,0.0,0.0,0.0
US.MA,4693331955154944.0,1198928371464979.8,0.0
US.MI,5295667295551488.0,368555464531587.4,0.0
US.MN,4981300385546240.0,703149176526916.0,0.0
US.MS,3583967940837376.0,1573674729466003.2,0.0
US.MO,5614196565737472.0,1982148619759830.8,0.0
US.MT,3293097186295808.0,1273734917858779.2,0.0
US.NE,3483699781828608.0,141528968913656.1,0.0
US.NV,3904609261191168.0,1301797930920875.0,0.0
US.NH,4693331955154944.0,306075008796048.7,0.0
US.NJ,0.0,0.0,0.0
US.NM,5922757753700352.0,2290112126812464.0,0.0
US.NY,3028893078388736.0,8556195136691.345,0.0
US.NC,6732227555622912.0,1190881383476041.8,0.0
US.ND,3556604435759104.0,2018288526065930.5,0.0
US.OH,6149084276588544.0,282550456243363.0,0.0
US.OK,0.0,0.0,0.0
US.OR,3485400052006912.0,1056154858148867.5,0.0
US.PA,0.0,0.0,0.0
US.RI,3949063514882048.0,2380397301832089.5,0.0
US.SC,7903165563273216.0,1804777294390967.2,0.0
US.SD,2580461180157952.0,1007961923997097.8,0.0
US.TN,8260455839563776.0,2745753538466629.0,0.0
US.TX,6272357354176512.0,401381519915781.56,0.0
US.UT,1.0878731253972992e+16,2438042955387749.0,0.0
US.VT,0.0,0.0,0.0
US.VA,4228840905768960.0,559771492564495.5,0.0
US.WA,3485400052006912.0,1072296183206273.1,0.0
US.WV,6633757914169344.0,836997262720823.4,0.0
US.WI,8376285738827776.0,1674699621092930.2,0.0
US.WY,4091614553178112.0,1578300631027318.5,0.0
