HASC_1,Max,Mean,Min
US.AL,5586575094185984.0,2547291592566842.5,0.0
US.AK,4319576921735168.0,20458212572224.305,0.0
US.AZ,6719546127810560.0,3011322970644354.0,0.0
US.AR,5984553743155200.0,2535828762020132.5,0.0
US.CA,6993219296428032.0,537265974410869.6,0.0
US.CO,5803987412451328.0,2582407212523286.0,0.0
US.CT,7527651203874816.0,2093591673438208.0,0.0
US.DE,0.0,0.0,0.0
US.DC,0,0,0
US.FL,6695788516212736.0,1220048830661911.0,0.0
US.GA,8154503291338752.0,2351151196093876.0,0.0
US.HI,3399617743945728.0,152137285148754.75,0.0
US.ID,5658306953609216.0,1717874295667088.5,0.0
US.IL,2.116328814228275e+16,3605620798068550.0,0.0
US.IN,2.116328814228275e+16,5009851560929963.0,0.0
US.IA,7378531013099520.0,3298256538375569.5,0.0
US.KS,5780206715404288.0,1758579210359369.2,0.0
US.KY,1.1976358464847872e+16,2424547598863035.0,0.0
US.LA,6076344173592576.0,1287089268472310.2,0.0
US.ME,4535069926490112.0,56105546915014.45,0.0
US.MD,0.0,0.0,0.0
US.MA,7527651740745728.0,1722082388847720.5,0.0
US.MI,1.6248223131762688e+16,1790609090144186.2,0.0
US.MN,6462783319179264.0,1092103814864662.0,0.0
US.MS,6076344173592576.0,2612877628175494.0,0.0
US.MO,6701854620647424.0,1920983194775679.2,0.0
US.MT,4759806774607872.0,1812585693262379.8,0.0
US.NE,6659594289938432.0,972290862315383.5,0.0
US.NV,6463104904855552.0,1908047913939503.5,0.0
US.NH,0.0,0.0,0.0
US.NJ,0.0,0.0,0.0
US.NM,8033052890497024.0,2694738435925901.0,0.0
US.NY,5802746703773696.0,16391939841168.633,0.0
US.NC,8897384457175040.0,1767640172015417.2,0.0
US.ND,3525610609573888.0,2093883261452288.0,0.0
US.OH,1.2752803726360576e+16,2561392758615549.5,0.0
US.OK,0.0,0.0,0.0
US.OR,7301184557678592.0,2216927162145420.2,0.0
US.PA,8169595806416896.0,301745752777398.25,0.0
US.RI,7527651203874816.0,4412585914925056.0,0.0
US.SC,6020889703350272.0,2063420171912680.2,0.0
US.SD,4150726993379328.0,2164420304874154.8,0.0
US.TN,9371126866116608.0,3580722489065472.0,0.0
US.TX,9008493113638912.0,413193055227251.44,0.0
US.UT,5931760542023680.0,2701946806918226.5,0.0
US.VT,0.0,0.0,0.0
US.VA,6068626117361664.0,901365214608909.6,0.0
US.WA,7301184557678592.0,2289571557779972.0,0.0
US.WV,8169595806416896.0,1320650886882943.0,0.0
US.WI,1.158849822195712e+16,2331023506579009.0,0.0
US.WY,5447616259162112.0,2377814816897313.5,0.0
