HASC_1,Max,Mean,Min
US.AL,5527295418695680.0,3109573854974069.0,0.0
US.AK,8725695823872000.0,144062761168811.84,0.0
US.AZ,8396249283690496.0,3710401505932677.0,0.0
US.AR,6305667509911552.0,3930535711664476.5,0.0
US.CA,7588575314968576.0,2147839833331953.5,0.0
US.CO,5909757961437184.0,3537525090115533.5,0.0
US.CT,8300574055333888.0,1668548048378733.8,0.0
US.DE,5667858960875520.0,2171429742585698.5,0.0
US.DC,0,0,0
US.FL,6838228422230016.0,1226380953839109.2,0.0
US.GA,6437109078425600.0,2570042105900564.5,0.0
US.HI,4113890937929728.0,226604472032296.97,0.0
US.ID,6600609893449728.0,2368327030518220.5,0.0
US.IL,7925522478661632.0,3182110905200137.0,0.0
US.IN,7015284154040320.0,3719329765000269.5,0.0
US.IA,7525072076013568.0,4779214114104293.0,0.0
US.KS,7153841946492928.0,4598462636738155.0,0.0
US.KY,6054111812255744.0,2150482814085802.8,0.0
US.LA,5966394621427712.0,2859061376500870.5,0.0
US.ME,4708790079324160.0,167540744417187.6,0.0
US.MD,4959224253644800.0,68878114633955.555,0.0
US.MA,7565946742898688.0,1166737088633709.8,0.0
US.MI,1.2969622265397248e+16,2236215663937440.5,0.0
US.MN,9391519370838016.0,3665112065235873.0,0.0
US.MS,5759292909027328.0,3399716133593415.5,0.0
US.MO,7153841946492928.0,2996967018526895.5,0.0
US.MT,6149481024192512.0,2635527299701384.0,0.0
US.NE,7077279859474432.0,3706209007453202.0,0.0
US.NV,5486646237593600.0,2910159888606822.5,0.0
US.NH,5861588292599808.0,1621717217012310.8,0.0
US.NJ,5571444998144000.0,1209532261649612.8,0.0
US.NM,8396249283690496.0,3208574219417409.0,0.0
US.NY,8300574055333888.0,1759521651955224.0,0.0
US.NC,7293044520910848.0,1063395421547958.9,0.0
US.ND,8072264868167680.0,5416983837288642.0,0.0
US.OH,7187930028179456.0,1570758063371668.8,0.0
US.OK,7579706744373248.0,2939961102610053.5,0.0
US.OR,7478227404587008.0,3167624739271846.0,0.0
US.PA,6382438976585728.0,1927308993261869.8,0.0
US.RI,5117762770829312.0,852960461804885.4,0.0
US.SC,7233901210632192.0,1825106240606817.2,0.0
US.SD,6877195049893888.0,4038580146102847.5,0.0
US.TN,7293044520910848.0,3790838421497914.5,0.0
US.TX,7579706744373248.0,1389172646371189.2,0.0
US.UT,5905058193473536.0,3292564318573434.5,0.0
US.VT,7058330463764480.0,2950928604017459.0,0.0
US.VA,4865043137036288.0,359871898364586.7,0.0
US.WA,7900927885312000.0,3495727153739340.0,0.0
US.WV,4802551899750400.0,293603911803703.56,0.0
US.WI,1.0698234179616768e+16,3644322109489381.0,0.0
US.WY,6271432325595136.0,3356245629989067.0,0.0
