HASC_1,Max,Mean,Min
US.AL,5899446281830400.0,2643149148676486.0,0.0
US.AK,2773807454486528.0,2336992823704.951,0.0
US.AZ,1.1710402278719488e+16,2401595968592940.5,0.0
US.AR,8457863810777088.0,3032166165031594.5,0.0
US.CA,8514961106010112.0,1077224792238426.6,0.0
US.CO,0.0,0.0,0.0
US.CT,1.0733903883010048e+16,5677743738628779.0,0.0
US.DE,5827895884775424.0,3638174051991552.0,0.0
US.DC,0,0,0
US.FL,4499645841539072.0,340109230515317.94,0.0
US.GA,6485676568608768.0,1458360928633820.0,0.0
US.HI,4147610189299712.0,194513959288338.0,0.0
US.ID,3079077086887936.0,431872160585777.0,0.0
US.IL,1.4193839342354432e+16,1429111651116630.5,0.0
US.IN,1.444176847699968e+16,3768716260687688.0,0.0
US.IA,1.4193839342354432e+16,2514022292078757.5,0.0
US.KS,6630689696907264.0,3479461688741144.5,0.0
US.KY,1.1873466080821248e+16,1817385465957714.5,0.0
US.LA,5084807486767104.0,2325462809641622.0,0.0
US.ME,8564596969308160.0,2372275532219142.5,0.0
US.MD,5827895884775424.0,1268381277570767.0,0.0
US.MA,1.0392063140954112e+16,2443550344388185.5,0.0
US.MI,0.0,0.0,0.0
US.MN,4796654909652992.0,337929657418587.8,0.0
US.MS,5440213883027456.0,2713411400673962.5,0.0
US.MO,9718366382063616.0,2246126601823118.2,0.0
US.MT,2877776533127168.0,934398663535020.6,0.0
US.NE,6328749201031168.0,1714158156382208.0,0.0
US.NV,2998792605401088.0,1032875617066249.0,0.0
US.NH,1.0392063140954112e+16,3793715967013926.0,0.0
US.NJ,5827895884775424.0,1597751090902996.5,0.0
US.NM,2993365108916224.0,386897963563755.7,0.0
US.NY,9112880146284544.0,1506588442531613.2,0.0
US.NC,0.0,0.0,0.0
US.ND,3620120559616000.0,1868746747604919.0,0.0
US.OH,0.0,0.0,0.0
US.OK,1.957795343630336e+16,2596068103904438.5,0.0
US.OR,3457354183999488.0,1105466505206327.5,0.0
US.PA,0.0,0.0,0.0
US.RI,0.0,0.0,0.0
US.SC,0.0,0.0,0.0
US.SD,3483254984278016.0,1688364007852063.0,0.0
US.TN,8614499657449472.0,3281991525270789.0,0.0
US.TX,9858105290522624.0,823672255914161.4,0.0
US.UT,4398571033985024.0,1352445546284405.0,0.0
US.VT,8538703685222400.0,3861441992823653.0,0.0
US.VA,4763106383233024.0,24178204991030.58,0.0
US.WA,3734732030345216.0,555206156078094.8,0.0
US.WV,0.0,0.0,0.0
US.WI,5520528697720832.0,105928366762046.61,0.0
US.WY,2916887042195456.0,953612764594888.4,0.0
