HASC_1,Max,Mean,Min
US.AL,0.0,0.0,0.0
US.AK,3133278768857088.0,14688271938714.82,0.0
US.AZ,3058099661307904.0,1109584870125862.9,0.0
US.AR,0.0,0.0,0.0
US.CA,1.1196845522944e+16,575830779772086.1,0.0
US.CO,5796047091662848.0,2204144695696533.8,0.0
US.CT,1.4791060987314176e+16,3685308022274275.5,0.0
US.DE,7719995408646144.0,3158424790948717.5,0.0
US.DC,7674673839996928.0,7266662415859712.0,6858650991722496.0
US.FL,5689104016605184.0,663056596822845.0,0.0
US.GA,5717676286541824.0,1732676803636357.5,0.0
US.HI,4972195054878720.0,211535745388877.22,0.0
US.ID,2762311169212416.0,785517043322762.2,0.0
US.IL,9272064519176192.0,1174410921031486.0,0.0
US.IN,1.1924672828407808e+16,3199003045860505.0,0.0
US.IA,0.0,0.0,0.0
US.KS,6489775041150976.0,1830303439873992.8,0.0
US.KY,4497408968884224.0,957445401543766.8,0.0
US.LA,0.0,0.0,0.0
US.ME,2779954089558016.0,156526983265340.25,0.0
US.MD,8029291572887552.0,2276046193772344.0,0.0
US.MA,6165274692681728.0,93413252919420.12,0.0
US.MI,2.283296741602099e+16,1397283299482098.2,0.0
US.MN,2644018106204160.0,201902592832307.2,0.0
US.MS,0.0,0.0,0.0
US.MO,0.0,0.0,0.0
US.MT,3029858103853056.0,1304386720210324.2,0.0
US.NE,3829390156759040.0,1356539801540331.5,0.0
US.NV,0.0,0.0,0.0
US.NH,0.0,0.0,0.0
US.NJ,1.5998614664904704e+16,4485192578045766.0,0.0
US.NM,4047219892158464.0,2360538948875877.0,0.0
US.NY,1.802171713375437e+16,3033784190834588.0,0.0
US.NC,5858143191957504.0,2144388174865786.2,0.0
US.ND,3881858550988800.0,1676970027609526.8,0.0
US.OH,2.0948602054508544e+16,2376684357795566.0,0.0
US.OK,4347590309052416.0,194810208280144.84,0.0
US.OR,4728540486434816.0,586646728816986.9,0.0
US.PA,2.225327782756352e+16,5839787275493866.0,0.0
US.RI,0.0,0.0,0.0
US.SC,6067297898725376.0,2109358732444447.2,0.0
US.SD,3387517478895616.0,1302201574600212.5,0.0
US.TN,4213629205348352.0,1865871899197182.0,0.0
US.TX,8106723390783488.0,1284345190641078.8,0.0
US.UT,4411270983843840.0,1832288957187764.5,0.0
US.VT,0.0,0.0,0.0
US.VA,8066738318999552.0,1901399350536136.8,0.0
US.WA,2856719650652160.0,744071999706385.5,0.0
US.WV,5187514113458176.0,930993647044841.4,0.0
US.WI,8570492348792832.0,1295133806624402.0,0.0
US.WY,3651002716651520.0,1561605362487569.0,0.0
