HASC_1,Max,Mean,Min
US.AL,6865800501657600.0,3233293080811669.5,0.0
US.AK,4033541226627072.0,47334227139477.664,0.0
US.AZ,7632615909621760.0,3574783813684352.0,0.0
US.AR,8572647885504512.0,1329347994359343.8,0.0
US.CA,8551397461065728.0,1374738736400805.5,0.0
US.CO,4927225673547776.0,3148505899203359.5,0.0
US.CT,5710498859319296.0,3589260239492691.5,0.0
US.DE,0.0,0.0,0.0
US.DC,0,0,0
US.FL,5645082212433920.0,1066410378527648.5,0.0
US.GA,7308426409410560.0,2498263292086277.0,0.0
US.HI,3837640520499200.0,218211260364226.56,0.0
US.ID,6649820018114560.0,2105286751291631.2,0.0
US.IL,5786230407036928.0,308299446125502.1,0.0
US.IN,0.0,0.0,0.0
US.IA,5796648923955200.0,2551031802389604.5,0.0
US.KS,5917828741857280.0,2827160906818207.5,0.0
US.KY,6105217091239936.0,1198062254991503.2,0.0
US.LA,3972279155294208.0,636475677010106.1,0.0
US.ME,9604861133848576.0,1436495930389726.5,0.0
US.MD,0.0,0.0,0.0
US.MA,7413662234968064.0,2405806936948736.0,0.0
US.MI,8439084066275328.0,1392144350881749.5,0.0
US.MN,6849714238521344.0,2152782272592866.2,0.0
US.MS,6116885980512256.0,2567831864904098.5,0.0
US.MO,8572647885504512.0,258362326465299.7,0.0
US.MT,6651717856788480.0,2232767085397026.0,0.0
US.NE,4618045473423360.0,1415424429315988.2,0.0
US.NV,1.037121322221568e+16,2440599842987342.5,0.0
US.NH,5824466890260480.0,2151028782393246.5,0.0
US.NJ,0.0,0.0,0.0
US.NM,6083901705420800.0,2834222859549906.0,0.0
US.NY,5996506637139968.0,283850053253784.6,0.0
US.NC,6379509808889856.0,1606535553265547.0,0.0
US.ND,4744210674614272.0,3389532083916272.0,0.0
US.OH,0.0,0.0,0.0
US.OK,5485384054079488.0,1125870565327837.2,0.0
US.OR,5464493333151744.0,2740344931636214.0,0.0
US.PA,0.0,0.0,0.0
US.RI,6858128616325120.0,4264537909048115.0,0.0
US.SC,6359595656151040.0,2050455402684026.0,0.0
US.SD,4270647043686400.0,2721580820674096.5,0.0
US.TN,8572647885504512.0,3652437346347390.5,0.0
US.TX,6068576725237760.0,296779452746419.1,0.0
US.UT,7218023790280704.0,3024282727995434.0,0.0
US.VT,3533721386876928.0,1268917805799206.2,0.0
US.VA,6461625825492992.0,606270408017132.2,0.0
US.WA,1.0078675483492352e+16,3393717174534144.0,0.0
US.WV,4887045717622784.0,216699400126286.88,0.0
US.WI,1.4934950981664768e+16,2220023974752646.5,0.0
US.WY,5065690587332608.0,2790110142098571.5,0.0
