HASC_1,Max,Mean,Min
US.AL,7760354679455744.0,2332528707039561.5,0.0
US.AK,5550040491753472.0,109336606693194.78,0.0
US.AZ,6722269673947136.0,3121320599605922.0,0.0
US.AR,4833206155083776.0,1261178282634787.8,0.0
US.CA,8182608483581952.0,1969656081516740.5,0.0
US.CO,7007696557441024.0,4481866951431231.5,0.0
US.CT,1.1073867724357632e+16,4734678112141312.0,0.0
US.DE,9145512234057728.0,5707833026805760.0,0.0
US.DC,9438686701682688.0,9182961932959744.0,8927237164236800.0
US.FL,5405151380635648.0,131171665996060.83,0.0
US.GA,0.0,0.0,0.0
US.HI,3719385575325696.0,226201807104245.75,0.0
US.ID,6675911944437760.0,822183961448514.4,0.0
US.IL,4589741102071808.0,276640086815366.75,0.0
US.IN,0.0,0.0,0.0
US.IA,6074721212825600.0,2431506638125635.0,0.0
US.KS,6036312930910208.0,4147256313278389.5,0.0
US.KY,5004053511667712.0,287683690020598.3,0.0
US.LA,1.4736061783605248e+16,889201245013372.4,0.0
US.ME,9080267385864192.0,2508799188567740.5,0.0
US.MD,9795840075890688.0,3950191886137100.5,0.0
US.MA,8860132058333184.0,3104364923191296.0,0.0
US.MI,5249633836072960.0,596813407668818.6,0.0
US.MN,6901303775068160.0,350351409538537.2,0.0
US.MS,1.4736061783605248e+16,1988006978919154.5,0.0
US.MO,6320022901227520.0,932639773300505.0,0.0
US.MT,5508826522451968.0,2322158083855935.0,0.0
US.NE,6981677108690944.0,3807702692130178.0,0.0
US.NV,5174880467156992.0,2455205857043521.0,0.0
US.NH,8860132058333184.0,3605685179505171.0,0.0
US.NJ,1.1391081123938304e+16,5038896025102522.0,0.0
US.NM,7657062863470592.0,3068572705027970.0,0.0
US.NY,1.1391081123938304e+16,2918578255117442.5,0.0
US.NC,6449378189377536.0,2381243152347635.5,0.0
US.ND,7042917973622784.0,4710991753519070.0,0.0
US.OH,8128908507480064.0,996238535163904.0,0.0
US.OK,5420709899665408.0,156721940036009.8,0.0
US.OR,7782453896806400.0,2816341525519249.0,0.0
US.PA,9795840075890688.0,5536143948519329.0,0.0
US.RI,7872033492828160.0,4673226381092454.0,0.0
US.SC,6560383229755392.0,1858365813370435.8,0.0
US.SD,6021451807195136.0,2310758602590164.0,0.0
US.TN,5004053511667712.0,1330363920722602.8,0.0
US.TX,8128010859315200.0,1404528743516127.0,0.0
US.UT,4755776484671488.0,1537128216745301.2,0.0
US.VT,8664479655002112.0,4461266539807051.0,0.0
US.VA,9438686701682688.0,2488471642852942.5,0.0
US.WA,8828122203947008.0,2796147129726725.5,0.0
US.WV,9285220004003840.0,1590364851698912.8,0.0
US.WI,5749221747589120.0,111999532520214.45,0.0
US.WY,6796179618660352.0,2676793044345576.5,0.0
