HASC_1,Max,Mean,Min
US.AL,0.0,0.0,0.0
US.AK,3092702333763584.0,49951342101004.695,0.0
US.AZ,0.0,0.0,0.0
US.AR,0.0,0.0,0.0
US.CA,1.892286354948096e+16,1190312418487618.5,0.0
US.CO,6020119293591552.0,2572796878845614.5,0.0
US.CT,0.0,0.0,0.0
US.DE,0.0,0.0,0.0
US.DC,0,0,0
US.FL,0.0,0.0,0.0
US.GA,0.0,0.0,0.0
US.HI,5327948806619136.0,197655919843082.25,0.0
US.ID,2372627712704512.0,235001474070843.56,0.0
US.IL,0.0,0.0,0.0
US.IN,3559873711177728.0,1198540075725472.5,0.0
US.IA,3646873105596416.0,1028920115724288.0,0.0
US.KS,4025853235167232.0,2362085073055704.0,0.0
US.KY,4581886143758336.0,471610292882769.9,0.0
US.LA,6723107192569856.0,1452541628145302.0,0.0
US.ME,0.0,0.0,0.0
US.MD,6819411096764416.0,538603032045158.4,0.0
US.MA,0.0,0.0,0.0
US.MI,3892498258722816.0,731219532124636.2,0.0
US.MN,2957377846378496.0,236068627474470.16,0.0
US.MS,3581889176666112.0,146733855495509.34,0.0
US.MO,2632476992208896.0,242963441707194.2,0.0
US.MT,3075062903078912.0,1511698231373878.5,0.0
US.NE,5360137975889920.0,1842793079473258.0,0.0
US.NV,2548314423689216.0,412624326640543.4,0.0
US.NH,0.0,0.0,0.0
US.NJ,0.0,0.0,0.0
US.NM,4334413349388288.0,2393343234625608.5,0.0
US.NY,1.286511282618368e+16,108413872130761.34,0.0
US.NC,1.0445377643741184e+16,1981011551671637.2,0.0
US.ND,3917009368645632.0,2194996869989871.8,0.0
US.OH,9450475313168384.0,1691570095696554.8,0.0
US.OK,6609541277941760.0,1004535784789415.5,0.0
US.OR,5042094573879296.0,1228309082347223.8,0.0
US.PA,9301493635088384.0,2346590848187423.0,0.0
US.RI,0.0,0.0,0.0
US.SC,7639384778080256.0,1164839924883222.0,0.0
US.SD,2681467805106176.0,1386925609257121.0,0.0
US.TN,4254269796515840.0,335191270167803.8,0.0
US.TX,1.2753205305802752e+16,1831569068510008.5,0.0
US.UT,2475262667128832.0,574508822744268.8,0.0
US.VT,0.0,0.0,0.0
US.VA,7523952163291136.0,1471121783068131.5,0.0
US.WA,4831268051091456.0,908307737787355.1,0.0
US.WV,9301493635088384.0,1157931999355663.5,0.0
US.WI,2611593250603008.0,176800241155012.75,0.0
US.WY,4788575002427392.0,1959848263392757.0,0.0
