HASC_1,Max,Mean,Min
US.AL,0.0,0.0,0.0
US.AK,4391804849881088.0,48772006690361.55,0.0
US.AZ,3739153967611904.0,1597348924683215.2,0.0
US.AR,0.0,0.0,0.0
US.CA,6422918506479616.0,423361712201191.5,0.0
US.CO,4871060386217984.0,2679499753042651.0,0.0
US.CT,6844261777539072.0,1187663722390674.2,0.0
US.DE,7202476545540096.0,3084586376650448.5,0.0
US.DC,9015540081229824.0,8904703081447424.0,8793866081665024.0
US.FL,7764786548834304.0,865978958674648.5,0.0
US.GA,7785487217459200.0,3228189289942393.5,0.0
US.HI,4647068714926080.0,173239322070884.47,0.0
US.ID,2212649307734016.0,736228446565191.5,0.0
US.IL,0.0,0.0,0.0
US.IN,3465262829404160.0,153599242367261.78,0.0
US.IA,0.0,0.0,0.0
US.KS,4455601757224960.0,2674537136516489.0,0.0
US.KY,7661417960308736.0,991508765942930.2,0.0
US.LA,0.0,0.0,0.0
US.ME,2866334203379712.0,176113997069372.25,0.0
US.MD,9831719158939648.0,2136336577174326.5,0.0
US.MA,0.0,0.0,0.0
US.MI,1.0161161404153856e+16,850289643395928.8,0.0
US.MN,2491942709493760.0,110478869675220.9,0.0
US.MS,0.0,0.0,0.0
US.MO,0.0,0.0,0.0
US.MT,8518822818480128.0,1666638203922976.5,0.0
US.NE,4113474862972928.0,1745040040753494.2,0.0
US.NV,0.0,0.0,0.0
US.NH,0.0,0.0,0.0
US.NJ,2.2507239243776e+16,3535442295462392.5,0.0
US.NM,5018983891730432.0,3252275482067182.0,0.0
US.NY,1.2463030872834048e+16,1162498077955185.0,0.0
US.NC,7351681561919488.0,2849412770733268.0,0.0
US.ND,4350146619899904.0,2182175971306934.8,0.0
US.OH,5314408922218496.0,956353761305486.2,0.0
US.OK,6468444086075392.0,1622680941568566.2,0.0
US.OR,2739835873787904.0,134899304394494.2,0.0
US.PA,1.6873034572890112e+16,2903341390876807.5,0.0
US.RI,0.0,0.0,0.0
US.SC,7356043101208576.0,3090573857410757.0,0.0
US.SD,4350146619899904.0,1736297311329449.5,0.0
US.TN,5592502685925376.0,2556865604966609.0,0.0
US.TX,7663426931261440.0,1721090910516635.0,0.0
US.UT,3313019392098304.0,1907412587223865.8,0.0
US.VT,0.0,0.0,0.0
US.VA,9831719158939648.0,2274491274761517.5,0.0
US.WA,0.0,0.0,0.0
US.WV,9486335068864512.0,1098978230052752.2,0.0
US.WI,0.0,0.0,0.0
US.WY,2751582072471552.0,1992498028606020.8,0.0
