HASC_1,Max,Mean,Min
US.AL,1.3231013975031808e+16,2862608658960130.0,0.0
US.AK,4980924575907840.0,43830275467946.76,0.0
US.AZ,1.0265645073563648e+16,3176047835086848.0,0.0
US.AR,0.0,0.0,0.0
US.CA,1.384762417610752e+16,1924046242008212.8,0.0
US.CO,4982089585786880.0,3637786970338876.5,0.0
US.CT,0.0,0.0,0.0
US.DE,3297880706121728.0,1186292662152843.8,0.0
US.DC,0,0,0
US.FL,9691842811527168.0,180184887441361.0,0.0
US.GA,0.0,0.0,0.0
US.HI,3280410926645248.0,173902231452931.56,0.0
US.ID,4234922579460096.0,1130236595666944.0,0.0
US.IL,8101093225529344.0,1996051901200926.5,0.0
US.IN,8101241401901056.0,731392807975217.0,0.0
US.IA,9995078240043008.0,2524699976807555.5,0.0
US.KS,7839136727695360.0,4387657607497169.5,0.0
US.KY,8101241401901056.0,93655113453354.9,0.0
US.LA,9529731418423296.0,1244658889295037.8,0.0
US.ME,2893113324470272.0,44532179047130.3,0.0
US.MD,3297880437686272.0,350262652829696.0,0.0
US.MA,0.0,0.0,0.0
US.MI,0.0,0.0,0.0
US.MN,5713941812477952.0,1678844077051471.0,0.0
US.MS,9529731418423296.0,1596456006522575.8,0.0
US.MO,9995078240043008.0,2173714019831959.8,0.0
US.MT,2801468922920960.0,886202380582912.0,0.0
US.NE,6146718286479360.0,2400556016578344.5,0.0
US.NV,5041309131735040.0,1994906461818010.8,0.0
US.NH,0.0,0.0,0.0
US.NJ,1.0221912642813952e+16,1034776153067625.0,0.0
US.NM,0.0,0.0,0.0
US.NY,3343361725431808.0,229529827692385.25,0.0
US.NC,5361435592884224.0,361712446979383.6,0.0
US.ND,5698839096852480.0,2471294751697539.0,0.0
US.OH,2920803515498496.0,126028285630421.16,0.0
US.OK,7694349622050816.0,1012648886102590.8,0.0
US.OR,4786912850083840.0,1975683096779356.2,0.0
US.PA,3297880706121728.0,1862491852508406.2,0.0
US.RI,0.0,0.0,0.0
US.SC,0.0,0.0,0.0
US.SD,6086061000228864.0,2099327944125027.8,0.0
US.TN,3242806340485120.0,111820908292590.34,0.0
US.TX,5016205584760832.0,102379320516293.45,0.0
US.UT,4420643944660992.0,1550341545019684.5,0.0
US.VT,0.0,0.0,0.0
US.VA,3090019052945408.0,31212313666115.23,0.0
US.WA,7932463145811968.0,1971895322917583.5,0.0
US.WV,3090019052945408.0,84019286621115.73,0.0
US.WI,5713941812477952.0,1340773771542699.5,0.0
US.WY,0.0,0.0,0.0
