HASC_1,Max,Mean,Min
US.AL,6420232004435968.0,3031540666173319.5,0.0
US.AK,4885275117355008.0,90842055557382.33,0.0
US.AZ,8044238595948544.0,3237437629543160.0,0.0
US.AR,0.0,0.0,0.0
US.CA,8382337347747840.0,941737204394876.1,0.0
US.CO,1.079585127006208e+16,4645983250219448.0,0.0
US.CT,7360509867196416.0,2340214191044835.5,0.0
US.DE,9225767992950784.0,4983191244898304.0,0.0
US.DC,6533557400895488.0,6520656392880128.0,6507755384864768.0
US.FL,6248890189742080.0,1563015943650290.0,0.0
US.GA,8262870684925952.0,3141855043066994.0,0.0
US.HI,4191239809269760.0,238635094355476.47,0.0
US.ID,3964681089712128.0,530705974583686.1,0.0
US.IL,8018658307604480.0,2403639983680283.5,0.0
US.IN,8193873645928448.0,4949269360851202.0,0.0
US.IA,0.0,0.0,0.0
US.KS,1.0459763636699136e+16,4222913534864550.5,0.0
US.KY,7669489814470656.0,3031716753455797.5,0.0
US.LA,4409696341458944.0,240151656893226.94,0.0
US.ME,0.0,0.0,0.0
US.MD,7874684024520704.0,2928946096810666.5,0.0
US.MA,6246211740762112.0,94639571829728.97,0.0
US.MI,1.1843359433818112e+16,1263828281220213.2,0.0
US.MN,0.0,0.0,0.0
US.MS,4222724603904000.0,265827210299897.34,0.0
US.MO,0.0,0.0,0.0
US.MT,6050198023307264.0,2884846116405248.0,0.0
US.NE,8810270709252096.0,3001086612641328.0,0.0
US.NV,3380382732910592.0,119236836383597.72,0.0
US.NH,0.0,0.0,0.0
US.NJ,9225767992950784.0,3993554007359488.0,0.0
US.NM,8245887310495744.0,3728527481139183.5,0.0
US.NY,9581377326415872.0,2010051893904503.0,0.0
US.NC,7196598882795520.0,3114966233848158.5,0.0
US.ND,5854620245032960.0,3326568513318979.0,0.0
US.OH,9709079589027840.0,3537921237036012.5,0.0
US.OK,2.185550157892813e+16,2636258724469613.5,0.0
US.OR,4567139910418432.0,498518490805766.6,0.0
US.PA,9225767992950784.0,4939318388403296.0,0.0
US.RI,0.0,0.0,0.0
US.SC,7093335520968704.0,3227014314614406.0,0.0
US.SD,6157298401542144.0,2133948463425295.5,0.0
US.TN,8262870684925952.0,4144856014389796.5,0.0
US.TX,1.273725164978176e+16,1605963284066029.8,0.0
US.UT,4856172955828224.0,174648182503486.06,0.0
US.VT,0.0,0.0,0.0
US.VA,6879330185510912.0,2699371978341932.0,0.0
US.WA,4313385994813440.0,1022130847253537.0,0.0
US.WV,7366282303242240.0,2422029409954266.5,0.0
US.WI,0.0,0.0,0.0
US.WY,1.079585127006208e+16,3227842364405847.5,0.0
