HASC_1,Max,Mean,Min
US.AL,6810056121122816.0,3340192126721729.0,0.0
US.AK,1.2181174717775872e+16,67672616321628.88,0.0
US.AZ,5874013632987136.0,3553566512887972.0,0.0
US.AR,7506512985456640.0,3387797059531673.0,0.0
US.CA,1.1214301343776768e+16,2129624940067951.0,0.0
US.CO,5555229885988864.0,3306397625366307.5,0.0
US.CT,1.1713130656694272e+16,5375946991482103.0,0.0
US.DE,1.1000201519038464e+16,4803929767274941.0,0.0
US.DC,5514000347430912.0,5457268392853504.0,5400536438276096.0
US.FL,7823148711936000.0,1287251169184123.2,0.0
US.GA,6998182668009472.0,2855004202928929.5,0.0
US.HI,4359228865118208.0,210236234897817.6,0.0
US.ID,9032264683880448.0,2656312288543300.0,0.0
US.IL,1.0038191121760256e+16,3773224185246195.5,0.0
US.IN,7014701112229888.0,4024439402901732.5,0.0
US.IA,9395872320192512.0,4263840896579723.0,0.0
US.KS,6543120682450944.0,4413767725524408.5,0.0
US.KY,7642559832653824.0,2415670405144528.5,0.0
US.LA,6342282106109952.0,2898901240861815.5,0.0
US.ME,8353435439071232.0,2756293092864787.0,0.0
US.MD,7057900430163968.0,2354590037777281.0,0.0
US.MA,9867555292315648.0,1810330407031641.2,0.0
US.MI,7920019551813632.0,669358179815972.2,0.0
US.MN,7875723406606336.0,2105830055434636.0,0.0
US.MS,6579632736305152.0,3400128558041648.0,0.0
US.MO,6665065541402624.0,2499583229678056.5,0.0
US.MT,9948833253425152.0,2458068566480710.0,0.0
US.NE,6512172221857792.0,3632396544822477.0,0.0
US.NV,5530660525572096.0,3141834371109649.5,0.0
US.NH,6638181193613312.0,2693743641222993.5,0.0
US.NJ,1.2163038144626688e+16,4003555730606674.5,0.0
US.NM,5934374029623296.0,3226420925444807.0,0.0
US.NY,1.2163038144626688e+16,2230105451075569.2,0.0
US.NC,1.2444666666418176e+16,1157337377954259.0,0.0
US.ND,7245271062806528.0,4766606341196673.0,0.0
US.OH,8271040249593856.0,702860370455378.8,0.0
US.OK,5977501943726080.0,2633340861848453.0,0.0
US.OR,7142342708428800.0,3485745384027304.5,0.0
US.PA,1.1000201519038464e+16,4254701196430179.0,0.0
US.RI,1.0776920127963136e+16,2597856296229741.5,0.0
US.SC,1.2545925889130496e+16,892081928714023.5,0.0
US.SD,6327791960195072.0,4079461371059126.0,0.0
US.TN,7506512985456640.0,3590154816220919.0,0.0
US.TX,7216286476009472.0,1526027454568694.5,0.0
US.UT,6787587536584704.0,3791145746794375.5,0.0
US.VT,8247216602873856.0,3504430129541449.5,0.0
US.VA,6732719866249216.0,999446257831239.1,0.0
US.WA,9032264683880448.0,3069869268677926.0,0.0
US.WV,0.0,0.0,0.0
US.WI,1.046550386049024e+16,2238873973062733.0,0.0
US.WY,6999895286218752.0,2830007416127488.0,0.0
