HASC_1,Max,Mean,Min
IN.AN,909984653115392.0,50413652795727.95,0.0
IN.AP,1.3967501008306176e+16,342817123078593.9,0.0
IN.AR,1937276405809152.0,209559516489662.53,0.0
IN.AS,4164707111927808.0,243622645667342.72,0.0
IN.BR,7649480098709504.0,1515605122303749.0,0.0
IN.CH,0,0,0
IN.CT,1.344564744945664e+16,1559016143754867.5,0.0
IN.DN,1316247622909952.0,1089507742973952.0,909189211750400.0
IN.DD,930101541732352.0,90672489969891.56,0.0
IN.GA,2419797191032832.0,838601316120803.5,0.0
IN.GJ,4441709148635136.0,554211198074805.4,0.0
IN.HR,3614551866081280.0,38452679426396.59,0.0
IN.HP,2039766673522688.0,190379751832938.03,0.0
IN.JK,1231924127334400.0,172383752495907.12,0.0
IN.JH,1.3738711321673728e+16,1474601308059519.5,0.0
IN.KA,4392783297118208.0,374395528355071.2,0.0
IN.KL,1612339044417536.0,229856763483130.1,0.0
IN.LD,1103984769105920.0,69897811307178.664,0.0
IN.MP,1.160355745103872e+16,886218808066302.0,0.0
IN.MH,4392783297118208.0,476556669378641.1,0.0
IN.MN,1214420659208192.0,445934131478528.0,0.0
IN.ML,1422071456333824.0,397879469562963.94,0.0
IN.MZ,1819231645597696.0,390616653381929.9,0.0
IN.NL,4164707111927808.0,350834092432663.25,0.0
IN.DL,0.0,0.0,0.0
IN.OR,1.135457282818048e+16,957768655726402.8,0.0
IN.PY,2222861532004352.0,8769040232915.329,0.0
IN.PB,0.0,0.0,0.0
IN.RJ,1985385274015744.0,170529302273008.16,0.0
IN.SK,3633567833784320.0,798002907104492.2,0.0
IN.TN,1016834446852096.0,16965892035692.936,0.0
IN.TG,3691173814206464.0,339899736360839.5,0.0
IN.TR,3166081581580288.0,930421405646848.0,0.0
IN.UP,1.152717682638848e+16,1504796048932929.5,0.0
IN.UT,5505148419833856.0,1532693714783790.0,0.0
IN.WB,4314437724930048.0,1066743322285439.6,0.0
