HASC_1,Max,Mean,Min
IN.AN,1395082284498944.0,73862180867276.8,0.0
IN.AP,4999016588771328.0,552275279384728.5,0.0
IN.AR,0.0,0.0,0.0
IN.AS,6218791595802624.0,195371699610503.75,0.0
IN.BR,7421541889343488.0,1157817725161967.8,0.0
IN.CH,3678667943182336.0,3161446103908352.0,2689627437662208.0
IN.CT,1.3095624794701824e+16,1687139658260550.0,0.0
IN.DN,0,0,0
IN.DD,0.0,0.0,0.0
IN.GA,0.0,0.0,0.0
IN.GJ,0.0,0.0,0.0
IN.HR,6948017986863104.0,1189177561325086.0,0.0
IN.HP,8418539090214912.0,1425242027887784.8,0.0
IN.JK,3104005077073920.0,280474697092514.75,0.0
IN.JH,1.2659219610206208e+16,1724354327976805.5,0.0
IN.KA,3516342338584576.0,321355594961947.44,0.0
IN.KL,3382189035094016.0,594932408797669.6,0.0
IN.LD,0.0,0.0,0.0
IN.MP,1.017993685368832e+16,742630503662952.2,0.0
IN.MH,5301916472967168.0,473235159086583.2,0.0
IN.MN,0.0,0.0,0.0
IN.ML,5368145405542400.0,1207980879196979.2,0.0
IN.MZ,0.0,0.0,0.0
IN.NL,0.0,0.0,0.0
IN.DL,6235383591337984.0,4575251254418546.0,0.0
IN.OR,1.0099704717115392e+16,1683710487633592.2,0.0
IN.PY,1941868933808128.0,13608518531431.154,0.0
IN.PB,4284476838379520.0,782381662660064.6,0.0
IN.RJ,3002994962464768.0,89690767730265.66,0.0
IN.SK,2623688683814912.0,1061254972208679.4,0.0
IN.TN,4848722261311488.0,943586041316588.2,0.0
IN.TG,5301916472967168.0,1479391863468789.2,0.0
IN.TR,1.4848589926760448e+16,1772561293822041.0,0.0
IN.UP,1.3095624794701824e+16,1230014645011998.0,0.0
IN.UT,6390166696493056.0,979784448250857.2,0.0
IN.WB,1.7550867385286656e+16,2107673351383401.5,0.0
