HASC_1,Max,Mean,Min
IN.AN,1594825912614912.0,55492764116965.41,0.0
IN.AP,3162040017354752.0,296670884569224.2,0.0
IN.AR,1158937734807552.0,29522690275191.465,0.0
IN.AS,1897049071026176.0,14930537869465.984,0.0
IN.BR,8344047177433088.0,1107549477353605.0,0.0
IN.CH,4170054077775872.0,3359058421612544.0,2638742812622848.0
IN.CT,6235710008852480.0,805177458217715.9,0.0
IN.DN,1178746795065344.0,922421083242496.0,620586938138624.0
IN.DD,1178746795065344.0,69338046768549.65,0.0
IN.GA,1114876806168576.0,368213498842316.8,0.0
IN.GJ,5560450955608064.0,976442717039940.6,0.0
IN.HR,3558147402760192.0,1343213985227275.0,0.0
IN.HP,4170054077775872.0,973191118185107.1,0.0
IN.JK,3933984958447616.0,665546677278004.8,0.0
IN.JH,1.19511759978496e+16,1904349699482721.0,0.0
IN.KA,3162040017354752.0,504564244423129.94,0.0
IN.KL,2916597131902976.0,341111614586052.5,0.0
IN.LD,0.0,0.0,0.0
IN.MP,5669587685212160.0,932585143246457.9,0.0
IN.MH,3586771212304384.0,646292793583660.1,0.0
IN.MN,0.0,0.0,0.0
IN.ML,2637256485502976.0,140143981290382.22,0.0
IN.MZ,0.0,0.0,0.0
IN.NL,0.0,0.0,0.0
IN.DL,3320815026176000.0,2498199432928370.0,0.0
IN.OR,1.19511759978496e+16,1507813723277104.0,0.0
IN.PY,1740843794825216.0,12669102420510.844,0.0
IN.PB,4724912849682432.0,1932985060198707.8,0.0
IN.RJ,5560450955608064.0,808779059928933.4,0.0
IN.SK,1835690899800064.0,874964725355861.4,0.0
IN.TN,3521996394594304.0,517026977108495.44,0.0
IN.TG,3685262060158976.0,782871696362031.6,0.0
IN.TR,0.0,0.0,0.0
IN.UP,5669587685212160.0,829305905677855.9,0.0
IN.UT,3243402535632896.0,791124337911398.4,0.0
IN.WB,1.19511759978496e+16,1697159410438331.8,0.0
