HASC_1,Max,Mean,Min
IN.AN,1403920387670016.0,96289974547331.12,0.0
IN.AP,4200653035405312.0,778520274153411.4,0.0
IN.AR,0.0,0.0,0.0
IN.AS,3217048616304640.0,63079028858318.91,0.0
IN.BR,1.03468178079744e+16,1678190953323061.8,0.0
IN.CH,5875560358084608.0,5546583848386560.0,5065901577601024.0
IN.CT,1.2538294805987328e+16,1721529002535594.8,0.0
IN.DN,0,0,0
IN.DD,0.0,0.0,0.0
IN.GA,1503318144712704.0,187914768089088.0,0.0
IN.GJ,2781009577771008.0,577836303215576.8,0.0
IN.HR,6709579119329280.0,2205485984616298.0,0.0
IN.HP,8590198195617792.0,1963902867508392.8,0.0
IN.JK,7393199400157184.0,868474845951050.2,0.0
IN.JH,1.493579709022208e+16,1933758498171620.2,0.0
IN.KA,4312880799285248.0,1069673780731357.9,0.0
IN.KL,1848907587911680.0,387640667297109.3,0.0
IN.LD,0.0,0.0,0.0
IN.MP,1.4731652999675904e+16,1613651269462866.8,0.0
IN.MH,5451237990334464.0,1390735538540424.8,0.0
IN.MN,0.0,0.0,0.0
IN.ML,3217048616304640.0,333450922601130.7,0.0
IN.MZ,0.0,0.0,0.0
IN.NL,0.0,0.0,0.0
IN.DL,5858222111981568.0,4510816604083541.0,0.0
IN.OR,5594280265515008.0,1385465555028279.2,0.0
IN.PY,3020038734872576.0,24490473947136.0,0.0
IN.PB,7429278199185408.0,2840508367143752.0,0.0
IN.RJ,4485067111923712.0,1024808768002935.9,0.0
IN.SK,1405059359309824.0,284298643103197.9,0.0
IN.TN,5048333550747648.0,995105061814025.0,0.0
IN.TG,5331188285702144.0,2020184992245587.2,0.0
IN.TR,900646521798656.0,261123812373989.06,0.0
IN.UP,1.493579709022208e+16,2000095801190573.8,0.0
IN.UT,7762355060473856.0,2163061118013713.0,0.0
IN.WB,5061010683592704.0,914795739164819.0,0.0
