HASC_1,Max,Mean,Min
IN.AN,3061348535631872.0,87132410417902.72,0.0
IN.AP,3737309816029184.0,638167605874936.5,0.0
IN.AR,2373325376454656.0,295774261817274.56,0.0
IN.AS,5727299160768512.0,78583454356509.25,0.0
IN.BR,2.0465394611388416e+16,2643296932742127.5,0.0
IN.CH,6967723296817152.0,6444165709692928.0,6058492142026752.0
IN.CT,4489656821350400.0,1006635891016643.8,0.0
IN.DN,2874385656446976.0,2574369171701760.0,2332596201586688.0
IN.DD,2630546941280256.0,154738055369426.8,0.0
IN.GA,2307813971853312.0,1061615836122316.8,0.0
IN.GJ,5429827041492992.0,1365225786459039.5,0.0
IN.HR,1.2100829838311424e+16,2095168080169921.2,0.0
IN.HP,1.894251302486016e+16,3245901491719150.5,0.0
IN.JK,1.0682235426439168e+16,837451241955684.1,0.0
IN.JH,1.2479255111794688e+16,2549640075380840.5,0.0
IN.KA,3827232472563712.0,1042072789226611.1,0.0
IN.KL,2819295184683008.0,466893197009184.2,0.0
IN.LD,0.0,0.0,0.0
IN.MP,4564206447755264.0,1263521888006635.5,0.0
IN.MH,4839964286124032.0,1024305877061413.4,0.0
IN.MN,0.0,0.0,0.0
IN.ML,5727299160768512.0,364504066192935.4,0.0
IN.MZ,0.0,0.0,0.0
IN.NL,0.0,0.0,0.0
IN.DL,4931032088313856.0,3776762997870137.0,0.0
IN.OR,7448069754847232.0,1138183326350683.0,0.0
IN.PY,2294694725812224.0,21963626217384.617,0.0
IN.PB,1.202263888494592e+16,3471176574480311.5,0.0
IN.RJ,5680282690650112.0,967585025664786.9,0.0
IN.SK,6809053783130112.0,1458475559165470.0,0.0
IN.TN,2859162950172672.0,813149864987869.2,0.0
IN.TG,3997343242256384.0,1391192079008324.0,0.0
IN.TR,0.0,0.0,0.0
IN.UP,7658094192492544.0,1545390080421442.0,0.0
IN.UT,1.894251302486016e+16,2400799564604531.5,0.0
IN.WB,1.2755896102813696e+16,1505408758288158.2,0.0
