HASC_1,Max,Mean,Min
IN.AN,1367363370876928.0,75348358561690.55,0.0
IN.AP,6301847136501760.0,682132295004302.6,0.0
IN.AR,3783002630914048.0,307072867390671.3,0.0
IN.AS,6555634606538752.0,668514204336293.5,0.0
IN.BR,8122395726446592.0,2664788986039969.0,0.0
IN.CH,4715006507614208.0,4384751037186048.0,4086979209723904.0
IN.CT,1.2270416621993984e+16,2145715955014941.8,0.0
IN.DN,0,0,0
IN.DD,1380251359772672.0,81191256457216.0,0.0
IN.GA,0.0,0.0,0.0
IN.GJ,4778078639226880.0,602272093359700.0,0.0
IN.HR,8861796895031296.0,2199657943136917.0,0.0
IN.HP,7189374747803648.0,1371624608374940.5,0.0
IN.JK,7189374747803648.0,516094172943098.7,0.0
IN.JH,1.1594389843345408e+16,2534499311473660.5,0.0
IN.KA,3503712987250688.0,111660899428026.78,0.0
IN.KL,0.0,0.0,0.0
IN.LD,331583756173312.0,8544929614754.909,0.0
IN.MP,1.1406813589143552e+16,1753169895449456.2,0.0
IN.MH,7673813235924992.0,851557871786607.9,0.0
IN.MN,2795506166136832.0,707954116839858.4,0.0
IN.ML,7529796540039168.0,1692446060815386.2,0.0
IN.MZ,2292438794240000.0,969445910973700.4,0.0
IN.NL,2575681149992960.0,560209772003983.4,0.0
IN.DL,7335164728311808.0,5885582366008206.0,0.0
IN.OR,1.2270416621993984e+16,2007504005952962.5,0.0
IN.PY,4042387785515008.0,29251308326807.816,0.0
IN.PB,7189374747803648.0,2364863981671074.0,0.0
IN.RJ,4430406673760256.0,503639919085868.1,0.0
IN.SK,3015345140924416.0,954633470414201.2,0.0
IN.TN,5167063089807360.0,695181599555277.1,0.0
IN.TG,6957584489644032.0,1617551054125690.8,0.0
IN.TR,3644108488835072.0,1281731752973653.2,0.0
IN.UP,1.1594389843345408e+16,2327330950066826.0,0.0
IN.UT,1.834657772260557e+16,2424983120482550.5,0.0
IN.WB,1.1106294727442432e+16,2179245000150757.2,0.0
