HASC_1,Max,Mean,Min
IN.AN,1776848237232128.0,71337590574805.61,0.0
IN.AP,5434430709563392.0,634665407794913.4,0.0
IN.AR,2716534870900736.0,636812448523692.5,0.0
IN.AS,3866384052256768.0,737635156705319.1,0.0
IN.BR,3355977118121984.0,188293339992681.22,0.0
IN.CH,4436594647891968.0,3023733077835776.0,1971669698609152.0
IN.CT,2.310376510403379e+16,1856081659309707.8,0.0
IN.DN,1201098475962368.0,1110068573503488.0,1011099725987840.0
IN.DD,1318576568926208.0,130341106177365.33,0.0
IN.GA,1458087844118528.0,617813573736857.6,0.0
IN.GJ,3762030037172224.0,1324207574476270.2,0.0
IN.HR,7358574447558656.0,1689325572402949.2,0.0
IN.HP,8825613943046144.0,895540045490604.6,0.0
IN.JK,4589799084130304.0,360527883263972.94,0.0
IN.JH,9417552241360896.0,524544844111704.8,0.0
IN.KA,3778999721394176.0,750259343676085.1,0.0
IN.KL,1499782581321728.0,265752127152931.12,0.0
IN.LD,575713119830016.0,54921790552774.53,0.0
IN.MP,2.443526939030323e+16,1546515856771605.0,0.0
IN.MH,8520072653963264.0,1133879360848523.0,0.0
IN.MN,4053319551025152.0,1510440688388856.8,0.0
IN.ML,7679604462452736.0,1741363042949529.5,0.0
IN.MZ,3816914618941440.0,1476220174934819.2,0.0
IN.NL,3009935361179648.0,1039560798400967.1,0.0
IN.DL,7358574447558656.0,4598023976328306.0,0.0
IN.OR,1.4892372823375872e+16,1178414511469930.8,0.0
IN.PY,1270160744775680.0,9167342856186.51,0.0
IN.PB,4590797127155712.0,1543815215434103.8,0.0
IN.RJ,5178540853035008.0,1087553594365518.8,0.0
IN.SK,0.0,0.0,0.0
IN.TN,3457735093911552.0,681627246287775.0,0.0
IN.TG,8937778624593920.0,1525034713504253.0,0.0
IN.TR,4327303567900672.0,1491742835955029.2,0.0
IN.UP,2.443526939030323e+16,1647575692237602.5,0.0
IN.UT,1.0685907623477248e+16,1919605421423977.0,0.0
IN.WB,2779985764941824.0,150132952201781.28,0.0
