HASC_1,Max,Mean,Min
DK.HS,0.004716269206255674,0.0045399823226034645,0.0042455908842384815
DK.MJ,0.004885546397417784,0.004377513854323249,0.00399513216689229
DK.ND,0.0043386537581682205,0.004121907947895427,0.003991635050624609
DK.SL,0.004905891139060259,0.004641932124892871,0.004345488268882036
DK.SD,0.005180549342185259,0.004631955787772313,0.004237087443470955
