HASC_1,Max,Mean,Min
DK.HS,0.0056061167269945145,0.005382877727970481,0.004988930653780699
DK.MJ,0.005826335866004229,0.005411270442173669,0.004993540234863758
DK.ND,0.005869569256901741,0.00562838251547267,0.0052504763007164
DK.SL,0.005675893742591143,0.00540585198905319,0.005055211018770933
DK.SD,0.005675893742591143,0.005322453594999388,0.004993540234863758
