HASC_1,Max,Mean,Min
DK.HS,0.011699390597641468,0.010811663512140513,0.009638500399887562
DK.MJ,0.011620554141700268,0.011177873287938143,0.010675623081624508
DK.ND,0.01150690671056509,0.011332715706278881,0.01113052386790514
DK.SL,0.011491331271827221,0.011021262810875973,0.010457231663167477
DK.SD,0.011317444033920765,0.010710938076954335,0.010242654010653496
