HASC_1,Max,Mean,Min
DK.HS,0.005341177340596914,0.005142765585333109,0.004977509845048189
DK.MJ,0.005380595568567514,0.0050664648511692095,0.004853770602494478
DK.ND,0.005151793826371431,0.00500817298113058,0.004853770602494478
DK.SL,0.005527779459953308,0.005256816900024812,0.004987125750631094
DK.SD,0.005702858325093985,0.005317946342984214,0.004980926867574453
