HASC_1,Max,Mean,Min
DK.HS,0.0053041852079331875,0.005165258795022965,0.005020308308303356
DK.MJ,0.005714185535907745,0.005353445775414768,0.005153187084943056
DK.ND,0.005469250027090311,0.005266104397984843,0.005152710247784853
DK.SL,0.0053041852079331875,0.005117444011072318,0.005027142819017172
DK.SD,0.005714185535907745,0.005275306786643341,0.005046852398663759
