HASC_1,Max,Mean,Min
DK.HS,0.005330485757440329,0.005173510685563087,0.004922074265778065
DK.MJ,0.005781653802841902,0.005477121467457006,0.005302987992763519
DK.ND,0.005550546105951071,0.00541111077958097,0.005273980554193258
DK.SL,0.005351466592401266,0.005118604167364538,0.004875264596194029
DK.SD,0.005748353898525238,0.005322031618561596,0.004953625146299601
