HASC_1,Max,Mean,Min
DK.HS,0.009757139720022678,0.009149506501853467,0.00872653629630804
DK.MJ,0.009124853648245335,0.008597622625529766,0.008299528621137142
DK.ND,0.008973219431936741,0.008592683744306365,0.00833107903599739
DK.SL,0.009084958583116531,0.00881026079878211,0.00867583230137825
DK.SD,0.00887912418693304,0.008492274908348918,0.008157748728990555
