HASC_1,Max,Mean,Min
DK.HS,0.013349267654120922,0.012311209365725518,0.011237516067922115
DK.MJ,0.011249436996877193,0.010284686363057086,0.009922239929437637
DK.ND,0.010169082321226597,0.009915418534850081,0.009704007767140865
DK.SL,0.012868933379650116,0.012156221239517132,0.011237516067922115
DK.SD,0.012247932143509388,0.010962827713228762,0.009987566620111465
