HASC_1,Max,Mean,Min
DK.HS,0.004153980407863855,0.0040300982538610695,0.003910236991941929
DK.MJ,0.004442228469997644,0.004021467849318134,0.003633989254012704
DK.ND,0.004113052040338516,0.003812704177107662,0.003633989254012704
DK.SL,0.004133874084800482,0.004027317316892247,0.003910236991941929
DK.SD,0.004434360656887293,0.004082852276042104,0.0038510297890752554
