HASC_1,Max,Mean,Min
DK.HS,0.013165640644729137,0.012343779299408197,0.0112754562869668
DK.MJ,0.012811350636184216,0.010851607657968998,0.008903034031391144
DK.ND,0.0112055204808712,0.009820997714996338,0.008934187702834606
DK.SL,0.013165640644729137,0.012597634301831325,0.012067959643900394
DK.SD,0.013535666279494762,0.012276954599656165,0.009610660374164581
