HASC_1,Max,Mean,Min
DK.HS,0.005361755844205618,0.005170965101569891,0.004869262222200632
DK.MJ,0.005298972129821777,0.00513366832839031,0.004977106582373381
DK.ND,0.005203842651098967,0.005042969870070617,0.004940628539770842
DK.SL,0.005361755844205618,0.005181749545348187,0.004952470306307077
DK.SD,0.005358417984098196,0.005172639881493524,0.004873235709965229
