HASC_1,Max,Mean,Min
DK.HS,0.00787606742233038,0.0070497565902769566,0.006043185014277697
DK.MJ,0.00895634200423956,0.008000580790011506,0.006849437952041626
DK.ND,0.008344321511685848,0.007561097115588685,0.006891240831464529
DK.SL,0.00809151865541935,0.007652749035817881,0.006841649767011404
DK.SD,0.009228060021996498,0.00840914185391739,0.007334936875849962
