HASC_1,Max,Mean,Min
HU.BK,8022810467237888.0,3271518893512801.5,0.0
HU.BA,3634398373085184.0,1851653335897429.2,0.0
HU.BE,1.2056244856553472e+16,5989114873153673.0,0.0
HU.BZ,1.1621421293764608e+16,3155109443377561.5,0.0
HU.BU,4826780347138048.0,4161381554541909.5,3789985173995520.0
HU.CS,1.174924811042816e+16,5899570802327552.0,0.0
HU.FE,4065971182501888.0,2667876662955213.0,0.0
HU.GS,8152374598172672.0,3867462424592384.0,0.0
HU.HB,1.4334384630923264e+16,4999741999799774.0,0.0
HU.HE,7042402577547264.0,3302536528964266.5,0.0
HU.JN,1.022131349487616e+16,4623058889043383.0,0.0
HU.KE,4053783944364032.0,3462447800464179.0,0.0
HU.NO,4950089931948032.0,2217819743715328.0,0.0
HU.PE,6933306650132480.0,2903160166934430.5,0.0
HU.SO,3299905246330880.0,1927449681697177.5,0.0
HU.SZ,8584126722473984.0,3399446029139968.0,0.0
HU.TO,3350790139805696.0,1918177513919829.2,0.0
HU.VA,5557271606067200.0,2533224324530176.0,0.0
HU.VE,4319495585792000.0,3403766342335419.5,2671057341251584.0
HU.ZA,4662694879690752.0,2317714099640729.5,0.0
