HASC_1,Max,Mean,Min
HU.BK,9424784966287360.0,3056424244988070.0,0.0
HU.BA,1.0702786844950528e+16,3670712805315925.5,0.0
HU.BE,1.4600604957540352e+16,5279014939064108.0,0.0
HU.BZ,9489728093028352.0,2104799795283906.0,0.0
HU.BU,8330999603658752.0,5431678977703936.0,2136111648342016.0
HU.CS,1.1303320983437312e+16,5171131980123185.0,0.0
HU.FE,1.100877427376128e+16,5440726004190413.0,0.0
HU.GS,1.5175986693799936e+16,4966435383897527.0,0.0
HU.HB,1.0358267117043712e+16,3309412942572983.0,0.0
HU.HE,8814691304341504.0,3301721363915108.0,0.0
HU.JN,1.0358267117043712e+16,4719837726355771.0,0.0
HU.KE,8099491739598848.0,3786540047542114.5,0.0
HU.NO,1.0095033940180992e+16,2562586110119117.0,0.0
HU.PE,9100611572203520.0,2679960722705977.0,0.0
HU.SO,1.4354046991204352e+16,5222303701995793.0,0.0
HU.SZ,5360242665717760.0,1283195519059409.5,0.0
HU.TO,1.100877427376128e+16,3272056552554496.0,0.0
HU.VA,2.318939816198144e+16,9251972885861718.0,0.0
HU.VE,1.4354046991204352e+16,9019294330038954.0,3110487524900864.0
HU.ZA,2.318939816198144e+16,9506389962312908.0,0.0
