HASC_1,Max,Mean,Min
DE.BW,1.3928801205485568e+16,4061323922618809.5,0.0
DE.BY,2.348087397004083e+16,4374628866358166.0,0.0
DE.BE,8449151469617152.0,4091291306557440.0,0.0
DE.BR,2.5095251244875776e+16,5725879416213672.0,0.0
DE.HB,8073394444566528.0,2519284504854528.0,0.0
DE.HH,1.3423016193032192e+16,2399025015332234.0,0.0
DE.HE,2.348087397004083e+16,7729240940467978.0,0.0
DE.MV,3.928641804383027e+16,1.0584592908575594e+16,0.0
DE.NI,2.173805569821901e+16,5490105212918971.0,0.0
DE.NW,3.0930685870997504e+16,9286608624196868.0,0.0
DE.RP,1.5947397179899904e+16,5076942855026540.0,0.0
DE.SL,1.5947397179899904e+16,9993056223127142.0,0.0
DE.SN,1.8391099353595904e+16,4853040240092633.0,0.0
DE.ST,1.8874538724950016e+16,5655645457313379.0,0.0
DE.SH,1.3423016193032192e+16,1729248726842490.2,0.0
DE.TH,2.205357473320141e+16,7788347873396248.0,0.0
