HASC_1,Max,Mean,Min
DE.BW,9280044568412160.0,3395063562247710.0,0.0
DE.BY,1.6129911815143424e+16,4134821553390442.5,0.0
DE.BE,0.0,0.0,0.0
DE.BR,0.0,0.0,0.0
DE.HB,1.832510073864192e+16,1.03392355204319e+16,0.0
DE.HH,1.1967391646875648e+16,1865691427040334.8,0.0
DE.HE,1.1062186487054336e+16,4788413244563784.0,0.0
DE.MV,5502930606096384.0,166755472912011.62,0.0
DE.NI,3.407107361603584e+16,6853755339501348.0,0.0
DE.NW,4.35647165717545e+16,1.1061815223478478e+16,0.0
DE.RP,1.0945637180768256e+16,3538113107008031.5,0.0
DE.SL,5864659731087360.0,2860334169788689.0,0.0
DE.SN,1.2082203638890496e+16,2122026533182317.8,0.0
DE.ST,1.7368223901024256e+16,3301285500713623.5,0.0
DE.SH,1.835082759274496e+16,4429330123590080.5,0.0
DE.TH,1.7368223901024256e+16,6548860851875373.0,0.0
