HASC_1,Max,Mean,Min
DE.BW,9065664497057792.0,3699091396834099.0,0.0
DE.BY,8819823790260224.0,2569670756415418.5,0.0
DE.BE,5624034188328960.0,4403425823424512.0,0.0
DE.BR,8415227670429696.0,3212670041206729.5,0.0
DE.HB,6848295825571840.0,3600797919317561.0,0.0
DE.HH,8287004106162176.0,1633988006029994.8,0.0
DE.HE,1.1260422850084864e+16,4961851415346545.0,0.0
DE.MV,8350235688435712.0,3572398521281975.0,0.0
DE.NI,1.2189490848202752e+16,4091140577506893.5,0.0
DE.NW,1.3878040060755968e+16,4778079961718893.0,0.0
DE.RP,1.2773593515556864e+16,3969771452956010.0,0.0
DE.SL,1.2773593515556864e+16,6852955811400909.0,0.0
DE.SN,7366025142075392.0,2718004424913314.0,0.0
DE.ST,9008099050389504.0,3469447542937414.0,0.0
DE.SH,8350235688435712.0,2457113792924877.0,0.0
DE.TH,7737483441733632.0,2702816312345356.0,0.0
