HASC_1,Max,Mean,Min
DE.BW,1.5993495063887872e+16,5316823772613837.0,0.0
DE.BY,1.039520061456384e+16,1932542344185317.8,0.0
DE.BE,5091371807408128.0,3747357623582720.0,0.0
DE.BR,8335674675560448.0,2568196772195205.0,0.0
DE.HB,4796238297825280.0,3003644725399097.0,0.0
DE.HH,4500390213058560.0,858555173694729.5,0.0
DE.HE,1.0925592568397824e+16,4568750029233193.0,0.0
DE.MV,4088977443258368.0,2076306218043684.5,0.0
DE.NI,2.489981305303859e+16,4533508396770521.0,0.0
DE.NW,2.585112898174976e+16,8750824049012463.0,0.0
DE.RP,1.5008019112787968e+16,4811786125531777.0,0.0
DE.SL,1.075061452701696e+16,8031932118781133.0,0.0
DE.SN,9574515042418688.0,3211428948109437.5,0.0
DE.ST,9574515042418688.0,3665826525397885.5,0.0
DE.SH,6106960847962112.0,1400090143664810.8,0.0
DE.TH,9574515042418688.0,3120967285048856.5,0.0
