HASC_1,Max,Mean,Min
DE.BW,1.3330462869028864e+16,3381219524800239.0,0.0
DE.BY,2.072815856307405e+16,5314941277940767.0,0.0
DE.BE,8429001093677056.0,5865635393306624.0,0.0
DE.BR,2.0754639183937536e+16,4535450139654264.0,0.0
DE.HB,1.93596187738112e+16,8923518020820082.0,0.0
DE.HH,1.8689288195538944e+16,4744662540965205.0,0.0
DE.HE,1.2544272326721536e+16,4565394132377272.0,0.0
DE.MV,1.5363969896153088e+16,3548464264238306.5,0.0
DE.NI,3.023475514015744e+16,7356823239664745.0,0.0
DE.NW,1.7873464526372864e+16,4039777202919268.5,0.0
DE.RP,1.2544272326721536e+16,2652206476944932.0,0.0
DE.SL,4115013803442176.0,3100206948015582.0,0.0
DE.SN,2.0754639183937536e+16,7748267884113335.0,0.0
DE.ST,1.2274632132395008e+16,4197630440881410.5,0.0
DE.SH,3.1937649543479296e+16,8804738102390511.0,0.0
DE.TH,1.2274632132395008e+16,2477374856833973.0,0.0
