HASC_1,Max,Mean,Min
DE.BW,5.556236411574682e+16,1.218671083167786e+16,0.0
DE.BY,5.416512964997939e+16,9204358021809488.0,0.0
DE.BE,2.797756943748301e+16,1.980116422885376e+16,0.0
DE.BR,4.229485365611725e+16,1.119177276119361e+16,0.0
DE.HB,2.185739780698931e+16,1.2136602263005866e+16,0.0
DE.HH,1.5196586430693376e+16,3647569655836520.5,0.0
DE.HE,5.556236411574682e+16,1.9585903410030836e+16,0.0
DE.MV,3.1828935331282944e+16,7291292651107529.0,0.0
DE.NI,4.001097043673088e+16,1.3929363866835822e+16,0.0
DE.NW,3.5872236871090176e+16,1.420339907340359e+16,0.0
DE.RP,5.194384987389952e+16,9266919750301758.0,0.0
DE.SL,9170252319424512.0,6633207120405026.0,0.0
DE.SN,3.4069134438301696e+16,1.222225986849963e+16,0.0
DE.ST,4.583083151143731e+16,1.650261417160153e+16,0.0
DE.SH,1.869523028279296e+16,4113563359938367.0,0.0
DE.TH,4.463989291483136e+16,1.3265466374762692e+16,0.0
