HASC_1,Max,Mean,Min
DE.BW,3458825210298368.0,1177618633321349.0,0.0
DE.BY,3913878069051392.0,1092390035302478.0,0.0
DE.BE,2398559919931392.0,1479809095958528.0,0.0
DE.BR,4205308511518720.0,1071112289208740.9,0.0
DE.HB,6266153810788352.0,3080065883803193.0,0.0
DE.HH,5502549427748864.0,1314858722947527.0,0.0
DE.HE,4329846188539904.0,1703319205650845.8,0.0
DE.MV,5088794827030528.0,1976458856778020.5,0.0
DE.NI,1.1469466424573952e+16,2769027668934798.0,0.0
DE.NW,1.1469466424573952e+16,3719129054510603.5,0.0
DE.RP,4329846188539904.0,897088630329929.1,0.0
DE.SL,0.0,0.0,0.0
DE.SN,2777923643768832.0,922643659627108.2,0.0
DE.ST,4460697199050752.0,878473644316346.6,0.0
DE.SH,5502549427748864.0,1691155986470229.2,0.0
DE.TH,2658534827229184.0,589926717292149.2,0.0
