HASC_1,Max,Mean,Min
DE.BW,8068847147941888.0,1046674537447424.0,0.0
DE.BY,1.2603272292466688e+16,2665032322197528.5,0.0
DE.BE,2.0319346395971584e+16,1.3715751500251136e+16,0.0
DE.BR,3.5886401673232384e+16,9527842402328030.0,0.0
DE.HB,1.0928449795391488e+16,6448670653167844.0,0.0
DE.HH,1.1313831842152448e+16,2449401485935199.0,0.0
DE.HE,7835416749146112.0,3344088342403389.5,0.0
DE.MV,1.286185938845696e+16,5093311338233405.0,0.0
DE.NI,1.2939358852087808e+16,4898413152127350.0,0.0
DE.NW,8515058279645184.0,3489965489672852.5,0.0
DE.RP,0.0,0.0,0.0
DE.SL,0.0,0.0,0.0
DE.SN,3.616500761178931e+16,1.3142206377468406e+16,0.0
DE.ST,2.070344102628557e+16,6555926078637521.0,0.0
DE.SH,1.1856648062631936e+16,3801005790523119.0,0.0
DE.TH,1.4905097737732096e+16,5068085523731797.0,0.0
