HASC_1,Max,Mean,Min
DE.BW,2.613501773008077e+16,4285062026096255.0,0.0
DE.BY,3.1926012329590784e+16,7151217471593243.0,0.0
DE.BE,0.0,0.0,0.0
DE.BR,0.0,0.0,0.0
DE.HB,7965234820022272.0,4135783042412999.0,0.0
DE.HH,9638312486633472.0,2089591127641657.0,0.0
DE.HE,3.0610139576795136e+16,8653940374340895.0,0.0
DE.MV,5520174899789824.0,323595389385788.25,0.0
DE.NI,1.559536984915968e+16,3765047071135698.0,0.0
DE.NW,2.305140301024461e+16,4985714043722866.0,0.0
DE.RP,2.956985125306368e+16,5446845043164956.0,0.0
DE.SL,6808358535299072.0,3181935844211475.5,0.0
DE.SN,2.542997737360589e+16,3618530961541412.5,0.0
DE.ST,1.2645882663010304e+16,2861339564508907.0,0.0
DE.SH,9638312486633472.0,2279555911663763.5,0.0
DE.TH,2.542997737360589e+16,5710197098289730.0,0.0
