HASC_1,Max,Mean,Min
DE.BW,9571803844313088.0,2878739521570218.0,0.0
DE.BY,2.741910128243507e+16,5915460493329387.0,0.0
DE.BE,1.367323239776256e+16,9403921223122944.0,0.0
DE.BR,2.3427066619756544e+16,6416386305591905.0,0.0
DE.HB,1.9331278432108544e+16,8694850203884658.0,0.0
DE.HH,1.2977488497999872e+16,2104130864521519.5,0.0
DE.HE,3.768272450014413e+16,1.1179608410590852e+16,0.0
DE.MV,1.641234242207744e+16,6003977564979200.0,0.0
DE.NI,2.905533779332301e+16,7964510863238046.0,0.0
DE.NW,3.1458556679028736e+16,8950409813475217.0,0.0
DE.RP,1.394965649293312e+16,2345561968280256.5,0.0
DE.SL,7371669265973248.0,4866756976626893.0,0.0
DE.SN,2.6417660937895936e+16,8206856743149735.0,0.0
DE.ST,1.6304443179925504e+16,4669004203754757.0,0.0
DE.SH,2.237098999624499e+16,4846787347032652.0,0.0
DE.TH,2.741910128243507e+16,9576642470103332.0,0.0
