HASC_1,Max,Mean,Min
DE.BW,8416207996715008.0,2239870297388723.5,0.0
DE.BY,1.0443909838667776e+16,1650831859740534.8,0.0
DE.BE,0.0,0.0,0.0
DE.BR,3347483551858688.0,333457901741042.0,0.0
DE.HB,5199806309859328.0,2358518387223210.5,0.0
DE.HH,3778917043273728.0,316745746668397.7,0.0
DE.HE,1.2574162077876224e+16,3610054638960640.0,0.0
DE.MV,1825478272876544.0,434137479305786.75,0.0
DE.NI,1.0183784070643712e+16,2278262856525286.5,0.0
DE.NW,1.548013050789888e+16,5545368646893350.0,0.0
DE.RP,1.1919482360430592e+16,4276261016046168.0,0.0
DE.SL,8588274587140096.0,5170296788580215.0,0.0
DE.SN,0.0,0.0,0.0
DE.ST,0.0,0.0,0.0
DE.SH,6549695203639296.0,842274355747953.8,0.0
DE.TH,7752021369159680.0,1505747818449469.5,0.0
