HASC_1,Max,Mean,Min
DE.BW,3.044239533408256e+16,9772750951345902.0,0.0
DE.BY,4.061510053658624e+16,1.0037098022092916e+16,0.0
DE.BE,0.0,0.0,0.0
DE.BR,0.0,0.0,0.0
DE.HB,1871064250449920.0,467766062612480.0,0.0
DE.HH,1.4505219102605312e+16,2607191012369014.0,0.0
DE.HE,4.077572372352205e+16,7363435033012684.0,0.0
DE.MV,1.878368728173773e+16,751331594005582.8,0.0
DE.NI,1.951952255372493e+16,5373400461305885.0,0.0
DE.NW,2.8123632685285376e+16,5855018561612778.0,0.0
DE.RP,1.7723897658998784e+16,2714765086263768.5,0.0
DE.SL,5510114475769856.0,2564643974759889.5,0.0
DE.SN,1.0324573098606592e+16,1459161745725537.5,0.0
DE.ST,2.714507377901568e+16,5562120212298205.0,0.0
DE.SH,2.4988544929890304e+16,6344964746068706.0,0.0
DE.TH,2.714507377901568e+16,6493828341989813.0,0.0
