HASC_1,Max,Mean,Min
UA.CK,0.32720842957496643,0.01540186643007497,0.0
UA.CH,0.7208893299102783,0.01713809220894336,0.0
UA.CV,0.015848083421587944,0.00018421688994317494,0.0
UA.KR,0.8137322068214417,0.024317830420526786,0.0
UA.DP,3.60992169380188,0.36266575215428787,0.0
UA.DT,3.4333159923553467,0.2511087195451061,0.0
UA.IF,1.4478701814368833e-05,3.290614048720189e-08,0.0
UA.KK,0.9925618767738342,0.03553385084107758,0.0
UA.KS,2.3147919178009033,0.2773532076993247,0.0
UA.KM,0.10172730684280396,0.004632173685435513,0.0
UA.KV,0.21312755346298218,0.008983517537115659,0.0
UA.KC,0.21184760332107544,0.006547825655434281,0.0
UA.KH,0.5813348889350891,0.034733518307034285,0.0
UA.LV,0.03200389817357063,0.00022801434649344986,0.0
UA.LH,1.2357877492904663,0.13767239555742586,0.0
UA.MY,0.9750403761863708,0.07396869359462595,0.0
UA.OD,0.019343549385666847,0.00035494121315716477,0.0
UA.PL,0.7978870272636414,0.05178400361135819,0.0
UA.RV,0.19447384774684906,0.009855864823420534,0.0
UA.SC,0.14090518653392792,0.026626601116731763,0.0
UA.SM,0.6362010836601257,0.011248119658873856,0.0
UA.TP,0.0018349004676565528,7.185627539150794e-06,0.0
UA.ZK,0.0,0.0,0.0
UA.VI,0.30330756306648254,0.0035585675392659348,0.0
UA.VO,0.11540234088897705,0.00254866273839941,0.0
UA.ZP,2.797255277633667,0.29947518497204184,0.0
UA.ZT,0.8715269565582275,0.01745738386268726,0.0
