HASC_1,Max,Mean,Min
UA.CK,0.14819814264774323,0.00188958614563531,0.0
UA.CH,0.013333332724869251,0.00036915140910551386,0.0
UA.CV,0.004430078435689211,7.830946729753656e-05,0.0
UA.KR,0.03641648218035698,0.00021250537692342784,0.0
UA.DP,0.06123122572898865,0.00011346968255422421,0.0
UA.DT,0.05606129392981529,8.305376878491155e-05,0.0
UA.IF,0.007608433719724417,0.00015156696013450115,0.0
UA.KK,0.0,0.0,0.0
UA.KS,0.07707930356264114,0.0002601344750875288,0.0
UA.KM,0.0077526383101940155,0.0002694572333384887,0.0
UA.KV,0.17645741999149323,0.002556631568343922,0.0
UA.KC,0.016458332538604736,0.0028292690802897724,0.0
UA.KH,0.023772122338414192,7.671718759367996e-05,0.0
UA.LV,0.013834010809659958,0.00039454531926227417,0.0
UA.LH,0.0,0.0,0.0
UA.MY,0.007562936749309301,1.4350923622977801e-05,0.0
UA.OD,0.021691367030143738,7.952211740303028e-05,0.0
UA.PL,0.025873349979519844,0.00017565379406787678,0.0
UA.RV,0.013263565488159657,0.0003175820062318404,0.0
UA.SC,0.0,0.0,0.0
UA.SM,0.00769492844119668,0.00026133106180060127,0.0
UA.TP,0.006978452205657959,0.00046990740478928243,0.0
UA.ZK,0.0010089505231007934,5.970121438466233e-06,0.0
UA.VI,0.007062653545290232,7.945126903205181e-05,0.0
UA.VO,0.015964984893798828,0.0008184892318992682,0.0
UA.ZP,0.05606129392981529,9.7731544943943e-05,0.0
UA.ZT,0.0027083333116024733,0.00034774998413502966,0.0
