HASC_1,Max,Mean,Min
UA.CK,0.024216508492827415,0.00015275477213150474,0.0
UA.CH,0.0006249999860301614,1.83284453381279e-06,0.0
UA.CV,0.02814953215420246,0.0005965410448876931,0.0
UA.KR,1.0755486488342285,0.05780051854488097,0.0
UA.DP,0.04001456871628761,0.00047906057077757154,0.0
UA.DT,0.05049007013440132,0.002185157731814966,0.0
UA.IF,0.02814953215420246,0.000891593566087646,0.0
UA.KK,0.009607807733118534,0.0004544067366507347,0.0
UA.KS,0.13205333054065704,0.005264290327740436,0.0
UA.KM,0.008636641316115856,0.0004961383174435051,0.0
UA.KV,0.49299612641334534,0.0011040465652816542,0.0
UA.KC,0.0024212885182350874,0.00012106442424867835,0.0
UA.KH,0.0,0.0,0.0
UA.LV,0.12574492394924164,0.00786578805259964,0.0
UA.LH,0.008642013184726238,0.0006903302222240152,0.0
UA.MY,0.0,0.0,0.0
UA.OD,0.038907166570425034,0.00021929050987168353,0.0
UA.PL,0.011307836510241032,5.706296887955999e-05,0.0
UA.RV,0.8596312403678894,0.04419640905893242,0.0
UA.SC,0.9260904788970947,0.13454090946664413,0.0
UA.SM,0.0008333332953043282,2.338551677807811e-06,0.0
UA.TP,0.02814953215420246,0.003536598359220845,0.0
UA.ZK,0.03516131266951561,0.00045995783318563587,0.0
UA.VI,0.0042516677640378475,2.0200213147987673e-05,0.0
UA.VO,0.7156975865364075,0.1561336777288403,0.0
UA.ZP,0.06289724260568619,0.0033859499788818402,0.0
UA.ZT,0.02180120348930359,0.0008125100895384704,0.0
