HASC_1,Max,Mean,Min
UA.CK,0.2831283211708069,0.002647465733421182,0.0
UA.CH,0.054374996572732925,0.0007107236160780575,0.0
UA.CV,2.845505475997925,0.25649807272911673,0.0
UA.KR,1.0940691232681274,0.011217567856664959,0.0
UA.DP,0.7313976883888245,0.09106528794255657,0.0
UA.DT,0.28571999073028564,0.012529414226710623,0.0
UA.IF,1.90969979763031,0.1959437196418135,0.0
UA.KK,0.7351461052894592,0.09055792680617841,0.0
UA.KS,0.4742225110530853,0.0127431059044481,0.0
UA.KM,0.9294456839561462,0.1478501861255909,0.0
UA.KV,0.6309470534324646,0.008593005930422098,0.0
UA.KC,0.006666666362434626,0.0007676288427319377,0.0
UA.KH,0.2831283211708069,0.0048388450837714755,0.0
UA.LV,1.904131293296814,0.3125603717976603,0.0
UA.LH,0.3324248194694519,0.027507393360641192,0.0
UA.MY,0.03916666656732559,0.00010286221560604377,0.0
UA.OD,0.04104166477918625,7.006157761679788e-05,0.0
UA.PL,0.2506144046783447,0.002738723560329724,0.0
UA.RV,2.882342576980591,0.42631713892259293,0.0
UA.SC,1.0940691232681274,0.08756378422064397,0.0
UA.SM,0.0,0.0,0.0
UA.TP,0.7627504467964172,0.05359057749264835,0.0
UA.ZK,2.297563314437866,0.4734132478134872,0.0
UA.VI,0.8494718670845032,0.05799383897058957,0.0
UA.VO,0.8029891848564148,0.22562942701654556,0.0
UA.ZP,0.5554702281951904,0.06213682282457839,0.0
UA.ZT,2.753631830215454,0.3317208538182522,0.0
