HASC_1,Max,Mean,Min
UA.CK,0.018205096945166588,0.0003386851575464343,0.0
UA.CH,0.00707058422267437,0.00010111557804198275,0.0
UA.CV,0.0009766295552253723,3.2883150007588294e-06,0.0
UA.KR,0.004999999888241291,4.252918031916284e-05,0.0
UA.DP,0.003958333283662796,9.180860765091462e-05,0.0
UA.DT,0.0,0.0,0.0
UA.IF,0.0,0.0,0.0
UA.KK,0.007499999832361937,9.605854175036402e-05,0.0
UA.KS,0.00139255216345191,3.89768303632065e-06,0.0
UA.KM,0.0047923484817147255,8.32221099769008e-05,0.0
UA.KV,0.018205096945166588,0.00030563073636737196,0.0
UA.KC,0.0018749999580904841,0.00023831147118471562,0.0
UA.KH,0.0004002057248726487,1.9914885754024864e-06,0.0
UA.LV,0.001444919384084642,2.372609826083156e-06,0.0
UA.LH,0.001041666604578495,5.7870367224192405e-06,0.0
UA.MY,0.0018749999580904841,9.758163338961818e-06,0.0
UA.OD,0.01128152385354042,1.1096140397626186e-05,0.0
UA.PL,0.0014583333395421505,8.782359400083121e-06,0.0
UA.RV,0.0014868873404338956,3.871522466520948e-05,0.0
UA.SC,0.007499999832361937,0.000988033724327882,0.0
UA.SM,0.0016666665906086564,4.775413023729752e-05,0.0
UA.TP,0.0,0.0,0.0
UA.ZK,0.07321164757013321,0.0015559301153393655,0.0
UA.VI,0.0011628576321527362,4.892072680469359e-05,0.0
UA.VO,0.0037499999161809683,2.7631867167531935e-05,0.0
UA.ZP,0.001251625013537705,1.2678107930717569e-05,0.0
UA.ZT,0.006315603386610746,0.0004715900418518145,0.0
