HASC_1,Max,Mean,Min
UA.CK,0.03462083265185356,0.0007294221052457122,0.0
UA.CH,0.0,0.0,0.0
UA.CV,0.004565217066556215,3.853857498427834e-05,0.0
UA.KR,0.06557904928922653,0.001580542995164668,0.0
UA.DP,0.017579900100827217,0.0002951996531536631,0.0
UA.DT,0.004708625841885805,2.687861349571634e-05,0.0
UA.IF,0.008615314029157162,5.707075999287719e-05,0.0
UA.KK,0.0010869564721360803,3.4506554670986677e-06,0.0
UA.KS,0.03532109037041664,0.000565636765197662,0.0
UA.KM,0.0,0.0,0.0
UA.KV,0.0,0.0,0.0
UA.KC,0.0,0.0,0.0
UA.KH,0.0,0.0,0.0
UA.LV,0.005652173887938261,9.281073707616192e-06,0.0
UA.LH,0.0,0.0,0.0
UA.MY,0.016401417553424835,0.00025921919784266536,0.0
UA.OD,0.10571630299091339,0.0008087364632742289,0.0
UA.PL,0.0012515030102804303,4.350239125647603e-06,0.0
UA.RV,0.0,0.0,0.0
UA.SC,0.03431345149874687,0.005210934750114878,0.0
UA.SM,0.0,0.0,0.0
UA.TP,0.0,0.0,0.0
UA.ZK,0.005652173887938261,4.114760710531811e-05,0.0
UA.VI,0.033346306532621384,0.0005058199843504333,0.0
UA.VO,0.0,0.0,0.0
UA.ZP,0.045185379683971405,0.001094363298672648,0.0
UA.ZT,0.0,0.0,0.0
