HASC_1,Max,Mean,Min
UA.CK,0.1691044569015503,0.004044474247222835,0.0
UA.CH,0.010683692991733551,0.0005233326476092792,0.0
UA.CV,0.30523476004600525,0.029515688771382758,0.0
UA.KR,0.040017951279878616,0.0009890287259064817,0.0
UA.DP,0.05979049205780029,0.0011695316807067444,0.0
UA.DT,0.04995543882250786,0.0013180666013633728,0.0
UA.IF,1.2662968635559082,0.1244006132905435,0.0
UA.KK,0.008020970970392227,0.00038127932020345543,0.0
UA.KS,0.7179612517356873,0.02664450072503265,0.0
UA.KM,0.5253066420555115,0.03554246493375617,0.0
UA.KV,0.1691044569015503,0.004283802524519665,0.0
UA.KC,0.06131690368056297,0.014625837944913655,0.0
UA.KH,0.20357103645801544,0.006492434114363732,0.0
UA.LV,0.5103839635848999,0.06024175137821439,0.0
UA.LH,0.01688932627439499,0.0006166207491623431,0.0
UA.MY,0.7179612517356873,0.016841932114282074,0.0
UA.OD,0.401742547750473,0.015910285874813468,0.0
UA.PL,0.005674141924828291,0.0003848620564963483,0.0
UA.RV,0.3539888560771942,0.011720382315561469,0.0
UA.SC,0.026661992073059082,0.0049393743053466705,0.0
UA.SM,0.030567897483706474,0.002094364578280896,0.0
UA.TP,1.110531210899353,0.0915148241910392,0.0
UA.ZK,0.8025344014167786,0.07103080317562656,0.0
UA.VI,0.09293407946825027,0.008958567961758888,0.0
UA.VO,1.0095188617706299,0.11300224754228484,0.0
UA.ZP,0.2290196269750595,0.008710093306441092,0.0
UA.ZT,0.046503644436597824,0.0031043229536095954,0.0
