HASC_1,Max,Mean,Min
UA.CK,1.8947609663009644,0.14324114191941928,0.0
UA.CH,2.1692917346954346,0.6651942303426062,0.0
UA.CV,0.0,0.0,0.0
UA.KR,0.016988269984722137,4.8975859369550433e-05,0.0
UA.DP,0.41149166226387024,0.017569587484855508,0.0
UA.DT,0.5046713948249817,0.07000642409099748,0.0
UA.IF,0.00020833332382608205,9.469696537549185e-07,0.0
UA.KK,1.9906481504440308,0.22135565903919385,0.0
UA.KS,0.02916666679084301,0.00023533333278082482,0.0
UA.KM,0.0,0.0,0.0
UA.KV,1.8105076551437378,0.10868569420706788,0.0
UA.KC,0.17317283153533936,0.04811844240341868,0.0
UA.KH,0.5567445158958435,0.03375460189154399,0.0
UA.LV,0.032370470464229584,0.00048375344131377406,0.0
UA.LH,0.6034322381019592,0.23008803317012885,0.0
UA.MY,0.02972947619855404,0.000655106937790153,0.0
UA.OD,0.12061672657728195,0.00015096998686203733,0.0
UA.PL,2.1503183841705322,0.5256918977049733,0.0
UA.RV,0.016227124258875847,0.00021083525217240273,0.0
UA.SC,0.008670590817928314,0.0004247067612595856,0.0
UA.SM,2.815732955932617,0.8174893837422132,0.0
UA.TP,0.023783579468727112,0.0001285616234414639,0.0
UA.ZK,0.004322204273194075,1.2787586607083061e-05,0.0
UA.VI,0.0,0.0,0.0
UA.VO,0.0008333332953043282,5.133245806965945e-06,0.0
UA.ZP,0.22371967136859894,0.0034353297897914115,0.0
UA.ZT,0.016227124258875847,0.00037269347581598384,0.0
