HASC_1,Max,Mean,Min
UA.CK,0.007083333563059568,8.063329148046928e-05,0.0
UA.CH,0.0,0.0,0.0
UA.CV,0.03749364987015724,0.0005116609175731067,0.0
UA.KR,0.0015255063772201538,2.086228585056844e-05,0.0
UA.DP,0.002291666576638818,9.86842083205518e-06,0.0
UA.DT,0.0,0.0,0.0
UA.IF,0.03749364987015724,0.00032940182751520875,0.0
UA.KK,0.0,0.0,0.0
UA.KS,0.006063767243176699,4.3848662795977916e-05,0.0
UA.KM,0.0,0.0,0.0
UA.KV,0.03437500074505806,0.00013946759295827682,0.0
UA.KC,0.0,0.0,0.0
UA.KH,0.01374999899417162,0.00011116920419832847,0.0
UA.LV,0.00208333320915699,3.4209083894203447e-06,0.0
UA.LH,0.0027083333116024733,7.764718955311562e-06,0.0
UA.MY,0.002499999711290002,1.778937242235953e-05,0.0
UA.OD,0.08405423164367676,0.00010640573269427023,0.0
UA.PL,0.008958333171904087,1.843584744308732e-05,0.0
UA.RV,0.0,0.0,0.0
UA.SC,0.0007880821358412504,5.948325318361943e-05,0.0
UA.SM,0.0,0.0,0.0
UA.TP,0.0,0.0,0.0
UA.ZK,0.008541666902601719,2.527120385385124e-05,0.0
UA.VI,0.0,0.0,0.0
UA.VO,5.8333327615400776e-05,1.6025639843453382e-07,0.0
UA.ZP,0.011457403190433979,6.376298247436048e-05,0.0
UA.ZT,0.0,0.0,0.0
