HASC_1,Max,Mean,Min
UA.CK,1.2494250535964966,0.050810109950256435,0.0
UA.CH,0.7940333485603333,0.024871751071724246,0.0
UA.CV,0.3329416513442993,0.04755679621941166,0.0
UA.KR,0.3736083507537842,0.013988457755492203,0.0
UA.DP,0.7077083587646484,0.10822535793444044,0.0
UA.DT,1.0776498317718506,0.17406292178012706,0.0
UA.IF,1.396966814994812,0.10289018727331,0.0
UA.KK,0.7714499831199646,0.13463169392359592,0.0
UA.KS,0.2551810145378113,0.01985379108529534,0.0
UA.KM,0.7148749828338623,0.06402159182681408,0.0
UA.KV,0.22615833580493927,0.009691387025505567,0.0
UA.KC,0.04647226259112358,0.009669601499834764,0.0
UA.KH,0.8127999901771545,0.08325678033105668,0.0
UA.LV,1.0261582136154175,0.06389854104841726,0.0
UA.LH,0.6798415780067444,0.167870425806743,0.0
UA.MY,0.3037666380405426,0.027869945928969984,0.0
UA.OD,0.26154035329818726,0.006651567387310209,0.0
UA.PL,1.2494250535964966,0.10175255122979669,0.0
UA.RV,0.7148749828338623,0.022885506652917803,0.0
UA.SC,0.1271485537290573,0.01789644694654271,0.0
UA.SM,1.9846330881118774,0.12606213170904756,0.0
UA.TP,1.396966814994812,0.16880069837637363,0.0
UA.ZK,0.940549910068512,0.11577591994541736,0.0
UA.VI,0.3788832724094391,0.01430560376872845,0.0
UA.VO,0.5231583714485168,0.010838290591575768,0.0
UA.ZP,0.4636160433292389,0.0902974385976364,0.0
UA.ZT,0.1064833328127861,0.007669992108774422,0.0
