HASC_1,Max,Mean,Min
UA.CK,0.03575783595442772,0.005056099470024182,0.0
UA.CH,0.3807743489742279,0.010236634661701625,0.0
UA.CV,0.001041666604578495,3.5072949649107576e-06,0.0
UA.KR,0.13010288774967194,0.002647045658627382,0.0
UA.DP,0.20703333616256714,0.012765755613719421,0.0
UA.DT,0.41130828857421875,0.012282652362218533,0.0
UA.IF,0.0023410229478031397,5.32050669955259e-06,0.0
UA.KK,0.6302916407585144,0.09941899308939091,0.0
UA.KS,0.07984210550785065,0.007166528538269282,0.0
UA.KM,0.0,0.0,0.0
UA.KV,0.028246862813830376,0.0016924124848931874,0.0
UA.KC,0.01905203051865101,0.0018320387736561576,0.0
UA.KH,0.023227574303746223,0.0020086152589834953,0.0
UA.LV,0.05540420487523079,0.0004393342985237883,0.0
UA.LH,0.2971999943256378,0.010089371996874283,0.0
UA.MY,0.023068564012646675,0.0020558884678150615,0.0
UA.OD,0.034949976950883865,0.0012207026913966246,0.0
UA.PL,0.552941620349884,0.03287145319556787,0.0
UA.RV,0.16467536985874176,0.005261747012423217,0.0
UA.SC,0.015401933342218399,0.003230266382161062,0.0
UA.SM,0.9075332283973694,0.12978957839368377,0.0
UA.TP,0.0,0.0,0.0
UA.ZK,0.015606817789375782,0.00011774374533047866,0.0
UA.VI,0.0068569909781217575,8.908280251294469e-05,0.0
UA.VO,0.08336496353149414,0.0008403266582072864,0.0
UA.ZP,0.0861515998840332,0.006174863805943625,0.0
UA.ZT,0.0004166666476521641,7.284381951960911e-07,0.0
