HASC_1,Max,Mean,Min
UA.CK,0.8280491828918457,0.058301610888508486,0.0
UA.CH,1.1283862590789795,0.14555514940215838,0.0
UA.CV,0.8321504592895508,0.05478467459847049,0.0
UA.KR,3.3224525451660156,0.25227179114564025,0.0
UA.DP,2.3274967670440674,0.11494181176508392,0.0
UA.DT,2.2905900478363037,0.16677472497431423,0.0
UA.IF,1.0060967206954956,0.06931303055267067,0.0
UA.KK,4.1737895011901855,0.23568410252292826,0.0
UA.KS,2.1896913051605225,0.14890571261874044,0.0
UA.KM,0.4782555103302002,0.0380817665813971,0.0
UA.KV,1.3801435232162476,0.11168657291887535,0.0
UA.KC,0.4630347788333893,0.15293903377439294,0.0
UA.KH,0.5850382447242737,0.04412118625004084,0.0
UA.LV,0.7881989479064941,0.034532528180619554,0.0
UA.LH,1.510641098022461,0.11187793783584413,0.0
UA.MY,1.142032265663147,0.08646503146365594,0.0
UA.OD,2.697906255722046,0.03807654087188794,0.0
UA.PL,1.2919644117355347,0.1203091475565102,0.0
UA.RV,2.4136762619018555,0.20829178848467286,0.0
UA.SC,0.008275073952972889,0.002886124358822902,0.0
UA.SM,1.1468170881271362,0.11045693099467394,0.0
UA.TP,0.6086512207984924,0.035992181315958195,0.0
UA.ZK,0.8916656970977783,0.042191553028085485,0.0
UA.VI,1.495560646057129,0.20926744204566436,0.0
UA.VO,1.653421401977539,0.05214630851365561,0.0
UA.ZP,2.3920347690582275,0.21303581747933098,0.0
UA.ZT,2.5666749477386475,0.3952550377112234,0.0
