HASC_1,Max,Mean,Min
UA.CK,0.6005715131759644,0.05960273079195533,0.0
UA.CH,0.6102021336555481,0.0949724907973164,0.0
UA.CV,0.7075179219245911,0.12058601277231266,0.0
UA.KR,0.05979447439312935,0.000539294711210856,0.0
UA.DP,0.1955905556678772,0.0006277664372239662,0.0
UA.DT,0.013333332724869251,0.00014663459220038796,0.0
UA.IF,0.2957862317562103,0.01833433602316125,0.0
UA.KK,0.09083333611488342,0.0006654242163638768,0.0
UA.KS,0.07522563636302948,0.00045594000715521853,0.0
UA.KM,0.8822636604309082,0.17067404539640726,0.0
UA.KV,1.049778938293457,0.16217360202895684,0.0
UA.KC,0.10110563039779663,0.038027998858264515,0.0
UA.KH,1.4240037202835083,0.046675424706249725,0.0
UA.LV,0.02437499910593033,0.0003305203158762811,0.0
UA.LH,0.015282209031283855,7.727478777673646e-05,0.0
UA.MY,0.7876802086830139,0.019819889273282418,0.0
UA.OD,1.8921265602111816,0.06170237040259963,0.0
UA.PL,0.21300803124904633,0.005150589083375661,0.0
UA.RV,0.14338620007038116,0.016399868693045872,0.0
UA.SC,0.0244655292481184,0.006564845967416962,0.0
UA.SM,0.413973331451416,0.028640146240994518,0.0
UA.TP,0.5720369219779968,0.07401709972229945,0.0
UA.ZK,0.05270833149552345,0.0017387819973773947,0.0
UA.VI,1.466577172279358,0.23501958511792465,0.0
UA.VO,0.03981319069862366,0.0012380839511078948,0.0
UA.ZP,0.01967235654592514,0.0003212377444851803,0.0
UA.ZT,1.3434809446334839,0.3464248786074715,0.0
