HASC_1,Max,Mean,Min
UA.CK,0.06003333255648613,0.0005347153804388083,0.0
UA.CH,0.04786666855216026,0.00035113417907763826,0.0
UA.CV,1.49849271774292,0.14434345892429828,0.0
UA.KR,0.041338030248880386,0.0005322222186001946,0.0
UA.DP,0.4676166772842407,0.005239548877349427,0.0
UA.DT,0.8222499489784241,0.021387484504625045,0.0
UA.IF,2.8200438022613525,0.3039063213144387,0.0
UA.KK,0.11878333240747452,0.00041347280395192295,0.0
UA.KS,0.018833331763744354,0.0005964369507207632,0.0
UA.KM,0.39355650544166565,0.08583699936033419,0.0
UA.KV,0.022949999198317528,0.00015226477676514428,0.0
UA.KC,5.5821245041443035e-05,3.959086690688959e-06,0.0
UA.KH,0.025850070640444756,0.0006943416811436366,0.0
UA.LV,2.9087026119232178,0.36833128194234444,0.0
UA.LH,0.45678332448005676,0.010237326085915457,0.0
UA.MY,0.043477971106767654,0.00096985614937302,0.0
UA.OD,1.1153013706207275,0.09555315209216841,0.0
UA.PL,0.06003333255648613,0.0008671014472527435,0.0
UA.RV,0.49129191040992737,0.01895810403920266,0.0
UA.SC,0.006082003936171532,0.0012836274346833914,0.0
UA.SM,0.42666661739349365,0.004713144649978555,0.0
UA.TP,0.5837123990058899,0.1393036984686048,0.0
UA.ZK,5.8503642082214355,1.2361353008660692,0.0
UA.VI,0.5236700177192688,0.029609654918014188,0.0
UA.VO,1.302217721939087,0.24703649758194865,0.0
UA.ZP,0.5801666378974915,0.012233876742497032,0.0
UA.ZT,0.3624666929244995,0.004210312366065527,0.0
