HASC_1,Max,Mean,Min
UA.CK,0.2718166410923004,0.02765243667889473,0.0
UA.CH,0.6960249543190002,0.05394415739134605,0.0
UA.CV,0.4800499379634857,0.033507855666636166,0.0
UA.KR,0.13673721253871918,0.0007946164217978286,0.0
UA.DP,0.15466667711734772,0.006293453838828243,0.0
UA.DT,0.01210833340883255,0.00016413854978290383,0.0
UA.IF,0.47985830903053284,0.028124109430529065,0.0
UA.KK,0.2158166766166687,0.0019522486434503205,0.0
UA.KS,0.07214166224002838,0.00064152629708694,0.0
UA.KM,0.4695667028427124,0.028126335255145362,0.0
UA.KV,0.22374998033046722,0.02507364512659428,0.0
UA.KC,0.06519999355077744,0.014774047069451107,0.0
UA.KH,0.3749833106994629,0.031119418863955247,0.0
UA.LV,0.3755916357040405,0.02488980495632405,0.0
UA.LH,0.25149163603782654,0.005529697012298761,0.0
UA.MY,0.3169083595275879,0.022423618695515964,0.0
UA.OD,0.11051666736602783,0.0038975487237422612,0.0
UA.PL,0.33170831203460693,0.03321573861953253,0.0
UA.RV,0.18554167449474335,0.006349706042764261,0.0
UA.SC,0.0676540955901146,0.009876033174805343,0.0
UA.SM,0.20274998247623444,0.022448846045595668,0.0
UA.TP,0.14328335225582123,0.00784273864658309,0.0
UA.ZK,0.9383749961853027,0.2170763275828543,0.0
UA.VI,0.10068332403898239,0.0037483755125217602,0.0
UA.VO,0.1529083400964737,0.005640206433488265,0.0
UA.ZP,0.009350000880658627,9.882412808833664e-05,0.0
UA.ZT,0.23732499778270721,0.040670541183473075,0.0
