HASC_1,Max,Mean,Min
UA.CK,0.19868254661560059,0.0038044491654955874,0.0
UA.CH,0.06159580871462822,0.0024506997280103835,0.0
UA.CV,0.4197729527950287,0.0910832752921822,0.0
UA.KR,0.05998678505420685,0.001917121266115944,0.0
UA.DP,0.10429460555315018,0.00465913114673257,0.0
UA.DT,0.04406026005744934,0.0024799007459579215,0.0
UA.IF,0.4470271170139313,0.08111260934648189,0.0
UA.KK,0.06809329241514206,0.0009215595512117126,0.0
UA.KS,0.07629185914993286,0.006186971256272943,0.0
UA.KM,0.5296052694320679,0.10989556308096504,0.0
UA.KV,0.17170153558254242,0.019402524940533617,0.0
UA.KC,0.060085952281951904,0.02129581118268626,0.0
UA.KH,0.04503293335437775,0.0011883724770476484,0.0
UA.LV,0.2882140576839447,0.007259055870235898,0.0
UA.LH,0.056218791753053665,0.006063994818583119,0.0
UA.MY,0.09775009006261826,0.014238051137057952,0.0
UA.OD,0.07484234869480133,0.004873696256343152,0.0
UA.PL,0.03139503672719002,0.0008407018679593291,0.0
UA.RV,0.016875000670552254,8.593516180893764e-05,0.0
UA.SC,0.04691930487751961,0.008999213793625433,0.0
UA.SM,0.043958332389593124,0.00046702454017663727,0.0
UA.TP,0.2770257890224457,0.06486811740810668,0.0
UA.ZK,0.2882140576839447,0.06142104725306406,0.0
UA.VI,0.5038633346557617,0.0691758087431362,0.0
UA.VO,0.0,0.0,0.0
UA.ZP,0.021054930984973907,0.0009813892895028959,0.0
UA.ZT,0.20060528814792633,0.02749577024876687,0.0
