HASC_1,Max,Mean,Min
UA.CK,0.6777083277702332,0.018134804927784916,0.0
UA.CH,1.3020492792129517,0.2841578287809165,0.0
UA.CV,0.8698118329048157,0.21267340726121908,0.0
UA.KR,0.05384663864970207,0.00038763090155850675,0.0
UA.DP,0.025185465812683105,0.0003419086516978017,0.0
UA.DT,0.009312323294579983,6.572168686910084e-05,0.0
UA.IF,2.11826753616333,0.2020727264271541,0.0
UA.KK,0.014791666530072689,0.00011327012580138071,0.0
UA.KS,0.13780911266803741,0.005451471316122993,0.0
UA.KM,1.3234397172927856,0.5231021574239412,0.0
UA.KV,1.0418225526809692,0.23205972018667026,0.0
UA.KC,0.8447821736335754,0.41130426611219134,0.0
UA.KH,0.06275931000709534,0.001783955531891479,0.0
UA.LV,2.11826753616333,0.31112988922004825,0.0
UA.LH,0.03524424135684967,0.0009331313602716465,0.0
UA.MY,0.056326474994421005,0.0026147581221306285,0.0
UA.OD,0.6931442618370056,0.015516244465725748,0.0
UA.PL,0.022174203768372536,0.0005101836032100211,0.0
UA.RV,1.3212575912475586,0.29550663256981596,0.0
UA.SC,0.05384663864970207,0.008283499504129092,0.0
UA.SM,0.0903623104095459,0.0023220513239612913,0.0
UA.TP,1.0265203714370728,0.22093327890275516,0.0
UA.ZK,2.161419153213501,0.49207317046600685,0.0
UA.VI,1.0418225526809692,0.25834541774008124,0.0
UA.VO,0.6984437108039856,0.1892221108254077,0.0
UA.ZP,0.0027083333116024733,2.0989483376241908e-05,0.0
UA.ZT,1.8538150787353516,0.5310047464249851,0.0
