HASC_1,Max,Mean,Min
DK.HS,278.5762634277344,278.0343048095703,277.638427734375
DK.MJ,280.7503356933594,278.9840232447574,278.2808532714844
DK.ND,280.2099609375,279.2076594034831,278.2808532714844
DK.SL,278.5762634277344,277.87015533447266,277.3966369628906
DK.SD,280.2822265625,278.6271686553955,277.9397888183594
