HASC_1,Max,Mean,Min
DK.HS,278.3344421386719,277.5134704589844,276.6977233886719
DK.MJ,279.4075012207031,277.3631029630962,275.9314270019531
DK.ND,278.6957702636719,277.2949498494466,275.9815673828125
DK.SL,277.9965515136719,277.4181874593099,276.7273254394531
DK.SD,279.3575439453125,277.4389362335205,276.1594543457031
