HASC_1,Max,Mean,Min
DK.HS,278.3529052734375,277.8059020996094,277.1903076171875
DK.MJ,281.2673645019531,279.24194175318667,278.0981140136719
DK.ND,280.7037353515625,279.30833943684894,278.2690734863281
DK.SL,278.3415832519531,277.80700429280597,277.0209655761719
DK.SD,280.9102783203125,278.8311462402344,277.8622741699219
