HASC_1,Max,Mean,Min
DK.HS,276.08984375,275.28484497070315,273.85107421875
DK.MJ,277.7490234375,275.5655035721628,273.9820861816406
DK.ND,277.0105895996094,275.51414744059247,273.9820861816406
DK.SL,276.59326171875,275.7179489135742,274.4186096191406
DK.SD,277.7490234375,275.93502616882324,274.6080627441406
