HASC_1,Max,Mean,Min
DK.HS,289.5264587402344,288.6796051025391,288.104248046875
DK.MJ,288.141357421875,287.16242900647615,286.399169921875
DK.ND,287.4493103027344,286.8075358072917,286.370849609375
DK.SL,289.1954040527344,288.704833984375,288.104248046875
DK.SD,288.8360290527344,288.0720024108887,287.2289123535156
