HASC_1,Max,Mean,Min
DK.HS,294.5091857910156,294.0675933837891,293.6849670410156
DK.MJ,293.7539978027344,292.8502759431538,291.9112243652344
DK.ND,293.3750915527344,292.70160420735675,292.208740234375
DK.SL,294.9942321777344,294.3603210449219,293.6849670410156
DK.SD,294.8314514160156,293.77990913391113,291.9112243652344
