HASC_1,Max,Mean,Min
DK.HS,275.0633850097656,273.4261749267578,272.08416748046875
DK.MJ,276.5865783691406,272.89245444849917,270.6813659667969
DK.ND,275.8749694824219,273.4531758626302,271.3719787597656
DK.SL,274.0897521972656,272.71461486816406,272.2347106933594
DK.SD,275.5758972167969,272.2223777770996,270.448486328125
