HASC_1,Max,Mean,Min
DK.HS,280.4671325683594,279.5049102783203,278.1666564941406
DK.MJ,280.12890625,279.41395970394734,278.8191833496094
DK.ND,279.5670471191406,279.35645548502606,279.0341796875
DK.SL,280.5984802246094,280.21290334065753,279.2379455566406
DK.SD,280.94482421875,280.09423065185547,279.2459411621094
