HASC_1,Max,Mean,Min
DK.HS,276.39764404296875,275.3317474365234,274.40350341796875
DK.MJ,277.0579528808594,275.0797761615954,273.43499755859375
DK.ND,276.5776672363281,275.02357482910156,273.43499755859375
DK.SL,275.8899841308594,274.92650604248047,274.40350341796875
DK.SD,277.02459716796875,275.1517791748047,273.9714660644531
