HASC_1,Max,Mean,Min
IT.AB,0.007417443674057722,0.006688757282164361,0.006036285310983658
IT.SD,0.00807905476540327,0.007182684610597789,0.006333196070045233
IT.PU,0.00844359677284956,0.007273565884679556,0.006333196070045233
IT.LB,0.008668981492519379,0.007829521217250399,0.006637497339397669
IT.CM,0.008653086610138416,0.008038415192541752,0.007006330415606499
IT.ER,0.008860987611114979,0.0072600387243760955,0.00628233328461647
IT.FV,0.007083896081894636,0.005737806773848004,0.004176341462880373
IT.LZ,0.008642437867820263,0.007825424292070024,0.006322149187326431
IT.LG,0.009086531586945057,0.0078966212882237,0.0061874426901340485
IT.LM,0.007597846910357475,0.005494200361325689,0.003560188226401806
IT.MH,0.0071028899401426315,0.006738789793517854,0.0062728761695325375
IT.ML,0.008389237336814404,0.007198704464826733,0.006269220262765884
IT.PM,0.00896636862307787,0.005413888757558246,0.0037407504860311747
IT.SC,0.00883666891604662,0.008170499658102499,0.007291240151971579
IT.TT,0.009382329881191254,0.008214312062288323,0.00630927411839366
IT.TC,0.00892408937215805,0.008103365381248295,0.007042649667710066
IT.BC,0.005801998544484377,0.004303329874976323,0.0035258957650512457
IT.UM,0.008007210679352283,0.007113645318895578,0.006322149187326431
IT.VB,0.004936459939926863,0.004249486257322133,0.003949128556996584
IT.VN,0.007359666749835014,0.005731976166477098,0.0037860104348510504
