HASC_1,Max,Mean,Min
IT.AB,0.008059133775532246,0.006964466068893671,0.006141453981399536
IT.SD,0.009912123903632164,0.007622645399533212,0.006258676294237375
IT.PU,0.009232948534190655,0.0075016004499048,0.006258676294237375
IT.LB,0.00965129304677248,0.008494253902296935,0.0071690380573272705
IT.CM,0.009494572877883911,0.008487370161508972,0.007114042993634939
IT.ER,0.008465081453323364,0.007046826442496644,0.006259948015213013
IT.FV,0.007223715540021658,0.005768324714154005,0.003927857149392366
IT.LZ,0.00922913383692503,0.008285383995184126,0.00635722279548645
IT.LG,0.008609403856098652,0.007325570607049899,0.005614588502794504
IT.LM,0.007043471094220877,0.005158350053850723,0.0025070616975426674
IT.MH,0.007558057550340891,0.006850722659793165,0.006141453981399536
IT.ML,0.00870850682258606,0.007321258424781263,0.006379157304763794
IT.PM,0.008609403856098652,0.00473602498440366,0.002445192076265812
IT.SC,0.009698421694338322,0.008594645926838411,0.007008264306932688
IT.TT,0.010313938371837139,0.008878713939338923,0.0072934129275381565
IT.TC,0.008810470812022686,0.007991566276177763,0.0069439709186553955
IT.BC,0.005745043978095055,0.003980879492771167,0.0025070616975426674
IT.UM,0.008570860140025616,0.007487300369474623,0.00635722279548645
IT.VB,0.004175534471869469,0.003399869368877262,0.0031147703994065523
IT.VN,0.007429152727127075,0.005784581333179684,0.0034077868331223726
