HASC_1,Max,Mean,Min
IT.AB,0.012535642832517624,0.010695830194486512,0.009462747722864151
IT.SD,0.013893515802919865,0.011864248849451541,0.010275437496602535
IT.PU,0.01468284148722887,0.012156033422797918,0.010275437496602535
IT.LB,0.015463263727724552,0.012806622644088097,0.011424452997744083
IT.CM,0.014947009272873402,0.013469521718269045,0.011258197017014027
IT.ER,0.014837178401648998,0.012029357047544586,0.010894847102463245
IT.FV,0.01298180315643549,0.01133904740628269,0.009165201336145401
IT.LZ,0.015343260020017624,0.013367247603395405,0.010005547665059566
IT.LG,0.014837178401648998,0.01286211804571477,0.009909544140100479
IT.LM,0.012579352594912052,0.010838376580859009,0.007551027927547693
IT.MH,0.011712145060300827,0.010810253210365772,0.009734068065881729
IT.ML,0.013770810328423977,0.011368823586963117,0.009608342312276363
IT.PM,0.014600825496017933,0.009675006651760716,0.006316656246781349
IT.SC,0.01592913456261158,0.014205096782568623,0.011517119593918324
IT.TT,0.01786731742322445,0.01490206935753425,0.011116576381027699
IT.TC,0.015301457606256008,0.013419699529185891,0.011184287257492542
IT.BC,0.011757762171328068,0.009369904641062021,0.007551027927547693
IT.UM,0.01446047704666853,0.011822542486091455,0.010005547665059566
IT.VB,0.008538478054106236,0.007844898849725723,0.007220420986413956
IT.VN,0.013002943247556686,0.011108414215200087,0.008491589687764645
