HASC_1,Max,Mean,Min
IT.AB,0.011450896970927715,0.010037797606653638,0.009179561398923397
IT.SD,0.015667885541915894,0.011772371921688318,0.008730380795896053
IT.PU,0.014569095335900784,0.010860698856413364,0.008730380795896053
IT.LB,0.01583891175687313,0.013067000612084354,0.010335255414247513
IT.CM,0.016206393018364906,0.012871553444049576,0.009241550229489803
IT.ER,0.013493032194674015,0.011274890456762578,0.009934871457517147
IT.FV,0.012475778348743916,0.011596967466175556,0.010364660061895847
IT.LZ,0.016108641400933266,0.013042364433846054,0.009241550229489803
IT.LG,0.013919483870267868,0.01229315022514625,0.010211118496954441
IT.LM,0.012776028364896774,0.011325356833960699,0.008898227475583553
IT.MH,0.011914541013538837,0.010575139998561807,0.009934871457517147
IT.ML,0.014166167937219143,0.010606139083392918,0.009241550229489803
IT.PM,0.01337620709091425,0.010272995176676073,0.008261729031801224
IT.SC,0.01759255863726139,0.014998098780565402,0.012784929014742374
IT.TT,0.01766344904899597,0.015473172192772229,0.01189499069005251
IT.TC,0.014831356704235077,0.012667936645448208,0.009934871457517147
IT.BC,0.012500733137130737,0.010453181269650277,0.008898227475583553
IT.UM,0.013528954237699509,0.010887115572889646,0.009934871457517147
IT.VB,0.009874630719423294,0.009070901665836573,0.008584626950323582
IT.VN,0.013054024428129196,0.011442126158405752,0.009845384396612644
