HASC_1,Max,Mean,Min
IT.AB,0.009287924505770206,0.008353350373605887,0.007518699858337641
IT.SD,0.011218637228012085,0.009298017714172602,0.0075705163180828094
IT.PU,0.011533667333424091,0.009016914106905461,0.0075705163180828094
IT.LB,0.01171566080302,0.010249755877469267,0.00809551402926445
IT.CM,0.012092838995158672,0.010671091519973495,0.00891169998794794
IT.ER,0.010519754141569138,0.008830567356199026,0.007955721579492092
IT.FV,0.010223002173006535,0.00880158625336157,0.006717534735798836
IT.LZ,0.012077261693775654,0.010143505765453857,0.007720878813415766
IT.LG,0.010658513754606247,0.009690202095291832,0.008086533285677433
IT.LM,0.009456407278776169,0.008249943752003752,0.005522977560758591
IT.MH,0.009545416571199894,0.008420602056301303,0.007720878813415766
IT.ML,0.011404603719711304,0.009091219399124384,0.007936886511743069
IT.PM,0.010658513754606247,0.007559720696391244,0.005334070418030024
IT.SC,0.011466910131275654,0.010051186251289704,0.008084786124527454
IT.TT,0.012295176275074482,0.010738812386989594,0.008219809271395206
IT.TC,0.01064516231417656,0.009678963106125593,0.00816854927688837
IT.BC,0.0092869708314538,0.007084093844661346,0.005522977560758591
IT.UM,0.010418347083032131,0.00877402676269412,0.007720878813415766
IT.VB,0.006672393996268511,0.006124269450083375,0.0055929929949343204
IT.VN,0.0099952332675457,0.00847211732145618,0.006199928000569344
