HASC_1,Max,Mean,Min
IT.AB,0.009469171054661274,0.008669346984889772,0.008102078922092915
IT.SD,0.01255923230201006,0.010020759236067534,0.008230268023908138
IT.PU,0.012705939821898937,0.009868123568594456,0.008230268023908138
IT.LB,0.013571557588875294,0.011603356272514378,0.008803664706647396
IT.CM,0.013425804674625397,0.011116454123773357,0.008874713443219662
IT.ER,0.012677487917244434,0.009428643362803591,0.008160729892551899
IT.FV,0.010309039615094662,0.008940861508664157,0.007185836788266897
IT.LZ,0.013699032366275787,0.010997615316334893,0.00831641722470522
IT.LG,0.012677487917244434,0.010854208079928701,0.008625486865639687
IT.LM,0.01032223179936409,0.00871425441911687,0.006260612979531288
IT.MH,0.010200955905020237,0.008971528977983527,0.00831641722470522
IT.ML,0.011478561908006668,0.009490111260674894,0.008464792743325233
IT.PM,0.012652534060180187,0.008508377169307909,0.006253540050238371
IT.SC,0.013819354586303234,0.011506615261382917,0.008801757358014584
IT.TT,0.013544696383178234,0.011858266560981672,0.008217393420636654
IT.TC,0.013207095675170422,0.01096628736704588,0.008289793506264687
IT.BC,0.01007189229130745,0.007600922782260638,0.006260612979531288
IT.UM,0.011289257556200027,0.009172091881434122,0.00831641722470522
IT.VB,0.00828589964658022,0.00733611942268908,0.0067709083668887615
IT.VN,0.010466713458299637,0.008589242365868652,0.006716866511851549
