HASC_1,Max,Mean,Min
IT.AB,0.004698127042502165,0.0038211794000946814,0.003233203897252679
IT.SD,0.006654907483607531,0.004582446254789829,0.003405858762562275
IT.PU,0.00602945638820529,0.004414083017036319,0.003405858762562275
IT.LB,0.008921155706048012,0.00625624051982803,0.004267622251063585
IT.CM,0.006549367681145668,0.005007001804187894,0.003645270364359021
IT.ER,0.00571975065395236,0.004335699809922112,0.0035817718598991632
IT.FV,0.004500954877585173,0.004172705527808931,0.0037006635684520006
IT.LZ,0.00628122640773654,0.00502519283498473,0.0034959411714226007
IT.LG,0.006678272504359484,0.005717265165664933,0.004823137540370226
IT.LM,0.005239337217062712,0.004637984973985864,0.0036976828705519438
IT.MH,0.0040001170709729195,0.003671236155140731,0.0034070906694978476
IT.ML,0.005168924108147621,0.003964796138461679,0.0034429726656526327
IT.PM,0.0062209065072238445,0.004992061466174691,0.003655959852039814
IT.SC,0.00983827281743288,0.007574107278795803,0.005368480924516916
IT.TT,0.010982521809637547,0.008734947970757882,0.007219323888421059
IT.TC,0.006072848569601774,0.005046915414277464,0.00380389834754169
IT.BC,0.004886239301413298,0.004152338110053768,0.003086815355345607
IT.UM,0.005656410474330187,0.004146002517599199,0.0034959411714226007
IT.VB,0.005457291379570961,0.004767159000039101,0.0044576022773981094
IT.VN,0.004695424810051918,0.004151267287157038,0.0036710600834339857
