HASC_1,Max,Mean,Min
IT.AB,0.010850165970623493,0.009057611123555236,0.008027528412640095
IT.SD,0.01568974368274212,0.012214857432991267,0.008771314285695553
IT.PU,0.01443454995751381,0.011582492012530565,0.009898399002850056
IT.LB,0.015365972183644772,0.013481102750769683,0.010967466980218887
IT.CM,0.015337997116148472,0.012792944484813646,0.0095693813636899
IT.ER,0.013036304153501987,0.01036774299831854,0.008452867157757282
IT.FV,0.01281711831688881,0.011487705115642812,0.009927565231919289
IT.LZ,0.01591210998594761,0.011886397924493341,0.008126789703965187
IT.LG,0.013485167175531387,0.012112931009720673,0.010673418641090393
IT.LM,0.013772540725767612,0.011179151661370111,0.008009010925889015
IT.MH,0.011187288910150528,0.009063474420044158,0.008126789703965187
IT.ML,0.013084464706480503,0.010316862957552075,0.008675946854054928
IT.PM,0.013583713211119175,0.010340526920596236,0.007237170357257128
IT.SC,0.01541460957378149,0.012689896420959164,0.00874961819499731
IT.TT,0.01541460957378149,0.013855616841465235,0.010893081314861774
IT.TC,0.014331712387502193,0.011504989955574274,0.008452867157757282
IT.BC,0.013772540725767612,0.010515229991422249,0.008009010925889015
IT.UM,0.011646483093500137,0.009188158437609673,0.008126789703965187
IT.VB,0.009288921020925045,0.008605057373642921,0.007942968979477882
IT.VN,0.012828562408685684,0.010906128158025882,0.009015454910695553
