HASC_1,Max,Mean,Min
IT.AB,0.010157827287912369,0.009561021398339007,0.009146138094365597
IT.SD,0.014983260072767735,0.011080086091533303,0.00916044320911169
IT.PU,0.014635329134762287,0.010859890840947628,0.00916044320911169
IT.LB,0.015971744433045387,0.012632646531398808,0.010099812410771847
IT.CM,0.01583044044673443,0.012484070590951225,0.009509488008916378
IT.ER,0.012147191911935806,0.009828920062217448,0.00838224496692419
IT.FV,0.013596142642199993,0.012447069812979963,0.010599855333566666
IT.LZ,0.013707086443901062,0.011267263880547355,0.009097897447645664
IT.LG,0.013184153474867344,0.011637915349142118,0.009962006472051144
IT.LM,0.013008042238652706,0.011158694634618967,0.008792642503976822
IT.MH,0.011341654695570469,0.009663214596609274,0.00838224496692419
IT.ML,0.012885812669992447,0.010293765575625002,0.009258512407541275
IT.PM,0.013157769106328487,0.01059822404855176,0.008233948610723019
IT.SC,0.015044773928821087,0.012894340352538754,0.010407053865492344
IT.TT,0.016449058428406715,0.013932793742666642,0.008615895174443722
IT.TC,0.013451184146106243,0.010744877625256777,0.00838224496692419
IT.BC,0.012840195558965206,0.010736780885893565,0.008986555971205235
IT.UM,0.011472467333078384,0.00944789612872733,0.00838224496692419
IT.VB,0.010895494371652603,0.009734534891322255,0.008968516252934933
IT.VN,0.01416008174419403,0.01153920596355901,0.008792642503976822
