HASC_1,Max,Mean,Min
IT.AB,0.010037790983915329,0.009104426639775435,0.00796045083552599
IT.SD,0.017317982390522957,0.012919627549126744,0.009135297499597073
IT.PU,0.015583564527332783,0.012066383194178344,0.00947814341634512
IT.LB,0.016045620664954185,0.013973547478339501,0.01185978576540947
IT.CM,0.016816826537251472,0.013247229751538147,0.00885563250631094
IT.ER,0.015510131604969501,0.010653325718724065,0.008591067045927048
IT.FV,0.014765630476176739,0.012676766245729394,0.010789603926241398
IT.LZ,0.018392452970147133,0.012866463457398555,0.00796045083552599
IT.LG,0.016686489805579185,0.012986710549078205,0.010002505034208298
IT.LM,0.013486276380717754,0.011388055291836676,0.009206981398165226
IT.MH,0.012124589644372463,0.009734063409268856,0.00813576765358448
IT.ML,0.013973762281239033,0.010461033438332379,0.00885563250631094
IT.PM,0.01644870825111866,0.01075023162717882,0.008451354689896107
IT.SC,0.015590718947350979,0.012444336241220726,0.008097461424767971
IT.TT,0.01743941567838192,0.014611739913622539,0.010101051069796085
IT.TC,0.016069622710347176,0.012358143832534552,0.008591067045927048
IT.BC,0.012357286177575588,0.011197250981170397,0.010039062239229679
IT.UM,0.013363569974899292,0.009669955095483197,0.00813576765358448
IT.VB,0.010441831313073635,0.009704163996502757,0.008974126540124416
IT.VN,0.015227050520479679,0.011981547262300463,0.010323257185518742
