HASC_1,Max,Mean,Min
IT.AB,0.010940459556877613,0.010098119059370624,0.008973824791610241
IT.SD,0.015847910195589066,0.012043822230771184,0.009639648720622063
IT.PU,0.015567689202725887,0.011878781113773584,0.009639648720622063
IT.LB,0.0159014742821455,0.013425588740834169,0.010491757653653622
IT.CM,0.016623565927147865,0.014180974526838823,0.010111082345247269
IT.ER,0.014145124703645706,0.012230437455905808,0.010629086755216122
IT.FV,0.013704844750463963,0.012579102793501483,0.010574568063020706
IT.LZ,0.016455400735139847,0.012825584970414639,0.008973824791610241
IT.LG,0.01586189679801464,0.013367619534785097,0.011193819344043732
IT.LM,0.01439737156033516,0.012204942981833998,0.008221694268286228
IT.MH,0.012514024041593075,0.01081796663088931,0.009506452828645706
IT.ML,0.01573950983583927,0.011765091214329004,0.010111082345247269
IT.PM,0.015252181328833103,0.010794540033920816,0.007850873284041882
IT.SC,0.015086401253938675,0.011422253022079958,0.007719822693616152
IT.TT,0.016804127022624016,0.013600769763191542,0.008549042977392673
IT.TC,0.015345322899520397,0.01262176465243101,0.010389236733317375
IT.BC,0.013973780907690525,0.010906843611827264,0.008221694268286228
IT.UM,0.012807277031242847,0.010576881054374907,0.009506452828645706
IT.VB,0.0098869688808918,0.009155838284641504,0.008339711464941502
IT.VN,0.014024484902620316,0.012736313702429043,0.009731043130159378
