HASC_1,Max,Mean,Min
IT.AB,0.007457917556166649,0.00707245690541135,0.006462362129241228
IT.SD,0.01037218701094389,0.008598238718695939,0.007339185103774071
IT.PU,0.009612585417926311,0.008418292086571456,0.007655408699065447
IT.LB,0.009799188002943993,0.008990892475204808,0.008258846588432789
IT.CM,0.009756272658705711,0.008820559406145052,0.007308827713131905
IT.ER,0.008926418609917164,0.007364771768657697,0.006597863510251045
IT.FV,0.008500761352479458,0.007505602306789822,0.005817042198032141
IT.LZ,0.00965852104127407,0.00812755640157882,0.006462362129241228
IT.LG,0.009367016144096851,0.008124977646564896,0.006493277382105589
IT.LM,0.008093463256955147,0.0066040395556584645,0.004190470557659864
IT.MH,0.008155690506100655,0.007154676028423839,0.006462362129241228
IT.ML,0.008985226973891258,0.007831132563296705,0.00721091590821743
IT.PM,0.009294377639889717,0.005997633635017432,0.003990198951214552
IT.SC,0.009663130156695843,0.008606558254755595,0.007120715454220772
IT.TT,0.009896622970700264,0.00863469666801393,0.006431844551116228
IT.TC,0.009083774872124195,0.007914438261650503,0.006597863510251045
IT.BC,0.007701344322413206,0.005788871803535865,0.004190470557659864
IT.UM,0.008301523514091969,0.007129818563246065,0.006462362129241228
IT.VB,0.0054642618633806705,0.004815683467313647,0.004406040534377098
IT.VN,0.008317259140312672,0.007060633561409572,0.005036777351051569
