HASC_1,Max,Mean,Min
IT.AB,0.006769227329641581,0.00610152306035161,0.005387591663748026
IT.SD,0.009675866924226284,0.007609450211748481,0.0061141327023506165
IT.PU,0.008659726940095425,0.007227197661995888,0.006403016392141581
IT.LB,0.009287086315453053,0.008193965435826353,0.0069915130734443665
IT.CM,0.008862701244652271,0.007642973807047714,0.00623715715482831
IT.ER,0.008158095180988312,0.0066758027403718894,0.006068276707082987
IT.FV,0.0061444914899766445,0.0054920282111399705,0.004371452145278454
IT.LZ,0.008488384075462818,0.00714655061635901,0.005733219441026449
IT.LG,0.008158095180988312,0.006776127202266996,0.005310264881700277
IT.LM,0.0064785960130393505,0.005407382420304677,0.0031962471548467875
IT.MH,0.007247574627399445,0.006660288044561942,0.005733219441026449
IT.ML,0.007752863224595785,0.006681539351120591,0.006079005543142557
IT.PM,0.0077390349470078945,0.004789151962062246,0.0028034925926476717
IT.SC,0.00956746656447649,0.007601761697408031,0.005859263241291046
IT.TT,0.011100339703261852,0.009252568613737822,0.007926590740680695
IT.TC,0.008780366741120815,0.0075677507789805535,0.006515868008136749
IT.BC,0.006271488964557648,0.0044135878829715345,0.0031962471548467875
IT.UM,0.007297880947589874,0.006759478917552365,0.005733219441026449
IT.VB,0.0038573816418647766,0.003523789520841092,0.0031064229551702738
IT.VN,0.007219202816486359,0.0056774785659988135,0.0036140757147222757
