HASC_1,Max,Mean,Min
IT.AB,0.008761459030210972,0.008290961384773254,0.007722429931163788
IT.SD,0.011159472167491913,0.009330789744853973,0.007848791778087616
IT.PU,0.010317854583263397,0.008822064381092787,0.007848791778087616
IT.LB,0.011539828963577747,0.009768277340169464,0.0085940882563591
IT.CM,0.01104805152863264,0.009622084484858946,0.007848791778087616
IT.ER,0.010125689208507538,0.008675345426632298,0.008062414824962616
IT.FV,0.009939722716808319,0.00876887577275435,0.006689203903079033
IT.LZ,0.010986857116222382,0.009258906850043465,0.007882011123001575
IT.LG,0.010278913192451,0.009160195307975466,0.007402472198009491
IT.LM,0.008918496780097485,0.007809681412966355,0.005210293456912041
IT.MH,0.009329530410468578,0.008637966588139534,0.007899892516434193
IT.ML,0.010005366988480091,0.008663855609484017,0.007848791778087616
IT.PM,0.010278913192451,0.007093666366448528,0.004902018699795008
IT.SC,0.011384062469005585,0.009346533128443886,0.007738881278783083
IT.TT,0.0118136927485466,0.010296924132853746,0.008059076964855194
IT.TC,0.010545623488724232,0.009266087040305137,0.007882011123001575
IT.BC,0.008831236511468887,0.00681312049094301,0.005210293456912041
IT.UM,0.009059958159923553,0.00843357988115814,0.007882011123001575
IT.VB,0.006272925063967705,0.005653871223330498,0.005144807975739241
IT.VN,0.009788247756659985,0.008346488836276181,0.005806181114166975
