HASC_1,Max,Mean,Min
IT.AB,0.002679361030459404,0.00238265560215546,0.002030047820881009
IT.SD,0.0045518213883042336,0.003378362546209246,0.0024623204953968525
IT.PU,0.004475368652492762,0.003400760027579963,0.0025598336942493916
IT.LB,0.005357358604669571,0.004210632909754557,0.003470473689958453
IT.CM,0.0044985744170844555,0.0036162233869121833,0.002467645099386573
IT.ER,0.00325164501555264,0.0023389532127314145,0.002008649753406644
IT.FV,0.002737256698310375,0.0019586535506985253,0.0010561278322711587
IT.LZ,0.0045054093934595585,0.003294359481729129,0.002030047820881009
IT.LG,0.0037352375220507383,0.0028542047789828343,0.0021060039289295673
IT.LM,0.002390159061178565,0.001678005475854582,0.00048825459089130163
IT.MH,0.0029070107266306877,0.0024236017682900033,0.002030047820881009
IT.ML,0.0037936901208013296,0.002806423115544021,0.0024623204953968525
IT.PM,0.0033716093748807907,0.0017745072346817899,0.0007188401068560779
IT.SC,0.005011730827391148,0.003816313822479809,0.002827180316671729
IT.TT,0.00685097137466073,0.005109611075992385,0.0036588639486581087
IT.TC,0.0041932398453354836,0.003178237995598465,0.002262565540149808
IT.BC,0.0020969242323189974,0.0011970599701341528,0.00048825459089130163
IT.UM,0.0034787387121468782,0.00250582748817073,0.002030047820881009
IT.VB,0.0019234548090025783,0.0013303340238053352,0.001074188039638102
IT.VN,0.0029209183994680643,0.0019408935229020083,0.0009984703501686454
