HASC_1,Max,Mean,Min
IT.AB,0.0076700616627931595,0.006732582269857327,0.005734739359468222
IT.SD,0.008940594270825386,0.007897886564023793,0.006997482851147652
IT.PU,0.009137209504842758,0.007725366810336709,0.007110096048563719
IT.LB,0.008734283037483692,0.008046229436461414,0.007234788965433836
IT.CM,0.009529010392725468,0.008593557529490103,0.00735264690592885
IT.ER,0.008363541215658188,0.007473969055960576,0.00574638182297349
IT.FV,0.007998364046216011,0.006343964487314224,0.004275061190128326
IT.LZ,0.009429669938981533,0.008122000158490503,0.006080604624003172
IT.LG,0.008363541215658188,0.006938821085813371,0.005519089754670858
IT.LM,0.007786568719893694,0.00556441560468596,0.003063715761527419
IT.MH,0.007901486940681934,0.007123314930746953,0.006080604624003172
IT.ML,0.008939004503190517,0.007517135934904218,0.006465094164013863
IT.PM,0.007651226595044136,0.004653695860485497,0.0027583010960370302
IT.SC,0.00888297613710165,0.007586642935433809,0.0065637994557619095
IT.TT,0.010088182054460049,0.008673231427868208,0.007096903398633003
IT.TC,0.008644398301839828,0.008207381330430507,0.007713851053267717
IT.BC,0.006512619089335203,0.004611076876664391,0.003063715761527419
IT.UM,0.008411622606217861,0.007549368931601445,0.006080604624003172
IT.VB,0.0035729582887142897,0.0032772793201729655,0.0029570034239441156
IT.VN,0.008256015367805958,0.006538849844432929,0.004090684000402689
