HASC_1,Max,Mean,Min
IT.AB,0.006848180200904608,0.005647151317033503,0.004846497904509306
IT.SD,0.007823232561349869,0.006307780602946877,0.005254590883851051
IT.PU,0.007214152719825506,0.006034457543864846,0.005254590883851051
IT.LB,0.00841745175421238,0.006873287825978228,0.005681121256202459
IT.CM,0.0074636973440647125,0.006696972149339589,0.005761945154517889
IT.ER,0.005681677255779505,0.0043134775866443915,0.003623370314016938
IT.FV,0.0037720638792961836,0.003307662024680111,0.002619051607325673
IT.LZ,0.007845882326364517,0.006800374920096467,0.005145236384123564
IT.LG,0.00667604198679328,0.005433859684589234,0.004447941202670336
IT.LM,0.004932606592774391,0.003750175480609355,0.0024457809049636126
IT.MH,0.005984071642160416,0.004860864538285468,0.004382852930575609
IT.ML,0.007035100366920233,0.005956256354693323,0.005361482035368681
IT.PM,0.0061910985969007015,0.00398688458249365,0.0023838516790419817
IT.SC,0.008936408907175064,0.007486342452466488,0.0065725683234632015
IT.TT,0.009487632662057877,0.00804315263715883,0.0069541968405246735
IT.TC,0.007740421686321497,0.005886995769105852,0.0039116982370615005
IT.BC,0.004046643152832985,0.003138498689692754,0.0022743381559848785
IT.UM,0.007201278116554022,0.00554372173630529,0.004382852930575609
IT.VB,0.0039361752569675446,0.0032462814124301076,0.0028904713690280914
IT.VN,0.004034960642457008,0.003531621248625657,0.002680424600839615
