HASC_1,Max,Mean,Min
IT.AB,0.005753687117248774,0.005277555798076921,0.004847139585763216
IT.SD,0.0067715756595134735,0.005618366366252303,0.004479100927710533
IT.PU,0.006085248198360205,0.005291826277971268,0.004479100927710533
IT.LB,0.006902387831360102,0.006003620734970484,0.00468481658026576
IT.CM,0.006178549025207758,0.00584169231693853,0.005392085295170546
IT.ER,0.007340680807828903,0.006287577148112986,0.005810828413814306
IT.FV,0.006287585943937302,0.005201920013253887,0.00355546735227108
IT.LZ,0.007277102675288916,0.006210347391007578,0.0049079363234341145
IT.LG,0.007340680807828903,0.00657658532939174,0.00535592483356595
IT.LM,0.006560336798429489,0.005332023047072732,0.0032128996681421995
IT.MH,0.00595300504937768,0.005534880328923464,0.0049079363234341145
IT.ML,0.006028504576534033,0.005577843054197729,0.005213668569922447
IT.PM,0.0071570188738405704,0.004994229560619907,0.0033768918365240097
IT.SC,0.008303255774080753,0.0072357110843500674,0.005458921194076538
IT.TT,0.008223227225244045,0.007112847982595364,0.0059363953769207
IT.TC,0.007991165854036808,0.006956024235114456,0.005822669714689255
IT.BC,0.00586145231500268,0.00413346433868775,0.0032128996681421995
IT.UM,0.006659200880676508,0.005775718691034449,0.0049079363234341145
IT.VB,0.004424344282597303,0.00401863525621593,0.003590912325307727
IT.VN,0.006362687796354294,0.005365628023248385,0.003383329138159752
