HASC_1,Max,Mean,Min
IT.AB,0.010885216295719147,0.009439746228357157,0.008325156755745411
IT.SD,0.015867529436945915,0.01116281549911946,0.007638114038854837
IT.PU,0.015283881686627865,0.010290306573733688,0.007638114038854837
IT.LB,0.016226906329393387,0.01340373492400561,0.008801278658211231
IT.CM,0.016957739368081093,0.013043837198479609,0.008262214250862598
IT.ER,0.013839700259268284,0.011275243169317642,0.009682792238891125
IT.FV,0.013447104953229427,0.011908333334657881,0.009823459200561047
IT.LZ,0.016395706683397293,0.012937360607525882,0.008959668688476086
IT.LG,0.015695391222834587,0.013505350713702765,0.011184033937752247
IT.LM,0.013775486499071121,0.01144620557518109,0.008348283357918262
IT.MH,0.011937279254198074,0.01017494106458293,0.009214538149535656
IT.ML,0.014780341647565365,0.010075785452499986,0.00825498253107071
IT.PM,0.015695391222834587,0.010849491668570983,0.0074554854072630405
IT.SC,0.01597450114786625,0.013187536421944113,0.0093000503256917
IT.TT,0.01717962697148323,0.01435691515604655,0.009997187182307243
IT.TC,0.015978315845131874,0.012748990906402469,0.009682792238891125
IT.BC,0.012733914889395237,0.010338382222331487,0.008348283357918262
IT.UM,0.014004368335008621,0.010446385273502933,0.009214538149535656
IT.VB,0.010168054141104221,0.00935556273907423,0.008603391237556934
IT.VN,0.014213859103620052,0.011647128226125942,0.009568032808601856
