HASC_1,Max,Mean,Min
IT.AB,0.011976025067269802,0.009900309248930879,0.008286895230412483
IT.SD,0.017899930477142334,0.012441592896357179,0.008839867077767849
IT.PU,0.01755756139755249,0.012252979911863804,0.008839867077767849
IT.LB,0.01771269179880619,0.0141213318732168,0.010178986005485058
IT.CM,0.01794411800801754,0.015070921487428925,0.010193211026489735
IT.ER,0.01093763392418623,0.009021652758949332,0.008009376004338264
IT.FV,0.012495935894548893,0.011067579914298322,0.00877199787646532
IT.LZ,0.016450824216008186,0.012850170023739338,0.008286895230412483
IT.LG,0.012145143002271652,0.00944074708968401,0.006865840870887041
IT.LM,0.01009331364184618,0.008551722898593416,0.0064911264926195145
IT.MH,0.01161044929176569,0.009655197151005268,0.008286895230412483
IT.ML,0.016450824216008186,0.011864187428727746,0.009673300199210644
IT.PM,0.010925553739070892,0.007420226514927651,0.005781433079391718
IT.SC,0.013604105450212955,0.011178024222745615,0.008815230801701546
IT.TT,0.018509646877646446,0.015683552188177904,0.009107769466936588
IT.TC,0.013172409497201443,0.011186470370739698,0.00866351742297411
IT.BC,0.01052055973559618,0.008537472942127632,0.0064911264926195145
IT.UM,0.013750176876783371,0.010126329751478301,0.008286895230412483
IT.VB,0.008373997174203396,0.007106325472705066,0.006145259831100702
IT.VN,0.012009561993181705,0.009826672646929236,0.007947783917188644
