HASC_1,Max,Mean,Min
IT.AB,0.0086616026237607,0.007129701682262951,0.00621439516544342
IT.SD,0.010815635323524475,0.007742451573722065,0.00572984991595149
IT.PU,0.008473251946270466,0.006743048690259457,0.00572984991595149
IT.LB,0.009998972527682781,0.008278021489136986,0.006483649369329214
IT.CM,0.01020925771445036,0.008170207793062384,0.0061655193567276
IT.ER,0.0096381651237607,0.008660115042908324,0.007923300378024578
IT.FV,0.009700949303805828,0.00848926179524925,0.006433104630559683
IT.LZ,0.01107010617852211,0.009442241232403937,0.0066878944635391235
IT.LG,0.0096381651237607,0.008797371463680809,0.007526809815317392
IT.LM,0.008771275170147419,0.007636662228437869,0.004920735955238342
IT.MH,0.008935466408729553,0.007809530271010267,0.0066878944635391235
IT.ML,0.009351745247840881,0.0071015506982803345,0.0061655193567276
IT.PM,0.009605581872165203,0.006807593236628331,0.004390651825815439
IT.SC,0.012588991783559322,0.010378987637951094,0.008037502877414227
IT.TT,0.01223120465874672,0.01022637807764113,0.007610177155584097
IT.TC,0.011174851097166538,0.009954483015462756,0.00852626096457243
IT.BC,0.008530870079994202,0.006496316036925866,0.004920735955238342
IT.UM,0.0103833032771945,0.008616621295611063,0.0066878944635391235
IT.VB,0.0059387036599218845,0.005304073449224234,0.004657283425331116
IT.VN,0.009595568291842937,0.008106924566056798,0.005704417824745178
