HASC_1,Max,Mean,Min
IT.AB,0.010619631968438625,0.009408933214015432,0.008581788279116154
IT.SD,0.014400475658476353,0.010712444642558694,0.008672546595335007
IT.PU,0.013805701397359371,0.010863287933170795,0.008672546595335007
IT.LB,0.014703108929097652,0.012641127886516708,0.00994856283068657
IT.CM,0.014398409985005856,0.012475555423985828,0.009938389994204044
IT.ER,0.012920849956572056,0.010435131119771136,0.00892622396349907
IT.FV,0.012332751415669918,0.011329210156367885,0.009509713388979435
IT.LZ,0.015308692120015621,0.012163865379989147,0.00870520994067192
IT.LG,0.014154110103845596,0.011933781206607819,0.009841115213930607
IT.LM,0.012880160473287106,0.010495606121485647,0.007487209513783455
IT.MH,0.010981074534356594,0.009417533977992006,0.00870520994067192
IT.ML,0.013508631847798824,0.010353060206398368,0.008849453181028366
IT.PM,0.013670597225427628,0.00969081984734849,0.006900142878293991
IT.SC,0.01476350799202919,0.012128495337331997,0.008767437189817429
IT.TT,0.016826463863253593,0.012391790297503274,0.007506997790187597
IT.TC,0.0146950026974082,0.011890622368082405,0.00892622396349907
IT.BC,0.01249614730477333,0.009857683048511926,0.007487209513783455
IT.UM,0.012447669170796871,0.009690152688158883,0.00870520994067192
IT.VB,0.009008160792291164,0.008419525111094117,0.007815670222043991
IT.VN,0.012936585582792759,0.011125804418150117,0.009025326929986477
