HASC_1,Max,Mean,Min
IT.AB,0.011684101074934006,0.010263708834018972,0.009063085541129112
IT.SD,0.01499557588249445,0.010755440732464195,0.00759180448949337
IT.PU,0.015974681824445724,0.010512893367558718,0.00759180448949337
IT.LB,0.016867956146597862,0.013724203554115124,0.008769353851675987
IT.CM,0.017269136384129524,0.013555101711641659,0.008357604965567589
IT.ER,0.014508250169456005,0.011799619791822301,0.010073662735521793
IT.FV,0.012581351213157177,0.011575559257633157,0.010635536164045334
IT.LZ,0.017383258789777756,0.013672390733571613,0.009604613296687603
IT.LG,0.01548735424876213,0.013491213321685791,0.010811489075422287
IT.LM,0.013810637407004833,0.011780008106775906,0.009084702469408512
IT.MH,0.011855445802211761,0.010789377925296625,0.010073662735521793
IT.ML,0.015097144059836864,0.01041293260641396,0.008354426361620426
IT.PM,0.015373707748949528,0.010411092300752276,0.006887436378747225
IT.SC,0.015358290635049343,0.012368016711929265,0.009129048325121403
IT.TT,0.01676972769200802,0.013638034214576085,0.008149624802172184
IT.TC,0.01553456112742424,0.013053720863536001,0.010073662735521793
IT.BC,0.012472949922084808,0.010574403004004406,0.009084702469408512
IT.UM,0.014326256699860096,0.011037668834129969,0.010073662735521793
IT.VB,0.009968758560717106,0.008623004658147693,0.007659992203116417
IT.VN,0.013590815477073193,0.011489336652790798,0.010346095077693462
