HASC_1,Max,Mean,Min
IT.AB,0.011680852621793747,0.00931977496171991,0.007798283826559782
IT.SD,0.016018960624933243,0.010885154246352613,0.0075438921339809895
IT.PU,0.01461594644933939,0.010875657526776194,0.0075438921339809895
IT.LB,0.015951884910464287,0.01309704887015479,0.00999014638364315
IT.CM,0.014990105293691158,0.012965149838816036,0.009638876654207706
IT.ER,0.01328477542847395,0.009947443225731453,0.008705387823283672
IT.FV,0.012869291007518768,0.010402575652632449,0.007498195394873619
IT.LZ,0.014593853615224361,0.012458649847437353,0.008902480825781822
IT.LG,0.013311001472175121,0.010837790175256405,0.00748468516394496
IT.LM,0.010215054266154766,0.008700218841271557,0.006295135244727135
IT.MH,0.01106605026870966,0.009714720046354665,0.008902480825781822
IT.ML,0.014124645851552486,0.010032466030679643,0.007829754613339901
IT.PM,0.013311001472175121,0.007894861266801232,0.0056226360611617565
IT.SC,0.013981434516608715,0.011937952600419521,0.009501070715487003
IT.TT,0.017900558188557625,0.014401260328789552,0.009434392675757408
IT.TC,0.014025780372321606,0.01160850110463798,0.009118170477449894
IT.BC,0.010156244970858097,0.007968344689848332,0.006295135244727135
IT.UM,0.013516835868358612,0.010475054900679324,0.008902480825781822
IT.VB,0.008335283026099205,0.007234266027808189,0.00651567243039608
IT.VN,0.012182326056063175,0.009638839099994478,0.007185469847172499
