HASC_1,Max,Mean,Min
CN.AH,0.6713465452194214,0.21570494571192697,0.0
CN.BJ,0.513529360294342,0.1912046546737353,0.0
CN.CQ,0.0,0.0,0.0
CN.FJ,0.6222047805786133,0.1841112254276162,0.0
CN.GS,0.4144684970378876,0.015734787765549776,0.0
CN.GD,0.5277748107910156,0.07497673310947152,0.0
CN.GX,0.0,0.0,0.0
CN.GZ,0.0,0.0,0.0
CN.HA,0.0,0.0,0.0
CN.HB,0.8509359955787659,0.20549625532372007,0.0
CN.HL,0.8663544654846191,0.06484939391088497,0.0
CN.HE,0.8271159529685974,0.26069542650630256,0.0
CN.HU,0.7599625587463379,0.1295083279087521,0.0
CN.HN,0.4884563088417053,0.05895892474694716,0.0
CN.JS,0.45643922686576843,0.14581980797403676,0.0
CN.JX,0.7189203500747681,0.2384567524927358,0.0
CN.JL,0.0969226285815239,0.002975568744612088,0.0
CN.LN,0.3497910499572754,0.03713920909995695,0.0
CN.NM,0.9173994660377502,0.04700268508299692,0.0
CN.NX,0.0,0.0,0.0
CN.QH,0.8168317675590515,0.14909129329810508,0.0
CN.SA,0.765058696269989,0.02409214810627609,0.0
CN.SD,0.6587834358215332,0.17875770615030298,0.0
CN.SH,0.36899805068969727,0.16294273292576825,0.0
CN.SX,0.8881058692932129,0.31395821992896106,0.0
CN.SC,0.3341098725795746,0.021213710758142244,0.0
CN.TJ,0.44615718722343445,0.21247361691630617,0.0
CN.XJ,0.9205002784729004,0.14323048232107402,0.0
CN.XZ,0.8222637176513672,0.12963220104424922,0.0
CN.YN,0.3999502956867218,0.07261737110171498,0.0
CN.ZJ,0.4689332842826843,0.18537318894968313,0.0
