HASC_1,Max,Mean,Min
CN.AH,0.0,0.0,0.0
CN.BJ,0.09444600343704224,0.027087535793624638,0.0
CN.CQ,0.40093371272087097,0.10394762798138853,0.0
CN.FJ,0.41563719511032104,0.09482942206945846,0.0
CN.GS,0.9006239175796509,0.10466962479265585,0.0
CN.GD,0.32751888036727905,0.026962446329138322,0.0
CN.GX,0.4578980505466461,0.13305263884578142,0.0
CN.GZ,0.458156943321228,0.17878775778569672,0.0
CN.HA,0.4101143777370453,0.16193104659517607,0.0
CN.HB,0.3743085563182831,0.036525130262090574,0.0
CN.HL,0.7095814943313599,0.06980932205729012,0.0
CN.HE,0.0,0.0,0.0
CN.HU,0.30827441811561584,0.011004164289463207,0.0
CN.HN,0.3219684958457947,0.03800141899309531,0.0
CN.JS,0.5246115326881409,0.017923004191086674,0.0
CN.JX,0.36196109652519226,0.012704950117525489,0.0
CN.JL,0.8384060859680176,0.1357357093679678,0.0
CN.LN,0.8947248458862305,0.27858730198751236,0.0
CN.NM,0.9304418563842773,0.09019081299435562,0.0
CN.NX,0.37175124883651733,0.09694043376030474,0.0
CN.QH,0.880244255065918,0.17884049437515553,0.0
CN.SA,0.34224188327789307,0.033899434916387555,0.0
CN.SD,0.8590856194496155,0.06749853777994771,0.0
CN.SH,0.6274408102035522,0.18690574477875121,0.0
CN.SX,0.0,0.0,0.0
CN.SC,0.8128036856651306,0.19036740686296655,0.0
CN.TJ,0.09381773322820663,0.045054205555506814,0.0
CN.XJ,0.9036737680435181,0.0656233945794447,0.0
CN.XZ,0.7776697874069214,0.058018779277838474,0.0
CN.YN,0.70556640625,0.19104175001007168,0.0
CN.ZJ,0.5132268667221069,0.06694374980923064,0.0
