HASC_1,Max,Mean,Min
CN.AH,0.47094255685806274,0.16701291731812737,0.0
CN.BJ,0.37728258967399597,0.1523321212993728,0.0
CN.CQ,0.5277906060218811,0.02991528813547441,0.0
CN.FJ,0.47998178005218506,0.15584660637236777,0.0
CN.GS,0.776688814163208,0.007039558363891004,0.0
CN.GD,0.5590664148330688,0.13288971902423566,0.0
CN.GX,0.5068402886390686,0.04406034221012859,0.0
CN.GZ,0.08954857289791107,0.0005081270007710707,0.0
CN.HA,0.3730747699737549,0.012430885953276797,0.0
CN.HB,0.45679014921188354,0.12507143263893192,0.0
CN.HL,0.9072078466415405,0.1318463164379624,0.0
CN.HE,0.7710431814193726,0.2232774575496768,0.0
CN.HU,0.8024352192878723,0.24061143389356707,0.0
CN.HN,0.715523362159729,0.2625043164403486,0.0
CN.JS,0.39124900102615356,0.1133109870566964,0.0
CN.JX,0.5933500528335571,0.1971141818445176,0.0
CN.JL,0.46340852975845337,0.03026935895530968,0.0
CN.LN,0.0,0.0,0.0
CN.NM,0.901213526725769,0.048583752998146865,0.0
CN.NX,0.36988702416419983,0.03284690748642745,0.0
CN.QH,0.4428262412548065,0.08037789643811179,0.0
CN.SA,0.8525732755661011,0.18748525134864708,0.0
CN.SD,0.41215384006500244,0.11205245281898361,0.0
CN.SH,0.2989387512207031,0.04864304281633209,0.0
CN.SX,0.8269793391227722,0.2797820772622761,0.0
CN.SC,0.08637581765651703,0.0003346199632141158,0.0
CN.TJ,0.34320318698883057,0.17523378924447663,0.0
CN.XJ,0.9087418913841248,0.14887280896756483,0.0
CN.XZ,0.8470144271850586,0.15458361031841267,0.0
CN.YN,0.2918398976325989,0.00539270218367837,0.0
CN.ZJ,0.4026798605918884,0.1409470715074456,0.0
