HASC_1,Max,Mean,Min
CN.AH,0.566734254360199,0.18186220394616778,0.0
CN.BJ,0.4273710548877716,0.17109367789493668,0.0
CN.CQ,0.03755214810371399,0.0002824673644414254,0.0
CN.FJ,0.5077193379402161,0.16756319478154183,0.0
CN.GS,0.3381249010562897,0.008538791872123988,0.0
CN.GD,0.5389130115509033,0.11247223360703135,0.0
CN.GX,0.4257415235042572,0.0039010302903277434,0.0
CN.GZ,0.0,0.0,0.0
CN.HA,0.0,0.0,0.0
CN.HB,0.6460314989089966,0.16245720898336508,0.0
CN.HL,0.9027847647666931,0.0993366003934414,0.0
CN.HE,0.8202468156814575,0.26692826415483767,0.0
CN.HU,0.7574253678321838,0.20231012810455062,0.0
CN.HN,0.7172572016716003,0.17180693608081268,0.0
CN.JS,0.45686018466949463,0.1309852259962455,0.0
CN.JX,0.708052396774292,0.2289982606501629,0.0
CN.JL,0.3734051585197449,0.012631811208224581,0.0
CN.LN,0.3193132281303406,0.010526833432758677,0.0
CN.NM,0.907301127910614,0.04575820822537911,0.0
CN.NX,0.09474854171276093,0.00768323012160845,0.0
CN.QH,0.6623464226722717,0.11216325727225142,0.0
CN.SA,0.9031961560249329,0.09615455674231924,0.0
CN.SD,0.4625205993652344,0.14174848962712155,0.0
CN.SH,0.3396271765232086,0.14447583175367779,0.0
CN.SX,0.8608797788619995,0.34153969030631215,0.0
CN.SC,0.29979678988456726,0.0016492272524832221,0.0
CN.TJ,0.36948782205581665,0.19162986838087745,0.0
CN.XJ,0.9177433252334595,0.14805488684497103,0.0
CN.XZ,0.8332509398460388,0.1483427210891929,0.0
CN.YN,0.3682476282119751,0.03605072226675824,0.0
CN.ZJ,0.4382231831550598,0.1689425722860238,0.0
