HASC_1,Max,Mean,Min
CN.AH,0.0,0.0,0.0
CN.BJ,0.09457878768444061,0.02797004552040663,0.0
CN.CQ,0.40609991550445557,0.1036791384799632,0.0
CN.FJ,0.0,0.0,0.0
CN.GS,0.9016590118408203,0.10460410834136946,0.0
CN.GD,0.32942140102386475,0.018096400900622426,0.0
CN.GX,0.4561362862586975,0.12201420032753325,0.0
CN.GZ,0.45715638995170593,0.1784714158585197,0.0
CN.HA,0.40259891748428345,0.16140966510607135,0.0
CN.HB,0.3767254054546356,0.03741222117416867,0.0
CN.HL,0.7335562109947205,0.06910473847984286,0.0
CN.HE,0.0,0.0,0.0
CN.HU,0.3066205084323883,0.010739382485755615,0.0
CN.HN,0.3222160339355469,0.02486398229498719,0.0
CN.JS,0.5116499066352844,0.01950245250802676,0.0
CN.JX,0.0,0.0,0.0
CN.JL,0.8250929117202759,0.1350138361727738,0.0
CN.LN,0.9030952453613281,0.2786159402594484,0.0
CN.NM,0.9122874736785889,0.09011820672592058,0.0
CN.NX,0.3761819899082184,0.09601367987638768,0.0
CN.QH,0.8901564478874207,0.17950645113153232,0.0
CN.SA,0.3544555902481079,0.03333776171532027,0.0
CN.SD,0.86328125,0.07297027218862862,0.0
CN.SH,0.6411070823669434,0.19352873355253702,0.0
CN.SX,0.0,0.0,0.0
CN.SC,0.8240309953689575,0.18979264876288374,0.0
CN.TJ,0.09527470916509628,0.045901799764040484,0.0
CN.XJ,0.9130913615226746,0.06562046459818037,0.0
CN.XZ,0.7774089574813843,0.05683188698302698,0.0
CN.YN,0.6944005489349365,0.190612030753273,0.0
CN.ZJ,0.5113216638565063,0.034727909683865354,0.0
