HASC_1,Max,Mean,Min
CN.AH,0.05263683572411537,0.0009692324294395472,0.0
CN.BJ,0.37333258986473083,0.09468198720262283,0.0
CN.CQ,0.3319372534751892,0.051528235579676486,0.0
CN.FJ,0.4193370044231415,0.002252772859563785,0.0
CN.GS,0.8922231793403625,0.09725602451362647,0.0
CN.GD,0.2864375710487366,0.006524244499814813,0.0
CN.GX,0.4303528666496277,0.08354592322288938,0.0
CN.GZ,0.4194309115409851,0.1411458594724536,0.0
CN.HA,0.32829704880714417,0.12697171750155828,0.0
CN.HB,0.8775882720947266,0.09083483272845541,0.0
CN.HL,0.5434920191764832,0.03568852038005293,0.0
CN.HE,0.0,0.0,0.0
CN.HU,0.0,0.0,0.0
CN.HN,0.0,0.0,0.0
CN.JS,0.765650749206543,0.11814282478479397,0.0
CN.JX,0.0,0.0,0.0
CN.JL,0.5897470116615295,0.09879940628155094,0.0
CN.LN,0.8918764591217041,0.24515349050534183,0.0
CN.NM,0.9171264171600342,0.08598744769208384,0.0
CN.NX,0.3146984279155731,0.03401507855132949,0.0
CN.QH,0.8922231793403625,0.21464576888853873,0.0
CN.SA,0.31331872940063477,0.0101880851001661,0.0
CN.SD,0.8667237162590027,0.1414370773209993,0.0
CN.SH,0.722898542881012,0.3103401009683256,0.0
CN.SX,0.04145636409521103,0.00017057718632522187,0.0
CN.SC,0.8028006553649902,0.16017419917078282,0.0
CN.TJ,0.37333258986473083,0.1586386503613725,0.0
CN.XJ,0.9087110161781311,0.07079940108946248,0.0
CN.XZ,0.8237130641937256,0.05616370702451087,0.0
CN.YN,0.68470299243927,0.18785499672428901,0.0
CN.ZJ,0.6915839910507202,0.13544494779340205,0.0
