HASC_1,Max,Mean,Min
CN.AH,0.4805326461791992,0.13293698897119943,0.0
CN.BJ,0.7369198203086853,0.1912028699233714,0.0
CN.CQ,0.3455146253108978,0.07954764554605764,0.0
CN.FJ,0.43001508712768555,0.12015510080827448,0.0
CN.GS,0.8776553273200989,0.10163438646047022,0.0
CN.GD,0.3612287640571594,0.023195005875807154,0.0
CN.GX,0.411043643951416,0.09922284556144048,0.0
CN.GZ,0.4251365065574646,0.1584720790660695,0.0
CN.HA,0.3111374080181122,0.1436246398974348,0.0
CN.HB,0.8716129064559937,0.20597322035800608,0.0
CN.HL,0.5725683569908142,0.04041686066876774,0.0
CN.HE,0.3868664503097534,0.06789181818695754,0.0
CN.HU,0.38066136837005615,0.026314621387427906,0.0
CN.HN,0.2856311500072479,0.006872180159184342,0.0
CN.JS,0.7746127247810364,0.18794260437685797,0.0
CN.JX,0.4218343496322632,0.0846746895336158,0.0
CN.JL,0.6128768920898438,0.10836862928041702,0.0
CN.LN,0.865049421787262,0.24841129178630894,0.0
CN.NM,0.9208288192749023,0.10057600041982452,0.0
CN.NX,0.3148522973060608,0.07155088103184151,0.0
CN.QH,0.8608261942863464,0.27315373653334113,0.0
CN.SA,0.3406728208065033,0.022322677175815434,0.0
CN.SD,0.865956723690033,0.2267469685519994,0.0
CN.SH,0.7322169542312622,0.3121106872955958,0.0
CN.SX,0.39208680391311646,0.04755235829604077,0.0
CN.SC,0.7910491228103638,0.16357440424397054,0.0
CN.TJ,0.7496196031570435,0.3376738149292615,0.0
CN.XJ,0.9437223076820374,0.11106077125270887,0.0
CN.XZ,0.776222288608551,0.09611183604722347,0.0
CN.YN,0.7110210657119751,0.18774130812086978,0.0
CN.ZJ,0.6844572424888611,0.20445787802472135,0.0
