HASC_1,Max,Mean,Min
CN.AH,0.3218405842781067,0.0440337301496501,0.0
CN.BJ,0.0,0.0,0.0
CN.CQ,0.7168949842453003,0.21390356276841724,0.0
CN.FJ,0.33326974511146545,0.06620487864905347,0.0
CN.GS,0.8583680391311646,0.06243328196812925,0.0
CN.GD,0.5203478336334229,0.1342226762790233,0.0
CN.GX,0.5388768911361694,0.1728640974958936,0.0
CN.GZ,0.7168949842453003,0.2178531694049506,0.0
CN.HA,0.5235083699226379,0.17367445767201758,0.0
CN.HB,0.32162946462631226,0.019259008403614532,0.0
CN.HL,0.9103554487228394,0.18832346824548987,0.0
CN.HE,0.4375480115413666,0.1379058824288369,0.0
CN.HU,0.5803493857383728,0.17834932142351237,0.0
CN.HN,0.6332666873931885,0.21973657481273767,0.0
CN.JS,0.0,0.0,0.0
CN.JX,0.41371574997901917,0.13956171110697443,0.0
CN.JL,0.9037383794784546,0.17126189448830226,0.0
CN.LN,0.3723100423812866,0.02545947179446714,0.0
CN.NM,0.8961219787597656,0.06476873092078629,0.0
CN.NX,0.8583680391311646,0.2609598237488951,0.0
CN.QH,0.3279290795326233,0.012502295590291876,0.0
CN.SA,0.7929580211639404,0.19052223949646108,0.0
CN.SD,0.3025270700454712,0.005811511704557822,0.0
CN.SH,0.0,0.0,0.0
CN.SX,0.4420151114463806,0.15387323903410058,0.0
CN.SC,0.7669849395751953,0.06626801930155046,0.0
CN.TJ,0.0,0.0,0.0
CN.XJ,0.9010007977485657,0.12076738235022189,0.0
CN.XZ,0.8029623031616211,0.15006556817477232,0.0
CN.YN,0.445834755897522,0.005511190556870194,0.0
CN.ZJ,0.0,0.0,0.0
