HASC_1,Max,Mean,Min
CN.AH,0.7956374883651733,0.18156376529457868,0.0
CN.BJ,0.8946176767349243,0.37099343289931613,0.0
CN.CQ,0.0,0.0,0.0
CN.FJ,0.6745976209640503,0.12078942101714867,0.0
CN.GS,0.8377635478973389,0.053261086793511256,0.0
CN.GD,0.0,0.0,0.0
CN.GX,0.3115506172180176,0.015427543660853584,0.0
CN.GZ,0.32602059841156006,0.04168210251918553,0.0
CN.HA,0.0,0.0,0.0
CN.HB,0.8916032314300537,0.2311864822505065,0.0
CN.HL,0.38473936915397644,0.010030206237439526,0.0
CN.HE,0.5986379981040955,0.014430441309481725,0.0
CN.HU,0.0,0.0,0.0
CN.HN,0.0,0.0,0.0
CN.JS,0.8126839995384216,0.2512898538351635,0.0
CN.JX,0.42693689465522766,0.02595846908346478,0.0
CN.JL,0.3732321262359619,0.03406524107739118,0.0
CN.LN,0.6390715837478638,0.1578859834321614,0.0
CN.NM,0.9094327092170715,0.06677404200295993,0.0
CN.NX,0.0,0.0,0.0
CN.QH,0.868984580039978,0.25498144461454636,0.0
CN.SA,0.0,0.0,0.0
CN.SD,0.8680157661437988,0.2701533664538361,0.0
CN.SH,0.6356092691421509,0.22076725352693488,0.0
CN.SX,0.36716708540916443,0.026284106225892556,0.0
CN.SC,0.46568191051483154,0.10375459204830496,0.0
CN.TJ,0.8395482301712036,0.4331836219953031,0.0
CN.XJ,0.9131096601486206,0.09690866237628043,0.0
CN.XZ,0.8200371861457825,0.06146377763493972,0.0
CN.YN,0.48812395334243774,0.15928102703530247,0.0
CN.ZJ,0.7174422144889832,0.27174895219504835,0.0
