HASC_1,Max,Mean,Min
CN.AH,0.40243780612945557,0.15021596442569385,0.0
CN.BJ,0.3197067081928253,0.11504716741587294,0.0
CN.CQ,0.7256555557250977,0.13200028894191157,0.0
CN.FJ,0.4447435736656189,0.1416632326585906,0.0
CN.GS,0.8328216671943665,0.017057750038200464,0.0
CN.GD,0.5398486256599426,0.1446011397258743,0.0
CN.GX,0.5183913111686707,0.1545538882546408,0.0
CN.GZ,0.503760039806366,0.15704482690845525,0.0
CN.HA,0.42601650953292847,0.19911707848034524,0.0
CN.HB,0.40350669622421265,0.09080362921904528,0.0
CN.HL,0.904481053352356,0.15812170838138886,0.0
CN.HE,0.6630403399467468,0.18722949144276943,0.0
CN.HU,0.8091525435447693,0.23468909986938039,0.0
CN.HN,0.7228494882583618,0.2742191092137578,0.0
CN.JS,0.34988754987716675,0.05607216413766101,0.0
CN.JX,0.4818612039089203,0.18484696180870136,0.0
CN.JL,0.9282034039497375,0.06653584556761613,0.0
CN.LN,0.0032731785904616117,1.15804550440426e-05,0.0
CN.NM,0.9144604802131653,0.05328126575312429,0.0
CN.NX,0.8972573280334473,0.1335328946496168,0.0
CN.QH,0.40694451332092285,0.05190095357235384,0.0
CN.SA,0.8712127804756165,0.2367940235474662,0.0
CN.SD,0.37462401390075684,0.07354717664095327,0.0
CN.SH,0.0,0.0,0.0
CN.SX,0.6731305718421936,0.21815867370680758,0.0
CN.SC,0.7240210175514221,0.011048324597763115,0.0
CN.TJ,0.306180477142334,0.08381196643149823,0.0
CN.XJ,0.9207206964492798,0.14335278737627394,0.0
CN.XZ,0.8133387565612793,0.15788354470889412,0.0
CN.YN,0.39714133739471436,0.02988748887635803,0.0
CN.ZJ,0.3574163317680359,0.08543316178451585,0.0
