HASC_1,Max,Mean,Min
CN.AH,0.46478527784347534,0.1666496390646154,0.0
CN.BJ,0.3757191300392151,0.1434138593160444,0.0
CN.CQ,0.5057008266448975,0.13687490257306148,0.0
CN.FJ,0.47160205245018005,0.15388300653014864,0.0
CN.GS,0.768740713596344,0.03206508704721991,0.0
CN.GD,0.5376835465431213,0.14671556157586368,0.0
CN.GX,0.5008717179298401,0.13669821579762118,0.0
CN.GZ,0.45316585898399353,0.13802092016097098,0.0
CN.HA,0.4456237554550171,0.13611450096215305,0.0
CN.HB,0.4675428569316864,0.1257171307389662,0.0
CN.HL,0.9002467393875122,0.13138207443070418,0.0
CN.HE,0.8077319860458374,0.2230713727437096,0.0
CN.HU,0.8168572187423706,0.25181123149943435,0.0
CN.HN,0.7147367000579834,0.27436828176668776,0.0
CN.JS,0.36984628438949585,0.11845325385242844,0.0
CN.JX,0.5987062454223633,0.19913548122470578,0.0
CN.JL,0.46859875321388245,0.02976845286159855,0.0
CN.LN,0.0,0.0,0.0
CN.NM,0.9052278995513916,0.04847203663179833,0.0
CN.NX,0.44230496883392334,0.06426654513115178,0.0
CN.QH,0.4712246060371399,0.08928489700695406,0.0
CN.SA,0.8699266910552979,0.22483857193909348,0.0
CN.SD,0.4354235529899597,0.11535718355897938,0.0
CN.SH,0.2908945083618164,0.11817360154506147,0.0
CN.SX,0.8352504968643188,0.28106134377027814,0.0
CN.SC,0.518081545829773,0.04362029050178795,0.0
CN.TJ,0.3601982891559601,0.17782592621384835,0.0
CN.XJ,0.9106048345565796,0.15733256009426058,0.0
CN.XZ,0.8199629783630371,0.19096677956501878,0.0
CN.YN,0.3605256676673889,0.02533644052351871,0.0
CN.ZJ,0.3985466957092285,0.15249326227999785,0.0
