HASC_1,Max,Mean,Min
CN.AH,0.5273776650428772,0.1834867901084098,0.0
CN.BJ,0.4300171732902527,0.17015389684173796,0.0
CN.CQ,0.04598688706755638,0.0003577294055824442,0.0
CN.FJ,0.48236969113349915,0.16628533206170515,0.0
CN.GS,0.35395878553390503,0.008304833878589707,0.0
CN.GD,0.5346366763114929,0.11202066562833826,0.0
CN.GX,0.4198518395423889,0.004577883989006058,0.0
CN.GZ,0.0,0.0,0.0
CN.HA,0.0,0.0,0.0
CN.HB,0.6512856483459473,0.16115526989899545,0.0
CN.HL,0.9247087836265564,0.09907296270411008,0.0
CN.HE,0.7805522084236145,0.2659592786496812,0.0
CN.HU,0.7771416306495667,0.20588674206209767,0.0
CN.HN,0.7159159183502197,0.1742549184313117,0.0
CN.JS,0.4326494336128235,0.1304602462456422,0.0
CN.JX,0.6791717410087585,0.22902572485618294,0.0
CN.JL,0.3783014118671417,0.01283150218321324,0.0
CN.LN,0.3223959505558014,0.009832006715366553,0.0
CN.NM,0.9217427372932434,0.0457392858596181,0.0
CN.NX,0.09475455433130264,0.00810693558037562,0.0
CN.QH,0.6671919226646423,0.11205762705159421,0.0
CN.SA,0.8418582677841187,0.09786816503849698,0.0
CN.SD,0.49125126004219055,0.14161819806571763,0.0
CN.SH,0.3237621784210205,0.14462035080349003,0.0
CN.SX,0.8645461797714233,0.34100161502235815,0.0
CN.SC,0.2424798309803009,0.0013478352007774107,0.0
CN.TJ,0.38313010334968567,0.19301922011132144,0.0
CN.XJ,0.9216471314430237,0.14821316605066367,0.0
CN.XZ,0.8336156010627747,0.14823503943246785,0.0
CN.YN,0.34195250272750854,0.035111051243847745,0.0
CN.ZJ,0.4426087439060211,0.16966472480665235,0.0
