HASC_1,Max,Mean,Min
CN.AH,0.4645223617553711,0.16894205480136654,0.0
CN.BJ,0.3813791871070862,0.1545837898221281,0.0
CN.CQ,0.49702468514442444,0.12942704354868242,0.0
CN.FJ,0.47623544931411743,0.15733369273089226,0.0
CN.GS,0.7802426218986511,0.0414663660098995,0.0
CN.GD,0.5414146780967712,0.14751072188474887,0.0
CN.GX,0.5102668404579163,0.13537481764664405,0.0
CN.GZ,0.45297694206237793,0.13759950802466558,0.0
CN.HA,0.43044793605804443,0.13888630904599536,0.0
CN.HB,0.44412344694137573,0.12476120400320483,0.0
CN.HL,0.9301964640617371,0.17720418476852104,0.0
CN.HE,0.7988448143005371,0.20860662889898088,0.0
CN.HU,0.7924168705940247,0.25165531404005986,0.0
CN.HN,0.7200375199317932,0.275170533722425,0.0
CN.JS,0.40327781438827515,0.12165614825803876,0.0
CN.JX,0.6177913546562195,0.19927765640119713,0.0
CN.JL,0.9268945455551147,0.09138114596265871,0.0
CN.LN,0.24575969576835632,0.0026262257505079794,0.0
CN.NM,0.8944787979125977,0.06344217622930683,0.0
CN.NX,0.7564002275466919,0.11943612075744553,0.0
CN.QH,0.4474342167377472,0.09588783278221465,0.0
CN.SA,0.8678709268569946,0.22742694958372736,0.0
CN.SD,0.4318726658821106,0.12164228669981265,0.0
CN.SH,0.2887412905693054,0.11839616545303552,0.0
CN.SX,0.8383639454841614,0.26360084341226436,0.0
CN.SC,0.4658223092556,0.043261050915359596,0.0
CN.TJ,0.3434523940086365,0.17655874606297942,0.0
CN.XJ,0.9192134737968445,0.1831340218049141,0.0
CN.XZ,0.834348738193512,0.19243995727678795,0.0
CN.YN,0.3018817901611328,0.02371315847482007,0.0
CN.ZJ,0.39256906509399414,0.15090658850967884,0.0
