HASC_1,Max,Mean,Min
CN.AH,0.5616699457168579,0.15813277109165771,0.0
CN.BJ,0.8404414057731628,0.3486676514148712,0.0
CN.CQ,0.29728513956069946,0.03522129245102405,0.0
CN.FJ,0.48910588026046753,0.12985133069861513,0.0
CN.GS,0.9116628766059875,0.08471194769302517,0.0
CN.GD,0.40032947063446045,0.032130102225585724,0.0
CN.GX,0.3650577664375305,0.06229272891347216,0.0
CN.GZ,0.35862696170806885,0.11201571634039283,0.0
CN.HA,0.2892269790172577,0.08395448338706046,0.0
CN.HB,0.9079194068908691,0.2401527026706517,0.0
CN.HL,0.4371988773345947,0.019447536974786045,0.0
CN.HE,0.518312931060791,0.10266350575376493,0.0
CN.HU,0.42953985929489136,0.054817963297207624,0.0
CN.HN,0.3475087881088257,0.011476806491436894,0.0
CN.JS,0.8180975317955017,0.25034711992251124,0.0
CN.JX,0.4309350848197937,0.13170766169666118,0.0
CN.JL,0.4536620080471039,0.07910810755542036,0.0
CN.LN,0.8374035954475403,0.19921093161763817,0.0
CN.NM,0.9263455867767334,0.0925040049963973,0.0
CN.NX,0.26359492540359497,0.00908680406924788,0.0
CN.QH,0.8619668483734131,0.2751730508011373,0.0
CN.SA,0.27778196334838867,0.004023510730031557,0.0
CN.SD,0.8657853603363037,0.26762572148065356,0.0
CN.SH,0.6853253245353699,0.28749206524204324,0.0
CN.SX,0.505609393119812,0.11605363966112858,0.0
CN.SC,0.5878778100013733,0.1368729413424891,0.0
CN.TJ,0.9079194068908691,0.42809995005325396,0.0
CN.XJ,0.9313861131668091,0.12903922592654457,0.0
CN.XZ,0.7523564100265503,0.10507873375264021,0.0
CN.YN,0.6022163033485413,0.17043460409681335,0.0
CN.ZJ,0.7197198271751404,0.2656822630587746,0.0
