HASC_1,Max,Mean,Min
CN.AH,0.3722192645072937,0.11122402127736926,0.0
CN.BJ,0.2726951837539673,0.012803146195235766,0.0
CN.CQ,0.7572233080863953,0.20526441865306994,0.0
CN.FJ,0.39421236515045166,0.11738765667487314,0.0
CN.GS,0.8797850012779236,0.033819816134285044,0.0
CN.GD,0.5333399772644043,0.1401295918546131,0.0
CN.GX,0.6059096455574036,0.1453948912850414,0.0
CN.GZ,0.7121281623840332,0.13746925842409072,0.0
CN.HA,0.42600369453430176,0.17997079418489226,0.0
CN.HB,0.3705994188785553,0.058286284379612696,0.0
CN.HL,0.9391926527023315,0.17723175976187827,0.0
CN.HE,0.4705733060836792,0.15924048874076907,0.0
CN.HU,0.6952620148658752,0.20764340069662365,0.0
CN.HN,0.7121281623840332,0.24815234932027377,0.0
CN.JS,0.2933969497680664,0.008360817191609438,0.0
CN.JX,0.45817574858665466,0.16788272069146234,0.0
CN.JL,0.9051522016525269,0.1151826572953407,0.0
CN.LN,0.0964842140674591,0.005279056393919746,0.0
CN.NM,0.8837376832962036,0.05879525213111265,0.0
CN.NX,0.8837376832962036,0.2712175857926172,0.0
CN.QH,0.38059917092323303,0.0284829411630361,0.0
CN.SA,0.8161202669143677,0.23306454814067393,0.0
CN.SD,0.3275395333766937,0.033255591151965504,0.0
CN.SH,0.0,0.0,0.0
CN.SX,0.46465206146240234,0.17873901624428598,0.0
CN.SC,0.804829478263855,0.029720858508048703,0.0
CN.TJ,0.0,0.0,0.0
CN.XJ,0.9189547300338745,0.13264850053606392,0.0
CN.XZ,0.8150944709777832,0.15771661151524122,0.0
CN.YN,0.0,0.0,0.0
CN.ZJ,0.2986738681793213,0.02296875498895508,0.0
