HASC_1,Max,Mean,Min
CN.AH,0.6646370887756348,0.059449543970632394,0.0
CN.BJ,0.8566138744354248,0.21778967076291642,0.0
CN.CQ,0.29337453842163086,0.020674872192937663,0.0
CN.FJ,0.5066310167312622,0.1338347467693287,0.0
CN.GS,0.898690938949585,0.07848472296970092,0.0
CN.GD,0.399860143661499,0.033581323654335346,0.0
CN.GX,0.3640180826187134,0.06049168091229386,0.0
CN.GZ,0.3640180826187134,0.10369786432895221,0.0
CN.HA,0.2880956828594208,0.07778573969153513,0.0
CN.HB,0.9144914150238037,0.16607363416989487,0.0
CN.HL,0.44176989793777466,0.014606345934407572,0.0
CN.HE,0.09370516985654831,0.0011184586639081738,0.0
CN.HU,0.0,0.0,0.0
CN.HN,0.3409895896911621,0.005916038248159822,0.0
CN.JS,0.7815096378326416,0.2333144939949979,0.0
CN.JX,0.44041553139686584,0.09644251490892657,0.0
CN.JL,0.42453905940055847,0.06403601160007226,0.0
CN.LN,0.7894904017448425,0.19736482334034197,0.0
CN.NM,0.9144914150238037,0.07743291318383037,0.0
CN.NX,0.0,0.0,0.0
CN.QH,0.8682485818862915,0.2400836922218525,0.0
CN.SA,0.24018770456314087,0.0004605237568606331,0.0
CN.SD,0.8623611330986023,0.21875026728026997,0.0
CN.SH,0.6867596507072449,0.28835030838295267,0.0
CN.SX,0.09531888365745544,0.005144216571908313,0.0
CN.SC,0.6193760633468628,0.13166517194013927,0.0
CN.TJ,0.8611748814582825,0.3917368267263685,0.0
CN.XJ,0.9172684550285339,0.08239764372910743,0.0
CN.XZ,0.7790327072143555,0.0618198469441154,0.0
CN.YN,0.5648292303085327,0.17060621939912562,0.0
CN.ZJ,0.7118937969207764,0.25582207669949103,0.0
