HASC_1,Max,Mean,Min
CN.AH,0.5572342276573181,0.16112007475860304,0.0
CN.BJ,0.8365286588668823,0.34959119703206754,0.0
CN.CQ,0.29210132360458374,0.03533400391118929,0.0
CN.FJ,0.4948887825012207,0.12977013567343376,0.0
CN.GS,0.9057402610778809,0.08492527070864396,0.0
CN.GD,0.41251838207244873,0.03127825333246184,0.0
CN.GX,0.38724976778030396,0.062669085134372,0.0
CN.GZ,0.3910207748413086,0.11174516035145834,0.0
CN.HA,0.2919790744781494,0.06263836271655573,0.0
CN.HB,0.908970296382904,0.24027166680901713,0.0
CN.HL,0.42854830622673035,0.01618516643282428,0.0
CN.HE,0.5109823346138,0.10488395713704675,0.0
CN.HU,0.40353894233703613,0.05763728102418971,0.0
CN.HN,0.34701359272003174,0.011447258132918057,0.0
CN.JS,0.8191680312156677,0.2500816289209513,0.0
CN.JX,0.4304714798927307,0.1373353133388188,0.0
CN.JL,0.3928329348564148,0.07224230291559133,0.0
CN.LN,0.838411271572113,0.19926406653790638,0.0
CN.NM,0.931287407875061,0.08957440898156739,0.0
CN.NX,0.2903515100479126,0.011024208037212255,0.0
CN.QH,0.8559467792510986,0.2745466540894605,0.0
CN.SA,0.27865490317344666,0.00391286698401808,0.0
CN.SD,0.8562320470809937,0.2676833534839234,0.0
CN.SH,0.6167070865631104,0.28388453357749516,0.0
CN.SX,0.5224645137786865,0.11779141588308113,0.0
CN.SC,0.6023393273353577,0.13702836057859075,0.0
CN.TJ,0.8949241042137146,0.4234087534096776,0.0
CN.XJ,0.9174047112464905,0.11445570012612497,0.0
CN.XZ,0.7626593112945557,0.10480696960586075,0.0
CN.YN,0.6038975715637207,0.169126257989086,0.0
CN.ZJ,0.7217013239860535,0.2666338891010074,0.0
