HASC_1,Max,Mean,Min
CN.AH,0.0796532928943634,0.00018103021112355318,0.0
CN.BJ,0.0,0.0,0.0
CN.CQ,0.47118455171585083,0.14391310811042785,0.0
CN.FJ,0.3593493700027466,0.007024454649183012,0.0
CN.GS,0.9066915512084961,0.09804617615913815,0.0
CN.GD,0.43533825874328613,0.08427809195152645,0.0
CN.GX,0.4816611707210541,0.16191087117540123,0.0
CN.GZ,0.6103429198265076,0.21390253685022656,0.0
CN.HA,0.46649277210235596,0.19088456917692115,0.0
CN.HB,0.09043368697166443,0.0020226358460760335,0.0
CN.HL,0.9000352025032043,0.14731644442800723,0.0
CN.HE,0.29592791199684143,0.01227236221512569,0.0
CN.HU,0.4031478762626648,0.07550584555049984,0.0
CN.HN,0.4106667935848236,0.15806626070762628,0.0
CN.JS,0.0,0.0,0.0
CN.JX,0.28371095657348633,0.014890470638996097,0.0
CN.JL,0.9074240326881409,0.21382505174564279,0.0
CN.LN,0.8973182439804077,0.20891961334433792,0.0
CN.NM,0.9074240326881409,0.08615700781193983,0.0
CN.NX,0.43474215269088745,0.13035284893380272,0.0
CN.QH,0.8511563539505005,0.10681060822311192,0.0
CN.SA,0.47015929222106934,0.11540701015349102,0.0
CN.SD,0.09310761094093323,0.004227514057166606,0.0
CN.SH,0.0,0.0,0.0
CN.SX,0.3053436577320099,0.010192436053368606,0.0
CN.SC,0.79784095287323,0.18788610849359105,0.0
CN.TJ,0.0,0.0,0.0
CN.XJ,0.9022930860519409,0.08206860585926329,0.0
CN.XZ,0.6479894518852234,0.08558980299316425,0.0
CN.YN,0.636363685131073,0.1667795708796688,0.0
CN.ZJ,0.40361952781677246,0.08669529918800382,0.0
