HASC_1,Max,Mean,Min
CN.AH,0.3754764795303345,0.060324502817473494,0.0
CN.BJ,0.3263729512691498,0.10275890001664972,0.0
CN.CQ,0.46610310673713684,0.12527253527816143,0.0
CN.FJ,0.3618471622467041,0.041653112789446736,0.0
CN.GS,0.9113500118255615,0.11887407801224895,0.0
CN.GD,0.3730880320072174,0.05529741307046327,0.0
CN.GX,0.47998663783073425,0.14906348431806848,0.0
CN.GZ,0.47998663783073425,0.19820690602064134,0.0
CN.HA,0.42200708389282227,0.1825476719273461,0.0
CN.HB,0.45672520995140076,0.07386886079303648,0.0
CN.HL,0.852383553981781,0.11595346856399813,0.0
CN.HE,0.2762654423713684,0.0029297169947132893,0.0
CN.HU,0.32626500725746155,0.0441991102677927,0.0
CN.HN,0.3561835289001465,0.10756773481822399,0.0
CN.JS,0.4105377495288849,0.11024354501305557,0.0
CN.JX,0.23798868060112,0.002895835804156377,0.0
CN.JL,0.876498818397522,0.18152391459468914,0.0
CN.LN,0.9226858019828796,0.3046172546062233,0.0
CN.NM,0.9365091323852539,0.10897003793687132,0.0
CN.NX,0.39917880296707153,0.11910612254388749,0.0
CN.QH,0.8733422756195068,0.2253966151824187,0.0
CN.SA,0.43986985087394714,0.09565760251504311,0.0
CN.SD,0.7592601180076599,0.13300810643624358,0.0
CN.SH,0.4297676980495453,0.1266467042797659,0.0
CN.SX,0.19988594949245453,0.0014166033424829181,0.0
CN.SC,0.8083798289299011,0.20334851124402506,0.0
CN.TJ,0.41989225149154663,0.20506223701700874,0.0
CN.XJ,0.8981860280036926,0.09685276778146591,0.0
CN.XZ,0.5321363806724548,0.09185123543441628,0.0
CN.YN,0.6280693411827087,0.18212461862830492,0.0
CN.ZJ,0.45055127143859863,0.14431741178892374,0.0
