HASC_1,Max,Mean,Min
CN.AH,0.35032474994659424,0.11045893703650853,0.0
CN.BJ,0.2809171676635742,0.0163346114827113,0.0
CN.CQ,0.7711349725723267,0.2103039099875733,0.0
CN.FJ,0.3837811350822449,0.11741502788804827,0.0
CN.GS,0.8409848213195801,0.03372627944917034,0.0
CN.GD,0.5350971817970276,0.13926838290796656,0.0
CN.GX,0.6185769438743591,0.1436133792493543,0.0
CN.GZ,0.6945750713348389,0.13899995232000947,0.0
CN.HA,0.4308691620826721,0.16913336336060805,0.0
CN.HB,0.3802166283130646,0.05891668441907735,0.0
CN.HL,0.9141030311584473,0.1764768792283056,0.0
CN.HE,0.4676443040370941,0.16044021995512994,0.0
CN.HU,0.6498059034347534,0.20746748718536562,0.0
CN.HN,0.637485146522522,0.24835555418790625,0.0
CN.JS,0.316082626581192,0.008496002485336746,0.0
CN.JX,0.45507392287254333,0.16757919422040382,0.0
CN.JL,0.8972830772399902,0.11567602174021412,0.0
CN.LN,0.09636016190052032,0.006850740385924962,0.0
CN.NM,0.9160791635513306,0.05887244411524462,0.0
CN.NX,0.8488961458206177,0.2724377726396871,0.0
CN.QH,0.36184507608413696,0.028633371673776394,0.0
CN.SA,0.8346450328826904,0.23382411919759982,0.0
CN.SD,0.3452988862991333,0.0349964351806407,0.0
CN.SH,0.0,0.0,0.0
CN.SX,0.48431524634361267,0.178216943678103,0.0
CN.SC,0.7775780558586121,0.02986192381272542,0.0
CN.TJ,0.0,0.0,0.0
CN.XJ,0.9151625633239746,0.13300451956438444,0.0
CN.XZ,0.8191045522689819,0.15689758660298336,0.0
CN.YN,0.0,0.0,0.0
CN.ZJ,0.29765915870666504,0.02386067892982871,0.0
