HASC_1,Max,Mean,Min
CN.AH,0.39058172702789307,0.06336806542980908,0.0
CN.BJ,0.38616588711738586,0.14782662922516465,0.0
CN.CQ,0.44616439938545227,0.12931430865736568,0.0
CN.FJ,0.3790445327758789,0.04526806308941516,0.0
CN.GS,0.9141004085540771,0.11824406512286736,0.0
CN.GD,0.40002426505088806,0.05463906903311078,0.0
CN.GX,0.4745129942893982,0.1490840139474882,0.0
CN.GZ,0.47336453199386597,0.19606089999801235,0.0
CN.HA,0.4263509511947632,0.1739322832889027,0.0
CN.HB,0.5027351379394531,0.07448588249328532,0.0
CN.HL,0.8153930306434631,0.11829533368960411,0.0
CN.HE,0.25552064180374146,0.002538239490411384,0.0
CN.HU,0.3581649661064148,0.053879407252073484,0.0
CN.HN,0.36053112149238586,0.10900150596413516,0.0
CN.JS,0.44898954033851624,0.1122100677061316,0.0
CN.JX,0.3512720465660095,0.004016683834682529,0.0
CN.JL,0.8879162073135376,0.1793670278609447,0.0
CN.LN,0.9148910641670227,0.30510195240635296,0.0
CN.NM,0.9342055320739746,0.1121267672004636,0.0
CN.NX,0.3949350118637085,0.11563519784618938,0.0
CN.QH,0.8530796766281128,0.2251146560623616,0.0
CN.SA,0.3850926160812378,0.09390686395048338,0.0
CN.SD,0.7446848750114441,0.13326338698971085,0.0
CN.SH,0.44898954033851624,0.11829354317375908,0.0
CN.SX,0.28740596771240234,0.0015235148370265962,0.0
CN.SC,0.776913046836853,0.20301391475874445,0.0
CN.TJ,0.29920703172683716,0.1593077997772061,0.0
CN.XJ,0.8879971504211426,0.09696238562479609,0.0
CN.XZ,0.5386130213737488,0.09209941533127153,0.0
CN.YN,0.6299847364425659,0.18195673296259357,0.0
CN.ZJ,0.43091893196105957,0.14628455712745028,0.0
