HASC_1,Max,Mean,Min
CN.AH,0.41702789068222046,0.14991671536117793,0.0
CN.BJ,0.3194844424724579,0.1430109246737427,0.0
CN.CQ,0.7280911207199097,0.16623028531051653,0.0
CN.FJ,0.45420223474502563,0.14257191971299193,0.0
CN.GS,0.8731887936592102,0.051904618411927436,0.0
CN.GD,0.5392528772354126,0.14464747726552837,0.0
CN.GX,0.6077862977981567,0.15292919974898628,0.0
CN.GZ,0.5093894600868225,0.17503347157096294,0.0
CN.HA,0.42960575222969055,0.18257362726661894,0.0
CN.HB,0.4115387797355652,0.10342877771718584,0.0
CN.HL,0.9400655031204224,0.18720544563197739,0.0
CN.HE,0.6505408883094788,0.1832563315173645,0.0
CN.HU,0.8066227436065674,0.2381768845176945,0.0
CN.HN,0.7182227373123169,0.2714063712344672,0.0
CN.JS,0.3621159791946411,0.08667196534744999,0.0
CN.JX,0.4870072305202484,0.18048629897336166,0.0
CN.JL,0.8896961808204651,0.15045649375391726,0.0
CN.LN,0.3714406490325928,0.020314535437099605,0.0
CN.NM,0.9147332310676575,0.06670862371761045,0.0
CN.NX,0.84560227394104,0.21434705278703145,0.0
CN.QH,0.42499661445617676,0.07775092922759086,0.0
CN.SA,0.8731887936592102,0.25207861072608423,0.0
CN.SD,0.3871111571788788,0.09293906152571949,0.0
CN.SH,0.16695210337638855,0.0041604772624042295,0.0
CN.SX,0.6651899814605713,0.21901500610928787,0.0
CN.SC,0.6302580237388611,0.07000073807714793,0.0
CN.TJ,0.30591270327568054,0.159416562440444,0.0
CN.XJ,0.9537435173988342,0.1740478944103689,0.0
CN.XZ,0.819105327129364,0.18324853093330096,0.0
CN.YN,0.3890509009361267,0.034577637790722336,0.0
CN.ZJ,0.3335520625114441,0.11268008934224354,0.0
