HASC_1,Max,Mean,Min
US.AL,5277821169565696.0,3065944553743687.5,0.0
US.AK,3796194086092800.0,65791558013277.67,0.0
US.AZ,6396334269530112.0,3336556394070846.0,0.0
US.AR,5464560978886656.0,763231498558042.4,0.0
US.CA,3956720904699904.0,12797657261499.93,0.0
US.CO,1.0488475493072896e+16,3076372129123316.0,0.0
US.CT,0.0,0.0,0.0
US.DE,0.0,0.0,0.0
US.DC,4982246888964096.0,4982246888964096.0,4982246888964096.0
US.FL,7332767062818816.0,1295945361760118.0,0.0
US.GA,5897249942929408.0,2833997430846914.5,0.0
US.HI,2946735185854464.0,170628243283701.1,0.0
US.ID,4618962448941056.0,1907797853570684.2,0.0
US.IL,1.1580350668996608e+16,3550344732355807.0,0.0
US.IN,1.1580350668996608e+16,5397395150175981.0,0.0
US.IA,7543249451352064.0,2804362154741262.0,0.0
US.KS,4683211401592832.0,2141876137685378.5,0.0
US.KY,8496563613597696.0,2782223620811434.5,0.0
US.LA,0.0,0.0,0.0
US.ME,4307905348108288.0,1877001796670805.2,0.0
US.MD,8265083666825216.0,1058910127874996.5,0.0
US.MA,0.0,0.0,0.0
US.MI,1.2824772345856e+16,2844245751362327.5,0.0
US.MN,7289247232950272.0,2563678644238790.0,0.0
US.MS,4296496304357376.0,1412284467093434.0,0.0
US.MO,5123485814751232.0,1402048688123821.5,0.0
US.MT,4943895515365376.0,2546861122555832.0,0.0
US.NE,4537421957955584.0,1175431316152554.0,0.0
US.NV,4516013693468672.0,2055904506458623.0,0.0
US.NH,3874407319601152.0,267843530653696.0,0.0
US.NJ,0.0,0.0,0.0
US.NM,6157397722660864.0,3028202984751873.5,0.0
US.NY,1.2267519666552832e+16,732301168084628.8,0.0
US.NC,6155476261666816.0,2223455383672966.0,0.0
US.ND,6122521514475520.0,3087979971039188.0,0.0
US.OH,1.6727433034072064e+16,3696332859342986.5,0.0
US.OK,4934324717617152.0,306837432832826.9,0.0
US.OR,3543395263840256.0,1681179437521212.0,0.0
US.PA,1.3780163124789248e+16,5094225576095005.0,0.0
US.RI,0.0,0.0,0.0
US.SC,5925777652580352.0,2243001147296216.5,0.0
US.SD,7289247232950272.0,860047126988635.2,0.0
US.TN,7159074290401280.0,3536205455270294.5,0.0
US.TX,6514338495987712.0,1165607060297335.5,0.0
US.UT,5908476987441152.0,3049964128096912.0,0.0
US.VT,2397633817608192.0,85629779200292.58,0.0
US.VA,8265083666825216.0,1809261180070737.5,0.0
US.WA,8735069589995520.0,3168965449164104.0,0.0
US.WV,1.3780163124789248e+16,1779379140276539.0,0.0
US.WI,1.2651471489204224e+16,3342883313028373.5,0.0
US.WY,5005029542985728.0,3187390816524923.5,0.0
