HASC_1,Max,Mean,Min
US.AL,3785602428305408.0,86694140355543.05,0.0
US.AK,4322941491740672.0,98507840189985.58,0.0
US.AZ,4557571797024768.0,1155714766990601.5,0.0
US.AR,5848780163252224.0,2805612842511508.5,0.0
US.CA,9484203691343872.0,1921405143485090.2,0.0
US.CO,4664741968478208.0,3568780638008527.5,0.0
US.CT,1.2283432520384512e+16,4674909017298261.0,0.0
US.DE,8340242373279744.0,3842629307166135.0,0.0
US.DC,7114927932178432.0,6844106353410048.0,6573284774641664.0
US.FL,0.0,0.0,0.0
US.GA,0.0,0.0,0.0
US.HI,3489744948297728.0,203689490571591.7,0.0
US.ID,3183372583043072.0,46516927256562.07,0.0
US.IL,3618943738576896.0,65750346954372.74,0.0
US.IN,0.0,0.0,0.0
US.IA,5546067110133760.0,2433605016609043.0,0.0
US.KS,4664741968478208.0,3255187766393596.5,0.0
US.KY,0.0,0.0,0.0
US.LA,5158772192313344.0,2007096990776262.8,0.0
US.ME,8946801814011904.0,1954000575216808.5,0.0
US.MD,1.3690886860832768e+16,2952266891220309.5,0.0
US.MA,1.4618380753436672e+16,2592863938412544.0,0.0
US.MI,8767629200195584.0,1596963498554951.2,0.0
US.MN,8686227758776320.0,1902789753118835.5,0.0
US.MS,6347577263915008.0,2304614655545803.0,0.0
US.MO,5377923435462656.0,1677926668077279.0,0.0
US.MT,4648247683448832.0,2363547333131774.0,0.0
US.NE,4771387080179712.0,2931017466818315.0,0.0
US.NV,5056054828204032.0,1885597801944297.5,0.0
US.NH,1.2373491542130688e+16,3361934014065322.5,0.0
US.NJ,1.2850810585088e+16,4906304604161489.0,0.0
US.NM,3615334355435520.0,1573282467190422.5,0.0
US.NY,1.4618380753436672e+16,2899739089580454.0,0.0
US.NC,7472050167873536.0,1897611538807571.8,0.0
US.ND,7307667273940992.0,3617709000423358.0,0.0
US.OH,1.4242855656620032e+16,2471618738409157.0,0.0
US.OK,6378257825923072.0,2292125695349494.5,0.0
US.OR,5262935349788672.0,2090320032460420.0,0.0
US.PA,1.83367186251776e+16,7326414406219203.0,0.0
US.RI,6377923892215808.0,3625202270968217.5,0.0
US.SC,0.0,0.0,0.0
US.SD,4887850487119872.0,3023795226795486.0,0.0
US.TN,5844250046496768.0,756066024010348.6,0.0
US.TX,6343830978691072.0,1753935219610188.5,0.0
US.UT,0.0,0.0,0.0
US.VT,1.2072071811039232e+16,3419897622368794.0,0.0
US.VA,9192607624200192.0,2706521527557745.5,0.0
US.WA,1.1421819131133952e+16,2427225968714409.0,0.0
US.WV,1.2858476027969536e+16,1858789336922255.0,0.0
US.WI,0.0,0.0,0.0
US.WY,4379782699548672.0,3063598161750537.0,0.0
