HASC_1,Max,Mean,Min
US.AL,0.0,0.0,0.0
US.AK,3460903706034176.0,13705437322099.832,0.0
US.AZ,3103880523022336.0,1146780881661016.8,0.0
US.AR,0.0,0.0,0.0
US.CA,7989403137867776.0,412558092367718.44,0.0
US.CO,1.4114616523096064e+16,2669123225865596.5,0.0
US.CT,1.830323720762163e+16,4588136365089678.0,0.0
US.DE,9619838758551552.0,3844322933566903.0,0.0
US.DC,9245793277968384.0,8134316676612096.0,7022840075255808.0
US.FL,4402657426931712.0,653820663868074.6,0.0
US.GA,1.3751000296849408e+16,2657342408362531.5,0.0
US.HI,4033662291017728.0,216333300510228.47,0.0
US.ID,7757427122372608.0,1086672497323843.8,0.0
US.IL,1.041345959428096e+16,1986767962280521.2,0.0
US.IN,1.4214557190848512e+16,4959054084284719.0,0.0
US.IA,0.0,0.0,0.0
US.KS,8996545588363264.0,2331308873261351.5,0.0
US.KY,1.49682026184704e+16,2897819883238455.5,0.0
US.LA,0.0,0.0,0.0
US.ME,2074469740838912.0,113155538003365.64,0.0
US.MD,2.149038211412787e+16,3387785420932486.5,0.0
US.MA,3217488850452480.0,48749831067461.82,0.0
US.MI,2.046006455697408e+16,3438395633895521.5,0.0
US.MN,4639716267786240.0,822420039631663.1,0.0
US.MS,0.0,0.0,0.0
US.MO,0.0,0.0,0.0
US.MT,7245245829873664.0,2237448816515468.0,0.0
US.NE,9232767715901440.0,1783091359363387.0,0.0
US.NV,0.0,0.0,0.0
US.NH,0.0,0.0,0.0
US.NJ,1.9343098182107136e+16,3706411328129643.0,0.0
US.NM,5396626407424000.0,2712624040931335.5,0.0
US.NY,3.644674458150502e+16,2990219764479579.0,0.0
US.NC,1.6548543351226368e+16,4054254665573975.5,0.0
US.ND,1.3064724652490752e+16,3019152281005495.0,0.0
US.OH,3.5325790329503744e+16,4716810981187049.0,0.0
US.OK,1.1121600917143552e+16,2432750155308963.0,0.0
US.OR,3520661465071616.0,566818719656350.1,0.0
US.PA,3.644674458150502e+16,8173574312665301.0,0.0
US.RI,0.0,0.0,0.0
US.SC,1.4562588054519808e+16,3881210666529083.0,0.0
US.SD,5057630544330752.0,1935866024514365.2,0.0
US.TN,1.1237514568269824e+16,3195922382246611.0,0.0
US.TX,1.5496777801138176e+16,1911815498168911.8,0.0
US.UT,7757427122372608.0,2618546758338057.5,0.0
US.VT,0.0,0.0,0.0
US.VA,1.7696128547946496e+16,4003256004066067.5,0.0
US.WA,3520661465071616.0,865871582131844.8,0.0
US.WV,3.483252622046003e+16,4422000668164886.0,0.0
US.WI,1.4878195136331776e+16,3267862197330443.0,0.0
US.WY,5980737664712704.0,2377716433326880.5,0.0
