HASC_1,Max,Mean,Min
US.AL,1.0144821201076224e+16,3257823503722725.0,0.0
US.AK,3421543015120896.0,88918632785436.58,0.0
US.AZ,8342306641936384.0,2940675513617977.0,0.0
US.AR,7687292990783488.0,3685356623705867.5,0.0
US.CA,9185452208685056.0,2011451786031879.2,0.0
US.CO,4019006520426496.0,2084348463881329.8,0.0
US.CT,6739880650473472.0,3404538193816234.5,0.0
US.DE,6608120180637696.0,1367431210481891.5,0.0
US.DC,0,0,0
US.FL,6755571239747584.0,945833636224837.4,0.0
US.GA,1.1246294555164672e+16,2485381672439821.0,0.0
US.HI,3614659240263680.0,195498875530772.47,0.0
US.ID,6072925916495872.0,1914074355350598.8,0.0
US.IL,1.923839117439795e+16,3021130939286941.0,0.0
US.IN,1.5751646529191936e+16,4196994352615404.5,0.0
US.IA,5244059505393664.0,3227596076691304.5,0.0
US.KS,5499651398565888.0,3625902992502813.0,0.0
US.KY,1.146758415515648e+16,2109145667115503.2,0.0
US.LA,6408664583766016.0,2214857130639360.0,0.0
US.ME,7427048574287872.0,2578814167491268.0,0.0
US.MD,0.0,0.0,0.0
US.MA,5721919177359360.0,2211247380496384.0,0.0
US.MI,5663446955720704.0,700773392490951.9,0.0
US.MN,6772678631358464.0,2668035126984533.0,0.0
US.MS,7707820250103808.0,3064263031386712.5,0.0
US.MO,8009529891487744.0,2784782426121362.5,0.0
US.MT,5734465850572800.0,2107067910161012.8,0.0
US.NE,5086035847413760.0,2908302136395724.0,0.0
US.NV,5899495137083392.0,2376196564128439.0,0.0
US.NH,7427048574287872.0,3224983931268968.5,0.0
US.NJ,7115319847944192.0,3550133533814832.0,0.0
US.NM,6808094931681280.0,2283481122362055.5,0.0
US.NY,7433598399414272.0,1791864494308742.8,0.0
US.NC,1.1246294555164672e+16,466831567207355.75,0.0
US.ND,6987989636874240.0,4057936512835773.0,0.0
US.OH,6218747572387840.0,27275208650823.86,0.0
US.OK,6247232332365824.0,2415122453653493.5,0.0
US.OR,4842575626240000.0,2358652000694411.5,0.0
US.PA,7115319847944192.0,2653692007350862.5,0.0
US.RI,4922902788964352.0,3319810554121421.0,0.0
US.SC,0.0,0.0,0.0
US.SD,5378452253310976.0,3480613966036541.0,0.0
US.TN,1.0742360673615872e+16,3903798827542278.0,0.0
US.TX,6868347417264128.0,510091550406599.06,0.0
US.UT,7324062774722560.0,2622152660523665.0,0.0
US.VT,7339472580509696.0,3508321723057121.0,0.0
US.VA,0.0,0.0,0.0
US.WA,1.0449030513426432e+16,3582219756828204.5,0.0
US.WV,0.0,0.0,0.0
US.WI,7151201615347712.0,2285448944564451.5,0.0
US.WY,4169707527602176.0,1724810585272483.8,0.0
