HASC_1,Max,Mean,Min
US.AL,6411048290615296.0,3562653918499921.5,0.0
US.AK,9028651542642688.0,184667089774534.4,0.0
US.AZ,5128824995971072.0,3509893158112825.0,0.0
US.AR,8124303228796928.0,3724882159333818.5,0.0
US.CA,7786553443090432.0,1338570983026178.8,0.0
US.CO,2.2169167335522304e+16,3983153543819055.5,0.0
US.CT,4094887049822208.0,341240587485184.0,0.0
US.DE,0.0,0.0,0.0
US.DC,0,0,0
US.FL,5702074280968192.0,1299805638055253.2,0.0
US.GA,7652871512260608.0,2955912369311580.0,0.0
US.HI,3754685911531520.0,194868625015112.9,0.0
US.ID,8736385460600832.0,2436537159644785.5,0.0
US.IL,6965659565031424.0,3600732225430222.5,0.0
US.IN,7103197302751232.0,4552145605497142.0,0.0
US.IA,8807813451087872.0,4071826041672762.5,0.0
US.KS,7406740358299648.0,3467473405285529.0,0.0
US.KY,6873562581303296.0,2811861096114858.5,0.0
US.LA,9443490622603264.0,2937022704605888.5,0.0
US.ME,7177140533460992.0,2457638095672257.0,0.0
US.MD,4837520986603520.0,594154580005962.9,0.0
US.MA,1.0054542062256128e+16,1751486692204062.0,0.0
US.MI,9190160566583296.0,2327679721901013.0,0.0
US.MN,9374581093564416.0,3188421911467349.5,0.0
US.MS,9443490622603264.0,4107283848809677.0,0.0
US.MO,8124303228796928.0,3281559677005239.0,0.0
US.MT,5433467026276352.0,2870276648503382.5,0.0
US.NE,7298861517242368.0,1525361031395555.5,0.0
US.NV,7939192285822976.0,2982730683966028.5,0.0
US.NH,7372584630878208.0,1983176808832634.0,0.0
US.NJ,0.0,0.0,0.0
US.NM,7263006056513536.0,3367334286662668.5,0.0
US.NY,7686679884201984.0,234379424208037.16,0.0
US.NC,8277856899563520.0,2967716237932034.5,0.0
US.ND,6219027282132992.0,2777207878999165.5,0.0
US.OH,7686679884201984.0,2536803360844620.5,0.0
US.OK,5012409907412992.0,849107895736768.8,0.0
US.OR,7488806445907968.0,2815716977167763.5,0.0
US.PA,6413627418476544.0,2798808683379077.0,0.0
US.RI,5599161495846912.0,3051262106927104.0,0.0
US.SC,6884203899650048.0,2881644093360348.5,0.0
US.SD,7213296105029632.0,1365245650932859.0,0.0
US.TN,8085387603869696.0,4420078805072099.5,0.0
US.TX,5182676369670144.0,1158805839745545.5,0.0
US.UT,8166758980517888.0,4090084717144746.5,0.0
US.VT,5536361020915712.0,2062527654065602.5,0.0
US.VA,6529055201427456.0,2139481246350099.8,0.0
US.WA,1.1494573729644544e+16,4170445659362481.5,0.0
US.WV,5404701482811392.0,1842219245373067.0,0.0
US.WI,6924194340143104.0,2959465394050055.0,0.0
US.WY,1.1274743344791552e+16,3835992980670993.0,0.0
