HASC_1,Max,Mean,Min
US.AL,0.0,0.0,0.0
US.AK,4343848587231232.0,20279972914216.246,0.0
US.AZ,0.0,0.0,0.0
US.AR,5407364899405824.0,2402215424813266.5,0.0
US.CA,2.0674185856548864e+16,1336330490441741.0,0.0
US.CO,1.936054004429619e+16,4960825571548292.0,0.0
US.CT,2.6696114405113856e+16,1.2761309864351062e+16,0.0
US.DE,1.608812607832064e+16,6888096443849582.0,0.0
US.DC,8807950890041344.0,8587873276133376.0,8367795662225408.0
US.FL,0.0,0.0,0.0
US.GA,0.0,0.0,0.0
US.HI,3285093783175168.0,187585268935557.12,0.0
US.ID,1871420866953216.0,12102811035880.248,0.0
US.IL,0.0,0.0,0.0
US.IN,0.0,0.0,0.0
US.IA,1.5924459907055616e+16,3425640173540178.0,0.0
US.KS,1.4774943048794112e+16,3848695411145441.5,0.0
US.KY,0.0,0.0,0.0
US.LA,4353085451272192.0,1911698751443020.8,0.0
US.ME,1.2667573321596928e+16,2641208348055366.0,0.0
US.MD,1.6163668110606336e+16,4648391177113145.0,0.0
US.MA,2.6696114405113856e+16,5127423960023040.0,0.0
US.MI,8341600119816192.0,1649993135612231.8,0.0
US.MN,5562059957731328.0,689279395148377.8,0.0
US.MS,3768477856825344.0,1257482786657982.5,0.0
US.MO,1.1442138621411328e+16,1583069343627837.8,0.0
US.MT,6888422094405632.0,1491146907142977.8,0.0
US.NE,1.9776387367829504e+16,4388226088463369.5,0.0
US.NV,4036615081033728.0,983209919643648.0,0.0
US.NH,1.3376407207936e+16,5808449694572847.0,0.0
US.NJ,3.008303327294259e+16,9663929294401164.0,0.0
US.NM,4727161801932800.0,2492608021955773.5,0.0
US.NY,2.6575900417982464e+16,6641705923600036.0,0.0
US.NC,6923120061448192.0,2261887043942837.5,0.0
US.ND,4960607769985024.0,2209254400733580.5,0.0
US.OH,1.6106640608591872e+16,2948055577583943.5,0.0
US.OK,9557537036697600.0,2607824152590685.0,0.0
US.OR,3820003237298176.0,1280666505284160.2,0.0
US.PA,3.662483110546637e+16,1.2928289913375294e+16,0.0
US.RI,1.3147642217365504e+16,7946849299831194.0,0.0
US.SC,0.0,0.0,0.0
US.SD,1.0975624642428928e+16,3379146067953397.5,0.0
US.TN,0.0,0.0,0.0
US.TX,9391998259691520.0,1811650171689998.2,0.0
US.UT,0.0,0.0,0.0
US.VT,2.122057226859315e+16,7580957561408253.0,0.0
US.VA,1.2008286177984512e+16,2880591434118273.0,0.0
US.WA,6007323512274944.0,1707038686337678.8,0.0
US.WV,1.5800788471250944e+16,1660137230488022.0,0.0
US.WI,3132046918549504.0,65587732073449.836,0.0
US.WY,1.2040679895072768e+16,3160495948076333.0,0.0
