HASC_1,Max,Mean,Min
US.AL,0.0,0.0,0.0
US.AK,4379175766982656.0,42561023914812.305,0.0
US.AZ,0.0,0.0,0.0
US.AR,6692332141281280.0,3136850051286138.0,0.0
US.CA,3.019965666741453e+16,1934520396710181.8,0.0
US.CO,6483069523460096.0,3090600248419004.0,0.0
US.CT,1.4192342546251776e+16,6321689174649515.0,0.0
US.DE,1.870395765633843e+16,7342562898957653.0,0.0
US.DC,4517882004242432.0,3102503449133056.0,1687124894023680.0
US.FL,0.0,0.0,0.0
US.GA,0.0,0.0,0.0
US.HI,3601449799909376.0,197457248748830.72,0.0
US.ID,1814388130447360.0,12345898251689.787,0.0
US.IL,0.0,0.0,0.0
US.IN,0.0,0.0,0.0
US.IA,7796976791846912.0,3114664767786536.0,0.0
US.KS,8421480069070848.0,4031459103610776.0,0.0
US.KY,8344902412795904.0,48516874492999.445,0.0
US.LA,6972290457665536.0,2113196076939071.8,0.0
US.ME,1.1808584157364224e+16,1326293861450398.8,0.0
US.MD,2.698550715403469e+16,4796040715720174.0,0.0
US.MA,1.56887907565568e+16,2623996436676608.0,0.0
US.MI,1.076465907007488e+16,2800203878996116.0,0.0
US.MN,5672283314061312.0,1086528194952523.8,0.0
US.MS,5209119946440704.0,1618043993498199.5,0.0
US.MO,1.296863227543552e+16,2518219667893735.0,0.0
US.MT,3970518755573760.0,1780121803568375.2,0.0
US.NE,7944851978977280.0,2656924519637762.0,0.0
US.NV,5697269286305792.0,1329802993496221.2,0.0
US.NH,7969930293018624.0,2080654994604363.0,0.0
US.NJ,3.3434907355119616e+16,8125742224854373.0,0.0
US.NM,5206952598568960.0,2557580414824185.0,0.0
US.NY,2.7076274845384704e+16,3006457425677128.5,0.0
US.NC,9036203168890880.0,2460739208220109.0,0.0
US.ND,5472969451110400.0,2904998183828900.0,0.0
US.OH,1.999912007683277e+16,2891326761329968.0,0.0
US.OK,1.0006191467921408e+16,3105685847156205.0,0.0
US.OR,7145100077432832.0,2069557337067630.2,0.0
US.PA,3.4670580183597056e+16,9542521705059000.0,0.0
US.RI,7451559415775232.0,4391958851302195.0,0.0
US.SC,4876805441847296.0,695375230129339.5,0.0
US.SD,4235833649397760.0,2194466170819925.2,0.0
US.TN,0.0,0.0,0.0
US.TX,1.294063982608384e+16,1839411287849721.0,0.0
US.UT,0.0,0.0,0.0
US.VT,1.1989678232174592e+16,3213668740999850.5,0.0
US.VA,1.232809159032832e+16,2852745558103325.0,0.0
US.WA,1.1013137960534016e+16,3052706081689671.5,0.0
US.WV,2.698550715403469e+16,2943665496446868.0,0.0
US.WI,6852881776902144.0,183467850709834.25,0.0
US.WY,3492034434301952.0,2195131369411528.2,0.0
