HASC_1,Max,Mean,Min
US.AL,6389397897347072.0,2782635164009928.0,0.0
US.AK,7673977518424064.0,158147140994809.2,0.0
US.AZ,1.1556251607498752e+16,3125057909300043.0,0.0
US.AR,6906685369090048.0,3512019699610464.0,0.0
US.CA,8173447855210496.0,1981781985735811.2,0.0
US.CO,6296380180004864.0,3730670095289806.0,0.0
US.CT,8548618617225216.0,4564146787975168.0,0.0
US.DE,7456275289866240.0,3699409797475767.0,0.0
US.DC,4429863360397312.0,4250068647411712.0,4070273934426112.0
US.FL,4905110886940672.0,335080978379601.6,0.0
US.GA,6530615885168640.0,640830930499570.4,0.0
US.HI,3545889297661952.0,201633290272809.06,0.0
US.ID,5402933030027264.0,1770640523713591.0,0.0
US.IL,1.902398640698163e+16,3123221194148615.5,0.0
US.IN,1.4972855141793792e+16,2979417379922425.5,0.0
US.IA,7445215212208128.0,3563264071581262.5,0.0
US.KS,6216349906894848.0,4220392210904342.5,0.0
US.KY,1.400764928884736e+16,1318596695276027.5,0.0
US.LA,6623176725364736.0,2768149649192691.0,0.0
US.ME,9865477601886208.0,2953800765798830.0,0.0
US.MD,7458143063769088.0,2393882438635065.0,0.0
US.MA,8548618617225216.0,2635248045129728.0,0.0
US.MI,0.0,0.0,0.0
US.MN,6889348733599744.0,2615593342461160.0,0.0
US.MS,6709881914523648.0,3508963556584325.0,0.0
US.MO,6538321056497664.0,2974317423167312.5,0.0
US.MT,5377562658209792.0,2586314843624667.0,0.0
US.NE,5491763154255872.0,3305295530663866.0,0.0
US.NV,6272135089618944.0,2797886980177536.0,0.0
US.NH,7541116463218688.0,3036923103844276.0,0.0
US.NJ,8697422591033344.0,3656852340092555.5,0.0
US.NM,5314421270249472.0,2601926247569092.0,0.0
US.NY,8844093576708096.0,2352920025469797.0,0.0
US.NC,6432576277315584.0,1700915532588009.5,0.0
US.ND,5664242061541376.0,4118897743481275.5,0.0
US.OH,8924083584499712.0,499055316996681.1,0.0
US.OK,8333313517289472.0,3038253391421986.0,0.0
US.OR,5369670118932480.0,3191998275647913.0,0.0
US.PA,8924083584499712.0,4666104857004641.0,0.0
US.RI,5211888052862976.0,3292797733122867.0,0.0
US.SC,3354307449585664.0,189776780667282.6,0.0
US.SD,5744826922303488.0,3800536531232358.5,0.0
US.TN,1.400764928884736e+16,3290904040063324.5,0.0
US.TX,7389542772375552.0,2006778509636545.2,0.0
US.UT,5280470090645504.0,2994556264196476.5,0.0
US.VT,6598192363732992.0,3482370351165564.0,0.0
US.VA,7397474503229440.0,2062489505147074.5,0.0
US.WA,7180104060895232.0,3451455104443874.0,0.0
US.WV,8924083584499712.0,925982498523197.5,0.0
US.WI,6974175411437568.0,1669511824243081.0,0.0
US.WY,6296380180004864.0,3220751167219216.5,0.0
