HASC_1,Max,Mean,Min
US.AL,9421201889820672.0,3179603839385600.0,0.0
US.AK,3194061414465536.0,22751981568869.39,0.0
US.AZ,7667311729180672.0,2058147100959106.0,0.0
US.AR,1.0371469846511616e+16,4141574358866240.5,0.0
US.CA,1.1961813558099968e+16,1691858394392671.2,0.0
US.CO,2465194995351552.0,1909073282559414.8,0.0
US.CT,7888820909375488.0,3668915459369642.5,0.0
US.DE,4507953650466816.0,2630875621322167.0,0.0
US.DC,4288659599654912.0,4161707211489280.0,4034754823323648.0
US.FL,5746354320048128.0,246519859757527.1,0.0
US.GA,0.0,0.0,0.0
US.HI,3015341114392576.0,185294944210133.0,0.0
US.ID,4106366155227136.0,826305709833563.8,0.0
US.IL,6540400894410752.0,1867185529688021.8,0.0
US.IN,6540400894410752.0,597557357051904.0,0.0
US.IA,4118550977445888.0,1765478931160611.2,0.0
US.KS,5683733160001536.0,2760190807266849.5,0.0
US.KY,6540400894410752.0,762578906416958.8,0.0
US.LA,1.0581633333723136e+16,3673789409043927.0,0.0
US.ME,4654617656819712.0,1312306167553160.2,0.0
US.MD,4845245485285376.0,1818118520739478.5,0.0
US.MA,6219889496817664.0,1673922183954432.0,0.0
US.MI,0.0,0.0,0.0
US.MN,8539738235469824.0,1838116874839084.5,0.0
US.MS,1.0061198187823104e+16,3896765633761990.0,0.0
US.MO,8479904509198336.0,2080070550039522.8,0.0
US.MT,4128574088937472.0,1261194601776984.2,0.0
US.NE,3967970766225408.0,1569479261343148.8,0.0
US.NV,4875337099902976.0,1535502482191626.0,0.0
US.NH,4861400467898368.0,1867369353217213.8,0.0
US.NJ,7741778409029632.0,2714561980113640.5,0.0
US.NM,0.0,0.0,0.0
US.NY,8773425258561536.0,1620475553902716.0,0.0
US.NC,4037267110756352.0,472010776322345.1,0.0
US.ND,1.309451239817216e+16,3252958370108284.0,0.0
US.OH,6148439494623232.0,280631682251707.72,0.0
US.OK,1.2099813004804096e+16,2624673495278409.0,0.0
US.OR,4984653144391680.0,1666556383944272.8,0.0
US.PA,8022440026308608.0,2347607753611084.0,0.0
US.RI,3913755662483456.0,1844562996966195.2,0.0
US.SC,0.0,0.0,0.0
US.SD,3485295899049984.0,1626836298209689.5,0.0
US.TN,8786365995024384.0,2717964132694518.5,0.0
US.TX,1.5054769831804928e+16,1971022954692921.5,0.0
US.UT,4185105522229248.0,1292208622471802.8,0.0
US.VT,4468520481980416.0,2036708812717418.0,0.0
US.VA,5804343357865984.0,985407644046991.2,0.0
US.WA,1.1947669157052416e+16,2698193931263586.5,0.0
US.WV,3201854632624128.0,127028677375541.16,0.0
US.WI,6440718461566976.0,1168713173306727.2,0.0
US.WY,3816404591575040.0,2277397241965949.0,0.0
