HASC_1,Max,Mean,Min
US.AL,6409298091442176.0,3488818505652967.0,0.0
US.AK,1.357693923098624e+16,179012785365478.6,0.0
US.AZ,8663139625205760.0,3769379925709945.5,0.0
US.AR,5449082453622784.0,479876016741130.8,0.0
US.CA,6950948765171712.0,490943520375051.5,0.0
US.CO,6011597004734464.0,3999687450461039.0,0.0
US.CT,0.0,0.0,0.0
US.DE,8282723634380800.0,4569785706142574.0,0.0
US.DC,9906805924691968.0,9775377777950720.0,9643949631209472.0
US.FL,5869574247415808.0,1214370085846817.5,0.0
US.GA,6858771787677696.0,3008044832003195.0,0.0
US.HI,3866818112389120.0,221499702409953.28,0.0
US.ID,6359932811083776.0,2545919792414585.0,0.0
US.IL,8360608034455552.0,2810050922421197.0,0.0
US.IN,7462461653385216.0,4779627899798743.0,0.0
US.IA,5251717432082432.0,1562013594033809.2,0.0
US.KS,5894887710916608.0,4030421231038086.0,0.0
US.KY,7183623249723392.0,2970193197618517.5,0.0
US.LA,1922690696871936.0,25818196406184.85,0.0
US.ME,5147779760390144.0,1131431272897244.2,0.0
US.MD,1.1122460984344576e+16,3421040349224050.0,0.0
US.MA,0.0,0.0,0.0
US.MI,9843975921860608.0,2624556191922709.5,0.0
US.MN,4998594608234496.0,1214504964348234.0,0.0
US.MS,7144835400073216.0,2412227058693392.5,0.0
US.MO,6734564017831936.0,942120483518260.8,0.0
US.MT,6379841058242560.0,3392240035522953.0,0.0
US.NE,6683845822775296.0,2614840226592475.5,0.0
US.NV,5844833088307200.0,1625520594219258.2,0.0
US.NH,0.0,0.0,0.0
US.NJ,1.0436916558168064e+16,4146867260620800.0,0.0
US.NM,6322183269777408.0,4009428296317194.0,0.0
US.NY,1.0579720999534592e+16,2181835396129639.5,0.0
US.NC,6455987607175168.0,2570791164674933.5,0.0
US.ND,7772176040067072.0,4039020603686746.5,0.0
US.OH,9359069819174912.0,3280262531004153.0,0.0
US.OK,5518931506757632.0,2159627115483465.0,0.0
US.OR,5694022291030016.0,1051580394559201.5,0.0
US.PA,1.1122460984344576e+16,5579336336620039.0,0.0
US.RI,0.0,0.0,0.0
US.SC,6838682078150656.0,2652118098596533.0,0.0
US.SD,6454175667847168.0,2796351934068804.5,0.0
US.TN,6858771787677696.0,3793790511382757.0,0.0
US.TX,1.2712070256525312e+16,2020470506842968.0,0.0
US.UT,5959309536002048.0,3794455874131569.0,0.0
US.VT,0.0,0.0,0.0
US.VA,9906805924691968.0,2766136467114588.5,0.0
US.WA,6297886639783936.0,2431704992644578.5,0.0
US.WV,8996796843950080.0,2525731469455503.0,0.0
US.WI,8607588518199296.0,2424104117363866.5,0.0
US.WY,6683845822775296.0,3680820295179880.0,0.0
