HASC_1,Max,Mean,Min
US.AL,6505627765440512.0,3521158497605417.5,0.0
US.AK,3845827533471744.0,103971849324662.94,0.0
US.AZ,5975473645420544.0,3736106496909241.0,0.0
US.AR,5782854562742272.0,2591841843801688.5,0.0
US.CA,5512383292243968.0,423680490903435.1,0.0
US.CO,6974280638136320.0,3145041721126854.5,0.0
US.CT,0.0,0.0,0.0
US.DE,0.0,0.0,0.0
US.DC,0,0,0
US.FL,5521408629145600.0,1258167144858758.5,0.0
US.GA,7825210833108992.0,2748334922342072.5,0.0
US.HI,3922512563929088.0,217264446903418.88,0.0
US.ID,4982417613914112.0,1745504701208942.0,0.0
US.IL,9230882225258496.0,2923296940042348.0,0.0
US.IN,8914419908083712.0,3951569770412152.5,0.0
US.IA,8639560791621632.0,3979855246942747.5,0.0
US.KS,0.0,0.0,0.0
US.KY,6741103642411008.0,2245480809846101.2,0.0
US.LA,5217408696451072.0,71400815680664.52,0.0
US.ME,6647367591788544.0,2269449719152235.5,0.0
US.MD,4788684524093440.0,269123834323688.72,0.0
US.MA,6699243280531456.0,1192421108107556.5,0.0
US.MI,1.3426702348713984e+16,2167824081861811.8,0.0
US.MN,9035587914825728.0,2590220808610927.5,0.0
US.MS,6709805678854144.0,3376620717128185.0,0.0
US.MO,7592420384440320.0,2722744415738733.5,0.0
US.MT,5429809324752896.0,2269941194770853.0,0.0
US.NE,2847830678962176.0,30621835257657.805,0.0
US.NV,5594127257305088.0,2300743177281078.0,0.0
US.NH,8292096863633408.0,2184135908469795.2,0.0
US.NJ,0.0,0.0,0.0
US.NM,6460324987273216.0,3000590097090909.5,0.0
US.NY,5034276122787840.0,33760273736692.496,0.0
US.NC,7638904815484928.0,2143181437263372.2,0.0
US.ND,5815287471407104.0,3354331911910493.0,0.0
US.OH,8642744973000704.0,2270491909978331.5,0.0
US.OK,3711668324401152.0,76621564262481.92,0.0
US.OR,4741952595558400.0,2040689811796989.8,0.0
US.PA,7293826204958720.0,2213433567431180.8,0.0
US.RI,0.0,0.0,0.0
US.SC,7331855456010240.0,2391364286332172.0,0.0
US.SD,4789954760671232.0,1629240149426323.5,0.0
US.TN,6826341026496512.0,3595767614100821.5,0.0
US.TX,6851116545343488.0,742648390436392.4,0.0
US.UT,6209209523765248.0,3382467018601636.0,0.0
US.VT,3974267456716800.0,1346411537056747.0,0.0
US.VA,5767173637144576.0,1255542077836492.8,0.0
US.WA,6874401173667840.0,2131723712102619.0,0.0
US.WV,6056732816048128.0,1452449801122611.2,0.0
US.WI,2.121686141684941e+16,3037172539259678.5,0.0
US.WY,4896152122032128.0,2805156176721727.5,0.0
