HASC_1,Max,Mean,Min
US.AL,0.0,0.0,0.0
US.AK,4385045376663552.0,130253390013507.6,0.0
US.AZ,4925728877445120.0,549728440726500.3,0.0
US.AR,5434723304210432.0,3101370384049409.0,0.0
US.CA,9794514004738048.0,2010829006701841.8,0.0
US.CO,8432562695307264.0,4060903212139273.0,0.0
US.CT,2.158290644710195e+16,7470094204356303.0,0.0
US.DE,1.0572611754917888e+16,5393476298173879.0,0.0
US.DC,5706728951775232.0,5569708220743680.0,5432687489712128.0
US.FL,6392627175882752.0,1087376398796709.9,0.0
US.GA,5592556909887488.0,2232004512219371.8,0.0
US.HI,4050586878083072.0,224405991939112.97,0.0
US.ID,4273842499354624.0,28164189006168.85,0.0
US.IL,0.0,0.0,0.0
US.IN,0.0,0.0,0.0
US.IA,6060868869554176.0,2765368115879410.0,0.0
US.KS,6971320868798464.0,4182349912900037.0,0.0
US.KY,6793073820434432.0,1450765868461947.8,0.0
US.LA,8966754084585472.0,2625488048131069.5,0.0
US.ME,1.0876600950194176e+16,1583309137784459.8,0.0
US.MD,9179029085093888.0,3197229223145927.0,0.0
US.MA,2.158290644710195e+16,3699751478362112.0,0.0
US.MI,5996337522802688.0,1978376960123863.0,0.0
US.MN,6634257740988416.0,1430371638536553.5,0.0
US.MS,5939042122203136.0,2722022865482370.0,0.0
US.MO,5409394808324096.0,2010241405378756.0,0.0
US.MT,4942609709531136.0,3127196876648912.0,0.0
US.NE,5306994198052864.0,3348281285249496.5,0.0
US.NV,7880800057950208.0,2054674553075778.8,0.0
US.NH,1.1063142117277696e+16,3617250251364883.0,0.0
US.NJ,2.7591174852182016e+16,7467415946967599.0,0.0
US.NM,5622192721100800.0,3597037106512072.5,0.0
US.NY,3.2881178696482816e+16,3771224706413264.0,0.0
US.NC,6646276670095360.0,3098667843351781.0,0.0
US.ND,7640395706007552.0,4444885907835701.0,0.0
US.OH,9609208714493952.0,2573794938645344.0,0.0
US.OK,6933926199164928.0,2704098907180237.0,0.0
US.OR,6444194700722176.0,2599759658576107.0,0.0
US.PA,1.969447375156019e+16,6194437050859520.0,0.0
US.RI,1.1614204674965504e+16,5286465744194765.0,0.0
US.SC,6693944364630016.0,2837137691680668.5,0.0
US.SD,6203606738927616.0,3771739395710430.0,0.0
US.TN,5658481436655616.0,1761881401991000.8,0.0
US.TX,6998655651282944.0,2102961510550624.0,0.0
US.UT,6224040045838336.0,621485716284430.4,0.0
US.VT,1.1731148044500992e+16,4353409656227778.0,0.0
US.VA,7680215958421504.0,2988264011411027.0,0.0
US.WA,9918565545148416.0,2898508056866041.0,0.0
US.WV,7789319402029056.0,2472317384783839.5,0.0
US.WI,4395845608800256.0,148556020790861.56,0.0
US.WY,5116836668506112.0,3817816323600188.0,0.0
