HASC_1,Max,Mean,Min
US.AL,6437436569681920.0,3515570939659586.5,0.0
US.AK,7234405869289472.0,180369719102488.34,0.0
US.AZ,7299528847785984.0,3700936802617259.5,0.0
US.AR,6525897863593984.0,2055262328347927.2,0.0
US.CA,6249771731779584.0,425734920783270.6,0.0
US.CO,5612705138343936.0,3861309217223299.5,0.0
US.CT,0.0,0.0,0.0
US.DE,4049048206049280.0,2627771711731419.5,0.0
US.DC,4092361877487616.0,4007853966753792.0,3923346056019968.0
US.FL,6712595796983808.0,1649754480726371.5,0.0
US.GA,7359685233475584.0,3354077057473577.0,0.0
US.HI,3778873019858944.0,231290377653452.8,0.0
US.ID,6645802076209152.0,2674399020334099.0,0.0
US.IL,8693506654601216.0,3402402857755630.0,0.0
US.IN,8693506654601216.0,4718127188217615.0,0.0
US.IA,7346954950410240.0,2642547492123045.0,0.0
US.KS,5960385425309696.0,3454666333420878.0,0.0
US.KY,7467143167737856.0,2778716547929429.5,0.0
US.LA,7173197216612352.0,1090740222857986.5,0.0
US.ME,5707978250387456.0,1800461653711810.2,0.0
US.MD,5197901491863552.0,1855166122353550.2,0.0
US.MA,0.0,0.0,0.0
US.MI,9800421732253696.0,2952379942211067.5,0.0
US.MN,1.2047819204460544e+16,2834448985368105.5,0.0
US.MS,7299260949200896.0,3442916822957547.5,0.0
US.MO,7667363268788224.0,2018652923739206.5,0.0
US.MT,6219388596256768.0,3261343287650630.0,0.0
US.NE,5781578957455360.0,2271896200800396.5,0.0
US.NV,6233009548165120.0,2488006727617324.5,0.0
US.NH,0.0,0.0,0.0
US.NJ,4444001587429376.0,1274204016250716.2,0.0
US.NM,6067418157809664.0,3824750929627339.0,0.0
US.NY,6821962307338240.0,1022102908437593.1,0.0
US.NC,9891114261676032.0,3142492645089206.0,0.0
US.ND,7114195640254464.0,3708159579458152.0,0.0
US.OH,7292491543871488.0,2473196622559728.0,0.0
US.OK,6582163008913408.0,1626538097585933.5,0.0
US.OR,6371237701877760.0,1679651475316358.0,0.0
US.PA,7548523671191552.0,3343830063123603.5,0.0
US.RI,0.0,0.0,0.0
US.SC,8273117940023296.0,3080995436095582.5,0.0
US.SD,5660898966372352.0,2549294260907190.5,0.0
US.TN,7467143167737856.0,4225150113983146.5,0.0
US.TX,6830085164236800.0,1780264800170094.8,0.0
US.UT,6708860786049024.0,3855637410179400.0,0.0
US.VT,0.0,0.0,0.0
US.VA,7907734334734336.0,2552037272900013.0,0.0
US.WA,5404404593197056.0,2752229812604193.0,0.0
US.WV,6758631940816896.0,1874081938785244.2,0.0
US.WI,1.1808197610307584e+16,3120149935378905.5,0.0
US.WY,9980211210747904.0,3841421778440553.0,0.0
