HASC_1,Max,Mean,Min
US.AL,5899338907648000.0,3075412632721453.5,0.0
US.AK,5123504068362240.0,112848560164419.38,0.0
US.AZ,7050421818359808.0,3493300564423111.0,0.0
US.AR,6100216138694656.0,3795104476446385.5,0.0
US.CA,7613351370686464.0,1988971475716204.0,0.0
US.CO,5402164767752192.0,3678416105985365.5,0.0
US.CT,8934746377682944.0,3919556181446121.5,0.0
US.DE,0.0,0.0,0.0
US.DC,0,0,0
US.FL,1.6894101387476992e+16,2253228448431918.0,0.0
US.GA,1.5605407187730432e+16,4061678343227965.5,0.0
US.HI,4027656047689728.0,225553602922414.1,0.0
US.ID,7126690236989440.0,2245980838089632.5,0.0
US.IL,1.436952175837184e+16,2971332570255863.0,0.0
US.IN,1.436952175837184e+16,5025472269950769.0,0.0
US.IA,5238201706872832.0,3560507489419784.0,0.0
US.KS,7219954378080256.0,4717231655008338.0,0.0
US.KY,8902247433895936.0,2522505344864245.0,0.0
US.LA,6693705993945088.0,3080445916554953.5,0.0
US.ME,6950328142397440.0,2852143111961410.5,0.0
US.MD,0.0,0.0,0.0
US.MA,8066711475453952.0,2697740975865856.0,0.0
US.MI,1.156521413050368e+16,1856476368828230.8,0.0
US.MN,6368568379703296.0,2567429459105109.5,0.0
US.MS,6046504351432704.0,3564398639075819.5,0.0
US.MO,6040922504560640.0,2844419181645473.0,0.0
US.MT,5599411677691904.0,2297628321374674.5,0.0
US.NE,5139840513343488.0,2809012856248414.5,0.0
US.NV,4756535620141056.0,2727518923194639.0,0.0
US.NH,7304521210396672.0,3368029107043745.0,0.0
US.NJ,2299683330326528.0,388553392498905.9,0.0
US.NM,5402164767752192.0,3021022265861117.0,0.0
US.NY,7258287498067968.0,839034352278412.9,0.0
US.NC,6352883159138304.0,846572198902547.8,0.0
US.ND,6972016116629504.0,3991657027939013.0,0.0
US.OH,8697046781394944.0,1115967720663231.4,0.0
US.OK,7015294354587648.0,2352940181973516.0,0.0
US.OR,5022299606482944.0,2720390552299222.0,0.0
US.PA,1206169758597120.0,28145791399762.44,0.0
US.RI,8855187477233664.0,5049143205770035.0,0.0
US.SC,7558965273559040.0,2428973398928759.0,0.0
US.SD,5375645492183040.0,3186764087322361.0,0.0
US.TN,6409123608395776.0,3656238525115325.5,0.0
US.TX,6693705993945088.0,1363286087684875.2,0.0
US.UT,4883379963035648.0,3181008083564109.5,0.0
US.VT,7405915187707904.0,4143519081107994.0,0.0
US.VA,8614636559532032.0,261010281183761.47,0.0
US.WA,6763798249603072.0,3313379151736757.5,0.0
US.WV,0.0,0.0,0.0
US.WI,1.2567479108763648e+16,2994218451078638.5,0.0
US.WY,5167996708323328.0,2851756439587867.5,0.0
