HASC_1,Max,Mean,Min
US.AL,5305190311788544.0,2034973988267457.5,0.0
US.AK,3757507973480448.0,97764271229754.55,0.0
US.AZ,5106136294359040.0,2974835429327344.5,0.0
US.AR,0.0,0.0,0.0
US.CA,4656810237624320.0,84698752212564.75,0.0
US.CO,7007718569148416.0,3842766742409702.5,0.0
US.CT,0.0,0.0,0.0
US.DE,6656135767523328.0,3577936013988425.0,0.0
US.DC,9494276463394816.0,8897183935889408.0,8300091408384000.0
US.FL,5978245509939200.0,1429896052734359.8,0.0
US.GA,6167171457613824.0,3240911150329288.5,0.0
US.HI,4130488302174208.0,235411316230062.1,0.0
US.ID,4977601344962560.0,1946999414159334.0,0.0
US.IL,7086568263122944.0,3136940903608270.5,0.0
US.IN,8865986635628544.0,4511422279815202.0,0.0
US.IA,6807885015154688.0,1488181618421387.8,0.0
US.KS,5213316129488896.0,3814924427538895.5,0.0
US.KY,7294098935382016.0,2693891288877244.5,0.0
US.LA,4572092007710720.0,203202108530966.62,0.0
US.ME,3274644664614912.0,879877682371002.5,0.0
US.MD,1.3515509387493376e+16,3613434054239118.0,0.0
US.MA,0.0,0.0,0.0
US.MI,9451107747102720.0,2812586248951584.5,0.0
US.MN,6716562199281664.0,1908401616916956.2,0.0
US.MS,4666511495004160.0,746188151860875.6,0.0
US.MO,0.0,0.0,0.0
US.MT,7612310914859008.0,2695159285860028.0,0.0
US.NE,5055474470748160.0,2722490671503995.5,0.0
US.NV,4660786840469504.0,576031213060775.9,0.0
US.NH,0.0,0.0,0.0
US.NJ,6165060481187840.0,2281016837954138.5,0.0
US.NM,5081341448159232.0,3341371144875483.5,0.0
US.NY,1.5513240410783744e+16,2000059227033683.0,0.0
US.NC,7488199244906496.0,2942626298742064.5,0.0
US.ND,4437441830191104.0,2703210856263739.5,0.0
US.OH,1.5415946516627456e+16,4042493889291292.0,0.0
US.OK,6061516335874048.0,1863540049108239.0,0.0
US.OR,4376645762809856.0,754417922437405.8,0.0
US.PA,1.3515509387493376e+16,6015788234337782.0,0.0
US.RI,0.0,0.0,0.0
US.SC,6167171457613824.0,2897688175994470.5,0.0
US.SD,4804035810951168.0,2622825916857293.5,0.0
US.TN,6729260270092288.0,3501506127323303.0,0.0
US.TX,1.0696617124429824e+16,1802361357302301.2,0.0
US.UT,5989228815056896.0,3637149565517200.0,0.0
US.VT,0.0,0.0,0.0
US.VA,1.1167501232635904e+16,2979135693081492.5,0.0
US.WA,4689278579769344.0,1768685393687185.5,0.0
US.WV,1.1167501232635904e+16,2617392563429298.0,0.0
US.WI,7469794236301312.0,3068666818300703.0,0.0
US.WY,5742693397299200.0,3386691442316692.0,0.0
