HASC_1,Max,Mean,Min
US.AL,1.0837225763766272e+16,3060810793879965.5,0.0
US.AK,6911708333342720.0,157620955190129.34,0.0
US.AZ,6392862862213120.0,3328922088732481.0,0.0
US.AR,9366026592452608.0,3548877314705180.5,0.0
US.CA,1.1140568566464512e+16,2198686253130098.0,0.0
US.CO,7888409666256896.0,4168946414382763.5,0.0
US.CT,1.0990089018540032e+16,6281752349070677.0,0.0
US.DE,7598121416654848.0,4907381793376549.0,0.0
US.DC,6212789915877376.0,5955238980747264.0,5697688045617152.0
US.FL,5144578399141888.0,182759019762778.66,0.0
US.GA,0.0,0.0,0.0
US.HI,4041527181443072.0,220946387477463.03,0.0
US.ID,5868858061619200.0,959496764781821.2,0.0
US.IL,1.2347260029370368e+16,2579255713941490.5,0.0
US.IN,5469828219404288.0,130234005223911.62,0.0
US.IA,9339787563499520.0,3576477966528380.0,0.0
US.KS,7477893470879744.0,4487371699587138.0,0.0
US.KY,8264283192295424.0,755252975263242.5,0.0
US.LA,1.036118447357952e+16,3062754705471872.5,0.0
US.ME,8122242181365760.0,2451715570201822.5,0.0
US.MD,8680485387501568.0,3242553746449294.0,0.0
US.MA,1.2194568573288448e+16,3845196060033024.0,0.0
US.MI,6602784220643328.0,544561178355043.2,0.0
US.MN,7360484634263552.0,2147642714416352.5,0.0
US.MS,9242999401742336.0,3624663798856738.5,0.0
US.MO,1.0412007895334912e+16,3318335623908957.0,0.0
US.MT,5100142130626560.0,2878260040875123.5,0.0
US.NE,7477893470879744.0,3975552722812228.0,0.0
US.NV,8915774970265600.0,2767238781431866.5,0.0
US.NH,9322339258859520.0,3849044265135369.5,0.0
US.NJ,1.2970713187090432e+16,4735307396534644.0,0.0
US.NM,4889413855215616.0,2481928767661842.0,0.0
US.NY,1.5125078446440448e+16,3690752555191600.0,0.0
US.NC,8469411904094208.0,2860459819074063.0,0.0
US.ND,5648114459344896.0,3928421007994219.5,0.0
US.OH,9413439810174976.0,1393650069493077.2,0.0
US.OK,8766217766567936.0,2935347274933377.0,0.0
US.OR,7133949268590592.0,3385626168254706.0,0.0
US.PA,1.2039885326123008e+16,6397591752739389.0,0.0
US.RI,8968381340319744.0,5658870829128090.0,0.0
US.SC,9277120769425408.0,1485847977741401.8,0.0
US.SD,6693178249838592.0,3698450617912525.0,0.0
US.TN,9366026592452608.0,2684914499181347.0,0.0
US.TX,8464297134915584.0,2023692861232995.5,0.0
US.UT,6305091984293888.0,2140478246520968.5,0.0
US.VT,9892099956670464.0,4849859242732865.0,0.0
US.VA,8680485387501568.0,2812246120722453.0,0.0
US.WA,1.2182805731606528e+16,4093545356417279.0,0.0
US.WV,9337422110261248.0,1813049244440770.2,0.0
US.WI,6549541121687552.0,743835944862659.8,0.0
US.WY,5570955908743168.0,3777787829437054.5,0.0
