HASC_1,Max,Mean,Min
CA.AB,0.005929893348366022,0.004940181390895527,0.004001842346042395
CA.BC,0.01054536085575819,0.006253412929050791,0.00419233925640583
CA.MB,0.005295621231198311,0.004077405220253722,0.0034168430138379335
CA.NB,0.009644773788750172,0.008172768499288293,0.00683000311255455
CA.NF,0.00967449601739645,0.006537356098894687,0.004738118965178728
CA.NT,0.005908515304327011,0.0041169174205331945,0.0025031038094311953
CA.NS,0.011152692139148712,0.009486480536771582,0.008557585068047047
CA.NU,0.006268288940191269,0.0031568267455416733,0.0012149083195254207
CA.ON,0.013687080703675747,0.006779629779304928,0.0044343736954033375
CA.PE,0.009769386611878872,0.009043108439072967,0.007483270484954119
CA.QC,0.01037568598985672,0.006773071839749884,0.004197465255856514
CA.SK,0.005205618217587471,0.00395268283031283,0.0033656228333711624
CA.YT,0.0061662457883358,0.0052240232878830286,0.0031891732942312956
