HASC_1,Max,Mean,Min
CA.AB,0.002245816169306636,0.0013698589380181586,0.0006654835306107998
CA.BC,0.0045349919237196445,0.0021475654698338417,0.001106731710024178
CA.MB,0.001753740361891687,0.0006061451361935778,0.0002272776182508096
CA.NB,0.004892540629953146,0.0025794418916727105,0.0013248251052573323
CA.NF,0.0023408655542880297,0.0006013378092307796,0.00015864039596635848
CA.NT,0.0018420148408040404,0.0005483827672050462,0.0001887158869067207
CA.NS,0.004892540629953146,0.003287839121185243,0.001575780683197081
CA.NU,0.0007106488919816911,0.00022008968275661204,4.893864752375521e-05
CA.ON,0.006450130138546228,0.0019480316058341158,0.00021740561351180077
CA.PE,0.002632610499858856,0.002221258997451514,0.0017870195442810655
CA.QC,0.0050589959137141705,0.0008256284208020348,0.00015226456162054092
CA.SK,0.00216664164327085,0.0010408363831416348,0.0003223321109544486
CA.YT,0.0031969870906323195,0.0012552986356240581,0.0004120942612644285
