HASC_1,Max,Mean,Min
CA.AB,0.003996995277702808,0.0019210507414770739,0.0003660494403447956
CA.BC,0.004582750145345926,0.0020911921368570435,0.0003087768272962421
CA.MB,0.0030910444911569357,0.00193712649625548,0.0003245646075811237
CA.NB,0.0031035616993904114,0.0018782297718442148,0.0013383999466896057
CA.NF,0.0030009225010871887,0.001391149446456385,0.000475001783343032
CA.NT,0.0006722583784721792,0.00020844492518316333,6.076068166294135e-05
CA.NS,0.003585525555536151,0.0024632888157515133,0.0018534731352701783
CA.NU,0.0011259193997830153,0.00019090814514368407,4.4130676542408764e-05
CA.ON,0.0038180630654096603,0.0017319537099271163,0.0006374542135745287
CA.PE,0.0019920540507882833,0.001872999663464725,0.0017901929095387459
CA.QC,0.0033281920477747917,0.0009105106816803162,0.00032226237817667425
CA.SK,0.004092284012585878,0.002545473266146462,0.00046616539475508034
CA.YT,0.002195067470893264,0.00033132472963188776,0.00012336419604253024
