HASC_1,Max,Mean,Min
CA.AB,0.0045692045241594315,0.0033312635645596175,0.0019442159682512283
CA.BC,0.007086149882525206,0.004129835645105245,0.0027207450475543737
CA.MB,0.003997039515525103,0.0020739771141533685,0.0006658154889009893
CA.NB,0.004096261225640774,0.0027290500183072353,0.002264074282720685
CA.NF,0.003270697547122836,0.0018747189413475366,0.0010081746149808168
CA.NT,0.004035702906548977,0.0017633559055818364,0.0005314119043760002
CA.NS,0.00413516303524375,0.003444042066706622,0.0028011316899210215
CA.NU,0.001464716624468565,0.0007291100036567689,0.00039702837239019573
CA.ON,0.003948998171836138,0.002953320784736278,0.0010284798918291926
CA.PE,0.0029707669746130705,0.002874715905636549,0.0026076550129801035
CA.QC,0.003354223445057869,0.0019333598365014425,0.0004871902347076684
CA.SK,0.0045692045241594315,0.0028731562991275877,0.0008242346812039614
CA.YT,0.004143826197832823,0.003502346701498027,0.0010402718326076865
