HASC_1,Max,Mean,Min
CA.AB,0.006653818767517805,0.0050925804850572055,0.0037191640585660934
CA.BC,0.00901209656149149,0.005798550756168621,0.0036127895582467318
CA.MB,0.009283099323511124,0.00748594856738825,0.005637440364807844
CA.NB,0.01174214854836464,0.009473646949562762,0.007996990345418453
CA.NF,0.011421553790569305,0.0065096883062163696,0.004871242213994265
CA.NT,0.007230553310364485,0.004618348755909194,0.0031768016051501036
CA.NS,0.014026355929672718,0.012106428180444748,0.010444833897054195
CA.NU,0.007239772006869316,0.004070575019254035,0.0017953841015696526
CA.ON,0.011505159549415112,0.007478560402615392,0.005318277049809694
CA.PE,0.012675636447966099,0.011711710039526224,0.010529234074056149
CA.QC,0.011132431216537952,0.006273940117535814,0.004624002147465944
CA.SK,0.007930312305688858,0.006144410886019928,0.004592332523316145
CA.YT,0.006550583988428116,0.005579427002521698,0.0029342107009142637
