HASC_1,Max,Mean,Min
CA.AB,0.0023858784697949886,0.0007253069260548638,8.238884038291872e-05
CA.BC,0.005441093351691961,0.001556874141544486,0.00010514666064409539
CA.MB,0.0006674965843558311,0.00025563399790638975,7.225108129205182e-05
CA.NB,0.006146176252514124,0.0040689749384505884,0.002884411485865712
CA.NF,0.0040676831267774105,0.0014772876160457278,0.00030471791978925467
CA.NT,0.0006912291864864528,0.0002642586722084139,5.105853779241443e-05
CA.NS,0.006146176252514124,0.00495680708913727,0.003891213797032833
CA.NU,0.0008511186460964382,0.0002593397236861209,3.8189733459148556e-05
CA.ON,0.008278116583824158,0.0014737846282142119,0.00024930297513492405
CA.PE,0.00454241456463933,0.004111261991783977,0.0035428835544735193
CA.QC,0.005729500204324722,0.0012767832647268766,0.0001031561114359647
CA.SK,0.0021776596549898386,0.0006534990173765246,0.00010866954107768834
CA.YT,0.0014644503826275468,0.0002056750807469143,7.13222470949404e-05
