HASC_1,Max,Mean,Min
CA.AB,0.005838092416524887,0.003450993715606239,0.0019295383244752884
CA.BC,0.007222985848784447,0.005034693541116456,0.0019295383244752884
CA.MB,0.005384859163314104,0.002944622455876978,0.001873629167675972
CA.NB,0.00556907756254077,0.004750568957792388,0.00374652654863894
CA.NF,0.0043157110922038555,0.003537222192629569,0.0023317306768149137
CA.NT,0.0037619045469909906,0.0024877656340908634,0.0018863249570131302
CA.NS,0.0055876742117106915,0.0046618772234688416,0.0038756700232625008
CA.NU,0.003990587778389454,0.0022704848533840276,0.0012060870649293065
CA.ON,0.012565788812935352,0.005402976660310899,0.0029447844717651606
CA.PE,0.004362679552286863,0.004243076965212822,0.004078325815498829
CA.QC,0.008691246621310711,0.003916950125909465,0.002299027517437935
CA.SK,0.004523691721260548,0.0030606358964571064,0.002037442522123456
CA.YT,0.00526835210621357,0.003530349867651239,0.0023094783537089825
