HASC_1,Max,Mean,Min
CA.AB,0.0034099153708666563,0.0027617274328072504,0.0017497277585789561
CA.BC,0.0055596171878278255,0.0031651035083697606,0.0014937854139134288
CA.MB,0.0032254985999315977,0.0018712232146165608,0.0005312645807862282
CA.NB,0.0032048355787992477,0.002222281228750944,0.0017669833032414317
CA.NF,0.002451155101880431,0.0010866817174246535,0.00045780438813380897
CA.NT,0.00284806196577847,0.0006111963095696653,0.00020101519476156682
CA.NS,0.0032048355787992477,0.0022447074149200257,0.0017390982247889042
CA.NU,0.0009778673993423581,0.0003417416514132973,0.00010155365453101695
CA.ON,0.005007678177207708,0.0028477635432362894,0.0009721255046315491
CA.PE,0.0018916464177891612,0.0017923609470017255,0.0017264620400965214
CA.QC,0.0033618740271776915,0.0015608750184536685,0.00045780438813380897
CA.SK,0.0033629070967435837,0.0023434237872730413,0.0007110172882676125
CA.YT,0.0027365817222744226,0.0011388693744265766,0.00033151954994536936
