HASC_1,Max,Mean,Min
CA.AB,0.006083840969949961,0.004606144399580386,0.0027721673250198364
CA.BC,0.006400143261998892,0.004439446313216337,0.002845481038093567
CA.MB,0.006447747349739075,0.003409624259288916,0.001224661828018725
CA.NB,0.005486364010721445,0.004614308062526915,0.003978526219725609
CA.NF,0.005315657239407301,0.003999732355998062,0.003230487694963813
CA.NT,0.0043462468311190605,0.0023511683513447574,0.001222466235049069
CA.NS,0.00605984078720212,0.005114445165592305,0.004580135457217693
CA.NU,0.003722027176991105,0.0021176550129797314,0.0010376522550359368
CA.ON,0.005435938481241465,0.0035098447678904013,0.001224661828018725
CA.PE,0.004927670117467642,0.00474665891379118,0.0044937883503735065
CA.QC,0.004741147626191378,0.003115271883944712,0.0012041875161230564
CA.SK,0.006613051053136587,0.004877628421520147,0.0016136117046698928
CA.YT,0.004348670598119497,0.003227521974258707,0.0018106846837326884
