HASC_1,Max,Mean,Min
CA.AB,0.003555413568392396,0.0025300109292633027,0.0007141990936361253
CA.BC,0.006306882947683334,0.003251225724920575,0.0008888107258826494
CA.MB,0.002955750795081258,0.001322751421128701,0.0004534684994723648
CA.NB,0.0042746830731630325,0.0029058896574295228,0.002182579133659601
CA.NF,0.004868742544203997,0.0022765535802190084,0.0010769229847937822
CA.NT,0.0018245241371914744,0.0005358369446367357,0.00012859146227128804
CA.NS,0.0063133202493190765,0.004093499878976256,0.0033710759598761797
CA.NU,0.0020531078334897757,0.0002682111977755177,4.186298247077502e-05
CA.ON,0.0037775004748255014,0.0016497344026794862,0.0004329943039920181
CA.PE,0.0038263762835413218,0.0035339995520189404,0.003208673559129238
CA.QC,0.00390946539118886,0.0014029033277205918,0.0004016099264845252
CA.SK,0.003067926736548543,0.0017988338865653072,0.0005502093117684126
CA.YT,0.003965493757277727,0.0011287973181879352,0.00023950017930474132
