HASC_1,Max,Mean,Min
CA.AB,0.004807967692613602,0.003442423025135266,0.002606350928544998
CA.BC,0.006713727489113808,0.0040954177219198265,0.002604225417599082
CA.MB,0.003788430243730545,0.002203456610304249,0.0012211290886625648
CA.NB,0.004640359431505203,0.004043654906046059,0.003743786131963134
CA.NF,0.004608570132404566,0.0035568921448430046,0.002622285159304738
CA.NT,0.003572601592168212,0.0023495923766015422,0.0011599250137805939
CA.NS,0.00590691901743412,0.004404772310814959,0.003991026431322098
CA.NU,0.0026997115928679705,0.0009976858521814375,0.00041107708238996565
CA.ON,0.005497712641954422,0.0034616237275273075,0.0016115097096189857
CA.PE,0.004151601344347,0.004089199332520365,0.003955581691116095
CA.QC,0.005497712641954422,0.003191533109353685,0.0009901014855131507
CA.SK,0.004137812647968531,0.002806469379855251,0.0016762204468250275
CA.YT,0.00351836159825325,0.0029297671346284913,0.0015428451588377357
