HASC_1,Max,Mean,Min
CA.AB,0.003584967227652669,0.0023349595160098643,0.0006344873108901083
CA.BC,0.006456798408180475,0.00326797536942663,0.0013329543871805072
CA.MB,0.0027355209458619356,0.0008053700220925213,0.00017850186850409955
CA.NB,0.0050310553051531315,0.0038839298714366225,0.003144369227811694
CA.NF,0.004196590278297663,0.0021016587082104865,0.0005690364050678909
CA.NT,0.0021041492000222206,0.0005135258014193679,0.0001364781055599451
CA.NS,0.005323436111211777,0.004625780151245442,0.003910408820956945
CA.NU,0.0012297489447519183,0.00039272770075584235,0.0001222897117258981
CA.ON,0.003814762458205223,0.001525140641872243,0.0006021269364282489
CA.PE,0.0042977589182555676,0.0039645018056035045,0.0037646156270056963
CA.QC,0.004025207366794348,0.0015331105929583435,0.0002689320535864681
CA.SK,0.003080194815993309,0.0015815346665970728,0.000216352054849267
CA.YT,0.004145171493291855,0.0014668050071122707,0.0003420868015382439
