HASC_1,Max,Mean,Min
CA.AB,0.018976302817463875,0.012589586680108796,0.007240782957524061
CA.BC,0.01585349626839161,0.010303140223484986,0.0048757498152554035
CA.MB,0.017851604148745537,0.012064354562693658,0.007163852918893099
CA.NB,0.013833933509886265,0.011568846036162641,0.009126594290137291
CA.NF,0.008410065434873104,0.006090971437515691,0.004016608465462923
CA.NT,0.01888570375740528,0.00816612419656745,0.003003687597811222
CA.NS,0.013483457267284393,0.01115241906348061,0.009025187231600285
CA.NU,0.017269225791096687,0.005143003668903393,0.0021462549921125174
CA.ON,0.015022688545286655,0.007967180808030773,0.004374196752905846
CA.PE,0.0129414526745677,0.012004419416189193,0.01080537959933281
CA.QC,0.012010030448436737,0.007212371800170146,0.003541202051565051
CA.SK,0.018691949546337128,0.012137202080339193,0.007524421438574791
CA.YT,0.011314164847135544,0.007696950097306398,0.0035727128852158785
