HASC_1,Max,Mean,Min
CA.AB,0.004189454950392246,0.0022066239707624,0.0003624495875556022
CA.BC,0.006812854204326868,0.003137835113152709,0.0005123651353642344
CA.MB,0.00337271299213171,0.001102637184136684,0.00018448995251674205
CA.NB,0.004250410478562117,0.0021832890756842164,0.0016266144812107086
CA.NF,0.0029548441525548697,0.001053144442373784,0.00031037002918310463
CA.NT,0.0006891922676004469,0.0002854270940203243,7.158511289162561e-05
CA.NS,0.005164428148418665,0.0032118571317814133,0.002191726118326187
CA.NU,0.0013024447252973914,0.00030809969279782697,7.199923129519448e-05
CA.ON,0.004186792764812708,0.0020179227835546414,0.0005660838796757162
CA.PE,0.0025133329909294844,0.0022811449831351637,0.002044681226834655
CA.QC,0.0028287603054195642,0.0011274232731204076,0.00031558048794977367
CA.SK,0.003935578744858503,0.0019219061679995107,0.00018546597857493907
CA.YT,0.002418879419565201,0.000564725316780823,0.00017389275308232754
