HASC_1,Max,Mean,Min
CA.AB,0.0027861210983246565,0.0014801537600222367,0.00036113066016696393
CA.BC,0.004945637192577124,0.0020976977246038534,0.0005044598947279155
CA.MB,0.003021797863766551,0.0014163513470146641,0.0003059193550143391
CA.NB,0.0032394735608249903,0.002490930062615209,0.0021718156058341265
CA.NF,0.003230612725019455,0.0020692084968579687,0.000669480359647423
CA.NT,0.0016447711968794465,0.000476347464502131,0.00015545486530754715
CA.NS,0.003856779308989644,0.003139228991014843,0.002552073448896408
CA.NU,0.0011147070908918977,0.0003996485873830474,0.00014957512030377984
CA.ON,0.006479939445853233,0.0030980702046411275,0.0007951965089887381
CA.PE,0.002886693924665451,0.002617408032529056,0.002331317635253072
CA.QC,0.0038738660514354706,0.0019633042581510087,0.00037225676351226866
CA.SK,0.0028107576072216034,0.0017160477567094747,0.0003066842909902334
CA.YT,0.002881846157833934,0.001280634717841167,0.0007022232166491449
