HASC_1,Max,Mean,Min
CA.AB,0.0141540402546525,0.011567961397436896,0.008850577287375927
CA.BC,0.014453335665166378,0.011050598677630022,0.005884809885174036
CA.MB,0.011180642992258072,0.008971667737590477,0.0055863093584775925
CA.NB,0.015067660249769688,0.013139613614314132,0.009512030519545078
CA.NF,0.012418512254953384,0.00998028671293629,0.004225177690386772
CA.NT,0.013210061937570572,0.007628028366858263,0.0032204019371420145
CA.NS,0.012991988100111485,0.011185465261657188,0.009579264558851719
CA.NU,0.008729302324354649,0.004393526240207019,0.003039601491764188
CA.ON,0.016535047441720963,0.009988003217901184,0.004489265847951174
CA.PE,0.012838605791330338,0.012419656664133073,0.011774941347539425
CA.QC,0.01592962257564068,0.008695158307627729,0.0037289888132363558
CA.SK,0.012236678041517735,0.010305136801490996,0.008011185564100742
CA.YT,0.011424942873418331,0.008881866131559946,0.0044425358064472675
