HASC_1,Max,Mean,Min
HU.BK,0.0,0.0,0.0
HU.BA,0.0,0.0,0.0
HU.BE,0.0009287006687372923,0.00010600596512879498,0.0
HU.BZ,0.00020833332382608205,1.8037517214379398e-06,0.0
HU.BU,0.0,0.0,0.0
HU.CS,0.00020833332382608205,1.9411289031268097e-05,0.0
HU.FE,0.00748832942917943,0.00022265899963465265,0.0
HU.GS,0.019213596358895302,0.00039507112887804396,0.0
HU.HB,0.006666666362434626,0.0005396375370418397,0.0
HU.HE,0.00020833332382608205,2.0032050367892507e-06,0.0
HU.JN,0.0004166666476521641,1.2382675583163898e-05,0.0
HU.KE,0.0,0.0,0.0
HU.NO,0.0,0.0,0.0
HU.PE,0.0,0.0,0.0
HU.SO,0.033941369503736496,0.0005828083575622822,0.0
HU.SZ,0.006666666362434626,0.0006884341648975877,0.0
HU.TO,0.0014232797548174858,1.4376563179974604e-05,0.0
HU.VA,0.09826353937387466,0.002673036496465405,0.0
HU.VE,0.00748832942917943,0.00033817097664723406,0.0
HU.ZA,0.1071997582912445,0.008577097294325329,0.0
