HASC_1,Max,Mean,Min
HU.BK,0.7974533438682556,0.06862137466273802,0.0
HU.BA,0.35239648818969727,0.03858458617157469,0.0
HU.BE,0.3316718637943268,0.04079511972724811,0.0
HU.BZ,0.7505125403404236,0.0766704094044006,0.0
HU.BU,0.6101835370063782,0.09287237932439893,0.0
HU.CS,0.3316718637943268,0.06656852957922428,0.0
HU.FE,0.2785279154777527,0.053186666722864505,0.0
HU.GS,0.121634341776371,0.0146603187812957,0.0
HU.HB,0.3433760404586792,0.04971508922435099,0.0
HU.HE,0.19289623200893402,0.032323448657664886,0.0
HU.JN,0.3316718637943268,0.043429463152812486,0.0
HU.KE,0.040178168565034866,0.003948722023723707,0.0
HU.NO,0.1463366150856018,0.010335526741263304,0.0
HU.PE,0.6101835370063782,0.04693200744787203,0.0
HU.SO,1.3035387992858887,0.20627324959994958,0.0
HU.SZ,0.25006476044654846,0.04903328203354834,0.0
HU.TO,0.35239648818969727,0.10376498078682808,0.0
HU.VA,0.9606125354766846,0.07881189670023692,0.0
HU.VE,0.358746200799942,0.05122245875365176,0.0
HU.ZA,1.607248306274414,0.37568003018245555,0.0
