HASC_1,Max,Mean,Min
HU.BK,1.4177212715148926,0.36810220004274297,0.0
HU.BA,1.5324374437332153,0.6045247231210981,0.0
HU.BE,2.5327370166778564,0.9024584943597967,0.0
HU.BZ,3.9674997329711914,1.379411640621367,0.0
HU.BU,1.9153441190719604,0.8093874901533127,0.0
HU.CS,1.8416897058486938,0.6814976222813129,0.0
HU.FE,1.2125688791275024,0.435629294406284,0.0
HU.GS,1.5684876441955566,0.7329095080494881,0.0
HU.HB,2.5327370166778564,1.0952005577938897,0.0
HU.HE,3.752732992172241,1.666055902838707,0.0
HU.JN,2.7255585193634033,1.1251467204093932,0.0
HU.KE,1.7256145477294922,0.6653342536001494,0.0
HU.NO,3.7292540073394775,1.725925060418936,0.0
HU.PE,2.5891735553741455,0.772721374187714,0.0
HU.SO,1.5782108306884766,0.6120586145137038,0.0
HU.SZ,2.363759756088257,0.8314610562826458,0.0
HU.TO,1.6257659196853638,0.5697755310872589,0.0
HU.VA,1.2565456628799438,0.5232983539756547,0.0
HU.VE,1.2663322687149048,0.7003450539583961,0.0
HU.ZA,1.309627652168274,0.6683297193411625,0.0
