HASC_1,Max,Mean,Min
HU.BK,0.43702277541160583,0.050864636643941946,0.0
HU.BA,0.7992317080497742,0.1168440385975243,0.0
HU.BE,1.0190566778182983,0.21990474588056277,0.0
HU.BZ,0.8915591239929199,0.12400153576818726,0.0
HU.BU,0.18769799172878265,0.06738903429359197,0.0
HU.CS,1.0190566778182983,0.17049704592948098,0.0
HU.FE,1.022747278213501,0.16293634934435514,0.0
HU.GS,0.8061617016792297,0.18047710851533338,0.0
HU.HB,0.9315249919891357,0.07085012008498043,0.0
HU.HE,0.5769461989402771,0.14339455196414536,0.0
HU.JN,0.641361653804779,0.12792331605101936,0.0
HU.KE,1.0053565502166748,0.2552191649817608,0.0
HU.NO,0.2836522161960602,0.04025972146696954,0.0
HU.PE,0.2348591685295105,0.03325818954513241,0.0
HU.SO,2.4870688915252686,0.5437594594522601,0.0
HU.SZ,0.5514630675315857,0.05534705726526152,0.0
HU.TO,2.4870688915252686,0.2941713243222565,0.0
HU.VA,2.5073354244232178,0.27606888540471214,0.0
HU.VE,1.3752484321594238,0.2929162501823157,0.0
HU.ZA,2.1859660148620605,0.7322305772039626,0.0
