HASC_1,Max,Mean,Min
HU.BK,0.001242787460796535,2.412899504214203e-05,0.0
HU.BA,0.000530199205968529,1.790390043814633e-05,0.0
HU.BE,0.05512413755059242,0.001621266944253025,0.0
HU.BZ,0.004999999888241291,0.00013165212389045433,0.0
HU.BU,0.0008333332953043282,0.0002359007514314726,0.0
HU.CS,0.057576969265937805,0.004351806666958369,0.0
HU.FE,0.07420650124549866,0.0010370730232600843,0.0
HU.GS,0.1734531670808792,0.01893412621114976,0.0
HU.HB,0.004166666883975267,0.00013638880677934226,0.0
HU.HE,0.01020833384245634,0.0004852204636755722,0.0
HU.JN,0.01020833384245634,0.000269075629961056,0.0
HU.KE,0.15125194191932678,0.008251168357012582,0.0
HU.NO,0.0037499999161809683,0.00010302197587916853,0.0
HU.PE,0.0025718112010508776,0.00014532783900041325,0.0
HU.SO,0.07666929066181183,0.005122126764966933,0.0
HU.SZ,0.0024129750672727823,0.00014303807984106243,0.0
HU.TO,0.07666929066181183,0.0019591334822333085,0.0
HU.VA,0.016815831884741783,0.0012289587828755064,0.0
HU.VE,0.013066298328340054,0.0016298304775925014,0.0
HU.ZA,0.03496433421969414,0.0048024622171369356,0.0
