HASC_1,Max,Mean,Min
HU.BK,1.7166948318481445,0.08929512878503723,0.0
HU.BA,0.4956594705581665,0.09619490388649865,0.0
HU.BE,0.442360520362854,0.025280278722380284,0.0
HU.BZ,1.3292254209518433,0.07842317118535717,0.0
HU.BU,0.03825020417571068,0.0071996014252363235,0.0
HU.CS,0.442360520362854,0.03105631988504543,0.0
HU.FE,0.3579064905643463,0.027132341060694835,0.0
HU.GS,0.019372276961803436,0.0002966524371004198,0.0
HU.HB,1.361972451210022,0.05182604463048587,0.0
HU.HE,1.582269549369812,0.150809346067455,0.0
HU.JN,0.8633267283439636,0.04831141095749141,0.0
HU.KE,0.007810619659721851,0.00032993486467713603,0.0
HU.NO,0.7293623089790344,0.030903668843905677,0.0
HU.PE,0.651960551738739,0.025715142676236633,0.0
HU.SO,0.001935839420184493,2.675073621850017e-05,0.0
HU.SZ,1.1309692859649658,0.10488450335378198,0.0
HU.TO,0.44261613488197327,0.10137808972715655,0.0
HU.VA,0.0,0.0,0.0
HU.VE,0.004920848645269871,7.176597227953607e-05,0.0
HU.ZA,0.005167787428945303,0.00013041560628658367,0.0
