HASC_1,Max,Mean,Min
HU.BK,0.011966247111558914,0.001427868375003527,0.0
HU.BA,0.005145122762769461,0.0005616679135463139,0.0
HU.BE,0.08066390454769135,0.009373566247454796,0.0
HU.BZ,0.07454366981983185,0.005335697348169616,0.0
HU.BU,0.007796448655426502,0.0038168533938005567,0.0
HU.CS,0.030396243557333946,0.0029826595245000275,0.0
HU.FE,0.014319130219519138,0.00140586529454264,0.0
HU.GS,0.22686713933944702,0.0021990552545503306,0.0
HU.HB,0.10546433925628662,0.01471422722811223,0.0
HU.HE,0.04289549961686134,0.003807179304973173,0.0
HU.JN,0.08731142431497574,0.00938387497238485,0.0
HU.KE,0.005740271881222725,0.00026942487916544036,0.0
HU.NO,0.005336403846740723,0.0006134966779327541,0.0
HU.PE,0.010878877714276314,0.0017085135280444192,0.0
HU.SO,0.016060084104537964,0.0010920014414122783,0.0
HU.SZ,0.0840195044875145,0.017353901258677962,0.0
HU.TO,0.007115205284208059,0.0010389772579226775,0.0
HU.VA,0.0006666666595265269,5.698005636978863e-06,0.0
HU.VE,0.016060084104537964,0.000792174613025054,0.0
HU.ZA,0.02022324874997139,0.0003653299095781727,0.0
