HASC_1,Max,Mean,Min
HU.BK,0.22370032966136932,0.030209339179569163,0.0
HU.BA,1.4110037088394165,0.30069604639096986,0.0
HU.BE,0.03306577727198601,0.002468557247048956,0.0
HU.BZ,0.34082090854644775,0.05392975644342671,0.0
HU.BU,0.2298859804868698,0.13810641393065454,0.0
HU.CS,0.03306577727198601,0.004322475325702376,0.0
HU.FE,0.3742750883102417,0.15945326096632265,0.0
HU.GS,1.3716694116592407,0.3706693882122636,0.0
HU.HB,0.1928880363702774,0.0072505054337982855,0.0
HU.HE,0.3143288791179657,0.0784494545077905,0.0
HU.JN,0.2726776599884033,0.03407298198222027,0.0
HU.KE,0.2870117127895355,0.1278796699462515,0.0
HU.NO,0.23721928894519806,0.06737653902926288,0.0
HU.PE,0.25075849890708923,0.0868035007506991,0.0
HU.SO,1.4226880073547363,0.36784139852083864,0.0
HU.SZ,0.2764362692832947,0.013897323159169752,0.0
HU.TO,0.3580572307109833,0.12143592581604466,0.0
HU.VA,1.5229500532150269,0.48559422803740215,0.0
HU.VE,0.7526681423187256,0.3076498640390734,0.0
HU.ZA,1.0305975675582886,0.5039028832406709,0.0
