HASC_1,Max,Mean,Min
HU.BK,2.9574220180511475,0.6876533691269847,0.0
HU.BA,1.969572901725769,0.46757403262225644,0.0
HU.BE,1.330584168434143,0.4143189018616429,0.0
HU.BZ,0.7561080455780029,0.10211257529530667,0.0
HU.BU,0.08812177926301956,0.017866718320874497,0.0
HU.CS,1.9987047910690308,0.6417401762535939,0.0
HU.FE,0.4605107009410858,0.09005327821892438,0.0
HU.GS,0.03807513788342476,0.0033243148118060617,0.0
HU.HB,0.5427332520484924,0.11480637243948877,0.0
HU.HE,0.17389285564422607,0.020689251623060463,0.0
HU.JN,1.042859673500061,0.19160745821990227,0.0
HU.KE,0.030855311080813408,0.002120676840301409,0.0
HU.NO,0.0182846300303936,0.00044084631372243166,0.0
HU.PE,0.7241976857185364,0.09177468855677244,0.0
HU.SO,1.011220932006836,0.16760958619471195,0.0
HU.SZ,0.6907399296760559,0.10345917659926049,0.0
HU.TO,1.4770547151565552,0.35872542803561447,0.0
HU.VA,0.08103682845830917,0.0024731119666308262,0.0
HU.VE,0.16186586022377014,0.007485554559101122,0.0
HU.ZA,0.4088977575302124,0.09144349000534287,0.0
