HASC_1,Max,Mean,Min
HU.BK,0.5696264505386353,0.14927865798213483,0.0
HU.BA,0.30619221925735474,0.1239379147134189,0.0
HU.BE,0.1673099398612976,0.014526101965731113,0.0
HU.BZ,0.4265708029270172,0.024466442213105483,0.0
HU.BU,0.17690859735012054,0.05103677483275533,0.0
HU.CS,0.7217379212379456,0.17553354298713833,0.0
HU.FE,0.17479287087917328,0.043126492672176525,0.0
HU.GS,0.5510525703430176,0.05830812001295271,0.0
HU.HB,0.13293258845806122,0.011105438678460663,0.0
HU.HE,0.07935501635074615,0.009976925477810884,0.0
HU.JN,0.22486576437950134,0.014563208918674112,0.0
HU.KE,0.11306742578744888,0.035125833794926155,0.0
HU.NO,0.03983260318636894,0.004407884805614531,0.0
HU.PE,0.2732667624950409,0.02623139709676019,0.0
HU.SO,0.24742911756038666,0.054587739142811016,0.0
HU.SZ,0.13293258845806122,0.008035844383466504,0.0
HU.TO,0.30619221925735474,0.12071029955728187,0.0
HU.VA,0.03788583725690842,0.00912233354905859,0.0
HU.VE,0.20576946437358856,0.03758490175823681,0.0
HU.ZA,0.10512334108352661,0.012763823176183823,0.0
