HASC_1,Max,Mean,Min
HU.BK,0.3395838141441345,0.05635885379993292,0.0
HU.BA,0.632266104221344,0.14154888355655462,0.0
HU.BE,0.21658922731876373,0.041763188224909494,0.0
HU.BZ,0.008060426451265812,4.169635543472726e-05,0.0
HU.BU,0.0,0.0,0.0
HU.CS,0.2550303041934967,0.09078957629390061,0.0
HU.FE,0.36201274394989014,0.016942490996616884,0.0
HU.GS,0.0487707145512104,0.0004559034282465291,0.0
HU.HB,0.14782944321632385,0.004272190297169367,0.0
HU.HE,0.00863882340490818,0.00020678780534721087,0.0
HU.JN,0.11391652375459671,0.0026368752929071585,0.0
HU.KE,0.0006939527811482549,1.0514436078003861e-05,0.0
HU.NO,0.0,0.0,0.0
HU.PE,0.0074723344296216965,7.098213670990215e-05,0.0
HU.SO,0.4906317889690399,0.0333536724822352,0.0
HU.SZ,0.02199999801814556,0.00017046131437361154,0.0
HU.TO,0.2984482944011688,0.03212796274908325,0.0
HU.VA,0.02558075822889805,0.0015524396062535075,0.0
HU.VE,0.028740426525473595,0.0056993597845576005,0.0
HU.ZA,0.5162122845649719,0.1019218375387771,0.0
