HASC_1,Max,Mean,Min
HU.BK,1.1179660558700562,0.2684268280863762,0.0
HU.BA,1.4324959516525269,0.3675913684336202,0.0
HU.BE,1.1835328340530396,0.4184746333918014,0.0
HU.BZ,0.7040666937828064,0.13788934318889012,0.0
HU.BU,0.26340001821517944,0.06488875867798924,0.0
HU.CS,1.1835328340530396,0.6441562611323136,0.0
HU.FE,0.6183908581733704,0.10125326691195369,0.0
HU.GS,1.200022578239441,0.306861942030082,0.0
HU.HB,1.058669924736023,0.25733162001484916,0.0
HU.HE,0.7977859973907471,0.17567782112970376,0.0
HU.JN,1.058669924736023,0.3001259583234787,0.0
HU.KE,0.9691436290740967,0.18823923471129753,0.0
HU.NO,0.3343096673488617,0.07991686336450525,0.0
HU.PE,0.5034967064857483,0.09154891160627206,0.0
HU.SO,1.382476806640625,0.22458787204786426,0.0
HU.SZ,0.4745382070541382,0.1672796454084547,0.0
HU.TO,0.27311745285987854,0.07317395666331956,0.0
HU.VA,0.48603594303131104,0.05672407825278421,0.0
HU.VE,1.200022578239441,0.42879144148901105,0.0
HU.ZA,0.5465729832649231,0.12603509721506123,0.0
