HASC_1,Max,Mean,Min
HU.BK,0.0009631317225284874,1.2817671701598625e-05,0.0
HU.BA,0.0005778790800832212,7.657237802050076e-06,0.0
HU.BE,0.0020869693253189325,3.854976297110649e-05,0.0
HU.BZ,0.0,0.0,0.0
HU.BU,0.001041666604578495,5.2083330228924754e-05,0.0
HU.CS,2.1885818568989635e-05,3.0062939187631014e-07,0.0
HU.FE,0.006316970568150282,0.00035111650147221304,0.0
HU.GS,0.0024999999441206455,0.00017630529566758923,0.0
HU.HB,0.0,0.0,0.0
HU.HE,0.0,0.0,0.0
HU.JN,0.0,0.0,0.0
HU.KE,0.001184760476462543,2.564416662966268e-05,0.0
HU.NO,0.0005991330253891647,1.7559249752114307e-05,0.0
HU.PE,0.001041666604578495,3.294111713843543e-05,0.0
HU.SO,0.006658143829554319,0.0007020092026713039,0.0
HU.SZ,0.0,0.0,0.0
HU.TO,0.00578111968934536,0.00019518726398331122,0.0
HU.VA,0.0008462574332952499,8.826881709795158e-06,0.0
HU.VE,0.0064583332277834415,0.00046223957421413314,0.0
HU.ZA,0.0014583333395421505,1.4730639793355056e-05,0.0
