HASC_1,Max,Mean,Min
HU.BK,0.03474771976470947,0.008823901091913146,0.0
HU.BA,0.8464176058769226,0.07044102729352224,0.0
HU.BE,0.05212115868926048,0.012629460919168951,0.0
HU.BZ,0.021198710426688194,0.0015462329841745026,0.0
HU.BU,0.10231181979179382,0.015283165468281368,0.0
HU.CS,0.04844983294606209,0.008982081106541254,0.0
HU.FE,0.1240156963467598,0.01639227952215482,0.0
HU.GS,0.43323591351509094,0.09249985741007549,0.0
HU.HB,0.015447650104761124,0.00022589905741673041,0.0
HU.HE,0.02454480528831482,0.002133328097058368,0.0
HU.JN,0.02454480528831482,0.0011854693896748358,0.0
HU.KE,0.10433262586593628,0.013248074027201668,0.0
HU.NO,0.019556641578674316,0.0023672615868265863,0.0
HU.PE,0.10231181979179382,0.006122541525016855,0.0
HU.SO,2.750314712524414,0.35662608354219366,0.0
HU.SZ,0.009170404635369778,0.00013785320542628838,0.0
HU.TO,0.08943028002977371,0.01648889317511195,0.0
HU.VA,2.5930216312408447,0.5497605938814644,0.0
HU.VE,0.8134198188781738,0.19583380684101334,0.0
HU.ZA,2.57631778717041,0.8769981891217858,0.0
