HASC_1,Max,Mean,Min
HU.BK,0.027923649176955223,0.0006960971681669784,0.0
HU.BA,0.04951806366443634,0.0027057553998263628,0.0
HU.BE,0.1570310890674591,0.012333513761404902,0.0
HU.BZ,0.7220368981361389,0.08028065371432934,0.0
HU.BU,0.036039456725120544,0.012885805102996528,0.0
HU.CS,0.03620796650648117,0.0019028980963972013,0.0
HU.FE,0.04614931717514992,0.005502189546248039,0.0
HU.GS,0.13082227110862732,0.017227858090336667,0.0
HU.HB,0.1926710158586502,0.02279113475054016,0.0
HU.HE,0.16118355095386505,0.029456378574160717,0.0
HU.JN,0.09042978286743164,0.013408913315943209,0.0
HU.KE,0.06766872853040695,0.016633157399624135,0.0
HU.NO,0.16118355095386505,0.03342150446477827,0.0
HU.PE,0.04828016832470894,0.007846799519757041,0.0
HU.SO,0.049339067190885544,0.006701671701334601,0.0
HU.SZ,0.9264082908630371,0.23053257379201594,0.0
HU.TO,0.012211768887937069,0.0007136921650556479,0.0
HU.VA,0.035854462534189224,0.0033060269097948815,0.0
HU.VE,0.04642604663968086,0.01193833042998449,0.0
HU.ZA,0.09086865931749344,0.012124392004081547,0.0
