HASC_1,Max,Mean,Min
HU.BK,0.0,0.0,0.0
HU.BA,0.0014583333395421505,1.4357851536520424e-05,0.0
HU.BE,0.00208333320915699,1.3528137721798636e-05,0.0
HU.BZ,0.0,0.0,0.0
HU.BU,0.0,0.0,0.0
HU.CS,0.0,0.0,0.0
HU.FE,0.0029394340235739946,0.00016280498239211737,0.0
HU.GS,0.10669127851724625,0.009894095904598998,0.0
HU.HB,0.00208333320915699,1.240079291164875e-05,0.0
HU.HE,0.027968505397439003,0.00026892793651383655,0.0
HU.JN,0.027968505397439003,0.00018645670264959334,0.0
HU.KE,0.0,0.0,0.0
HU.NO,0.0,0.0,0.0
HU.PE,0.0007487302063964307,3.8396420840842605e-06,0.0
HU.SO,0.07026725262403488,0.003821251782851288,0.0
HU.SZ,0.00687499949708581,0.00033503898204309725,0.0
HU.TO,0.0025456827133893967,3.0251725510966898e-05,0.0
HU.VA,0.004845201503485441,0.0002773985514021404,0.0
HU.VE,0.013333332724869251,0.0003385312904526927,0.0
HU.ZA,0.07450668513774872,0.007087957635801535,0.0
