HASC_1,Max,Mean,Min
HU.BK,0.0,0.0,0.0
HU.BA,0.0,0.0,0.0
HU.BE,0.0016666665906086564,1.0822510328627639e-05,0.0
HU.BZ,0.01963435299694538,0.00025792544641132863,0.0
HU.BU,0.0,0.0,0.0
HU.CS,0.0016666665906086564,1.6025640294314005e-05,0.0
HU.FE,0.0015494609251618385,2.734358422458172e-05,0.0
HU.GS,0.1676325798034668,0.02287696678786233,0.0
HU.HB,0.0,0.0,0.0
HU.HE,0.0,0.0,0.0
HU.JN,0.0,0.0,0.0
HU.KE,0.0,0.0,0.0
HU.NO,0.0,0.0,0.0
HU.PE,0.0,0.0,0.0
HU.SO,0.024526318535208702,0.0004209705740712317,0.0
HU.SZ,0.006067176815122366,0.00012532819323895272,0.0
HU.TO,0.0,0.0,0.0
HU.VA,0.1262899488210678,0.009208714464852491,0.0
HU.VE,0.022864872589707375,0.002474453405739041,0.0
HU.ZA,0.45464929938316345,0.020125429712340583,0.0
