HASC_1,Max,Mean,Min
HU.BK,0.07890200614929199,0.0008237393719110304,0.0
HU.BA,0.0693010464310646,0.001268921520672198,0.0
HU.BE,0.007442725356668234,0.0013593228273016216,0.0
HU.BZ,0.01610560715198517,0.00023656622184142146,0.0
HU.BU,0.0,0.0,0.0
HU.CS,0.0033805537968873978,0.0003574184733434567,0.0
HU.FE,0.0,0.0,0.0
HU.GS,0.0,0.0,0.0
HU.HB,0.005748549941927195,0.000211252408202459,0.0
HU.HE,0.0,0.0,0.0
HU.JN,0.0,0.0,0.0
HU.KE,0.0,0.0,0.0
HU.NO,0.0,0.0,0.0
HU.PE,0.0,0.0,0.0
HU.SO,0.015226702205836773,0.00022794115163075426,0.0
HU.SZ,0.0001982746325666085,2.5096750191524515e-06,0.0
HU.TO,0.0004166666476521641,4.208754016688526e-06,0.0
HU.VA,0.0,0.0,0.0
HU.VE,0.0,0.0,0.0
HU.ZA,0.011073965579271317,0.00023762913270279615,0.0
