HASC_1,Max,Mean,Min
HU.BK,0.08691921085119247,0.003678750829819294,0.0
HU.BA,0.08691921085119247,0.012165380645456025,0.0
HU.BE,0.014489040710031986,0.0003819890395328463,0.0
HU.BZ,0.0066238450817763805,7.348719332165596e-05,0.0
HU.BU,0.018260039389133453,0.0017595003824681043,0.0
HU.CS,0.03093244694173336,0.001579094764495564,0.0
HU.FE,0.07067419588565826,0.006775568445498886,0.0
HU.GS,0.17528657615184784,0.023064150708478337,0.0
HU.HB,0.11417039483785629,0.0017605152040362424,0.0
HU.HE,0.018940210342407227,0.00031312671573966957,0.0
HU.JN,0.018940210342407227,0.0007530150308351343,0.0
HU.KE,0.07067419588565826,0.008610019499787031,0.0
HU.NO,0.0,0.0,0.0
HU.PE,0.018260039389133453,0.0005623525366760217,0.0
HU.SO,0.07981238514184952,0.004933824712376615,0.0
HU.SZ,0.07157928496599197,0.005176742618773486,0.0
HU.TO,0.056795451790094376,0.006012172015463802,0.0
HU.VA,0.08770959824323654,0.016064260648483902,0.0
HU.VE,0.039590056985616684,0.005356720170463329,0.0
HU.ZA,0.024685373529791832,0.002061629069044791,0.0
