HASC_1,Max,Mean,Min
HU.BK,0.37673696875572205,0.0372580452116241,0.0
HU.BA,0.12054380774497986,0.01654835859413392,0.0
HU.BE,0.3206629753112793,0.043893035497320224,0.0
HU.BZ,0.44344714283943176,0.024871279496862856,0.0
HU.BU,0.9048934578895569,0.27276020220015196,0.0
HU.CS,0.2584708034992218,0.014404562042238047,0.0
HU.FE,0.2461753487586975,0.015518490869676911,0.0
HU.GS,0.27312955260276794,0.022211199031517026,0.0
HU.HB,1.0188332796096802,0.0859281158579636,0.0
HU.HE,0.7157378792762756,0.06235619891846839,0.0
HU.JN,0.7157378792762756,0.08214547337372399,0.0
HU.KE,0.2649513781070709,0.010440369270685496,0.0
HU.NO,0.2504816949367523,0.026372991241309998,0.0
HU.PE,0.9048934578895569,0.08180591870272437,0.0
HU.SO,0.30306902527809143,0.02549101201778588,0.0
HU.SZ,0.8641440272331238,0.06345203911990462,0.0
HU.TO,0.26889845728874207,0.030061932036069907,0.0
HU.VA,0.30565980076789856,0.03704730486477383,0.0
HU.VE,0.30306902527809143,0.04771601355605526,0.0
HU.ZA,0.270725280046463,0.05000508850304933,0.0
