HASC_1,Max,Mean,Min
AU.AS,0.0,0.0,0.0
AU.AC,2.157341241836548,1.083296919625903,0.0
AU.CR,7.158441066741943,0.00677723874474382,0.0
AU.JB,2.34857177734375,1.9072460134824116,1.4754847288131714
AU.NS,5.114909648895264,0.32538466948467026,0.0
AU.NT,0.17828363180160522,0.00014164914790350928,0.0
AU.QL,2.4356367588043213,0.029408102198848436,0.0
AU.SA,0.5866841077804565,0.02432070964343234,0.0
AU.TS,0.13777726888656616,0.00014813545363414967,0.0
AU.VI,3.2909462451934814,0.3301843615679015,0.0
AU.WA,1.0813835859298706,0.014290044862667571,0.0
