HASC_1,Max,Mean,Min
AU.AS,0.0,0.0,0.0
AU.AC,0.0,0.0,0.0
AU.CR,0.010109230875968933,3.0364481059027675e-06,0.0
AU.JB,0.0,0.0,0.0
AU.NS,0.20994962751865387,0.0009023497771151122,0.0
AU.NT,3.7885475158691406,0.05109263259679425,0.0
AU.QL,2.5628268718719482,0.01029788989620772,0.0
AU.SA,0.7157294750213623,0.016461118333962896,0.0
AU.TS,0.4145371913909912,0.0004617283310944131,0.0
AU.VI,0.26091042160987854,0.004499906994495246,0.0
AU.WA,1.5380629301071167,0.004484605832419673,0.0
