HASC_1,Max,Mean,Min
AU.AS,0.004404583480209112,0.00026891369738483,0.0
AU.AC,0.16776686906814575,0.006190928321129398,0.0
AU.CR,0.016995498910546303,9.777040698265489e-06,0.0
AU.JB,5.634929402731359e-05,1.0556554246458441e-05,2.1860857657429733e-07
AU.NS,0.2522560954093933,0.0003333516913290927,0.0
AU.NT,0.2733440399169922,0.0015185427653159776,0.0
AU.QL,0.36073407530784607,0.00044842406238429895,0.0
AU.SA,0.987090528011322,0.008937616060371089,0.0
AU.TS,1.9333211183547974,0.00913910797170693,0.0
AU.VI,0.44466593861579895,0.02531589008109292,0.0
AU.WA,3.27651047706604,0.015493427170435482,0.0
