HASC_1,Max,Mean,Min
AU.AS,0.04098186269402504,0.003028921999170312,0.0
AU.AC,0.0022716904059052467,3.936545602748141e-05,0.0
AU.CR,0.3491535186767578,0.0006039552673210711,0.0
AU.JB,0.0,0.0,0.0
AU.NS,0.6104024052619934,0.0023133425422373704,0.0
AU.NT,1.1233476400375366,0.010978779803694685,0.0
AU.QL,3.3903210163116455,0.013647500532939397,0.0
AU.SA,0.20768927037715912,0.002303560572901727,0.0
AU.TS,0.1767537146806717,0.0003219279768404626,0.0
AU.VI,0.20593871176242828,0.005240603671832067,0.0
AU.WA,1.0616185665130615,0.0030525710519395807,0.0
