HASC_1,Max,Mean,Min
AU.AS,0.0,0.0,0.0
AU.AC,0.0,0.0,0.0
AU.CR,0.0,0.0,0.0
AU.JB,0.009647965431213379,0.002143992305112382,0.0
AU.NS,0.15913830697536469,0.0001552488315875668,0.0
AU.NT,0.7153439521789551,0.027454170359365468,0.0
AU.QL,2.5576093196868896,0.007529311692529692,0.0
AU.SA,0.949303150177002,0.015834227049408966,0.0
AU.TS,0.1954788714647293,6.604896271279646e-05,0.0
AU.VI,0.07232512533664703,5.360887459665724e-05,0.0
AU.WA,2.5861599445343018,0.08181406287776638,0.0
