HASC_1,Max,Mean,Min
AU.AS,0.0,0.0,0.0
AU.AC,0.0,0.0,0.0
AU.CR,0.027116194367408752,8.882826745698525e-06,0.0
AU.JB,0.0,0.0,0.0
AU.NS,0.06983645260334015,9.604721131244827e-06,0.0
AU.NT,0.38188183307647705,0.0004168989290501502,0.0
AU.QL,0.2564159631729126,0.0002703649882220384,0.0
AU.SA,0.7717869877815247,0.024226606414005123,0.0
AU.TS,2.454651117324829,0.00624254984610611,0.0
AU.VI,0.03610191494226456,0.00034587863470147306,0.0
AU.WA,0.6617663502693176,0.008658021914014177,0.0
