HASC_1,Max,Mean,Min
AU.AS,0.0,0.0,0.0
AU.AC,0.0,0.0,0.0
AU.CR,0.0,0.0,0.0
AU.JB,0.001056316657923162,0.000334154717468967,0.0
AU.NS,0.23492838442325592,0.0005556015777064214,0.0
AU.NT,0.012708332389593124,1.4161492831660785e-05,0.0
AU.QL,0.17619778215885162,1.694992273052622e-05,0.0
AU.SA,0.005624999757856131,7.265824026927136e-07,0.0
AU.TS,0.09510612487792969,1.9525296680082025e-05,0.0
AU.VI,0.09412392228841782,7.826502299449509e-05,0.0
AU.WA,3.259544610977173,0.16327397864290658,0.0
