HASC_1,Max,Mean,Min
AU.AS,0.0,0.0,0.0
AU.AC,0.26964667439460754,0.06415887644130086,0.0
AU.CR,0.10392916947603226,0.00011208007534196967,0.0
AU.JB,0.08063992857933044,0.06385585789879163,0.044784221798181534
AU.NS,4.077841758728027,0.446667599340037,0.0
AU.NT,1.754435420036316,0.005261482571672757,0.0
AU.QL,3.689039468765259,0.13891601236389764,0.0
AU.SA,2.4090278148651123,0.1713920893864975,0.0
AU.TS,0.04560817405581474,2.489674059578468e-05,0.0
AU.VI,0.6496859788894653,0.04168740998645652,0.0
AU.WA,0.2059294730424881,0.0022231110665204873,0.0
