HASC_1,Max,Mean,Min
IT.AB,8302684494888960.0,3078523497480192.0,0.0
IT.SD,6696001653964800.0,1638581512699904.0,0.0
IT.PU,6713293192298496.0,2604827558630741.5,0.0
IT.LB,7838882787753984.0,2906936646034110.0,0.0
IT.CM,7848948580483072.0,2847847527015310.0,0.0
IT.ER,9477228664455168.0,3742217424938130.5,0.0
IT.FV,1.687864165269504e+16,5206904124997632.0,0.0
IT.LZ,8302684494888960.0,2110829288556923.2,0.0
IT.LG,7846807539286016.0,2855566396009130.5,0.0
IT.LM,9698013605789696.0,3821772075528087.0,0.0
IT.MH,9477228664455168.0,4677315227986603.0,0.0
IT.ML,7520421700173824.0,3468148482594133.5,0.0
IT.PM,7846807539286016.0,2392328072464719.0,0.0
IT.SC,3150052495196160.0,1337925656082295.5,0.0
IT.TT,7237653938307072.0,1032888359924794.2,0.0
IT.TC,1.0285542583304192e+16,3369395296123835.5,0.0
IT.BC,8993635748020224.0,2559284666995273.0,0.0
IT.UM,9285819151941632.0,3488801455191771.5,0.0
IT.VB,4383936738230272.0,1650064578646289.0,0.0
IT.VN,1.061877513715712e+16,4024401973554101.0,0.0
