HASC_1,Max,Mean,Min
IT.AB,0.0,0.0,0.0
IT.SD,0.0,0.0,0.0
IT.PU,0.0,0.0,0.0
IT.LB,0.0,0.0,0.0
IT.CM,0.0,0.0,0.0
IT.ER,4.049859095874765e+16,6921975555056714.0,0.0
IT.FV,0.0,0.0,0.0
IT.LZ,9133213595205632.0,1817451344197393.8,0.0
IT.LG,1.2350046389403648e+16,3288415998004713.5,0.0
IT.LM,4.367943944319795e+16,7908601480961814.0,0.0
IT.MH,6367209022554112.0,587516912047157.9,0.0
IT.ML,0.0,0.0,0.0
IT.PM,1.5892902634848256e+16,2807805893507015.5,0.0
IT.SC,4156581302239232.0,1550058253284445.0,0.0
IT.TT,7298268811755520.0,748441238002524.2,0.0
IT.TC,8011076079714304.0,1928619282511579.5,0.0
IT.BC,1.3672175835807744e+16,2630669759728845.0,0.0
IT.UM,6228823028793344.0,2053653874436954.8,0.0
IT.VB,2765245168746496.0,1621078175435980.8,0.0
IT.VN,4.367943944319795e+16,7105257188788182.0,0.0
