HASC_1,Max,Mean,Min
IT.AB,8445935612854272.0,3022580947266218.5,0.0
IT.SD,6276080553951232.0,639944096725027.9,0.0
IT.PU,6299783404716032.0,2474503655552551.5,0.0
IT.LB,7703636415086592.0,2153729333890617.0,0.0
IT.CM,6899047843495936.0,2695740085822350.0,0.0
IT.ER,7242411151458304.0,2351519489551799.0,0.0
IT.FV,1.1881451498766336e+16,3997027063637138.5,0.0
IT.LZ,7193654682714112.0,2251565889583938.2,0.0
IT.LG,7118496513130496.0,2875078421250048.0,0.0
IT.LM,1.0032418685714432e+16,3524683940553614.0,0.0
IT.MH,4685668122886144.0,2302411012046848.0,0.0
IT.ML,8445935612854272.0,4283082114859008.0,0.0
IT.PM,8618550885351424.0,3374695425068832.5,0.0
IT.SC,5105953221378048.0,2951210773607517.0,0.0
IT.TT,5590163539361792.0,1125362351420211.2,0.0
IT.TC,6026330353172480.0,2132342270957977.5,0.0
IT.BC,8015053219430400.0,3167609205151581.5,0.0
IT.UM,5076688924835840.0,2285628216024698.0,0.0
IT.VB,4568850381144064.0,3114031499269461.5,0.0
IT.VN,1.1881451498766336e+16,3684764094085678.5,0.0
