HASC_1,Max,Mean,Min
IT.AB,5375679851921408.0,1942231353182158.0,0.0
IT.SD,0.0,0.0,0.0
IT.PU,0.0,0.0,0.0
IT.LB,2825007222751232.0,357939314256730.8,0.0
IT.CM,5534393925894144.0,1401557397063880.8,0.0
IT.ER,1.6464511242338304e+16,4030780577677312.0,0.0
IT.FV,1.7087040982089728e+16,5848261545951232.0,0.0
IT.LZ,6958871369220096.0,2105484087423431.0,0.0
IT.LG,7076832646004736.0,2923523829224789.5,0.0
IT.LM,2.542872753812275e+16,4965408405439164.0,0.0
IT.MH,7861708391448576.0,2907885844494989.5,0.0
IT.ML,4124350793908224.0,1587513162764873.2,0.0
IT.PM,1.0925270445850624e+16,3646315199105955.0,0.0
IT.SC,4050316026707968.0,2002614542187054.5,0.0
IT.TT,4951033214140416.0,735086337736048.6,0.0
IT.TC,1.1125462092742656e+16,2526217119500424.5,0.0
IT.BC,2.155063191535616e+16,6654997533015804.0,0.0
IT.UM,7387477429977088.0,2752210313699718.0,0.0
IT.VB,8788391072104448.0,4430822390803114.5,0.0
IT.VN,2.4182044560982016e+16,7227449399185938.0,0.0
