HASC_1,Max,Mean,Min
IT.AB,5819824030613504.0,1815097822063274.8,0.0
IT.SD,7376206898921472.0,1678818458311065.5,0.0
IT.PU,7092103402225664.0,2554273297746212.5,0.0
IT.LB,4527178997825536.0,1814820852292801.0,0.0
IT.CM,5819824030613504.0,1837762753622471.0,0.0
IT.ER,1.4642400358039552e+16,5407689530604376.0,0.0
IT.FV,1.7490828037455872e+16,9900500391620848.0,0.0
IT.LZ,5819824030613504.0,1763454232588743.0,0.0
IT.LG,1.2029534454939648e+16,2491198347916326.0,0.0
IT.LM,2.089051691679744e+16,8015957791791982.0,0.0
IT.MH,6937097495642112.0,1883941811034918.8,0.0
IT.ML,6688937506504704.0,4021809143174485.5,0.0
IT.PM,1.8812360483405824e+16,2058733491220078.5,0.0
IT.SC,0.0,0.0,0.0
IT.TT,3448016656662528.0,315621146382867.56,0.0
IT.TC,1.2029534454939648e+16,3061775842335597.5,0.0
IT.BC,1.909407383080141e+16,5261015090362856.0,0.0
IT.UM,5941633598095360.0,1526118593768106.8,0.0
IT.VB,0.0,0.0,0.0
IT.VN,1.6481028612816896e+16,6589055841170525.0,0.0
