HASC_1,Max,Mean,Min
AU.AS,300.8062744140625,300.6248474121094,300.4078369140625
AU.AC,279.4309387207031,277.3566182454427,275.6757507324219
AU.CR,299.5445556640625,297.9361572265625,296.4696960449219
AU.JB,290.5588684082031,287.4120635986328,284.2652587890625
AU.NS,293.8544616699219,285.89906020148544,275.6757507324219
AU.NT,303.1304931640625,294.37823508074615,282.3489074707031
AU.QL,302.3733215332031,294.48126383533577,287.1083679199219
AU.SA,292.5530090332031,285.9454230636847,281.7323913574219
AU.TS,287.1770324707031,283.1350212816922,277.3075866699219
AU.VI,287.6864929199219,283.1900596981957,276.7541809082031
AU.WA,300.4911804199219,289.705190386091,282.9693603515625
