HASC_1,Max,Mean,Min
AU.AS,303.25439453125,303.15911865234375,303.0050354003906
AU.AC,288.5393981933594,286.7732238769531,285.3372497558594
AU.CR,302.4236755371094,301.55425516764325,300.7801208496094
AU.JB,293.5555114746094,291.9801483154297,290.40478515625
AU.NS,299.2481994628906,293.4673725242998,285.1441955566406
AU.NT,309.0291442871094,302.53699542337813,298.8484802246094
AU.QL,307.02252197265625,301.64006155411266,295.14404296875
AU.SA,304.6014099121094,296.1585775073109,288.9239807128906
AU.TS,289.8019104003906,285.52577526164504,279.5733947753906
AU.VI,292.4396057128906,289.470754859561,285.1441955566406
AU.WA,310.3064880371094,302.92906537737167,291.4422302246094
