HASC_1,Max,Mean,Min
AU.AS,301.7063903808594,301.6981506347656,301.68231201171875
AU.AC,280.91015625,278.9883321126302,277.41015625
AU.CR,300.56317138671875,299.4367090861003,298.43035888671875
AU.JB,290.43817138671875,287.74610900878906,285.0540466308594
AU.NS,296.0058898925781,287.174321101262,277.41015625
AU.NT,302.40887451171875,299.3928772842516,296.17156982421875
AU.QL,304.2480773925781,297.99693862993826,286.1767578125
AU.SA,299.12078857421875,292.77771646468364,284.2080078125
AU.TS,288.1441955566406,283.48713885613205,277.76025390625
AU.VI,288.1985778808594,284.4055861700149,278.0870666503906
AU.WA,305.3320617675781,299.4858193897066,290.69012451171875
