HASC_1,Max,Mean,Min
AU.AS,300.1594543457031,300.10866292317706,300.06829833984375
AU.AC,277.5305480957031,276.1895039876302,274.9722595214844
AU.CR,298.4700012207031,295.5803731282552,292.71771240234375
AU.JB,287.1282043457031,284.20867919921875,281.2891540527344
AU.NS,291.0708923339844,281.185321922685,274.9722595214844
AU.NT,300.7720642089844,292.1707174341922,285.47161865234375
AU.QL,301.7453918457031,288.91464937246195,278.5461730957031
AU.SA,288.13177490234375,284.4172480848969,279.0886535644531
AU.TS,286.70208740234375,282.76518105560876,277.0583801269531
AU.VI,286.8508605957031,281.91402907598587,276.7971496582031
AU.WA,300.4250793457031,289.9266253880092,282.2649230957031
