HASC_1,Max,Mean,Min
AU.AS,301.1692199707031,301.0919596354167,300.9700012207031
AU.AC,285.08587646484375,283.89495849609375,282.5733337402344
AU.CR,299.4953918457031,298.2219975789388,296.81634521484375
AU.JB,291.1275329589844,289.01800537109375,286.9084777832031
AU.NS,294.0051574707031,289.0903259073213,282.3723449707031
AU.NT,302.8560485839844,296.8853898943178,289.77044677734375
AU.QL,300.88665771484375,295.1706215206809,287.36517333984375
AU.SA,294.3069152832031,291.4498536156826,285.4624938964844
AU.TS,287.9712829589844,285.4293005601415,279.0640563964844
AU.VI,288.8277282714844,286.30061965215776,282.70941162109375
AU.WA,304.32220458984375,297.08256636120024,292.1360168457031
