HASC_1,Max,Mean,Min
AU.AS,302.0411376953125,302.0179138183594,301.9864501953125
AU.AC,290.5346374511719,289.5391845703125,288.5010986328125
AU.CR,302.2820129394531,300.92297108968097,299.6544189453125
AU.JB,293.5479736328125,292.6166534423828,291.6853332519531
AU.NS,299.5320129394531,294.99647445423545,286.6713562011719
AU.NT,305.9024658203125,300.9669168431515,296.9190673828125
AU.QL,306.8510437011719,301.56774503146517,296.3341064453125
AU.SA,303.3744812011719,296.74097263357027,287.4434814453125
AU.TS,291.3354187011719,286.3117025123452,279.5639343261719
AU.VI,294.3432312011719,289.49151698521206,285.1802978515625
AU.WA,308.227783203125,299.70445469447543,289.7035827636719
