HASC_1,Max,Mean,Min
HR.BB,284.3261413574219,283.93792114257815,283.6617431640625
HR.SP,283.6617431640625,283.5237223307292,283.3918762207031
HR.DN,288.3586730957031,287.18134223090277,285.5783996582031
HR.GZ,283.7792663574219,283.0946858723958,281.8023681640625
HR.IS,287.2379150390625,286.36774190266925,285.2574462890625
HR.KA,286.4648132324219,283.3355451311384,281.6710205078125
HR.KK,284.3261413574219,284.00696563720703,283.6998291015625
HR.KZ,284.1155090332031,283.73280843098956,283.3804931640625
HR.LS,287.2818603515625,285.0654602050781,281.6710205078125
HR.ME,284.3261413574219,284.1553955078125,283.9846496582031
HR.OB,284.3287353515625,283.6679280598958,283.2012939453125
HR.PS,283.6998291015625,283.48868560791016,283.2012939453125
HR.PG,287.5195007324219,285.35093688964844,281.7027587890625
HR.SB,287.8733215332031,286.13013712565106,281.9630126953125
HR.SM,283.7792663574219,283.2937418619792,281.8023681640625
HR.SD,287.9023132324219,286.6894313267299,282.5971374511719
HR.VA,284.3261413574219,284.2208251953125,284.1155090332031
HR.VP,283.6998291015625,283.4309997558594,283.2012939453125
HR.VS,283.6431884765625,282.8752197265625,281.6143798828125
HR.ZD,287.8528137207031,286.3738228934152,281.6710205078125
HR.ZG,284.3261413574219,283.6363525390625,282.2584228515625
