HASC_1,Max,Mean,Min
HR.BB,278.3424377441406,276.21714477539064,274.4567565917969
HR.SP,278.3424377441406,278.1764628092448,277.9650573730469
HR.DN,288.74786376953125,287.21435207790796,285.29815673828125
HR.GZ,277.3439025878906,276.2850036621094,275.1611022949219
HR.IS,285.73321533203125,283.09763590494794,278.6236877441406
HR.KA,283.2362976074219,278.7131652832031,273.6113586425781
HR.KK,276.9240417480469,275.6858215332031,274.4567565917969
HR.KZ,275.1611022949219,273.85068766276044,272.82708740234375
HR.LS,286.5494689941406,283.0588160923549,278.5256042480469
HR.ME,274.4567565917969,274.13734436035156,273.81793212890625
HR.OB,278.2218933105469,276.5012512207031,275.1773986816406
HR.PS,278.3424377441406,277.2555389404297,275.5337829589844
HR.PG,286.9064025878906,281.4582000732422,273.2915344238281
HR.SB,287.84552001953125,285.5707041422526,280.8766174316406
HR.SM,278.3424377441406,277.034418741862,275.1611022949219
HR.SD,287.84552001953125,286.34893798828125,282.1137390136719
HR.VA,274.4567565917969,274.01031494140625,273.5638732910156
HR.VP,278.2218933105469,276.8932393391927,275.5337829589844
HR.VS,279.03497314453125,277.57265014648436,275.52569580078125
HR.ZD,287.83135986328125,285.5679495675223,280.0426330566406
HR.ZG,276.3500061035156,274.6286193847656,273.5638732910156
