HASC_1,Max,Mean,Min
HR.BB,290.88800048828125,288.4562927246094,286.5536804199219
HR.SP,292.2584533691406,291.50779215494794,290.88800048828125
HR.DN,294.41925048828125,292.7194552951389,291.8316955566406
HR.GZ,288.72198486328125,288.4209899902344,287.94854736328125
HR.IS,292.1686096191406,291.54994710286456,289.8105163574219
HR.KA,291.68780517578125,289.22300938197543,286.2939147949219
HR.KK,288.8395080566406,287.8483657836914,286.5536804199219
HR.KZ,287.94854736328125,286.3644612630208,285.2018127441406
HR.LS,292.7861022949219,291.2533264160156,288.7477111816406
HR.ME,286.5536804199219,285.65541076660156,284.75714111328125
HR.OB,292.6940002441406,291.1208038330078,289.0155944824219
HR.PS,291.3769226074219,290.0300064086914,288.8395080566406
HR.PG,292.53253173828125,290.2036865234375,286.0468444824219
HR.SB,292.7861022949219,291.838628133138,290.6210632324219
HR.SM,290.88800048828125,289.1412048339844,287.94854736328125
HR.SD,293.08526611328125,292.2912292480469,291.4081726074219
HR.VA,286.5536804199219,286.24835205078125,285.9430236816406
HR.VP,291.3769226074219,289.74400838216144,288.8395080566406
HR.VS,292.9703674316406,292.4294128417969,291.8258361816406
HR.ZD,292.7861022949219,291.7011021205357,289.79913330078125
HR.ZG,288.72198486328125,287.09223022460935,285.9430236816406
