HASC_1,Max,Mean,Min
HR.BB,295.65869140625,294.65907592773436,293.92626953125
HR.SP,294.9402770996094,294.4112955729167,293.92626953125
HR.DN,295.6219177246094,294.3642408582899,293.12255859375
HR.GZ,294.3517150878906,292.99559529622394,291.2521057128906
HR.IS,294.7566833496094,294.0226236979167,292.6427307128906
HR.KA,293.7052307128906,291.96937343052457,290.6788635253906
HR.KK,295.65869140625,294.84227752685547,294.3517150878906
HR.KZ,293.61767578125,292.90651448567706,291.7189025878906
HR.LS,294.3191833496094,292.93292236328125,290.6788635253906
HR.ME,295.8644104003906,295.3526916503906,294.8409729003906
HR.OB,296.8484802246094,295.3373514811198,294.3673400878906
HR.PS,294.5177307128906,294.3137969970703,293.92626953125
HR.PG,294.0372619628906,292.6596313476563,289.4012145996094
HR.SB,294.3465270996094,293.5556131998698,291.60302734375
HR.SM,294.5177307128906,293.387201944987,291.2521057128906
HR.SD,294.8309020996094,293.9413364955357,292.52783203125
HR.VA,294.8409729003906,294.2293243408203,293.61767578125
HR.VP,294.5177307128906,294.44297281901044,294.3673400878906
HR.VS,296.15771484375,294.5916381835938,292.89306640625
HR.ZD,294.3191833496094,293.5628095354353,290.9842224121094
HR.ZG,294.8409729003906,293.4004150390625,290.8087463378906
