HASC_1,Max,Mean,Min
HR.BB,295.3677673339844,294.9348937988281,294.5552673339844
HR.SP,296.1575012207031,295.44915771484375,294.8013610839844
HR.DN,300.9732666015625,299.1295166015625,297.9400634765625
HR.GZ,294.6916809082031,293.5895690917969,292.5425720214844
HR.IS,298.3222351074219,297.3704020182292,295.1724548339844
HR.KA,297.5240478515625,294.2757568359375,291.3772277832031
HR.KK,295.3677673339844,294.96827697753906,294.5552673339844
HR.KZ,293.58001708984375,293.10748291015625,292.2079772949219
HR.LS,298.8756103515625,296.8693280901228,293.7190246582031
HR.ME,294.5552673339844,294.4346618652344,294.3140563964844
HR.OB,297.5259704589844,296.23192342122394,295.1177673339844
HR.PS,295.38861083984375,295.1415328979492,294.8013610839844
HR.PG,298.0572509765625,295.64100341796876,290.4677429199219
HR.SB,298.8052978515625,298.1822458902995,296.04876708984375
HR.SM,295.2583923339844,294.10882568359375,292.5425720214844
HR.SD,299.7681884765625,298.62048775809154,297.5962829589844
HR.VA,294.5552673339844,294.06764221191406,293.58001708984375
HR.VP,295.38861083984375,295.2549235026042,295.1177673339844
HR.VS,296.9009704589844,296.03508911132815,295.0220642089844
HR.ZD,298.8756103515625,297.8422154017857,294.1372985839844
HR.ZG,294.6916809082031,293.5477294921875,291.3772277832031
