HASC_1,Max,Mean,Min
HR.BB,287.82208251953125,286.98887939453124,286.0883483886719
HR.SP,288.4145202636719,288.03399658203125,287.82208251953125
HR.DN,293.7442932128906,292.8664788140191,292.25079345703125
HR.GZ,287.0411682128906,286.97779337565106,286.9347229003906
HR.IS,290.6915588378906,289.68340555826825,287.8276062011719
HR.KA,289.55157470703125,287.4464765276228,285.2026062011719
HR.KK,287.2648010253906,286.78057861328125,286.0883483886719
HR.KZ,286.9574890136719,285.8485514322917,285.00665283203125
HR.LS,291.5756530761719,289.4506617954799,286.9086608886719
HR.ME,286.0883483886719,285.8183288574219,285.5483093261719
HR.OB,288.9223327636719,288.15562947591144,286.8227233886719
HR.PS,287.8653869628906,287.4437484741211,286.8227233886719
HR.PG,291.3116760253906,288.68955993652344,284.4555358886719
HR.SB,291.9552307128906,291.1328989664714,288.7814025878906
HR.SM,287.82208251953125,287.2383728027344,286.9347229003906
HR.SD,293.02783203125,291.8368225097656,290.0102233886719
HR.VA,286.0883483886719,285.8349304199219,285.5815124511719
HR.VP,287.8653869628906,287.31763712565106,286.8227233886719
HR.VS,289.24005126953125,288.4461669921875,287.7465515136719
HR.ZD,291.7631530761719,290.766836983817,287.4054260253906
HR.ZG,286.9574890136719,286.15293579101564,285.2026062011719
