HASC_1,Max,Mean,Min
HR.BB,300.0667724609375,299.76430053710936,299.0837097167969
HR.SP,302.3779602050781,301.2275797526042,300.0355224609375
HR.DN,303.8577880859375,301.41290961371527,299.7946472167969
HR.GZ,300.0667724609375,298.6787516276042,297.8512878417969
HR.IS,299.5055847167969,298.90509541829425,297.4632568359375
HR.KA,299.9424133300781,297.9095938546317,295.1383972167969
HR.KK,300.0667724609375,299.69649505615234,299.0837097167969
HR.KZ,298.1181945800781,296.6976318359375,294.7751159667969
HR.LS,301.9105224609375,299.582772391183,296.7783508300781
HR.ME,299.0837097167969,298.8659362792969,298.6481628417969
HR.OB,303.4645690917969,302.00872294108075,299.9775695800781
HR.PS,301.2692565917969,300.24271392822266,299.6885070800781
HR.PG,299.9684753417969,297.92510986328125,293.9040222167969
HR.SB,301.9105224609375,300.17722574869794,298.9072570800781
HR.SM,300.0667724609375,299.0504964192708,297.8512878417969
HR.SD,301.6370849609375,300.5061296735491,299.2607727050781
HR.VA,299.0837097167969,298.1416473388672,297.1995849609375
HR.VP,301.2692565917969,300.31177775065106,299.6885070800781
HR.VS,303.0192565917969,302.1873474121094,300.9782409667969
HR.ZD,301.9105224609375,299.8172389439174,298.1911315917969
HR.ZG,300.0667724609375,297.92133178710935,295.1383972167969
