HASC_1,Max,Mean,Min
HR.BB,283.3846130371094,282.9606689453125,282.64959716796875
HR.SP,283.43084716796875,282.99106852213544,282.64959716796875
HR.DN,288.1512145996094,287.4253506130642,286.5464172363281
HR.GZ,283.3846130371094,282.43506876627606,281.2137145996094
HR.IS,287.3562927246094,286.71958414713544,285.16522216796875
HR.KA,285.88690185546875,282.66968209402904,281.2137145996094
HR.KK,283.3846130371094,283.03843688964844,282.7436828613281
HR.KZ,282.7068786621094,282.34360758463544,281.89080810546875
HR.LS,287.0659484863281,284.6499241420201,281.2644958496094
HR.ME,282.7436828613281,282.64878845214844,282.55389404296875
HR.OB,283.8309020996094,283.2241923014323,282.55096435546875
HR.PS,283.1128234863281,282.8015365600586,282.55096435546875
HR.PG,287.4217224121094,285.020751953125,281.1258239746094
HR.SB,288.21697998046875,286.18491617838544,281.6248474121094
HR.SM,283.3846130371094,282.52459208170575,281.2137145996094
HR.SD,288.34002685546875,287.0609610421317,283.0340270996094
HR.VA,282.7436828613281,282.5884094238281,282.4331359863281
HR.VP,283.1128234863281,282.85218302408856,282.55096435546875
HR.VS,283.43084716796875,282.4903503417969,280.7586364746094
HR.ZD,288.13299560546875,286.2260480608259,281.2644958496094
HR.ZG,283.3846130371094,282.50831909179686,281.2732849121094
