HASC_1,Max,Mean,Min
HR.BB,278.65985107421875,278.34120483398436,278.09735107421875
HR.SP,278.70867919921875,278.39699300130206,278.09735107421875
HR.DN,286.8216247558594,285.43224080403644,282.99871826171875
HR.GZ,278.3335266113281,277.49530029296875,276.41815185546875
HR.IS,285.0638122558594,283.5567169189453,280.86688232421875
HR.KA,282.5781555175781,278.34776524135043,276.41815185546875
HR.KK,278.65985107421875,278.4021682739258,278.1919250488281
HR.KZ,278.1924133300781,277.8491923014323,277.6209411621094
HR.LS,284.3860778808594,281.05782209123885,276.6897888183594
HR.ME,278.65985107421875,278.45501708984375,278.25018310546875
HR.OB,278.70867919921875,278.33091227213544,277.5613708496094
HR.PS,278.38494873046875,278.05889892578125,277.5613708496094
HR.PG,285.2972106933594,281.7473968505859,276.6097106933594
HR.SB,285.8594055175781,282.984369913737,277.6333312988281
HR.SM,278.3335266113281,277.682123819987,276.41815185546875
HR.SD,286.0940856933594,284.11732264927457,279.07342529296875
HR.VA,278.65985107421875,278.42613220214844,278.1924133300781
HR.VP,278.38494873046875,278.04608154296875,277.5613708496094
HR.VS,278.70867919921875,277.9788330078125,276.98651123046875
HR.ZD,285.42938232421875,283.1797528948103,276.6897888183594
HR.ZG,278.65985107421875,277.90594482421875,276.6097106933594
