HASC_1,Max,Mean,Min
CN.AH,1.3664648905621504e+16,1398449093681395.2,0.0
CN.BJ,6219527645822976.0,1550884333735116.8,0.0
CN.CQ,0.0,0.0,0.0
CN.FJ,0.0,0.0,0.0
CN.GS,6985727799721984.0,74386761764553.81,0.0
CN.GD,7427403445960704.0,582314762586404.6,0.0
CN.GX,4887269592793088.0,244212847452250.03,0.0
CN.GZ,0.0,0.0,0.0
CN.HA,3019928407900160.0,967304908074863.4,0.0
CN.HB,2.7037179905572864e+16,3909668289010059.0,0.0
CN.HL,0.0,0.0,0.0
CN.HE,2.7037179905572864e+16,4253844233238293.5,0.0
CN.HU,0.0,0.0,0.0
CN.HN,0.0,0.0,0.0
CN.JS,2.31889042407424e+16,2809046935195537.5,0.0
CN.JX,0.0,0.0,0.0
CN.JL,2536090141458432.0,9790491914775.693,0.0
CN.LN,6270951826128896.0,500789116129010.2,0.0
CN.NM,5548782603206656.0,118387633491855.1,0.0
CN.NX,5337022461902848.0,837060239605997.5,0.0
CN.QH,1867146569187328.0,229985260203225.47,0.0
CN.SA,1.1867849337339904e+16,1613681318697176.5,0.0
CN.SD,2.610132371164365e+16,6767438615847343.0,0.0
CN.SH,0.0,0.0,0.0
CN.SX,2.271992387679027e+16,4206205191196715.0,0.0
CN.SC,2557038844444672.0,88417672066853.52,0.0
CN.TJ,1.7649855644041216e+16,6456682966854315.0,0.0
CN.XJ,6461870101757952.0,376747442173074.56,0.0
CN.XZ,4169749940404224.0,125930810481917.2,0.0
CN.YN,1.2673190065078272e+16,477103754367873.6,0.0
CN.ZJ,0.0,0.0,0.0
