HASC_1,Max,Mean,Min
CN.AH,1.808242434899968e+16,2434478884804407.5,0.0
CN.BJ,0.0,0.0,0.0
CN.CQ,7364362989731840.0,1434215609080590.5,0.0
CN.FJ,9571118797029376.0,1073521079405772.8,0.0
CN.GS,4871476998045696.0,364878557894037.56,0.0
CN.GD,1.0652316684255232e+16,1164405758116552.2,0.0
CN.GX,4905730435973120.0,565623015617952.2,0.0
CN.GZ,3351534779760640.0,164580849268335.8,0.0
CN.HA,687840555958272.0,99908451850507.12,0.0
CN.HB,2.332687791764275e+16,1831017747491498.8,0.0
CN.HL,5275313445535744.0,92574940516327.44,0.0
CN.HE,4.891573901642957e+16,5407149558980197.0,0.0
CN.HU,2.0203079483785216e+16,2219794318623292.2,0.0
CN.HN,9195198563221504.0,2468089357539755.0,0.0
CN.JS,0.0,0.0,0.0
CN.JX,1.2516615958560768e+16,2108710237957910.8,0.0
CN.JL,1732758921543680.0,86262908783554.48,0.0
CN.LN,3310638906474496.0,228574948370057.62,0.0
CN.NM,1.4623988906983424e+16,261650663125648.78,0.0
CN.NX,6651853685129216.0,1454959923402329.5,0.0
CN.QH,4240455571079168.0,203984909483942.47,0.0
CN.SA,1.0707633715544064e+16,1641393134935976.0,0.0
CN.SD,2.0844232201732096e+16,1338133056026487.5,0.0
CN.SH,0.0,0.0,0.0
CN.SX,3.714602109186867e+16,5397195626441267.0,0.0
CN.SC,9324376147099648.0,1009115692887835.9,0.0
CN.TJ,0.0,0.0,0.0
CN.XJ,7579912902803456.0,380889173891239.06,0.0
CN.XZ,3613778771968000.0,172844876128973.5,0.0
CN.YN,6678078218567680.0,605977966425062.8,0.0
CN.ZJ,6268552550023168.0,335206412823718.7,0.0
