HASC_1,Max,Mean,Min
CN.AH,0.0,0.0,0.0
CN.BJ,0.0,0.0,0.0
CN.CQ,2220140133351424.0,43691853087468.984,0.0
CN.FJ,0.0,0.0,0.0
CN.GS,6394177122205696.0,268870700846739.0,0.0
CN.GD,1.9919076918820864e+16,1343161726977114.8,0.0
CN.GX,2876510323081216.0,16642271964655.088,0.0
CN.GZ,1928894642913280.0,143653171461381.97,0.0
CN.HA,3859964149891072.0,975035305240854.1,0.0
CN.HB,0.0,0.0,0.0
CN.HL,7801610524688384.0,751390305126668.9,0.0
CN.HE,2.045148750728397e+16,1483772812011058.5,0.0
CN.HU,9399312588996608.0,1131364084043893.0,0.0
CN.HN,9399312588996608.0,664944978799846.5,0.0
CN.JS,0.0,0.0,0.0
CN.JX,0.0,0.0,0.0
CN.JL,5625103635185664.0,865313668484047.4,0.0
CN.LN,1.4987010280259584e+16,1501079994940314.5,0.0
CN.NM,1.986131390365696e+16,258380705272971.3,0.0
CN.NX,1.4798279753596928e+16,1948462920837604.0,0.0
CN.QH,2477907561676800.0,139638747365297.89,0.0
CN.SA,1.7859774318116864e+16,2022733787789992.8,0.0
CN.SD,8406820808818688.0,38212821858266.766,0.0
CN.SH,0.0,0.0,0.0
CN.SX,2.1191168922484736e+16,3038954232398649.0,0.0
CN.SC,4427747015262208.0,269027699214916.38,0.0
CN.TJ,0.0,0.0,0.0
CN.XJ,4319760531587072.0,168278525840295.62,0.0
CN.XZ,886933160984576.0,73548430180493.17,0.0
CN.YN,2930732406145024.0,343915029724246.44,0.0
CN.ZJ,0.0,0.0,0.0
