HASC_1,Max,Mean,Min
CN.AH,4.892122368966656e+16,7801089734782779.0,0.0
CN.BJ,3.461904487101235e+16,7307280368387868.0,0.0
CN.CQ,0.0,0.0,0.0
CN.FJ,1.7074532963581952e+16,3148510946995125.0,0.0
CN.GS,5180666324975616.0,39044128809864.586,0.0
CN.GD,1.8370676784103424e+16,1537232359580613.5,0.0
CN.GX,0.0,0.0,0.0
CN.GZ,0.0,0.0,0.0
CN.HA,707943016169472.0,85851373521396.62,0.0
CN.HB,4.205145356448563e+16,6831573610124997.0,0.0
CN.HL,5949569087045632.0,659448113096813.2,0.0
CN.HE,3.111093705847603e+16,6972670468350552.0,0.0
CN.HU,3.088493587936051e+16,2825835533531329.0,0.0
CN.HN,0.0,0.0,0.0
CN.JS,4.892122368966656e+16,5824701205822809.0,0.0
CN.JX,2.0433463677026304e+16,1695102906538202.8,0.0
CN.JL,5092358039273472.0,646825444849891.5,0.0
CN.LN,0.0,0.0,0.0
CN.NM,1.3093125123735552e+16,303715129062999.44,0.0
CN.NX,4765635582099456.0,567738299365934.5,0.0
CN.QH,1294146794946560.0,103015000440182.33,0.0
CN.SA,1.3431224949276672e+16,1201280467106236.0,0.0
CN.SD,4.902905313859994e+16,9069647432670616.0,0.0
CN.SH,2.0543713340030976e+16,1853495772136913.5,0.0
CN.SX,2.62376330887168e+16,4590565246836014.0,0.0
CN.SC,0.0,0.0,0.0
CN.TJ,4.089059262385357e+16,1.9341393069134076e+16,0.0
CN.XJ,2024973866631168.0,90598645957375.75,0.0
CN.XZ,3296612080156672.0,148842596315917.84,0.0
CN.YN,2244070348947456.0,39542880135179.27,0.0
CN.ZJ,3.2377958853246976e+16,1524144816023331.0,0.0
