HASC_1,Max,Mean,Min
CN.AH,1.6768548755996672e+16,850700114642434.9,0.0
CN.BJ,6855903823265792.0,1622097764694243.5,0.0
CN.CQ,1.0691814277251072e+16,195775026531130.38,0.0
CN.FJ,1.4690514729172992e+16,361137430565591.7,0.0
CN.GS,6593778211094528.0,257623269808231.2,0.0
CN.GD,3480795041759232.0,155860617019890.8,0.0
CN.GX,7920079681355776.0,1238393543623452.2,0.0
CN.GZ,6747214844002304.0,861463199612928.0,0.0
CN.HA,5223570363908096.0,1535268161303692.2,0.0
CN.HB,9081421658324992.0,1572315575248149.8,0.0
CN.HL,1.2385961979674624e+16,393441118113851.0,0.0
CN.HE,0.0,0.0,0.0
CN.HU,0.0,0.0,0.0
CN.HN,5364865124270080.0,35064477936405.75,0.0
CN.JS,2.070980402033459e+16,4609102659466863.0,0.0
CN.JX,0.0,0.0,0.0
CN.JL,7237488045195264.0,1074460847159377.9,0.0
CN.LN,1.6620502307045376e+16,2463007084215226.0,0.0
CN.NM,4648374384984064.0,164858182883152.2,0.0
CN.NX,4648374384984064.0,349725811924945.2,0.0
CN.QH,6593778211094528.0,275414882609404.8,0.0
CN.SA,7690265108152320.0,277059385060768.84,0.0
CN.SD,1.1433099862736896e+16,2624362401617135.5,0.0
CN.SH,2.052195718319309e+16,8729748175226046.0,0.0
CN.SX,2065572581867520.0,40606042734784.75,0.0
CN.SC,1.2037178422984704e+16,552248883014546.2,0.0
CN.TJ,9037652720353280.0,4502561384765983.5,0.0
CN.XJ,5290632520138752.0,263710681191951.62,0.0
CN.XZ,1314272474824704.0,89460346569544.45,0.0
CN.YN,2065554328256512.0,263868228996840.94,0.0
CN.ZJ,2.6928719096446976e+16,9432765273554308.0,0.0
