HASC_1,Max,Mean,Min
CN.AH,1.870941655977165e+16,3081463286918185.5,0.0
CN.BJ,2.9520570798309376e+16,1.1375126528393216e+16,0.0
CN.CQ,4452863984009216.0,529469761386094.06,0.0
CN.FJ,7715684872093696.0,1173567283250527.8,0.0
CN.GS,5341374337515520.0,86645066287778.97,0.0
CN.GD,5420485487624192.0,295967577640170.9,0.0
CN.GX,9017957074075648.0,583913545264005.1,0.0
CN.GZ,3831980827344896.0,365328956052698.6,0.0
CN.HA,1047770559414272.0,26865911779853.13,0.0
CN.HB,4.231932208480256e+16,7645844851201862.0,0.0
CN.HL,4609654717939712.0,347595415487018.8,0.0
CN.HE,1.5852330226286592e+16,4472017566160191.0,0.0
CN.HU,9038456952979456.0,2154802107685302.5,0.0
CN.HN,7567853171507200.0,2255191880383642.5,0.0
CN.JS,3.992993299378995e+16,6519410967782790.0,0.0
CN.JX,7558483700350976.0,766156512010543.4,0.0
CN.JL,2580597276934144.0,27769093441214.348,0.0
CN.LN,2.8285832125218816e+16,3962352659213963.5,0.0
CN.NM,1.3146155084939264e+16,460509011682414.94,0.0
CN.NX,0.0,0.0,0.0
CN.QH,1687265285767168.0,236765879181391.3,0.0
CN.SA,1.1485330960023552e+16,1362098287298144.8,0.0
CN.SD,3.0612544758480896e+16,6303486730004888.0,0.0
CN.SH,2.165814568419328e+16,3662153933117971.0,0.0
CN.SX,2.631818734783693e+16,6810298880451029.0,0.0
CN.SC,3982876987097088.0,248851904799076.2,0.0
CN.TJ,2.6046167741628416e+16,1.2343022781175682e+16,0.0
CN.XJ,4829615025553408.0,226092420972279.38,0.0
CN.XZ,3801495686348800.0,192236580857336.88,0.0
CN.YN,4657277315317760.0,575006950117544.4,0.0
CN.ZJ,1.1635067478605824e+16,1821033540105347.2,0.0
