HASC_1,Max,Mean,Min
CN.AH,8300926779523072.0,1095093011699029.4,0.0
CN.BJ,0.0,0.0,0.0
CN.CQ,6754241410498560.0,985169444965112.6,0.0
CN.FJ,8607001181421568.0,963877065957846.8,0.0
CN.GS,4414984251506688.0,273961737627456.84,0.0
CN.GD,1.3213169459658752e+16,1390259636296983.2,0.0
CN.GX,5357068148015104.0,635359735322357.6,0.0
CN.GZ,3797886034771968.0,1317647630711137.0,0.0
CN.HA,2785681160011776.0,616127332795628.2,0.0
CN.HB,7210744357584896.0,959295363330824.4,0.0
CN.HL,4726239994576896.0,243208638122597.47,0.0
CN.HE,6515020858916864.0,1638158633626458.8,0.0
CN.HU,1.2487466015522816e+16,1436040212530578.2,0.0
CN.HN,5700646204342272.0,1466532593159614.5,0.0
CN.JS,3514815209275392.0,50317758438942.12,0.0
CN.JX,8891394051538944.0,1803841852038228.0,0.0
CN.JL,4726239994576896.0,493324568846518.06,0.0
CN.LN,7720850107138048.0,604727653473183.5,0.0
CN.NM,4742394977189888.0,254477529930759.78,0.0
CN.NX,3952072407908352.0,978308022362742.1,0.0
CN.QH,3854733685030912.0,397161051807564.6,0.0
CN.SA,8433960170291200.0,1168080169934505.2,0.0
CN.SD,5217798464733184.0,586018664972045.2,0.0
CN.SH,0.0,0.0,0.0
CN.SX,8729800738865152.0,1769070187653733.0,0.0
CN.SC,6754241410498560.0,260227659237642.47,0.0
CN.TJ,0.0,0.0,0.0
CN.XJ,4254561585856512.0,500883556998218.56,0.0
CN.XZ,3943270677741568.0,271095808066587.38,0.0
CN.YN,4576294096338944.0,509241264341965.3,0.0
CN.ZJ,8891394051538944.0,240731221643068.94,0.0
