HASC_1,Max,Mean,Min
CN.AH,3.1716503824891904e+16,7103378173553157.0,0.0
CN.BJ,5.096745348366336e+16,1.1422572724529834e+16,0.0
CN.CQ,0.0,0.0,0.0
CN.FJ,5716031850938368.0,846607243230152.9,0.0
CN.GS,3755891455164416.0,84256376627396.61,0.0
CN.GD,1.5848847007809536e+16,1681837504325772.8,0.0
CN.GX,3198686020501504.0,41485084249102.84,0.0
CN.GZ,0.0,0.0,0.0
CN.HA,0.0,0.0,0.0
CN.HB,6.397931889990042e+16,9788109382532514.0,0.0
CN.HL,1.1272256558727168e+16,693354223071678.0,0.0
CN.HE,2.624847573365555e+16,7114491345507969.0,0.0
CN.HU,2.032823053582336e+16,3217807660179677.5,0.0
CN.HN,4262218438803456.0,482502498206710.94,0.0
CN.JS,6.079554983768883e+16,1.0704039204559308e+16,0.0
CN.JX,2.032823053582336e+16,2667240158840707.0,0.0
CN.JL,1.1272256558727168e+16,178950723056448.12,0.0
CN.LN,4.619485575957709e+16,1659048229405361.8,0.0
CN.NM,8963304688975872.0,305181672060462.94,0.0
CN.NX,5009323436539904.0,843248911259636.0,0.0
CN.QH,2778540508446720.0,250543824006319.62,0.0
CN.SA,9928946481102848.0,2013631099390982.2,0.0
CN.SD,7.362892500303872e+16,1.5975617497915518e+16,0.0
CN.SH,4.901947965649715e+16,1.5661235538852674e+16,0.0
CN.SX,1.5210265901531136e+16,5241472289430845.0,0.0
CN.SC,689197899841536.0,2121495810224.1108,0.0
CN.TJ,5.977944647480115e+16,2.7539363259252068e+16,0.0
CN.XJ,1.6857927025426432e+16,522396213344306.1,0.0
CN.XZ,2929318288162816.0,160011686283124.5,0.0
CN.YN,1388767340396544.0,105597752168784.73,0.0
CN.ZJ,4.980636490976461e+16,5293135820304609.0,0.0
