HASC_1,Max,Mean,Min
CN.AH,0.0,0.0,0.0
CN.BJ,9332014746435584.0,2086615031742464.0,0.0
CN.CQ,0.0,0.0,0.0
CN.FJ,3519731604652032.0,480235707401814.2,0.0
CN.GS,1670523369029632.0,39136073738021.28,0.0
CN.GD,4013279718408192.0,622584268488652.5,0.0
CN.GX,4763236842864640.0,607521046054234.2,0.0
CN.GZ,4763236842864640.0,227523801197349.4,0.0
CN.HA,2223781057658880.0,771522195651939.2,0.0
CN.HB,1.6882424445140992e+16,2024813789858881.2,0.0
CN.HL,4345435577647104.0,310126499508832.8,0.0
CN.HE,5894597263753216.0,191139159990588.44,0.0
CN.HU,0.0,0.0,0.0
CN.HN,1851305253404672.0,47469364611544.62,0.0
CN.JS,5188634026180608.0,142677563670528.0,0.0
CN.JX,4134950236323840.0,506725700358359.56,0.0
CN.JL,3411486080761856.0,171303846345669.75,0.0
CN.LN,6351952224976896.0,170702207510940.72,0.0
CN.NM,5244754216353792.0,126036119540673.56,0.0
CN.NX,3536109388693504.0,405639203532723.7,0.0
CN.QH,2345006241153024.0,280972448587405.7,0.0
CN.SA,626472318402560.0,4868955842506.943,0.0
CN.SD,1.0155892553023488e+16,1821498626221958.5,0.0
CN.SH,0.0,0.0,0.0
CN.SX,0.0,0.0,0.0
CN.SC,0.0,0.0,0.0
CN.TJ,1.2231366779338752e+16,4331023248188302.0,0.0
CN.XJ,4326715157381120.0,648401518874555.4,0.0
CN.XZ,4089335804592128.0,270240590440785.75,0.0
CN.YN,2891610085916672.0,45388251810494.6,0.0
CN.ZJ,4301539938140160.0,437577249784731.06,0.0
