HASC_1,Max,Mean,Min
CN.AH,0.0,0.0,0.0
CN.BJ,0.0,0.0,0.0
CN.CQ,0.0,0.0,0.0
CN.FJ,8677221749227520.0,377283604510294.94,0.0
CN.GS,2784041556246528.0,148676735669499.3,0.0
CN.GD,1.0213366731636736e+16,1064925079287546.9,0.0
CN.GX,5783796234321920.0,340001855729624.25,0.0
CN.GZ,0.0,0.0,0.0
CN.HA,1844049979899904.0,527685407250356.1,0.0
CN.HB,1.092727726931968e+16,91395128761815.17,0.0
CN.HL,2991701077524480.0,102337054597427.12,0.0
CN.HE,0.0,0.0,0.0
CN.HU,0.0,0.0,0.0
CN.HN,2261580796395520.0,14781573832650.457,0.0
CN.JS,0.0,0.0,0.0
CN.JX,4731927605018624.0,304508723580108.8,0.0
CN.JL,3403375571894272.0,307661534267385.6,0.0
CN.LN,3619668245872640.0,511532168774834.5,0.0
CN.NM,5291370180771840.0,128803318257661.61,0.0
CN.NX,951959301390336.0,10455911945146.707,0.0
CN.QH,2641210271334400.0,219944211749114.84,0.0
CN.SA,5070432231227392.0,116583858006767.8,0.0
CN.SD,0.0,0.0,0.0
CN.SH,0.0,0.0,0.0
CN.SX,3.2535393026965504e+16,2879763272266453.0,0.0
CN.SC,5710837624864768.0,365860855418022.25,0.0
CN.TJ,0.0,0.0,0.0
CN.XJ,5909762256404480.0,309418553161364.75,0.0
CN.XZ,4615849671393280.0,234544575486914.5,0.0
CN.YN,1703877682397184.0,67586065801044.14,0.0
CN.ZJ,0.0,0.0,0.0
