HASC_1,Max,Mean,Min
CN.AH,3460545613135872.0,128955474603030.75,0.0
CN.BJ,0.0,0.0,0.0
CN.CQ,4671596736282624.0,848387247884295.4,0.0
CN.FJ,4650198672343040.0,490170127033347.9,0.0
CN.GS,4547706257145856.0,407734694440010.75,0.0
CN.GD,1.402346013720576e+16,1047540911873590.9,0.0
CN.GX,3885216410107904.0,362907698960047.9,0.0
CN.GZ,1314203621130240.0,16731411386077.316,0.0
CN.HA,1775627661213696.0,664222703385410.4,0.0
CN.HB,7366440143290368.0,219235660540909.8,0.0
CN.HL,8292182226108416.0,965425458109836.9,0.0
CN.HE,1.0050941805920256e+16,1682199864112147.0,0.0
CN.HU,6226366307500032.0,963653503225004.4,0.0
CN.HN,6715713406369792.0,816791771644758.9,0.0
CN.JS,0.0,0.0,0.0
CN.JX,6641609114386432.0,857461778178498.8,0.0
CN.JL,8292182226108416.0,1055728536081809.9,0.0
CN.LN,4536356269195264.0,84236348733074.86,0.0
CN.NM,6237497252118528.0,310686494831468.7,0.0
CN.NX,3243398509101056.0,999647440826823.1,0.0
CN.QH,3882323749634048.0,463934458579236.56,0.0
CN.SA,5601394878840832.0,1347711135113947.2,0.0
CN.SD,3495752533803008.0,194942373672590.7,0.0
CN.SH,3609931286577152.0,294307619096017.44,0.0
CN.SX,1.1614154209099776e+16,2001142215205346.0,0.0
CN.SC,6409839257321472.0,734568242126977.1,0.0
CN.TJ,0.0,0.0,0.0
CN.XJ,5603662621573120.0,390904284919111.1,0.0
CN.XZ,8132212411072512.0,333440172026944.56,0.0
CN.YN,1339564060835840.0,26382427451723.69,0.0
CN.ZJ,1880770205450240.0,15804791642438.992,0.0
