HASC_1,Max,Mean,Min
CN.AH,9828434582700032.0,2174921924224365.2,0.0
CN.BJ,0.0,0.0,0.0
CN.CQ,0.0,0.0,0.0
CN.FJ,5561109159346176.0,537088724940086.6,0.0
CN.GS,6101672132608000.0,290893294491946.5,0.0
CN.GD,4234017683537920.0,665805534177348.4,0.0
CN.GX,3907981078953984.0,736780842571673.4,0.0
CN.GZ,3202273391935488.0,122686579462627.38,0.0
CN.HA,3426113665630208.0,578382023053429.0,0.0
CN.HB,2.853875845431296e+16,1980690223085614.0,0.0
CN.HL,7435875268952064.0,554881118316644.2,0.0
CN.HE,1.1546099378552832e+16,669431336064745.9,0.0
CN.HU,5428273873944576.0,644378977287619.1,0.0
CN.HN,3510002429984768.0,740029646591317.4,0.0
CN.JS,1.1988457387720704e+16,1614397368221432.5,0.0
CN.JX,5531904455475200.0,802018926595338.2,0.0
CN.JL,3375029861482496.0,321301199837404.44,0.0
CN.LN,9659459831857152.0,87340168529848.28,0.0
CN.NM,7486274562686976.0,255472618570660.0,0.0
CN.NX,6873449301540864.0,1433416882090832.8,0.0
CN.QH,3703099864645632.0,386899247626726.3,0.0
CN.SA,4604030458265600.0,111591239660339.2,0.0
CN.SD,1.5528036573118464e+16,2448304029753702.5,0.0
CN.SH,4908418548629504.0,868582961530798.1,0.0
CN.SX,0.0,0.0,0.0
CN.SC,475091766870016.0,853484523821.9304,0.0
CN.TJ,2.853875845431296e+16,7970702140824430.0,0.0
CN.XJ,5191020954255360.0,534656918212928.56,0.0
CN.XZ,2973629734191104.0,262944191077611.6,0.0
CN.YN,1713177628770304.0,60380931282300.766,0.0
CN.ZJ,7827316440825856.0,1495369187467949.5,0.0
