HASC_1,Max,Mean,Min
CN.AH,7743361641349120.0,2010608220162782.2,0.0
CN.BJ,7738156140986368.0,1461626146606962.8,0.0
CN.CQ,7634554550484992.0,1418386105462709.5,0.0
CN.FJ,4043593329147904.0,494901298317704.2,0.0
CN.GS,5524146670796800.0,357882284118064.75,0.0
CN.GD,4973765939167232.0,1003428644722642.6,0.0
CN.GX,3948709985386496.0,778787343756484.6,0.0
CN.GZ,4494637104365568.0,947554395493096.8,0.0
CN.HA,2437017325535232.0,826619671241283.2,0.0
CN.HB,2.6254312594210816e+16,3064595535562454.0,0.0
CN.HL,6097831358103552.0,148485767545905.6,0.0
CN.HE,1.9632999884652544e+16,3409899259470154.0,0.0
CN.HU,1.0041774198226944e+16,1961108419699598.2,0.0
CN.HN,3429832570437632.0,1141552843010867.2,0.0
CN.JS,1.6416380765077504e+16,2980380048507592.5,0.0
CN.JX,5736872106000384.0,987737303400545.0,0.0
CN.JL,1403080318910464.0,16803357112700.168,0.0
CN.LN,1477384461090816.0,18534326997450.625,0.0
CN.NM,9487803947679744.0,258510477478092.12,0.0
CN.NX,6150710458580992.0,1444292878659519.0,0.0
CN.QH,2489667719004160.0,248602355533947.56,0.0
CN.SA,9500740389175296.0,1994454535217530.0,0.0
CN.SD,1.96566157623296e+16,5180490074236013.0,0.0
CN.SH,1.6416380765077504e+16,4832832044584699.0,0.0
CN.SX,2.16281668124672e+16,3938982357357700.5,0.0
CN.SC,6387932776628224.0,760711844048951.0,0.0
CN.TJ,8425554919292928.0,3485516994199900.5,0.0
CN.XJ,6200469802188800.0,446206022809080.4,0.0
CN.XZ,1864857888489472.0,183715258070537.97,0.0
CN.YN,4934460545957888.0,146201434817858.62,0.0
CN.ZJ,1.0935033980256256e+16,1093005035777842.0,0.0
