HASC_1,Max,Mean,Min
CN.AH,9593863870087168.0,1761367441515787.0,0.0
CN.BJ,1.0831765786591232e+16,3739079824960883.0,0.0
CN.CQ,7316629796945920.0,1168878600724020.8,0.0
CN.FJ,5672133527076864.0,436216667993639.4,0.0
CN.GS,5772321155448832.0,340122345227676.0,0.0
CN.GD,7223633017569280.0,261492555927191.4,0.0
CN.GX,6984868806262784.0,897938532837932.4,0.0
CN.GZ,4776429908656128.0,1012677376464424.8,0.0
CN.HA,0.0,0.0,0.0
CN.HB,1.1310858651041792e+16,1600402153233296.0,0.0
CN.HL,5767807144820736.0,111829865120683.78,0.0
CN.HE,5309941082488832.0,279719441040670.72,0.0
CN.HU,3030172173336576.0,306251697114571.56,0.0
CN.HN,4878009643302912.0,772275142856463.0,0.0
CN.JS,6659041849769984.0,1575159504987470.0,0.0
CN.JX,6016649496887296.0,260759424617988.88,0.0
CN.JL,4388107419910144.0,479209522908824.7,0.0
CN.LN,6462442943021056.0,1085698124522216.8,0.0
CN.NM,1.252131143155712e+16,373774558607809.56,0.0
CN.NX,1.1766141290545152e+16,1090519772871956.1,0.0
CN.QH,3078452706017280.0,520980396698188.25,0.0
CN.SA,7389056904200192.0,679191847736773.6,0.0
CN.SD,6024868453679104.0,2000366487021592.8,0.0
CN.SH,6057743207104512.0,2445528524031165.5,0.0
CN.SX,3749782937927680.0,130915387233498.61,0.0
CN.SC,5901723151368192.0,792459566417042.2,0.0
CN.TJ,6634625497563136.0,2590675980130401.5,0.0
CN.XJ,5472719269265408.0,382954366461149.8,0.0
CN.XZ,8480048927473664.0,188938238472398.8,0.0
CN.YN,3286023106723840.0,417986445182373.6,0.0
CN.ZJ,5799014377193472.0,786257661175133.9,0.0
