HASC_1,Max,Mean,Min
CN.AH,8170741488943104.0,749087541842777.2,0.0
CN.BJ,3508866679570432.0,125316667127515.42,0.0
CN.CQ,2617720826757120.0,116376522451197.12,0.0
CN.FJ,8203377871683584.0,893477519444562.6,0.0
CN.GS,3946421304688640.0,32521468969600.855,0.0
CN.GD,2.7040173497778176e+16,1502002479128966.0,0.0
CN.GX,6694122068901888.0,1514124025644828.5,0.0
CN.GZ,5351869090103296.0,1335022226068270.0,0.0
CN.HA,4756903913586688.0,1275523255025057.2,0.0
CN.HB,3809465266601984.0,278446147283626.66,0.0
CN.HL,7940070606635008.0,432951756962937.1,0.0
CN.HE,0.0,0.0,0.0
CN.HU,0.0,0.0,0.0
CN.HN,5673601869021184.0,982197119254257.2,0.0
CN.JS,7857904124166144.0,250817931197203.7,0.0
CN.JX,1349786217218048.0,17425524297750.383,0.0
CN.JL,3731157275377664.0,70744013894381.75,0.0
CN.LN,0.0,0.0,0.0
CN.NM,6691026471223296.0,232491929035063.7,0.0
CN.NX,4253948210839552.0,144657010458145.62,0.0
CN.QH,4006120276361216.0,187801507496744.62,0.0
CN.SA,0.0,0.0,0.0
CN.SD,0.0,0.0,0.0
CN.SH,0.0,0.0,0.0
CN.SX,0.0,0.0,0.0
CN.SC,4124408239095808.0,375091344078707.7,0.0
CN.TJ,3220071199539200.0,247697784579938.47,0.0
CN.XJ,4700293560270848.0,211860199271313.4,0.0
CN.XZ,2715893847031808.0,164769126252535.28,0.0
CN.YN,1.3900170953490432e+16,990395326074547.8,0.0
CN.ZJ,7546895341715456.0,1447832920411674.0,0.0
