HASC_1,Max,Mean,Min
BR.AC,4255542985883648.0,351843219066452.06,0.0
BR.AL,1680446354096128.0,106985125537867.86,0.0
BR.AP,1027079218921472.0,122301980703381.38,0.0
BR.AM,1.6629553950621696e+16,385194779948559.5,0.0
BR.BA,4056994432417792.0,393114564544904.2,0.0
BR.CE,0.0,0.0,0.0
BR.DF,2005488002662400.0,1492731909321523.2,0.0
BR.ES,2844848361046016.0,134337416445493.42,0.0
BR.GO,3286446697873408.0,678381712770861.5,0.0
BR.MA,6565613426180096.0,599659240721615.9,0.0
BR.MT,1.5195012325179392e+16,1255187631823308.8,0.0
BR.MS,8754231049715712.0,1012641334042436.4,0.0
BR.MG,4118194763595776.0,585451959616241.0,0.0
BR.PA,1.743290181353472e+16,730531949855061.0,0.0
BR.PB,3429802774102016.0,156436611038113.1,0.0
BR.PR,3600661673410560.0,703137721432903.0,0.0
BR.PE,3781263169159168.0,539609153426327.5,0.0
BR.PI,5210046048763904.0,523937159810348.44,0.0
BR.RJ,4930523671560192.0,589803633645665.5,0.0
BR.RN,3429802774102016.0,182098314669422.97,0.0
BR.RS,7009375352782848.0,498043764893677.7,0.0
BR.RO,1.518004114292736e+16,273796414647182.9,0.0
BR.RR,2191427874324480.0,153090162720263.88,0.0
BR.SC,3718553693847552.0,35054313219794.6,0.0
BR.SP,5445844048281600.0,751758114300835.4,0.0
BR.SE,0.0,0.0,0.0
BR.TO,7547850435067904.0,1296598634871964.2,0.0
