HASC_1,Max,Mean,Min
BR.AC,3394926565916672.0,210299782436372.7,0.0
BR.AL,2460811712790528.0,220746216341504.0,0.0
BR.AP,899177374547968.0,111777475090657.33,0.0
BR.AM,8726480729145344.0,275577229134689.22,0.0
BR.BA,3342024916860928.0,418046111270197.9,0.0
BR.CE,2410883254845440.0,519974515258750.06,0.0
BR.DF,1721760986693632.0,662138418049843.2,0.0
BR.ES,2346761809035264.0,107270923960693.31,0.0
BR.GO,5814434920398848.0,499186553780245.1,0.0
BR.MA,5235004640591872.0,654344720440926.1,0.0
BR.MT,8798144942833664.0,907869973782611.0,0.0
BR.MS,3451909507645440.0,318211634640373.2,0.0
BR.MG,5108291294199808.0,589023245663615.9,0.0
BR.PA,1.3528321274937344e+16,800311990220461.1,0.0
BR.PB,1479079630995456.0,73060479988563.64,0.0
BR.PR,4740699001978880.0,900691271620145.1,0.0
BR.PE,2536860014346240.0,377057181249797.44,0.0
BR.PI,3720881566121984.0,539220076464509.44,0.0
BR.RJ,2882597097046016.0,799208089925543.0,0.0
BR.RN,1479079630995456.0,62593228079104.0,0.0
BR.RS,2582475251384320.0,90937484327629.52,0.0
BR.RO,2.032157548399821e+16,1409587985642548.0,0.0
BR.RR,1255069169221632.0,9062306509118.455,0.0
BR.SC,2511474878578688.0,14782553372040.963,0.0
BR.SP,5724715737939968.0,915062135936235.5,0.0
BR.SE,2442263091216384.0,553639706919969.06,0.0
BR.TO,7671368862662656.0,1232842539708116.2,0.0
