HASC_1,Max,Mean,Min
BR.AC,1608202319822848.0,99229000881493.33,0.0
BR.AL,671289161285632.0,134262645956489.28,0.0
BR.AP,2099555034202112.0,71378633319272.69,0.0
BR.AM,2237705073197056.0,121914369098373.97,0.0
BR.BA,4604590414626816.0,322008299169224.5,0.0
BR.CE,1553380015079424.0,260364290013017.94,0.0
BR.DF,0.0,0.0,0.0
BR.ES,5449398670589952.0,181739296764689.25,0.0
BR.GO,3958368024657920.0,439865778094854.75,0.0
BR.MA,5090644347322368.0,252058864667916.44,0.0
BR.MT,1.1453896094384128e+16,474525534718396.1,0.0
BR.MS,3356055501275136.0,474332267381333.44,0.0
BR.MG,5954946922971136.0,339749348892707.2,0.0
BR.PA,9133414384926720.0,254734875513078.75,0.0
BR.PB,1596507392311296.0,76727721057494.67,0.0
BR.PR,1.009095586873344e+16,860822921219561.8,0.0
BR.PE,1252366426832896.0,288332958054449.94,0.0
BR.PI,4461420632604672.0,284956764196044.8,0.0
BR.RJ,3829440891060224.0,289256476441432.44,0.0
BR.RN,1201405700341760.0,67282494333948.36,0.0
BR.RS,7351635927891968.0,646206145905258.6,0.0
BR.RO,1121498102235136.0,136129569963274.02,0.0
BR.RR,2500483251961856.0,142185862402080.25,0.0
BR.SC,4367317899149312.0,25536682161164.215,0.0
BR.SP,6012535991959552.0,476008217709846.7,0.0
BR.SE,1335750264094720.0,366741813431864.9,0.0
BR.TO,9892939622776832.0,162297253157072.97,0.0
