HASC_1,Max,Mean,Min
BR.AC,1.1225839773417472e+16,346576699008047.06,0.0
BR.AL,1190567081934848.0,294936965853142.6,0.0
BR.AP,1699424740835328.0,141524469031086.3,0.0
BR.AM,1.1980787649871872e+16,569257646124160.0,0.0
BR.BA,3023624495693824.0,242602150210291.0,0.0
BR.CE,1903638893035520.0,407473845108736.0,0.0
BR.DF,2584471337435136.0,1324866749857792.0,0.0
BR.ES,1103432194719744.0,8664065479188.249,0.0
BR.GO,9682134037954560.0,772077514317675.0,0.0
BR.MA,6034462873747456.0,252250056037954.78,0.0
BR.MT,1.7166771681230848e+16,1603883441052946.8,0.0
BR.MS,5182649526124544.0,999155713477235.0,0.0
BR.MG,5727059179470848.0,292883688957659.44,0.0
BR.PA,2.612447143788544e+16,1312519136505945.0,0.0
BR.PB,2117758447779840.0,225422401321619.53,0.0
BR.PR,4452572731539456.0,715597181175842.0,0.0
BR.PE,2024250030424064.0,483262055935414.9,0.0
BR.PI,5859580932259840.0,445290085058019.2,0.0
BR.RJ,0.0,0.0,0.0
BR.RN,1955138101051392.0,208953594614127.75,0.0
BR.RS,3637628456927232.0,635245095760691.2,0.0
BR.RO,1.142416203579392e+16,1218033940491076.2,0.0
BR.RR,1512891626815488.0,97780761113865.17,0.0
BR.SC,8447020628967424.0,45635780968802.94,0.0
BR.SP,6609528393039872.0,567727352961901.8,0.0
BR.SE,1067140660592640.0,191912176599508.12,0.0
BR.TO,1.89355981275136e+16,1126977793373257.2,0.0
