HASC_1,Max,Mean,Min
BR.AC,1653494494789632.0,175017924403004.03,0.0
BR.AL,3821083421573120.0,333635924693097.0,0.0
BR.AP,1806210915368960.0,166875697271558.9,0.0
BR.AM,3533830103236608.0,160453602265217.25,0.0
BR.BA,5890809102598144.0,261655632150528.0,0.0
BR.CE,3543713896726528.0,240158422119507.72,0.0
BR.DF,1747084516524032.0,920319799471755.6,0.0
BR.ES,4114942936481792.0,74867421858789.6,0.0
BR.GO,3458833800232960.0,544365009817160.94,0.0
BR.MA,1.6265699353690112e+16,610488245309332.4,0.0
BR.MT,3458053458362368.0,528564327751744.44,0.0
BR.MS,3306410511171584.0,533423699641009.2,0.0
BR.MG,7055470015545344.0,556689987696400.75,0.0
BR.PA,4000208790749184.0,372521066468889.5,0.0
BR.PB,3336361197174784.0,219394158778188.7,0.0
BR.PR,3234190636089344.0,816781784763656.1,0.0
BR.PE,2460673468530688.0,422252955091106.2,0.0
BR.PI,6102627225960448.0,260507539923623.97,0.0
BR.RJ,1.359000666898432e+16,1406500784976032.2,0.0
BR.RN,3031362416148480.0,295649150992073.9,0.0
BR.RS,5062268035268608.0,517239815555641.06,0.0
BR.RO,3533830103236608.0,191401010765244.78,0.0
BR.RR,0.0,0.0,0.0
BR.SC,2601026020442112.0,31204097710782.15,0.0
BR.SP,1.1312155731165184e+16,1152182043531398.0,0.0
BR.SE,3821083421573120.0,467907380563148.8,0.0
BR.TO,8992356921507840.0,750598339348820.1,0.0
