HASC_1,Max,Mean,Min
AL.BE,289.3150329589844,285.66529846191406,281.9094543457031
AL.DB,287.33099365234375,284.3061752319336,280.53997802734375
AL.DU,287.33099365234375,287.16026306152344,286.9895324707031
AL.EB,287.33099365234375,284.72161865234375,281.9094543457031
AL.FI,289.3150329589844,288.1971969604492,287.2818298339844
AL.GK,289.3150329589844,285.9805969238281,281.9094543457031
AL.KE,284.1548767089844,279.8909657796224,275.8155212402344
AL.KK,284.3433532714844,278.86924235026044,275.5530090332031
AL.LZ,286.9895324707031,282.26307169596356,279.25970458984375
AL.SD,288.1721496582031,283.47264317103793,277.82513427734375
AL.TI,287.33099365234375,285.5615743001302,282.36419677734375
AL.VR,289.3150329589844,287.79052734375,284.1548767089844
