HASC_1,Max,Mean,Min
UA.CK,8694677033189376.0,2426982339130163.0,0.0
UA.CH,2048790534029312.0,56910848167480.89,0.0
UA.CV,9977126350487552.0,3189326594482607.0,0.0
UA.KR,4907774303535104.0,361928229345150.4,0.0
UA.DP,0.0,0.0,0.0
UA.DT,5111754111582208.0,485612275839795.2,0.0
UA.IF,8649964276154368.0,2932491683942925.0,0.0
UA.KK,5633555593953280.0,1796880125107225.0,0.0
UA.KS,6491575169318912.0,1365936153244467.2,0.0
UA.KM,9977126350487552.0,5438572756407217.0,0.0
UA.KV,1.8523717206278144e+16,3552218057437006.0,0.0
UA.KC,1.8523717206278144e+16,6495985174629581.0,0.0
UA.KH,7220750557642752.0,2031077087429868.2,0.0
UA.LV,9886417714937856.0,4441278394235714.5,0.0
UA.LH,5160287778897920.0,2767482565142261.0,0.0
UA.MY,7268700109406208.0,3188327346303930.0,0.0
UA.OD,6901993654190080.0,2229973899237585.0,0.0
UA.PL,0.0,0.0,0.0
UA.RV,9780529591222272.0,5047508421336343.0,0.0
UA.SC,2460211491110912.0,1349429063843840.0,0.0
UA.SM,0.0,0.0,0.0
UA.TP,8089923089334272.0,4653940821983232.0,0.0
UA.ZK,8630471567081472.0,3792374790619136.0,0.0
UA.VI,8051071888916480.0,4183411061559339.0,0.0
UA.VO,9363639664377856.0,5640718037596719.0,0.0
UA.ZP,0.0,0.0,0.0
UA.ZT,1.285576053489664e+16,4517368317984056.0,0.0
