HASC_1,Max,Mean,Min
UA.CK,8220646324568064.0,2197460553103636.8,0.0
UA.CH,0.0,0.0,0.0
UA.CV,7244292347133952.0,2899401517591022.5,0.0
UA.KR,3401421898645504.0,292616016541047.9,0.0
UA.DP,0.0,0.0,0.0
UA.DT,0.0,0.0,0.0
UA.IF,8655239032864768.0,1796575802305379.8,0.0
UA.KK,0.0,0.0,0.0
UA.KS,6119930575454208.0,1169853051418907.5,0.0
UA.KM,9426108889956352.0,2941209479275406.0,0.0
UA.KV,6162666573791232.0,1602972713611999.2,0.0
UA.KC,5030154564796416.0,1006030912959283.2,0.0
UA.KH,1.2936760396873728e+16,2472187184902039.0,0.0
UA.LV,4160527840313344.0,983264257690828.8,0.0
UA.LH,2575782887030784.0,107324286959616.0,0.0
UA.MY,9019818942398464.0,3107887530779409.5,0.0
UA.OD,8136969624223744.0,1688488883570676.0,0.0
UA.PL,0.0,0.0,0.0
UA.RV,3271675768471552.0,1044254595253064.2,0.0
UA.SC,3948273509335040.0,1711743431815987.2,0.0
UA.SM,0.0,0.0,0.0
UA.TP,7244292347133952.0,1930554902227626.8,0.0
UA.ZK,6328769065254912.0,2552803727070549.5,0.0
UA.VI,1.2794644224016384e+16,3629392717083870.5,0.0
UA.VO,0.0,0.0,0.0
UA.ZP,0.0,0.0,0.0
UA.ZT,4294729193750528.0,2328793251026449.5,0.0
