HASC_1,Max,Mean,Min
UA.CK,1.2900033057783808e+16,2646930672199522.5,0.0
UA.CH,6094646102982656.0,3261245091001035.0,0.0
UA.CV,5950922001743872.0,2991824199920298.5,0.0
UA.KR,6533823688867840.0,1694344609591817.2,0.0
UA.DP,8196708861214720.0,3837882063064847.0,0.0
UA.DT,1.928603739409613e+16,3163711102508436.5,0.0
UA.IF,6748308986920960.0,3166340502490681.0,0.0
UA.KK,1.1147623050248192e+16,2927006845358452.5,0.0
UA.KS,6777970031067136.0,2575797484186017.5,0.0
UA.KM,6648128337870848.0,3736457124092313.5,0.0
UA.KV,7088826342178816.0,2980202159123948.5,0.0
UA.KC,5705705138946048.0,3500782835291477.5,0.0
UA.KH,1.2900033057783808e+16,3932288974213567.5,0.0
UA.LV,6988541540171776.0,3491296870603890.0,0.0
UA.LH,1.928603739409613e+16,3465404703135061.5,0.0
UA.MY,7087888428695552.0,4131401316056548.0,0.0
UA.OD,7470622628118528.0,2851549464617127.0,0.0
UA.PL,1.2900033057783808e+16,3154512658255337.5,0.0
UA.RV,6081741336870912.0,3593724749104593.5,0.0
UA.SC,5550261682569216.0,3259467827249152.0,0.0
UA.SM,6094646102982656.0,2199633297704443.2,0.0
UA.TP,6748308986920960.0,3630591329173504.0,0.0
UA.ZK,6204667595849728.0,3297211538218760.0,0.0
UA.VI,6648128337870848.0,4272755841870506.5,0.0
UA.VO,6612566008659968.0,4072242409972882.5,0.0
UA.ZP,7058189266714624.0,2803279757703067.5,0.0
UA.ZT,6648128337870848.0,4114059688930128.0,0.0
