HASC_1,Max,Mean,Min
SE.BL,2.389608349093069e+16,1.1820346976676522e+16,0.0
SE.KO,6344520857812992.0,1610295728917774.0,0.0
SE.GV,5976824412635136.0,1234733788140388.8,0.0
SE.GT,1.4152199634419712e+16,4270167201613113.5,0.0
SE.HA,1.341552899129344e+16,4041511967304362.5,0.0
SE.JA,6344520857812992.0,507639150882147.9,0.0
SE.JO,1.3374782636556288e+16,4451460168254433.0,0.0
SE.KA,2.3729700752850944e+16,6673845623262846.0,0.0
SE.KR,2.062473360310272e+16,8833204821878970.0,0.0
SE.NB,0.0,0.0,0.0
SE.OR,5049105571119104.0,1943425919422551.2,0.0
SE.OG,9027422108254208.0,2276436115193856.0,0.0
SE.SN,2.001973591985357e+16,7884279775581525.0,0.0
SE.SD,1.3357463180935168e+16,4010048676739630.5,0.0
SE.ST,2.683536368730112e+16,5784137640049029.0,0.0
SE.UP,1.1671971985096704e+16,2619627464148764.5,0.0
SE.VR,2973597790371840.0,572766108451396.0,0.0
SE.VB,0.0,0.0,0.0
SE.VN,5994583028662272.0,349618132786332.6,0.0
SE.VM,5376192563642368.0,2166702570306370.2,0.0
SE.VG,1.3374782636556288e+16,1307817009300805.2,0.0
