HASC_1,Max,Mean,Min
SE.BL,6909033105588224.0,4300243204745898.5,0.0
SE.KO,4632812644728832.0,1466365144842945.5,0.0
SE.GV,4629579071225856.0,1968756881508644.5,0.0
SE.GT,6118920184397824.0,2234938539039597.8,0.0
SE.HA,9994398561468416.0,3702635180501674.5,0.0
SE.JA,5350016348585984.0,1671954512637158.8,0.0
SE.JO,8995573852012544.0,4640594450313340.0,0.0
SE.KA,7436608634617856.0,3943530778649486.0,0.0
SE.KR,7174230156247040.0,5122014227178217.0,0.0
SE.NB,8280232016478208.0,1401744351380756.2,0.0
SE.OR,1.0132258421735424e+16,4115942316206205.5,0.0
SE.OG,1.1272475602059264e+16,3861223348658566.0,0.0
SE.SN,8033890409119744.0,3563354115556420.5,0.0
SE.SD,7367423690801152.0,3365750781492155.5,0.0
SE.ST,4162879066472448.0,1930083795206144.0,0.0
SE.UP,4285941422227456.0,2326859323296730.0,0.0
SE.VR,6755274350133248.0,1791272387680069.8,0.0
SE.VB,9334183704920064.0,1969852498928507.2,0.0
SE.VN,7940857659392000.0,2148900564932021.2,0.0
SE.VM,6737550093844480.0,2749723798201230.0,0.0
SE.VG,1.3507899779186688e+16,3751437821345021.0,0.0
