HASC_1,Max,Mean,Min
SE.BL,4703974884114432.0,2329213847732224.0,0.0
SE.KO,1.36621835943936e+16,2197835316461568.0,0.0
SE.GV,1.3239680145293312e+16,2646407057341746.5,0.0
SE.GT,3306825243951104.0,919598305465685.4,0.0
SE.HA,9323856456056832.0,2906621544671914.5,0.0
SE.JA,1.1870051581820928e+16,2329668250004329.5,0.0
SE.JO,7677151499255808.0,1981456175603463.8,0.0
SE.KA,4672186757414912.0,1530755186870706.5,0.0
SE.KR,4703974884114432.0,2508479698638662.0,0.0
SE.NB,8706852191731712.0,2135523126124489.0,0.0
SE.OR,1.0191321738248192e+16,4260376462666410.5,0.0
SE.OG,5547279364653056.0,1496510530072771.0,0.0
SE.SN,4578831348269056.0,1845482550582749.8,0.0
SE.SD,1.853160061874995e+16,2292478214968794.5,0.0
SE.ST,1.0345198605303808e+16,1935109739931238.5,0.0
SE.UP,2.0464892100214784e+16,5910061209932935.0,0.0
SE.VR,9559650160607232.0,2571991706518032.5,0.0
SE.VB,8122242181365760.0,1716929740590625.2,0.0
SE.VN,1.1870051581820928e+16,2307491555247271.5,0.0
SE.VM,2.0464892100214784e+16,4044048789018721.5,0.0
SE.VG,1.0975836169568256e+16,2680269839464138.5,0.0
