HASC_1,Max,Mean,Min
CL.AI,0.9141945838928223,0.3902283249853405,0.0
CL.AN,0.293757826089859,0.06069853622189146,0.0
CL.AR,0.6451634168624878,0.26145719140768053,0.0
CL.AP,0.27760204672813416,0.01829464510453307,0.0
CL.AT,0.341693252325058,0.12130035937659722,0.0
CL.BI,0.5926312804222107,0.18194576238210386,0.0
CL.CO,0.3722277879714966,0.1897075745062186,0.0
CL.LI,0.4264093041419983,0.21761138704087998,0.0
CL.LL,0.8953112363815308,0.338859772607058,0.0
CL.LR,0.8018017411231995,0.37868323894562544,0.0
CL.MA,0.9372722506523132,0.22494438925202478,0.0
CL.ML,0.41243427991867065,0.19489600509405136,0.0
CL.NB,0.41243427991867065,0.2077800938859582,0.0
CL.RM,0.39605849981307983,0.15516224692738245,0.0
CL.TA,0.2853325307369232,0.02507019178005976,0.0
CL.VS,0.5945759415626526,0.0024920436804012585,0.0
