HASC_1,Max,Mean,Min
CL.AI,0.8477938175201416,0.32022340166077734,0.0
CL.AN,0.35152682662010193,0.03262589666488631,0.0
CL.AR,0.3501203656196594,0.14412331748753787,0.0
CL.AP,0.33052515983581543,0.060299975151310165,0.0
CL.AT,0.0,0.0,0.0
CL.BI,0.3592422306537628,0.11614350894322763,0.0
CL.CO,0.0015476669650524855,1.4881413125504669e-05,0.0
CL.LI,0.2890474796295166,0.08260185842712721,0.0
CL.LL,0.4875643253326416,0.15137286052233032,0.0
CL.LR,0.3612896502017975,0.18428388486305872,0.0
CL.MA,0.9499775171279907,0.1388144217954393,0.0
CL.ML,0.30307894945144653,0.12023580422497947,0.0
CL.NB,0.32957613468170166,0.1619039842238029,0.0
CL.RM,0.26539915800094604,0.01623671467597079,0.0
CL.TA,0.33052515983581543,0.04369618147137334,0.0
CL.VS,0.7468844056129456,0.0009312714861329326,0.0
