HASC_1,Max,Mean,Min
CL.AI,0.7617110013961792,0.2502709331042658,0.0
CL.AN,0.4326328635215759,0.16695169811802252,0.0
CL.AR,0.865036129951477,0.37277176703015963,0.0
CL.AP,0.3729497492313385,0.17180837538777566,0.0
CL.AT,0.45555931329727173,0.17307898224819274,0.0
CL.BI,0.873866081237793,0.30254333982100856,0.0
CL.CO,0.6027857065200806,0.292249285042859,0.0
CL.LI,0.8106339573860168,0.422399988439348,0.0
CL.LL,0.8401907086372375,0.22963262038665408,0.0
CL.LR,0.8401907086372375,0.44877056529124576,0.0
CL.MA,0.8643103837966919,0.12933531389949565,0.0
CL.ML,0.8338412046432495,0.4090670150789348,0.0
CL.NB,0.8338412046432495,0.3984725009649992,0.0
CL.RM,0.7529409527778625,0.3012803244212317,0.0
CL.TA,0.3959062993526459,0.18641663218537965,0.0
CL.VS,0.6569494605064392,0.004054662321638833,0.0
