HASC_1,Max,Mean,Min
CL.AI,0.4863787293434143,0.050158666870109225,0.0
CL.AN,0.5891625285148621,0.19651887015927405,0.0
CL.AR,0.5224167108535767,0.17216283027082682,0.0
CL.AP,0.4255988895893097,0.18359699145871766,0.0
CL.AT,0.6532330513000488,0.24124137374262014,0.0
CL.BI,0.4736807346343994,0.1273846112478238,0.0
CL.CO,0.7467925548553467,0.4104799742882068,0.0
CL.LI,0.7654245495796204,0.39644401570161186,0.0
CL.LL,0.4960310459136963,0.14990907652741847,0.0
CL.LR,0.5224167108535767,0.24089549481868744,0.0
CL.MA,0.5911446809768677,0.03427798481946774,0.0
CL.ML,0.7654245495796204,0.3041143255646933,0.0
CL.NB,0.5153367519378662,0.16143778730959943,0.0
CL.RM,0.7355949878692627,0.3412592574244454,0.0
CL.TA,0.45786115527153015,0.2215504768408007,0.0
CL.VS,0.7467925548553467,0.003955990989059723,0.0
