HASC_1,Max,Mean,Min
CL.AI,0.9194867610931396,0.37358611801669034,0.0
CL.AN,0.0,0.0,0.0
CL.AR,0.3946654200553894,0.15604290788372358,0.0
CL.AP,0.0,0.0,0.0
CL.AT,0.2806958258152008,0.008381551445742685,0.0
CL.BI,0.4044880270957947,0.12408601355094176,0.0
CL.CO,0.2872716188430786,0.11290375258809385,0.0
CL.LI,0.3373810052871704,0.18959309789869522,0.0
CL.LL,0.7094423174858093,0.21666967987763783,0.0
CL.LR,0.3946654200553894,0.1914184797141287,0.0
CL.MA,0.9552478790283203,0.23162640042995153,0.0
CL.ML,0.35756897926330566,0.16637294671752237,0.0
CL.NB,0.3616473376750946,0.17444614445169768,0.0
CL.RM,0.30187079310417175,0.12985306993008605,0.0
CL.TA,0.0,0.0,0.0
CL.VS,0.48581409454345703,0.0022085059315516417,0.0
