HASC_1,Max,Mean,Min
CL.AI,0.4788472652435303,0.05021900048109013,0.0
CL.AN,0.6025559902191162,0.19872094801671447,0.0
CL.AR,0.51531982421875,0.16920698434114456,0.0
CL.AP,0.4198577404022217,0.18466846538441523,0.0
CL.AT,0.6899206638336182,0.2426907792687416,0.0
CL.BI,0.4754631817340851,0.12648873114242004,0.0
CL.CO,0.7567076683044434,0.40800608407992583,0.0
CL.LI,0.7653735280036926,0.39535917904641893,0.0
CL.LL,0.48117563128471375,0.14800152963173122,0.0
CL.LR,0.48016464710235596,0.23791427468812024,0.0
CL.MA,0.7398581504821777,0.03768400321170319,0.0
CL.ML,0.7653735280036926,0.30564722550016915,0.0
CL.NB,0.5270447731018066,0.15939293048965433,0.0
CL.RM,0.6865854263305664,0.3343401366756076,0.0
CL.TA,0.46030193567276,0.2223120722229834,0.0
CL.VS,0.7567076683044434,0.003978330205893947,0.0
