HASC_1,Max,Mean,Min
CL.AI,0.8712143301963806,0.32673844323414686,0.0
CL.AN,0.4143233895301819,0.14996449183672667,0.0
CL.AR,0.8820885419845581,0.3865653329839309,0.0
CL.AP,0.35948270559310913,0.15498087266269994,0.0
CL.AT,0.42254918813705444,0.1546806503264677,0.0
CL.BI,0.8420084118843079,0.29442954659461973,0.0
CL.CO,0.4279937446117401,0.23362244765918988,0.0
CL.LI,0.5787377953529358,0.3279567556248771,0.0
CL.LL,0.8953598141670227,0.33350849139089345,0.0
CL.LR,0.8358979821205139,0.4749718611990964,0.0
CL.MA,0.8898645639419556,0.19358285937964786,0.0
CL.ML,0.7898092865943909,0.3636846679516814,0.0
CL.NB,0.7987876534461975,0.39506251861651737,0.0
CL.RM,0.5092678070068359,0.22206245339105998,0.0
CL.TA,0.35948270559310913,0.16560631024616737,0.0
CL.VS,0.5337911248207092,0.0030017937020564763,0.0
