HASC_1,Max,Mean,Min
CL.AI,0.0,0.0,0.0
CL.AN,0.6270386576652527,0.229096814502208,0.0
CL.AR,0.38322925567626953,0.0870210926043607,0.0
CL.AP,0.5038871765136719,0.1896543543861837,0.0
CL.AT,0.6879229545593262,0.22173899589549928,0.0
CL.BI,0.38002681732177734,0.08200084520862079,0.0
CL.CO,0.4523894786834717,0.19262009731387325,0.0
CL.LI,0.42626309394836426,0.19015689173377015,0.0
CL.LL,0.0,0.0,0.0
CL.LR,0.34053298830986023,0.031161332292362606,0.0
CL.MA,0.43495458364486694,0.008826454165370722,0.0
CL.ML,0.4106482267379761,0.19691789438101379,0.0
CL.NB,0.4048493802547455,0.19081829426189265,0.0
CL.RM,0.47664231061935425,0.12154179042766965,0.0
CL.TA,0.5221714377403259,0.22679872459007633,0.0
CL.VS,0.4118897318840027,0.0017743475224056306,0.0
