HASC_1,Max,Mean,Min
CL.AI,0.937451958656311,0.40170480143832943,0.0
CL.AN,0.28239721059799194,0.0071986522899741045,0.0
CL.AR,0.6268423795700073,0.185770936931173,0.0
CL.AP,0.0,0.0,0.0
CL.AT,0.302228182554245,0.069940987723327,0.0
CL.BI,0.5841889381408691,0.13991477134136054,0.0
CL.CO,0.32876524329185486,0.17576297129002902,0.0
CL.LI,0.3730084300041199,0.19765799939632417,0.0
CL.LL,0.9106863141059875,0.28173792750394644,0.0
CL.LR,0.5397945046424866,0.2933712358827944,0.0
CL.MA,0.8966318368911743,0.1588231728003736,0.0
CL.ML,0.3743783235549927,0.18070153451778673,0.0
CL.NB,0.37602680921554565,0.18443121605863175,0.0
CL.RM,0.34349891543388367,0.1486276610503121,0.0
CL.TA,0.0,0.0,0.0
CL.VS,0.5368831753730774,0.0024110115996527366,0.0
