HASC_1,Max,Mean,Min
CL.AI,0.35168302059173584,0.058048103860568044,0.0
CL.AN,0.4677125811576843,0.17876793649087458,0.0
CL.AR,0.0,0.0,0.0
CL.AP,0.42881762981414795,0.20492747197954023,0.0
CL.AT,0.4466109573841095,0.1395758334305724,0.0
CL.BI,0.0,0.0,0.0
CL.CO,0.40462225675582886,0.2062656286244209,0.0
CL.LI,0.3611656427383423,0.0848095264490338,0.0
CL.LL,0.2749605178833008,0.001168486785472316,0.0
CL.LR,0.0,0.0,0.0
CL.MA,0.37770479917526245,0.05725042485538372,0.0
CL.ML,0.3526518642902374,0.019121473444639294,0.0
CL.NB,0.0,0.0,0.0
CL.RM,0.3640979826450348,0.1271513062112342,0.0
CL.TA,0.43860751390457153,0.21774968870536046,0.0
CL.VS,0.3923707604408264,0.001920695424666967,0.0
