HASC_1,Max,Mean,Min
CL.AI,0.8093529343605042,0.2574186202999656,0.0
CL.AN,0.39371204376220703,0.10385274993886708,0.0
CL.AR,0.33154457807540894,0.11394527353501568,0.0
CL.AP,0.36414769291877747,0.1688253767028147,0.0
CL.AT,0.32172954082489014,0.015166618136896027,0.0
CL.BI,0.31758517026901245,0.08142713455196757,0.0
CL.CO,0.0,0.0,0.0
CL.LI,0.0,0.0,0.0
CL.LL,0.39666610956192017,0.13260216810623138,0.0
CL.LR,0.33562883734703064,0.16679379923476112,0.0
CL.MA,0.9056633710861206,0.21088969666968313,0.0
CL.ML,0.26894277334213257,0.015458405647553842,0.0
CL.NB,0.28787362575531006,0.06604384220554493,0.0
CL.RM,0.0,0.0,0.0
CL.TA,0.3951072692871094,0.18747409474518564,0.0
CL.VS,0.5093095898628235,0.000458215752366736,0.0
