HASC_1,Max,Mean,Min
CL.AI,0.8819131851196289,0.3748928079343224,0.0
CL.AN,0.0,0.0,0.0
CL.AR,0.4015488028526306,0.15496341375013192,0.0
CL.AP,0.0,0.0,0.0
CL.AT,0.2591497302055359,0.009419598150594134,0.0
CL.BI,0.4148218035697937,0.12383740521394289,0.0
CL.CO,0.2853952646255493,0.11201939261046881,0.0
CL.LI,0.2916795313358307,0.18155897955099742,0.0
CL.LL,0.7278382778167725,0.21584356939341842,0.0
CL.LR,0.3933255672454834,0.18991030669874615,0.0
CL.MA,0.8927735686302185,0.1764093170040532,0.0
CL.ML,0.3365491032600403,0.16690343254330484,0.0
CL.NB,0.35787254571914673,0.16925186415513357,0.0
CL.RM,0.2916795313358307,0.1270620966004947,0.0
CL.TA,0.0,0.0,0.0
CL.VS,0.484523743391037,0.0021562264280098583,0.0
