HASC_1,Max,Mean,Min
CL.AI,0.30264222621917725,0.011419986723123002,0.0
CL.AN,0.508184552192688,0.2052325145341456,0.0
CL.AR,0.32448887825012207,0.0061687489971518515,0.0
CL.AP,0.41556867957115173,0.16344374920032462,0.0
CL.AT,0.5034995079040527,0.1648136206640629,0.0
CL.BI,0.3498464822769165,0.013805003535862153,0.0
CL.CO,0.42168763279914856,0.18087834457401186,0.0
CL.LI,0.3935179114341736,0.2162168241209454,0.0
CL.LL,0.0,0.0,0.0
CL.LR,0.0,0.0,0.0
CL.MA,0.536677896976471,0.05180779813424778,0.0
CL.ML,0.381732314825058,0.14608898085333005,0.0
CL.NB,0.3461032211780548,0.055796610618320606,0.0
CL.RM,0.41989850997924805,0.18290761207777356,0.0
CL.TA,0.44571301341056824,0.20755658988599424,0.0
CL.VS,0.41989850997924805,0.0024456242309136137,0.0
