HASC_1,Max,Mean,Min
CL.AI,0.7671767473220825,0.24655354811513724,0.0
CL.AN,0.4551607072353363,0.1686053815785618,0.0
CL.AR,0.8552969694137573,0.37377188466489314,0.0
CL.AP,0.386396199464798,0.1546333236809896,0.0
CL.AT,0.44701117277145386,0.17022123941708178,0.0
CL.BI,0.7925546765327454,0.2996633401283851,0.0
CL.CO,0.5902068614959717,0.2939696377859666,0.0
CL.LI,0.790421724319458,0.4292064825693766,0.0
CL.LL,0.765457034111023,0.22385687698774479,0.0
CL.LR,0.765457034111023,0.43942610533149157,0.0
CL.MA,0.8453986048698425,0.1284633083368175,0.0
CL.ML,0.8296904563903809,0.40805899538099766,0.0
CL.NB,0.8134472966194153,0.40731722954660654,0.0
CL.RM,0.7494098544120789,0.31986689070860547,0.0
CL.TA,0.4079057574272156,0.19049620573167447,0.0
CL.VS,0.7494098544120789,0.003968049072788801,0.0
