HASC_1,Max,Mean,Min
CL.AI,0.907318115234375,0.4020217383446628,0.0
CL.AN,0.20264825224876404,0.006514058903987808,0.0
CL.AR,0.5782259106636047,0.185761159658432,0.0
CL.AP,0.0,0.0,0.0
CL.AT,0.3206699788570404,0.06973633731323635,0.0
CL.BI,0.49775102734565735,0.1374879417511133,0.0
CL.CO,0.34768474102020264,0.1807289859996392,0.0
CL.LI,0.34617117047309875,0.20002492169539135,0.0
CL.LL,0.8322375416755676,0.2814262640200743,0.0
CL.LR,0.5947574973106384,0.30160418152809143,0.0
CL.MA,0.8743308186531067,0.13845489181970294,0.0
CL.ML,0.3815268576145172,0.17598159035498445,0.0
CL.NB,0.3772657513618469,0.18213884656627974,0.0
CL.RM,0.35913634300231934,0.1510365508378498,0.0
CL.TA,0.0,0.0,0.0
CL.VS,0.5831542015075684,0.002473607617015649,0.0
