HASC_1,Max,Mean,Min
CL.AI,0.8648123145103455,0.32036704813861194,0.0
CL.AN,0.3556194305419922,0.032190137498262286,0.0
CL.AR,0.3522666096687317,0.14450478410969178,0.0
CL.AP,0.32383933663368225,0.06038626230188778,0.0
CL.AT,0.0,0.0,0.0
CL.BI,0.3580951690673828,0.11648121074988292,0.0
CL.CO,0.003057023510336876,2.9394456830162268e-05,0.0
CL.LI,0.290289044380188,0.08424731397794352,0.0
CL.LL,0.48765918612480164,0.15134188633005158,0.0
CL.LR,0.35595381259918213,0.18374964788004203,0.0
CL.MA,0.9535830020904541,0.24370231023221686,0.0
CL.ML,0.29777991771698,0.12172464309895242,0.0
CL.NB,0.3259623944759369,0.1636481008802851,0.0
CL.RM,0.2562987804412842,0.01574242657737895,0.0
CL.TA,0.32055598497390747,0.04365809496084694,0.0
CL.VS,0.7603119611740112,0.0009315006136994368,0.0
