HASC_1,Max,Mean,Min
AL.BE,0.009414666332304478,0.008531643426977098,0.007491343189030886
AL.DB,0.009325497783720493,0.00849101273342967,0.00770441023632884
AL.DU,0.009325497783720493,0.009241574443876743,0.009157651104032993
AL.EB,0.009157651104032993,0.00834837881848216,0.007491343189030886
AL.FI,0.009521477855741978,0.009265456115826964,0.008968029171228409
AL.GK,0.009414666332304478,0.008607953321188688,0.007491343189030886
AL.KE,0.00825253501534462,0.007320039595166842,0.006510568782687187
AL.KK,0.008574479259550571,0.007289760513231158,0.006399068515747786
AL.LZ,0.009325497783720493,0.008251792751252651,0.00770441023632884
AL.SD,0.009504788555204868,0.00836910999247006,0.006809545680880547
AL.TI,0.009325497783720493,0.008753213565796614,0.0077764918096363544
AL.VR,0.009521477855741978,0.009119765433881964,0.00825253501534462
