HASC_1,Max,Mean,Min
AL.BE,0.014009092934429646,0.012019529938697815,0.01042105257511139
AL.DB,0.012716229073703289,0.01154789817519486,0.010070418007671833
AL.DU,0.012716229073703289,0.012680307030677795,0.012644384987652302
AL.EB,0.012810006737709045,0.011676962254568934,0.01042105257511139
AL.FI,0.014189337380230427,0.013431166531518102,0.012716229073703289
AL.GK,0.014009092934429646,0.012347633950412273,0.01042105257511139
AL.KE,0.01083796750754118,0.010411860421299934,0.010068829171359539
AL.KK,0.010989919304847717,0.010229761246591806,0.009983156807720661
AL.LZ,0.012644384987652302,0.010982925382753214,0.010070418007671833
AL.SD,0.013225491158664227,0.011346570748303617,0.010070418007671833
AL.TI,0.012716229073703289,0.012040391564369202,0.010760560631752014
AL.VR,0.015064333565533161,0.013507006556860037,0.01083796750754118
