HASC_1,Max,Mean,Min
AL.BE,0.006849934812635183,0.006312182289548218,0.005623431410640478
AL.DB,0.006642113905400038,0.005810947041027248,0.004848888609558344
AL.DU,0.006642113905400038,0.006489526014775038,0.006336938124150038
AL.EB,0.006707917433232069,0.006097327568568289,0.005415847525000572
AL.FI,0.007336150389164686,0.006884029135107994,0.006642113905400038
AL.GK,0.006849934812635183,0.006367455609142781,0.005623431410640478
AL.KE,0.0060674455016851425,0.005339659828071793,0.0049031684175133705
AL.KK,0.005286783445626497,0.004665438551455736,0.004275213461369276
AL.LZ,0.006336938124150038,0.005301036095867555,0.004717281553894281
AL.SD,0.006788661703467369,0.005482389192496028,0.0043570310808718204
AL.TI,0.006642113905400038,0.006131633184850216,0.005415847525000572
AL.VR,0.007337977644056082,0.0068195538063134465,0.0060674455016851425
