HASC_1,Max,Mean,Min
AL.BE,0.014145679771900177,0.012854722561314702,0.011788196861743927
AL.DB,0.013274657540023327,0.012263007462024689,0.010829118080437183
AL.DU,0.013274657540023327,0.01318501215428114,0.013095366768538952
AL.EB,0.013413575477898121,0.012537506641820073,0.011788196861743927
AL.FI,0.014145679771900177,0.013590124668553472,0.013095366768538952
AL.GK,0.014145679771900177,0.013013890758156777,0.011788196861743927
AL.KE,0.012071438133716583,0.011346724505225817,0.010679549537599087
AL.KK,0.012269643135368824,0.01103328401222825,0.009865112602710724
AL.LZ,0.013274657540023327,0.011680484749376774,0.010829118080437183
AL.SD,0.013387667946517467,0.012141442325498377,0.010829118080437183
AL.TI,0.013274657540023327,0.012740970589220524,0.011852887459099293
AL.VR,0.014145679771900177,0.01338387546794755,0.012071438133716583
