HASC_1,Max,Mean,Min
AL.BE,0.014274143613874912,0.012141925515607,0.009805700741708279
AL.DB,0.01216540951281786,0.010548036778345704,0.008682350628077984
AL.DU,0.01216540951281786,0.012122255750000477,0.012079101987183094
AL.EB,0.012849830090999603,0.010999979451298714,0.009265284985303879
AL.FI,0.014299734495580196,0.013375702546909451,0.012079101987183094
AL.GK,0.014274143613874912,0.012423855811357498,0.009805700741708279
AL.KE,0.011638027615845203,0.009547135637452206,0.008253277279436588
AL.KK,0.011433782987296581,0.009163956623524427,0.007640143856406212
AL.LZ,0.01216540951281786,0.009983401435116926,0.008682350628077984
AL.SD,0.01389839593321085,0.01115617182637964,0.008682350628077984
AL.TI,0.01216540951281786,0.011169932161768278,0.009265284985303879
AL.VR,0.014532112516462803,0.013649464185748781,0.011638027615845203
