HASC_1,Max,Mean,Min
AL.BE,0.014816311188042164,0.01210183766670525,0.010143308900296688
AL.DB,0.014299898408353329,0.01206289604306221,0.00971701554954052
AL.DU,0.014299898408353329,0.01406807592138648,0.013836253434419632
AL.EB,0.013836253434419632,0.01180838467553258,0.010143308900296688
AL.FI,0.014816311188042164,0.014028775971382856,0.012855559587478638
AL.GK,0.014816311188042164,0.012378625944256783,0.010143308900296688
AL.KE,0.010592170991003513,0.010008283890783787,0.009505140595138073
AL.KK,0.012259830720722675,0.010487134723613659,0.009048489853739738
AL.LZ,0.014299898408353329,0.011478770524263382,0.00971701554954052
AL.SD,0.015396781265735626,0.01244518333779914,0.00971701554954052
AL.TI,0.014299898408353329,0.01284485620756944,0.01039841677993536
AL.VR,0.014925667084753513,0.01359651783215148,0.010592170991003513
