HASC_1,Max,Mean,Min
AL.BE,0.015108079649508,0.01136659737676382,0.008397232741117477
AL.DB,0.013545643538236618,0.011468660086393356,0.009148568846285343
AL.DU,0.013545643538236618,0.013541113585233688,0.013536583632230759
AL.EB,0.013536583632230759,0.011001757346093655,0.008397232741117477
AL.FI,0.015469841659069061,0.014259787276387215,0.01292464416474104
AL.GK,0.015108079649508,0.01180393248796463,0.008397232741117477
AL.KE,0.009148568846285343,0.008548986166715622,0.007923177443444729
AL.KK,0.011130941100418568,0.009257089967528978,0.007929853163659573
AL.LZ,0.013545643538236618,0.010949106886982918,0.009643844328820705
AL.SD,0.014980287291109562,0.011535207607916423,0.008450797758996487
AL.TI,0.013545643538236618,0.01207693200558424,0.009148568846285343
AL.VR,0.016678621992468834,0.014011525282902377,0.009036432951688766
