HASC_1,Max,Mean,Min
AL.BE,0.00697452062740922,0.006127955741249025,0.005387208890169859
AL.DB,0.0067307776771485806,0.0059714141534641385,0.005020679906010628
AL.DU,0.0067307776771485806,0.0067078894935548306,0.0066850013099610806
AL.EB,0.0066850013099610806,0.006013693753629923,0.005387208890169859
AL.FI,0.00751493638381362,0.006926956353709102,0.006533367093652487
AL.GK,0.00697452062740922,0.006098507158458233,0.005387208890169859
AL.KE,0.005616726353764534,0.0051885663997381926,0.004812818486243486
AL.KK,0.0059718117117881775,0.00499099042887489,0.004481099545955658
AL.LZ,0.0067307776771485806,0.005571228452026844,0.004962227772921324
AL.SD,0.007458748761564493,0.006012757042688983,0.004868092015385628
AL.TI,0.0067307776771485806,0.006288325569281976,0.005449197720736265
AL.VR,0.00751493638381362,0.006725259790463107,0.005616726353764534
