HASC_1,Max,Mean,Min
AL.BE,0.008455446921288967,0.006593229481950402,0.005100858863443136
AL.DB,0.007163457106798887,0.0063422443345189095,0.005422525107860565
AL.DU,0.007163457106798887,0.007163377478718758,0.007163297850638628
AL.EB,0.007307541090995073,0.006297848769463599,0.005100858863443136
AL.FI,0.00882523413747549,0.00793788000009954,0.007163297850638628
AL.GK,0.008455446921288967,0.00663349237293005,0.005100858863443136
AL.KE,0.005619697272777557,0.005149178206920624,0.004760595504194498
AL.KK,0.006289891432970762,0.005278308332587282,0.004792583640664816
AL.LZ,0.007163457106798887,0.005990941387911637,0.0053868419490754604
AL.SD,0.007941893301904202,0.006331382053239005,0.004932932555675507
AL.TI,0.007163457106798887,0.006648817410071691,0.005619697272777557
AL.VR,0.008930138312280178,0.007818528916686773,0.005509071052074432
