HASC_1,Max,Mean,Min
AL.BE,0.007009653374552727,0.006225275574252009,0.005344457924365997
AL.DB,0.00663803843781352,0.005904602585360408,0.005003439728170633
AL.DU,0.00663803843781352,0.006624448113143444,0.006610857788473368
AL.EB,0.006610857788473368,0.005943842115812004,0.005344457924365997
AL.FI,0.007009653374552727,0.006745604448951781,0.0064539783634245396
AL.GK,0.007009653374552727,0.0063458002172410485,0.005344457924365997
AL.KE,0.006093012634664774,0.005192386452108622,0.0044988663867115974
AL.KK,0.006185042206197977,0.004903058831890424,0.004215227905660868
AL.LZ,0.00663803843781352,0.0055507696233689785,0.005003439728170633
AL.SD,0.006861357018351555,0.005862076101558549,0.0047373645938932896
AL.TI,0.00663803843781352,0.006204990204423666,0.00536607438698411
AL.VR,0.007228918839246035,0.00676236767321825,0.006093012634664774
