HASC_1,Max,Mean,Min
AL.BE,0.006274289917200804,0.005734708742238581,0.005265858490020037
AL.DB,0.006331828888505697,0.0057368549751117826,0.004985956009477377
AL.DU,0.006331828888505697,0.006274806801229715,0.0062177847139537334
AL.EB,0.006331828888505697,0.005757378530688584,0.005265858490020037
AL.FI,0.007098663132637739,0.00643118959851563,0.006019976455718279
AL.GK,0.006274289917200804,0.0057089515961706635,0.005265858490020037
AL.KE,0.005411850288510323,0.005046566482633352,0.00466091139242053
AL.KK,0.005513178184628487,0.004815168445929885,0.004341470543295145
AL.LZ,0.0062177847139537334,0.005317754888286193,0.004749523941427469
AL.SD,0.006954975891858339,0.005664733238518238,0.004749523941427469
AL.TI,0.006331828888505697,0.005987154630323251,0.005411850288510323
AL.VR,0.0072665889747440815,0.006313640557761703,0.005378710106015205
