HASC_1,Max,Mean,Min
SE.BL,1.0760336185491456e+16,6115079248832102.0,0.0
SE.KO,0.0,0.0,0.0
SE.GV,6175437122174976.0,738218784220774.4,0.0
SE.GT,5336529614405632.0,2022472434399608.2,0.0
SE.HA,6482286228799488.0,2200143906471936.0,0.0
SE.JA,2193224378613760.0,527387311035733.3,0.0
SE.JO,6325662193287168.0,974998705172301.9,0.0
SE.KA,1.0760336185491456e+16,3434241911370547.0,0.0
SE.KR,8474493387276288.0,5485996283771836.0,0.0
SE.NB,4073840367894528.0,1350935425039436.2,0.0
SE.OR,0.0,0.0,0.0
SE.OG,4753644033409024.0,1204965657804800.0,0.0
SE.SN,8807556289921024.0,4243462216738863.5,0.0
SE.SD,4360945509859328.0,1822714879865073.0,0.0
SE.ST,4616908380831744.0,1646431320408064.0,0.0
SE.UP,6175437122174976.0,2334526753932500.5,0.0
SE.VR,0.0,0.0,0.0
SE.VB,2682455110713344.0,434726428629594.4,0.0
SE.VN,4059331699933184.0,251053113573780.53,0.0
SE.VM,6175437122174976.0,1477044450980957.0,0.0
SE.VG,6530128406380544.0,956446264024897.5,0.0
