HASC_1,Max,Mean,Min
SE.BL,6125211237744640.0,3599991149603498.5,0.0
SE.KO,6997740286377984.0,2655861008439737.0,0.0
SE.GV,6001880714969088.0,2936804406572763.5,0.0
SE.GT,6620211050446848.0,2634558216125461.0,0.0
SE.HA,6027626359554048.0,2565666997534720.0,0.0
SE.JA,6318920168374272.0,2648492644293236.0,0.0
SE.JO,1.4434293086420992e+16,3597833181660176.5,0.0
SE.KA,6620816103964672.0,3994475937428743.5,0.0
SE.KR,7050874937409536.0,3982975646278376.5,0.0
SE.NB,8541391797878784.0,3032945967463112.0,0.0
SE.OR,7958307574644736.0,4066802267332872.5,0.0
SE.OG,6091779749183488.0,2323275291270375.0,0.0
SE.SN,5562850768584704.0,2748418348111189.5,0.0
SE.SD,6252968798060544.0,3348051141853184.0,0.0
SE.ST,6370733580091392.0,3052573400707891.0,0.0
SE.UP,6299556845191168.0,3829645747081367.5,0.0
SE.VR,1.1198521633931264e+16,3029175692117457.5,0.0
SE.VB,5326817082736640.0,2320792058367780.0,0.0
SE.VN,5492827232403456.0,2580816444280281.0,0.0
SE.VM,5965822853906432.0,3156522390981181.5,0.0
SE.VG,1.4434293086420992e+16,2661755225250975.0,0.0
