HASC_1,Max,Mean,Min
SE.BL,0.0,0.0,0.0
SE.KO,4862634197254144.0,1942910623924929.5,0.0
SE.GV,5446725590319104.0,2617374844132674.0,0.0
SE.GT,5197846194159616.0,500311917732386.1,0.0
SE.HA,1.0649200685481984e+16,3074576966073948.0,0.0
SE.JA,5509429965357056.0,2782833310363375.0,0.0
SE.JO,5402896522805248.0,2290997781309658.0,0.0
SE.KA,6904174960705536.0,1820123154544260.8,0.0
SE.KR,7687087369224192.0,4209770982539264.0,0.0
SE.NB,6048367830368256.0,3087987179816675.0,0.0
SE.OR,5084825203507200.0,2772309669555304.5,0.0
SE.OG,7431455747604480.0,2719570184935348.0,0.0
SE.SN,9605925211996160.0,2640439743148273.0,0.0
SE.SD,6346455740579840.0,3236445683044724.5,0.0
SE.ST,6433323064754176.0,2965784147028230.5,0.0
SE.UP,5953509182668800.0,3084458740562147.5,0.0
SE.VR,5070115477389312.0,2057487150362251.8,0.0
SE.VB,7587622369099776.0,2849192505717555.0,0.0
SE.VN,5443153251270656.0,2562381300263115.5,0.0
SE.VM,4846836233797632.0,2621519173546439.0,0.0
SE.VG,1.650251526045696e+16,2142014397374160.5,0.0
