HASC_1,Max,Mean,Min
CL.AI,285.06982421875,282.26276478014495,275.64404296875
CL.AN,294.2908630371094,287.35189416273585,276.1251525878906
CL.AR,288.1241760253906,286.42517852783203,284.2273864746094
CL.AP,291.1600036621094,288.44689602322046,282.392578125
CL.AT,294.4912109375,285.38671875,272.7054443359375
CL.BI,290.7867736816406,286.6433643159412,284.2273864746094
CL.CO,292.15625,287.20133507770043,275.6547546386719
CL.LI,293.09326171875,288.6197916666667,284.74609375
CL.LL,286.9228515625,285.05524083187703,283.1083984375
CL.LR,287.7327575683594,286.40750776018416,284.50830078125
CL.MA,282.29052734375,278.40457999606093,274.5309143066406
CL.ML,293.09326171875,287.69177727950245,281.6623840332031
CL.NB,292.1280822753906,288.39772542317706,284.5602111816406
CL.RM,293.5208435058594,287.53341020856584,277.3585205078125
CL.TA,293.5009765625,288.6686096191406,281.8968200683594
CL.VS,293.6897277832031,288.6454676577919,274.8221435546875
