HASC_1,Max,Mean,Min
CL.AI,287.6308898925781,283.36075351112765,275.76702880859375
CL.AN,296.93914794921875,290.64676133641655,279.90277099609375
CL.AR,294.6972961425781,291.10106048583987,286.38250732421875
CL.AP,297.2021789550781,290.32801310221356,282.0202941894531
CL.AT,296.1426086425781,289.9174358088796,280.8213806152344
CL.BI,298.10614013671875,291.8597499302455,286.4944763183594
CL.CO,294.0224914550781,291.224609375,284.8467102050781
CL.LI,296.2845153808594,292.6015040079753,289.16766357421875
CL.LL,292.04461669921875,287.24079814710115,283.7698669433594
CL.LR,292.7734680175781,289.958738054548,286.38250732421875
CL.MA,284.0605773925781,281.60289347672665,274.5405578613281
CL.ML,298.00457763671875,292.8753806666324,287.4306945800781
CL.NB,298.10614013671875,294.42713165283203,287.4306945800781
CL.RM,295.6243591308594,292.2117614746094,286.9599914550781
CL.TA,297.2021789550781,291.67378662109377,283.2812805175781
CL.VS,296.78973388671875,292.5965367367393,284.0542297363281
