HASC_1,Max,Mean,Min
CL.AI,287.0361022949219,280.0914186176501,269.8226013183594
CL.AN,293.1116638183594,286.9430858684036,274.7527770996094
CL.AR,288.36163330078125,285.3355285644531,279.37823486328125
CL.AP,293.6708984375,288.41594780815973,279.70440673828125
CL.AT,292.4254455566406,284.0922285870808,269.8886413574219
CL.BI,288.5605163574219,285.84945097423736,279.4967346191406
CL.CO,290.0777893066406,285.6202206818954,273.0517578125
CL.LI,289.2040710449219,286.9648666381836,279.71612548828125
CL.LL,288.8648986816406,285.2010168778269,279.3471374511719
CL.LR,288.2164611816406,285.02925545828685,281.0409851074219
CL.MA,283.1796569824219,276.3220461035977,268.9606018066406
CL.ML,288.7018127441406,285.13474795692844,277.0929260253906
CL.NB,287.7607116699219,285.3810679117839,279.73223876953125
CL.RM,289.2040710449219,284.10028294154574,271.72119140625
CL.TA,293.6487731933594,288.92316772460936,279.6708679199219
CL.VS,294.3245544433594,288.67564954255755,270.7482604980469
