HASC_1,Max,Mean,Min
CL.AI,282.24609375,277.90440609580594,271.2360534667969
CL.AN,290.7364807128906,285.27676621922905,273.6646728515625
CL.AR,284.19677734375,280.94876861572266,274.9840393066406
CL.AP,290.1932067871094,286.49078369140625,278.1563415527344
CL.AT,291.19873046875,283.6773629537443,270.719970703125
CL.BI,285.5572814941406,282.0799473353795,274.9840393066406
CL.CO,289.0245666503906,284.67853844684106,274.0688781738281
CL.LI,287.3751525878906,284.9062220255534,278.341064453125
CL.LL,283.3533630371094,280.0802339252673,275.2318420410156
CL.LR,283.6365661621094,280.2665339878627,275.798095703125
CL.MA,280.56640625,277.9539330746947,271.5570983886719
CL.ML,286.6544494628906,282.60685007195724,274.2547302246094
CL.NB,285.5572814941406,282.26341756184894,275.2708435058594
CL.RM,287.3751525878906,282.6947021484375,270.635986328125
CL.TA,290.77880859375,286.5338415527344,277.2535705566406
CL.VS,293.4005432128906,286.51036633943255,270.416748046875
