HASC_1,Max,Mean,Min
CL.AI,284.34942626953125,276.611163490697,267.2920227050781
CL.AN,291.7572937011719,284.3069642264888,270.5983581542969
CL.AR,285.8793640136719,281.70015106201174,275.55853271484375
CL.AP,292.8194274902344,287.2906901041667,276.5035705566406
CL.AT,290.0463562011719,282.06800284036774,266.0512390136719
CL.BI,286.91290283203125,282.3423374720982,275.55853271484375
CL.CO,289.7023010253906,284.191614565642,268.9792175292969
CL.LI,286.98126220703125,284.95309193929035,278.6622619628906
CL.LL,286.3702697753906,281.0621394107216,273.44171142578125
CL.LR,285.8793640136719,281.74437386649,277.4386291503906
CL.MA,282.85137939453125,277.7078311182872,269.10333251953125
CL.ML,286.3917541503906,282.68115234375,275.4123229980469
CL.NB,285.9337463378906,282.2643407185872,276.8888854980469
CL.RM,286.93536376953125,282.4880065917969,270.6192321777344
CL.TA,292.77288818359375,287.53157104492186,275.6662292480469
CL.VS,295.81781005859375,287.5294253700658,268.3016052246094
