HASC_1,Max,Mean,Min
CL.AI,287.1634826660156,282.44309997558594,274.6805114746094
CL.AN,293.9388732910156,287.57011327203713,274.6339416503906
CL.AR,289.4043884277344,286.6566787719727,283.2593688964844
CL.AP,293.8877868652344,287.9956766764323,276.9853515625
CL.AT,293.560302734375,286.13957623737616,272.9454650878906
CL.BI,290.3119201660156,287.7600373767671,283.473388671875
CL.CO,292.2334899902344,288.51722120202106,276.6741638183594
CL.LI,293.3412170410156,289.8743489583333,287.077880859375
CL.LL,288.557373046875,286.2111479106702,283.006591796875
CL.LR,287.5414123535156,285.85853576660156,283.2593688964844
CL.MA,285.1166076660156,281.2543996602547,274.3621520996094
CL.ML,293.3412170410156,288.75757799650495,284.194091796875
CL.NB,292.1820373535156,288.87622833251953,285.7167053222656
CL.RM,293.1673889160156,288.92847987583707,280.6866149902344
CL.TA,293.9388732910156,289.1935339355469,278.3590393066406
CL.VS,295.5069274902344,290.8693365799753,277.9126892089844
