HASC_1,Max,Mean,Min
CL.AI,282.0561828613281,273.98613939787214,266.2023620605469
CL.AN,290.2244873046875,282.38818762437353,269.7076721191406
CL.AR,285.6095886230469,279.19454193115234,270.5861511230469
CL.AP,291.3674011230469,285.72335476345484,275.6813659667969
CL.AT,288.9783935546875,279.2333664312595,263.5104064941406
CL.BI,286.4276123046875,281.5694318498884,270.5861511230469
CL.CO,287.5161437988281,281.64992755392325,265.3699645996094
CL.LI,287.1873779296875,284.14894104003906,275.1813659667969
CL.LL,284.1948547363281,277.17078921669406,270.1446533203125
CL.LR,283.7729797363281,277.23304530552457,271.1408996582031
CL.MA,281.5718078613281,276.8650392163701,267.4169006347656
CL.ML,286.8605651855469,282.31717079564146,272.0610046386719
CL.NB,286.5473937988281,282.1622848510742,272.5713195800781
CL.RM,286.8901672363281,280.65750558035717,268.0386657714844
CL.TA,291.3674011230469,285.7869189453125,274.3503723144531
CL.VS,293.7300109863281,286.0315792686061,265.6298522949219
