HASC_1,Max,Mean,Min
CL.AI,290.5491638183594,285.8489652934827,276.7274475097656
CL.AN,295.0105895996094,289.16856643388854,276.1158752441406
CL.AR,295.8211364746094,291.77759857177733,286.0340270996094
CL.AP,295.81884765625,290.05210367838544,281.6354064941406
CL.AT,293.0389099121094,287.95151947765817,275.5065612792969
CL.BI,297.7433166503906,291.4121878487723,286.2999572753906
CL.CO,293.0187072753906,290.03482719089675,280.6498718261719
CL.LI,295.9415588378906,291.3264439900716,287.1092224121094
CL.LL,293.9962463378906,288.94487882915297,285.9114685058594
CL.LR,295.8211364746094,291.90995134626115,286.0340270996094
CL.MA,285.75146484375,282.6944095387178,275.755859375
CL.ML,296.67041015625,291.4971554404811,286.0968322753906
CL.NB,297.7433166503906,293.22544860839844,286.0968322753906
CL.RM,296.2442932128906,291.04144505092074,285.35302734375
CL.TA,295.2052307128906,290.7453979492187,280.9639587402344
CL.VS,297.3194885253906,292.1359750848067,282.3692932128906
