HASC_1,Max,Mean,Min
HU.BK,277.7672119140625,277.4770263671875,277.13043212890625
HU.BA,277.4890441894531,277.1521250406901,276.77642822265625
HU.BE,277.5870666503906,277.22563552856445,276.7539367675781
HU.BZ,276.5749206542969,274.96375528971356,273.5856018066406
HU.BU,277.6284484863281,276.94715881347656,276.265869140625
HU.CS,277.7298278808594,277.50380249023436,277.1777038574219
HU.FE,277.7672119140625,277.2732340494792,276.2745361328125
HU.GS,277.3481140136719,276.8008335658482,274.96820068359375
HU.HB,277.1976623535156,276.4159458705357,275.4256591796875
HU.HE,277.4288330078125,276.0614878336589,274.7415466308594
HU.JN,277.5870666503906,277.0483589172363,276.25665283203125
HU.KE,277.2892150878906,276.835546875,276.265869140625
HU.NO,276.265869140625,275.5472900390625,274.7415466308594
HU.PE,277.7672119140625,277.0217840021307,275.4638366699219
HU.SO,277.9534606933594,277.3074384416853,276.77642822265625
HU.SZ,276.5749206542969,275.4406967163086,274.2084655761719
HU.TO,277.7672119140625,277.3431905110677,277.13043212890625
HU.VA,277.3481140136719,277.06219482421875,276.5447082519531
HU.VE,277.4028625488281,277.32416280110675,277.2771301269531
HU.ZA,277.3481140136719,277.2071533203125,276.9205017089844
