HASC_1,Max,Mean,Min
HU.BK,299.9597473144531,299.1395568847656,297.9414978027344
HU.BA,299.16546630859375,297.9620717366536,296.5193176269531
HU.BE,300.5157165527344,300.1561088562012,299.93304443359375
HU.BZ,299.5196228027344,297.98599921332465,296.81585693359375
HU.BU,299.38616943359375,299.31651306152344,299.2468566894531
HU.CS,300.2149353027344,299.9077880859375,299.6784973144531
HU.FE,299.2468566894531,298.6772969563802,298.0710754394531
HU.GS,299.7325134277344,298.22601318359375,296.1257629394531
HU.HB,300.5157165527344,299.74014718191967,299.13421630859375
HU.HE,299.5196228027344,298.9209950764974,297.66741943359375
HU.JN,300.42523193359375,299.5757026672363,299.02093505859375
HU.KE,299.38616943359375,298.91962890625,298.4043884277344
HU.NO,299.38616943359375,298.8105163574219,297.66741943359375
HU.PE,299.9597473144531,299.20068359375,298.6277160644531
HU.SO,298.0710754394531,297.32576642717635,296.4668884277344
HU.SZ,299.25726318359375,298.69956970214844,297.7038879394531
HU.TO,299.16546630859375,298.2425079345703,297.6042785644531
HU.VA,298.0359191894531,296.95616455078124,295.4236145019531
HU.VE,298.7403259277344,298.14007568359375,297.5437316894531
HU.ZA,298.0359191894531,297.1125427246094,296.3409118652344
