HASC_1,Max,Mean,Min
HU.BK,296.2372741699219,294.3048400878906,293.2607116699219
HU.BA,296.2372741699219,294.6954294840495,293.6897277832031
HU.BE,295.9950866699219,295.23807525634766,294.3518371582031
HU.BZ,294.1168212890625,292.11739773220484,289.4582824707031
HU.BU,293.2607116699219,292.6630554199219,292.0653991699219
HU.CS,295.9950866699219,295.1820556640625,294.1744384765625
HU.FE,293.4084777832031,292.5912679036458,291.7203369140625
HU.GS,292.1604309082031,291.5938023158482,289.7561340332031
HU.HB,295.3108215332031,294.6031014578683,294.1168212890625
HU.HE,294.1168212890625,292.5265401204427,290.9045715332031
HU.JN,294.9742431640625,293.8389434814453,292.3196105957031
HU.KE,292.3629150390625,292.03297119140626,291.7203369140625
HU.NO,292.3196105957031,291.4066650390625,290.7841491699219
HU.PE,294.6780090332031,292.89626520330256,290.7841491699219
HU.SO,294.0950012207031,293.400626046317,292.7525634765625
HU.SZ,294.4843444824219,293.86230850219727,291.7864074707031
HU.TO,294.8332824707031,293.6772003173828,292.7525634765625
HU.VA,292.7779541015625,292.2866149902344,291.8892822265625
HU.VE,292.9039306640625,292.50006612141925,292.0426025390625
HU.ZA,293.5728759765625,292.8633728027344,292.1604309082031
