HASC_1,Max,Mean,Min
HU.BK,271.746337890625,271.17225036621096,270.6571960449219
HU.BA,271.471435546875,270.95644124348956,270.468505859375
HU.BE,271.9865417480469,271.3059539794922,270.2070617675781
HU.BZ,270.6706237792969,269.2601894802517,267.7967834472656
HU.BU,270.6571960449219,270.0373229980469,269.4174499511719
HU.CS,271.9865417480469,271.56727294921876,270.9696044921875
HU.FE,271.0285949707031,270.0412851969401,269.2207946777344
HU.GS,272.120849609375,271.1536167689732,269.2207946777344
HU.HB,271.6562194824219,270.4166259765625,269.5901184082031
HU.HE,271.274658203125,270.1499989827474,269.1993713378906
HU.JN,271.8878173828125,271.1006202697754,269.9937438964844
HU.KE,271.1210021972656,269.77808837890626,269.2207946777344
HU.NO,269.9937438964844,269.3290222167969,268.7748718261719
HU.PE,271.746337890625,270.3697537508878,268.7748718261719
HU.SO,271.6216125488281,270.6822509765625,270.1365661621094
HU.SZ,270.5019226074219,269.6365661621094,269.1871032714844
HU.TO,271.1473083496094,270.68773396809894,270.1365661621094
HU.VA,272.337890625,271.1847778320313,270.501220703125
HU.VE,270.6363220214844,270.057367960612,269.2207946777344
HU.ZA,271.1542663574219,270.87843627929686,270.501220703125
