HASC_1,Max,Mean,Min
HU.BK,286.2980041503906,285.52061767578124,284.90771484375
HU.BA,286.2980041503906,285.3155873616536,284.18603515625
HU.BE,285.9959411621094,285.50806045532227,285.0172424316406
HU.BZ,284.802734375,283.6263732910156,282.3844299316406
HU.BU,284.90771484375,284.42919921875,283.95068359375
HU.CS,285.7967224121094,285.5158203125,285.3113708496094
HU.FE,285.3473205566406,284.129389444987,283.1080627441406
HU.GS,283.44482421875,282.85799734933033,282.46533203125
HU.HB,285.5335388183594,285.0323181152344,284.6319885253906
HU.HE,285.6512145996094,284.3507792154948,283.35986328125
HU.JN,285.6512145996094,285.1436996459961,284.2822265625
HU.KE,283.95068359375,283.35875244140624,282.5890197753906
HU.NO,284.2822265625,283.6646484375,283.35986328125
HU.PE,285.6512145996094,284.635459206321,283.32177734375
HU.SO,284.35986328125,283.7586669921875,282.8121643066406
HU.SZ,284.974609375,284.37210845947266,283.5006408691406
HU.TO,285.9093322753906,284.7682749430339,283.4640197753906
HU.VA,283.44482421875,283.0066345214844,282.46533203125
HU.VE,284.2672424316406,283.32350667317706,282.46533203125
HU.ZA,283.3076171875,282.85618286132814,282.46533203125
