HASC_1,Max,Mean,Min
HU.BK,291.0860595703125,290.39100952148436,289.6791687011719
HU.BA,290.6583251953125,289.8109995524089,288.7729187011719
HU.BE,292.1413879394531,291.57559967041016,291.0502624511719
HU.BZ,292.0945129394531,291.2231750488281,290.4063720703125
HU.BU,289.8178405761719,289.4851531982422,289.1524658203125
HU.CS,291.6192626953125,290.98540649414065,290.5274658203125
HU.FE,289.8634033203125,289.4268798828125,288.6384582519531
HU.GS,289.4278564453125,288.4509713309152,286.2999267578125
HU.HB,292.7071533203125,292.0585283551897,291.6775207519531
HU.HE,291.6775207519531,290.9493916829427,290.3708801269531
HU.JN,291.8757629394531,291.17797470092773,290.3679504394531
HU.KE,289.4259033203125,289.0693298339844,288.6384582519531
HU.NO,290.6039733886719,290.0402893066406,289.1524658203125
HU.PE,291.0860595703125,289.98751553622157,288.6384582519531
HU.SO,289.9122314453125,289.3905116489955,288.7729187011719
HU.SZ,292.7071533203125,291.9117012023926,291.0033874511719
HU.TO,290.2709655761719,289.8173421223958,289.5310363769531
HU.VA,289.7286376953125,288.87147827148436,287.7162780761719
HU.VE,289.9122314453125,289.5517171223958,289.2846374511719
HU.ZA,289.7286376953125,289.2121643066406,288.6641845703125
