HASC_1,Max,Mean,Min
HU.BK,295.6925048828125,295.16688537597656,294.2351379394531
HU.BA,295.1280517578125,294.57569376627606,293.8601379394531
HU.BE,295.4272155761719,295.0508613586426,294.6931457519531
HU.BZ,295.3774108886719,293.3693372938368,291.8640441894531
HU.BU,295.0160827636719,294.5579071044922,294.0997314453125
HU.CS,295.6925048828125,295.3841064453125,295.0981140136719
HU.FE,295.0160827636719,294.35651143391925,293.7605285644531
HU.GS,294.0867004394531,293.61209542410717,291.6423645019531
HU.HB,295.3741455078125,294.6011744907924,293.5961608886719
HU.HE,295.5688171386719,294.596430460612,293.3575439453125
HU.JN,295.5688171386719,295.2382469177246,294.6332702636719
HU.KE,294.2803955078125,294.0190002441406,293.7605285644531
HU.NO,294.6332702636719,293.6608032226562,292.7930908203125
HU.PE,295.6925048828125,294.6619956276634,292.7930908203125
HU.SO,294.8454895019531,294.5284859793527,293.8601379394531
HU.SZ,295.2211608886719,293.8121795654297,292.9985046386719
HU.TO,295.1221923828125,294.6426951090495,294.2351379394531
HU.VA,294.5235595703125,294.0650939941406,293.6137390136719
HU.VE,294.5522155761719,294.2761637369792,293.8676452636719
HU.ZA,294.8454895019531,294.4901550292969,294.0857238769531
