HASC_1,Max,Mean,Min
DK.HS,295.1347961425781,294.2782806396484,293.6250305175781
DK.MJ,293.93426513671875,292.644187525699,291.92974853515625
DK.ND,294.15496826171875,292.8683853149414,291.98443603515625
DK.SL,294.5957336425781,293.7955373128255,293.3489685058594
DK.SD,293.64129638671875,293.02420806884766,292.29364013671875
