HASC_1,Max,Mean,Min
DK.HS,279.1086120605469,278.3815216064453,277.9154357910156
DK.MJ,280.71978759765625,278.1080386513158,276.4545593261719
DK.ND,279.8402404785156,278.3197326660156,276.51397705078125
DK.SL,278.9374084472656,278.15869140625,277.8099670410156
DK.SD,280.3888854980469,277.903507232666,276.35894775390625
