HASC_1,Max,Mean,Min
DK.HS,289.26409912109375,287.8584381103516,286.5557556152344
DK.MJ,288.5381774902344,286.6331706799959,284.9450988769531
DK.ND,287.52288818359375,286.6561915079753,285.0290832519531
DK.SL,289.2911071777344,288.2337188720703,287.0544738769531
DK.SD,289.2911071777344,287.7652530670166,286.0596618652344
