HASC_1,Max,Mean,Min
DK.HS,290.0693054199219,289.4166595458984,288.4657897949219
DK.MJ,289.5992431640625,288.2553196957237,286.7750244140625
DK.ND,288.4570007324219,287.8775380452474,287.0826416015625
DK.SL,290.5207824707031,290.0394337972005,289.4560241699219
DK.SD,290.0758056640625,289.1457328796387,287.5416259765625
