HASC_1,Max,Mean,Min
DK.HS,293.5820007324219,291.5625915527344,290.3274230957031
DK.MJ,290.6249694824219,289.42137065686677,288.1090087890625
DK.ND,289.9944152832031,289.1815185546875,288.1090087890625
DK.SL,291.9218444824219,290.9358317057292,289.9967041015625
DK.SD,290.9439697265625,289.9098320007324,288.8931884765625
