HASC_1,Max,Mean,Min
DK.HS,292.7483825683594,292.2466339111328,291.91864013671875
DK.MJ,292.8733825683594,291.4658572548314,289.71063232421875
DK.ND,292.1741638183594,291.3114929199219,290.0117492675781
DK.SL,293.0576477050781,292.57336680094403,292.0384216308594
DK.SD,293.1731872558594,292.23679542541504,290.20184326171875
