HASC_1,Max,Mean,Min
DK.HS,278.7276916503906,277.9900360107422,277.65655517578125
DK.MJ,279.1225280761719,278.7981390702097,278.3775939941406
DK.ND,279.49591064453125,279.17066446940106,278.74932861328125
DK.SL,278.75421142578125,278.4689458211263,278.0089416503906
DK.SD,279.0204772949219,278.6804084777832,278.38702392578125
