HASC_1,Max,Mean,Min
IN.AN,2667095233921024.0,354428546088761.4,0.0
IN.AP,6602646781689856.0,528388588733001.94,0.0
IN.AR,4652437424046080.0,1748976310273820.5,0.0
IN.AS,5367104412844032.0,1367488981271741.8,0.0
IN.BR,6243524701847552.0,199499140937435.44,0.0
IN.CH,0,0,0
IN.CT,0.0,0.0,0.0
IN.DN,5102210157379584.0,4516984490295296.0,4189109237055488.0
IN.DD,4576275842727936.0,453768499487630.25,0.0
IN.GA,3479069807083520.0,1818593520831692.8,0.0
IN.GJ,7235749120311296.0,2465766587357341.5,0.0
IN.HR,1.1175373907689472e+16,1342260479958974.5,0.0
IN.HP,0.0,0.0,0.0
IN.JK,8310479323660288.0,483556210606965.6,0.0
IN.JH,0.0,0.0,0.0
IN.KA,8510703719677952.0,1910241568410631.8,0.0
IN.KL,5454679869751296.0,1307775369651234.2,0.0
IN.LD,2186379408703488.0,230170333726343.84,0.0
IN.MP,9000126517346304.0,1424563733206368.0,0.0
IN.MH,1.0055830552444928e+16,2060751846070345.5,0.0
IN.MN,3583818422288384.0,1893513544917902.2,0.0
IN.ML,4408845401063424.0,2579987205738181.0,0.0
IN.MZ,3506259902857216.0,2395995242845525.5,0.0
IN.NL,3768363771756544.0,1584318461538759.0,0.0
IN.DL,0.0,0.0,0.0
IN.OR,0.0,0.0,0.0
IN.PY,3679777655357440.0,31363261649427.875,0.0
IN.PB,1.1175373907689472e+16,1954148183543481.8,0.0
IN.RJ,9097532080652288.0,1783533371706521.5,0.0
IN.SK,6486312223768576.0,3008310185820160.0,0.0
IN.TN,7018242849636352.0,1737884056280454.8,0.0
IN.TG,5957615708274688.0,1407719995007119.8,0.0
IN.TR,7692131271442432.0,2576937047643477.5,0.0
IN.UP,0.0,0.0,0.0
IN.UT,0.0,0.0,0.0
IN.WB,7110255007760384.0,1392467543248634.5,0.0
