HASC_1,Max,Mean,Min
IN.AN,2546314311106560.0,382366302529722.2,0.0
IN.AP,4655110504316928.0,424443108688998.8,0.0
IN.AR,5982130844729344.0,1905585312934570.8,0.0
IN.AS,6522966548414464.0,1538449368445383.0,0.0
IN.BR,8628244626538496.0,227741331133001.16,0.0
IN.CH,0,0,0
IN.CT,0.0,0.0,0.0
IN.DN,4448797992157184.0,3722112946667520.0,3249923101294592.0
IN.DD,4464333425737728.0,455964763823217.75,0.0
IN.GA,2543840409944064.0,1224937363105382.5,0.0
IN.GJ,9846184608792576.0,3057627249954103.0,0.0
IN.HR,8656297742303232.0,1291266229221838.5,0.0
IN.HP,0.0,0.0,0.0
IN.JK,7004395338203136.0,571964057750112.9,0.0
IN.JH,0.0,0.0,0.0
IN.KA,7583116411535360.0,1467409331680125.0,0.0
IN.KL,4602845584162816.0,1185392568207036.8,0.0
IN.LD,2151700769013760.0,231072845229494.84,0.0
IN.MP,1.0010416641998848e+16,1349203211112137.8,0.0
IN.MH,7043057023188992.0,1445114752141370.2,0.0
IN.MN,3835140581097472.0,2002196562677305.0,0.0
IN.ML,5957138430033920.0,2787678911739011.5,0.0
IN.MZ,4588690445697024.0,2434248140897211.5,0.0
IN.NL,4800202552639488.0,2119646363662563.5,0.0
IN.DL,0.0,0.0,0.0
IN.OR,0.0,0.0,0.0
IN.PY,3503484280242176.0,26259457448284.188,0.0
IN.PB,1.7212767559745536e+16,3417676884155763.5,0.0
IN.RJ,1.0010416641998848e+16,2099780914480003.5,0.0
IN.SK,5488817343561728.0,3196659728751001.5,0.0
IN.TN,8588413636706304.0,1328979396762728.8,0.0
IN.TG,5598678848897024.0,896270500240114.5,0.0
IN.TR,8840607137005568.0,2953512454105770.5,0.0
IN.UP,0.0,0.0,0.0
IN.UT,0.0,0.0,0.0
IN.WB,1.0428576805421056e+16,1618007841531773.2,0.0
