HASC_1,Max,Mean,Min
IN.AN,3088941284589568.0,427440813149885.3,0.0
IN.AP,5878682262437888.0,874216345152875.4,0.0
IN.AR,5024063227428864.0,1650269487453525.2,0.0
IN.AS,6155006499618816.0,1306862809262813.5,0.0
IN.BR,8205047003348992.0,2036505584324160.2,0.0
IN.CH,1.2332866520219648e+16,9612177342201856.0,7140156033204224.0
IN.CT,7560324093837312.0,479904550561221.25,0.0
IN.DN,2259808853950464.0,2093961174843392.0,1801367266000896.0
IN.DD,2965894498091008.0,287227623098140.44,0.0
IN.GA,3033739143675904.0,1591550369228390.5,0.0
IN.GJ,6386281898573824.0,2251642463504657.5,0.0
IN.HR,1.6060683384782848e+16,3329734407768356.5,0.0
IN.HP,1.3349594800848896e+16,2878005244929170.5,0.0
IN.JK,6557714981322752.0,1526249934633747.8,0.0
IN.JH,8845405152346112.0,2144191390760731.5,0.0
IN.KA,4759676314976256.0,1703156584029900.0,0.0
IN.KL,4069726862966784.0,1118850319116160.6,0.0
IN.LD,2634401405992960.0,344114528694689.94,0.0
IN.MP,7084079329574912.0,1817741755209814.5,0.0
IN.MH,1.1780833299922944e+16,2034259750739877.2,0.0
IN.MN,4534623249891328.0,2288554333729223.0,0.0
IN.ML,6155006499618816.0,2847898362553370.5,0.0
IN.MZ,4341755595980800.0,2453411253732420.5,0.0
IN.NL,4574358676701184.0,1818566289173162.8,0.0
IN.DL,1.3399532385599488e+16,8294059604035356.0,0.0
IN.OR,7280733534027776.0,715080094812203.6,0.0
IN.PY,4167079007617024.0,37711615365235.15,0.0
IN.PB,1.6827516509487104e+16,3699525773619030.5,0.0
IN.RJ,5913346943483904.0,1930730954957672.8,0.0
IN.SK,3778349033848832.0,2813924851528499.0,0.0
IN.TN,1.1948970532143104e+16,1713186192743072.8,0.0
IN.TG,8280538569768960.0,2434152393718479.5,0.0
IN.TR,6110905775423488.0,2579355080676693.5,0.0
IN.UP,1.3520040577990656e+16,1090097721394653.1,0.0
IN.UT,7601117156343808.0,644410290276857.4,0.0
IN.WB,1.2317624755027968e+16,1983142731498425.0,0.0
