HASC_1,Max,Mean,Min
IN.AN,2704388434952192.0,388966532920512.4,0.0
IN.AP,6151115796119552.0,1139290657940378.8,0.0
IN.AR,0.0,0.0,0.0
IN.AS,4504976701259776.0,217818415256528.62,0.0
IN.BR,1.0262801805213696e+16,2878241368745418.5,0.0
IN.CH,5959583877038080.0,5042759018741760.0,4052906965729280.0
IN.CT,1.067410505334784e+16,2572166552099393.5,0.0
IN.DN,0,0,0
IN.DD,0.0,0.0,0.0
IN.GA,3936347190460416.0,492043398807552.0,0.0
IN.GJ,0.0,0.0,0.0
IN.HR,6604497912594432.0,1559966637574987.2,0.0
IN.HP,5959583877038080.0,2045796589318099.0,0.0
IN.JK,3009821544546304.0,1519688514096247.8,0.0
IN.JH,1.2713055951519744e+16,3385634281727533.0,0.0
IN.KA,6707445594324992.0,1948213867554213.8,0.0
IN.KL,4780345845088256.0,1207701386608802.2,0.0
IN.LD,0.0,0.0,0.0
IN.MP,1.2886271982567424e+16,2559973157359622.5,0.0
IN.MH,8849263106719744.0,1847449304009419.5,0.0
IN.MN,0.0,0.0,0.0
IN.ML,6115764457177088.0,1792909616401612.8,0.0
IN.MZ,0.0,0.0,0.0
IN.NL,0.0,0.0,0.0
IN.DL,6455219881771008.0,5200663752358116.0,0.0
IN.OR,9859628930170880.0,2441174966620651.5,0.0
IN.PY,4471175308640256.0,34212290401467.8,0.0
IN.PB,5959583877038080.0,1205927917425225.2,0.0
IN.RJ,4736570464665600.0,195355153365637.47,0.0
IN.SK,5715833208700928.0,2984196125491200.0,0.0
IN.TN,5747915003789312.0,1821892302635172.8,0.0
IN.TG,8347019294801920.0,2621477390721294.5,0.0
IN.TR,6404590270414848.0,979279060242610.1,0.0
IN.UP,1.1727516649652224e+16,2681833113369939.0,0.0
IN.UT,5619003707883520.0,2214431992816890.2,0.0
IN.WB,1.1776415926059008e+16,2470965346045208.0,0.0
