HASC_1,Max,Mean,Min
IN.AN,3379880758607872.0,59468333527764.56,0.0
IN.AP,4876308836253696.0,913881663878859.5,0.0
IN.AR,5182120708276224.0,1794407868020963.5,0.0
IN.AS,9856598830743552.0,1283189953464439.8,0.0
IN.BR,6136391037616128.0,1426218772893603.2,0.0
IN.CH,5632842629382144.0,5288837223809024.0,4978306793340928.0
IN.CT,1.2946401524711424e+16,2256329392135842.0,0.0
IN.DN,3040589616513024.0,2930817969946624.0,2759800760827904.0
IN.DD,3416647557709824.0,350784325448135.1,0.0
IN.GA,2561538091122688.0,1498839064248320.0,0.0
IN.GJ,6461676828229632.0,2612641012151826.0,0.0
IN.HR,6928367974612992.0,2692526231064492.5,0.0
IN.HP,6134883504095232.0,2470648122997703.5,0.0
IN.JK,6329256544043008.0,2263851779527241.0,0.0
IN.JH,6836458895704064.0,1673794831700119.8,0.0
IN.KA,3781298871074816.0,1422361413804340.0,0.0
IN.KL,4144426007920640.0,1032773195714618.8,0.0
IN.LD,2844573214703616.0,296284296577024.0,0.0
IN.MP,1.2946401524711424e+16,2457110490935751.0,0.0
IN.MH,5689716049444864.0,1675222993345221.5,0.0
IN.MN,5083955472629760.0,2345077032870136.0,0.0
IN.ML,5496306155913216.0,1890183703841060.5,0.0
IN.MZ,8019407242526720.0,2635068888650001.0,0.0
IN.NL,6028888006197248.0,2163320480910540.8,0.0
IN.DL,6928367974612992.0,5280091059781632.0,0.0
IN.OR,9644972907167744.0,1832307510014584.2,0.0
IN.PY,4305205692727296.0,42673087624598.87,0.0
IN.PB,7621751789846528.0,3131389431168733.0,0.0
IN.RJ,6909608631205888.0,2701988466222890.0,0.0
IN.SK,0.0,0.0,0.0
IN.TN,5212796438446080.0,1703797900194833.2,0.0
IN.TG,4670527826296832.0,1544913517588407.2,0.0
IN.TR,9856598830743552.0,2548740198927267.0,0.0
IN.UP,1.2946401524711424e+16,2368331029522253.5,0.0
IN.UT,6678419131596800.0,2677653607948834.0,0.0
IN.WB,5093715785809920.0,41884559601997.164,0.0
