HASC_1,Max,Mean,Min
IN.AN,2933263752495104.0,357700626657900.6,0.0
IN.AP,4144885569421312.0,290478614878066.56,0.0
IN.AR,5587914587111424.0,780944756316914.5,0.0
IN.AS,6914125863059456.0,1380228294702064.0,0.0
IN.BR,1.45485037830144e+16,3219432052161936.0,0.0
IN.CH,0,0,0
IN.CT,6393722929414144.0,2006218295857884.5,0.0
IN.DN,0,0,0
IN.DD,0.0,0.0,0.0
IN.GA,0.0,0.0,0.0
IN.GJ,1.0488693462663168e+16,1126325757928531.0,0.0
IN.HR,0.0,0.0,0.0
IN.HP,2101122563047424.0,264929009140563.12,0.0
IN.JK,2197369424707584.0,775587823758987.6,0.0
IN.JH,1.824220572234547e+16,4150502952438356.5,0.0
IN.KA,0.0,0.0,0.0
IN.KL,0.0,0.0,0.0
IN.LD,3737424437968896.0,227175111555695.3,0.0
IN.MP,8327301636816896.0,1163200905660616.8,0.0
IN.MH,0.0,0.0,0.0
IN.MN,5421848602869760.0,1841522613865182.2,0.0
IN.ML,6430165726920704.0,3114809211849176.5,0.0
IN.MZ,4188424726642688.0,1825216544671880.5,0.0
IN.NL,5421848602869760.0,852885270051043.5,0.0
IN.DL,0.0,0.0,0.0
IN.OR,6060996644831232.0,2123561221641689.8,0.0
IN.PY,3908965431771136.0,14571511161648.992,0.0
IN.PB,0.0,0.0,0.0
IN.RJ,0.0,0.0,0.0
IN.SK,4608441389678592.0,2840443180862669.0,0.0
IN.TN,0.0,0.0,0.0
IN.TG,2191499412373504.0,15010269947763.727,0.0
IN.TR,7040863368642560.0,2521078184979114.5,0.0
IN.UP,7924733278420992.0,1703950355081161.2,0.0
IN.UT,1.0630499324133376e+16,1694413214662933.8,0.0
IN.WB,2.4733357300514816e+16,3445123159301662.0,0.0
