HASC_1,Max,Mean,Min
IN.AN,3708004985733120.0,296810918937295.06,0.0
IN.AP,6871972906532864.0,1294957770004093.5,0.0
IN.AR,4594165455257600.0,1790423908267407.5,0.0
IN.AS,5707326489100288.0,1230112005276240.2,0.0
IN.BR,7273237742354432.0,435981248732962.6,0.0
IN.CH,8486115568779264.0,7483186883854336.0,7013772325552128.0
IN.CT,1.2191104682164224e+16,2302455891458135.5,0.0
IN.DN,3748486663110656.0,3492794979057664.0,3246598259736576.0
IN.DD,3665625738117120.0,384012444325205.3,0.0
IN.GA,3487611960164352.0,1785625244493414.5,0.0
IN.GJ,5559624711274496.0,2823350782056790.5,0.0
IN.HR,9445338532282368.0,3371030626515320.0,0.0
IN.HP,1.5041257864691712e+16,3288613936601065.5,0.0
IN.JK,7290649002901504.0,2259828977022683.5,0.0
IN.JH,4449580749946880.0,659599120721553.8,0.0
IN.KA,5448693222211584.0,2000006313499255.2,0.0
IN.KL,3982703577792512.0,1032948762777884.1,0.0
IN.LD,2686189584777216.0,314973993223815.8,0.0
IN.MP,3.1725480306540544e+16,2740340196589815.0,0.0
IN.MH,6811425678819328.0,2058653833875750.5,0.0
IN.MN,3993403683504128.0,2047761828005244.2,0.0
IN.ML,5254173616504832.0,2554041828792511.0,0.0
IN.MZ,4758456007393280.0,2364791429077273.0,0.0
IN.NL,3458371285942272.0,1593362583329905.8,0.0
IN.DL,7111316401553408.0,5861730503739164.0,0.0
IN.OR,7948978905677824.0,1566010949519698.8,0.0
IN.PY,5187974748700672.0,51531318265118.72,0.0
IN.PB,1.0813252330061824e+16,4600057327609214.0,0.0
IN.RJ,9445338532282368.0,2877667566344476.5,0.0
IN.SK,1922350320713728.0,1190936672818517.2,0.0
IN.TN,6871972906532864.0,1932209331256790.0,0.0
IN.TG,6054649220038656.0,2481112694443213.0,0.0
IN.TR,3825334902325248.0,1780284082443605.2,0.0
IN.UP,3.1725480306540544e+16,2686104175740255.5,0.0
IN.UT,1.0040515772809216e+16,3203552217702218.0,0.0
IN.WB,3793927953973248.0,69366188397703.24,0.0
