HASC_1,Max,Mean,Min
IN.AN,4242895112503296.0,417771285704266.06,0.0
IN.AP,5755270135283712.0,1181265791840417.0,0.0
IN.AR,4371177195700224.0,1136765320768170.8,0.0
IN.AS,4915640536137728.0,132883082530830.89,0.0
IN.BR,1.0323322189381632e+16,3201989768145734.5,0.0
IN.CH,9296751991193600.0,8522356905476096.0,7457888586956800.0
IN.CT,1.2184686927282176e+16,3130607502676493.0,0.0
IN.DN,5199979719163904.0,4623015891435520.0,4258174727094272.0
IN.DD,4258174727094272.0,250480866299663.06,0.0
IN.GA,3381301855911936.0,1990170256814899.2,0.0
IN.GJ,7451627061510144.0,2462329690209766.0,0.0
IN.HR,1.1988583015514112e+16,4528333459286810.0,0.0
IN.HP,1.2630827728896e+16,4148240185191142.5,0.0
IN.JK,8755760594944000.0,2819677100429117.0,0.0
IN.JH,1.402203206057984e+16,3623061233303207.0,0.0
IN.KA,5809858095874048.0,1963174446814743.2,0.0
IN.KL,4942685408329728.0,1209502637112688.8,0.0
IN.LD,0.0,0.0,0.0
IN.MP,1.1521465593626624e+16,3388250130202105.5,0.0
IN.MH,7844903795032064.0,2358603500486656.0,0.0
IN.MN,0.0,0.0,0.0
IN.ML,4915640536137728.0,531945937013208.6,0.0
IN.MZ,0.0,0.0,0.0
IN.NL,0.0,0.0,0.0
IN.DL,1.059983433138176e+16,8342045484063858.0,0.0
IN.OR,1.248667252031488e+16,2854077671044808.5,0.0
IN.PY,5069669337661440.0,42932929768194.05,0.0
IN.PB,1.1852319809339392e+16,5213121327943365.0,0.0
IN.RJ,8557166139015168.0,2764943962905949.0,0.0
IN.SK,5818567752679424.0,3546425846451405.0,0.0
IN.TN,6717751905222656.0,1857544430714386.0,0.0
IN.TG,7805362715492352.0,2700755902805558.0,0.0
IN.TR,0.0,0.0,0.0
IN.UP,1.2184686927282176e+16,3369248037572074.5,0.0
IN.UT,1.07297141424128e+16,3985105861866655.5,0.0
IN.WB,1.4686295997546496e+16,2750552037322299.0,0.0
