HASC_1,Max,Mean,Min
IN.AN,2885865567158272.0,395499789885191.75,0.0
IN.AP,5497166223114240.0,677294756340700.1,0.0
IN.AR,5836639364448256.0,1978606081510969.0,0.0
IN.AS,5836639364448256.0,1481450705222466.2,0.0
IN.BR,9182384528293888.0,2845780191463963.0,0.0
IN.CH,0,0,0
IN.CT,6348042194124800.0,261051941703524.47,0.0
IN.DN,3097760999931904.0,2993284846714880.0,2847493524029440.0
IN.DD,3009480094646272.0,310647557805397.3,0.0
IN.GA,3160271564570624.0,1734367185469440.0,0.0
IN.GJ,7215450567999488.0,2285467533870250.0,0.0
IN.HR,6064755278086144.0,1720565385497048.5,0.0
IN.HP,6874336212287488.0,431601919750599.1,0.0
IN.JK,8142457518686208.0,1448264792903858.0,0.0
IN.JH,8944826129055744.0,2666417323846957.0,0.0
IN.KA,4605237880946688.0,1738971882374228.8,0.0
IN.KL,5138195540869120.0,1243460534397427.8,0.0
IN.LD,2899710662672384.0,329780341040608.6,0.0
IN.MP,1.1830924429754368e+16,1815802122483939.5,0.0
IN.MH,1.888836637215949e+16,1715181674435005.2,0.0
IN.MN,5561295990423552.0,1988225692103111.0,0.0
IN.ML,5895616781615104.0,2703922468856858.5,0.0
IN.MZ,4221833666625536.0,2157226913291741.8,0.0
IN.NL,4838879270010880.0,2025390858742442.8,0.0
IN.DL,0.0,0.0,0.0
IN.OR,8132585536356352.0,1380132426381927.0,0.0
IN.PY,3994996042629120.0,30203381780375.816,0.0
IN.PB,7606300108128256.0,2729033999039535.5,0.0
IN.RJ,9850949875007488.0,2212979074203461.8,0.0
IN.SK,3632273438015488.0,2957811906510848.0,0.0
IN.TN,5353158654033920.0,1507381650686270.2,0.0
IN.TG,6539475328958464.0,1868555464274161.0,0.0
IN.TR,4706700577734656.0,2150543689165482.8,0.0
IN.UP,7949071784345600.0,398089965167767.44,0.0
IN.UT,0.0,0.0,0.0
IN.WB,6405069696139264.0,1680278685509983.2,0.0
