HASC_1,Max,Mean,Min
IN.AN,3262126445559808.0,367195780975223.1,0.0
IN.AP,8705182523195392.0,1581047332002396.5,0.0
IN.AR,0.0,0.0,0.0
IN.AS,0.0,0.0,0.0
IN.BR,1.078566682886144e+16,3272934422698549.5,0.0
IN.CH,5781363672219648.0,5002481754963968.0,4237484259016704.0
IN.CT,1.3447160351686656e+16,3047465464530856.5,0.0
IN.DN,0,0,0
IN.DD,0.0,0.0,0.0
IN.GA,5059872517259264.0,2735367430078464.0,0.0
IN.GJ,0.0,0.0,0.0
IN.HR,8070342870302720.0,2545261245951913.0,0.0
IN.HP,1.250828157452288e+16,3415975342968337.0,0.0
IN.JK,1.3488771068592128e+16,2647195662580199.5,0.0
IN.JH,1.2104591155920896e+16,3252521380377337.5,0.0
IN.KA,7797624258166784.0,2473674006261487.0,0.0
IN.KL,5866053447974912.0,1465983024800727.0,0.0
IN.LD,0.0,0.0,0.0
IN.MP,7574079263473664.0,2552849192969421.5,0.0
IN.MH,8083193949323264.0,1909836948884851.8,0.0
IN.MN,0.0,0.0,0.0
IN.ML,0.0,0.0,0.0
IN.MZ,0.0,0.0,0.0
IN.NL,0.0,0.0,0.0
IN.DL,8070342870302720.0,5742282512094549.0,0.0
IN.OR,1.874089867005133e+16,3550795726030110.5,0.0
IN.PY,4606954794123264.0,54362306945657.516,0.0
IN.PB,1.3416614544277504e+16,3302472135975656.5,0.0
IN.RJ,6482419372785664.0,920976055748298.5,0.0
IN.SK,4738761434857472.0,2732894607820012.5,0.0
IN.TN,6116525740130304.0,1990278223106562.5,0.0
IN.TG,7675705705889792.0,3190980244403188.0,0.0
IN.TR,0.0,0.0,0.0
IN.UP,1.2104591155920896e+16,2537351289716090.0,0.0
IN.UT,9072612680400896.0,2531144729124119.5,0.0
IN.WB,1.6445801291055104e+16,3061681790355335.5,0.0
