HASC_1,Max,Mean,Min
IN.AN,0.0,0.0,0.0
IN.AP,1.1302595133964288e+16,1069849199424770.6,0.0
IN.AR,6197377425735680.0,1143131983740199.8,0.0
IN.AS,5230329031819264.0,119345594454410.42,0.0
IN.BR,1.520621896859648e+16,1541281844730707.5,0.0
IN.CH,8825909758918656.0,6871692794134528.0,5745750877143040.0
IN.CT,2.9206984498610176e+16,2631793580488651.5,0.0
IN.DN,4811014059065344.0,4440171818778624.0,3925976991924224.0
IN.DD,4671173145133056.0,274774890890179.75,0.0
IN.GA,3591497286942720.0,1895280027684044.8,0.0
IN.GJ,5775460776542208.0,2482916666400390.0,0.0
IN.HR,1.5919507809763328e+16,3353493343739068.0,0.0
IN.HP,1.3053662964219904e+16,2486318058850596.5,0.0
IN.JK,6751809385267200.0,1696078179972827.5,0.0
IN.JH,2.551201983889408e+16,3142747591202670.5,0.0
IN.KA,5783258289668096.0,2062291489233897.0,0.0
IN.KL,4468676979851264.0,1318733102117510.8,0.0
IN.LD,0.0,0.0,0.0
IN.MP,2.169237872102605e+16,2630169656955638.5,0.0
IN.MH,9884623492349952.0,2234291432283713.8,0.0
IN.MN,0.0,0.0,0.0
IN.ML,0.0,0.0,0.0
IN.MZ,0.0,0.0,0.0
IN.NL,0.0,0.0,0.0
IN.DL,1.5919507809763328e+16,1.1313219033832562e+16,0.0
IN.OR,2.0245438598742016e+16,2548634984541303.0,0.0
IN.PY,3809548481593344.0,45360017912277.67,0.0
IN.PB,1.1233332343865344e+16,3412321617091978.0,0.0
IN.RJ,8522907332378624.0,2296036691086225.5,0.0
IN.SK,0.0,0.0,0.0
IN.TN,5362017560952832.0,1603810608129147.8,0.0
IN.TG,1.11118320140288e+16,2444288848069764.5,0.0
IN.TR,0.0,0.0,0.0
IN.UP,2.9206984498610176e+16,2786856887973969.0,0.0
IN.UT,8503135987302400.0,2411479328451607.0,0.0
IN.WB,0.0,0.0,0.0
