HASC_1,Max,Mean,Min
IN.AN,3184756904689664.0,473366932000445.3,0.0
IN.AP,9190275456958464.0,1160071724878822.2,0.0
IN.AR,6483649880915968.0,2098764091927210.8,0.0
IN.AS,8298365368401920.0,2042016006367307.8,0.0
IN.BR,0.0,0.0,0.0
IN.CH,5816654344749056.0,5165041905041408.0,4476101099257856.0
IN.CT,6387171493675008.0,28514158453906.285,0.0
IN.DN,4541879597137920.0,4289861452300288.0,4080200677588992.0
IN.DD,4541879597137920.0,483811736070826.7,0.0
IN.GA,4982403655270400.0,2548577208578867.0,0.0
IN.GJ,7533509002395648.0,2753495719494229.0,0.0
IN.HR,1.8830120173174784e+16,2271366982184524.5,0.0
IN.HP,5816654344749056.0,1135907877161671.5,0.0
IN.JK,6111996697116672.0,1270784766111407.5,0.0
IN.JH,0.0,0.0,0.0
IN.KA,8274469244108800.0,2628386930980694.5,0.0
IN.KL,5110397438787584.0,1384146145674313.5,0.0
IN.LD,2989515476041728.0,391374838185649.6,0.0
IN.MP,6443386709999616.0,1833316640838387.8,0.0
IN.MH,2.155694551728128e+16,2447805857742885.5,0.0
IN.MN,5759095877402624.0,2916677875051178.5,0.0
IN.ML,8868129824309248.0,4345567386338960.5,0.0
IN.MZ,4994893957038080.0,2819211159911355.5,0.0
IN.NL,6348245131329536.0,2730031197920370.0,0.0
IN.DL,1.8830120173174784e+16,9570397779394560.0,0.0
IN.OR,0.0,0.0,0.0
IN.PY,4789309978705920.0,38900435145806.13,0.0
IN.PB,1.0698352291217408e+16,2878883693577064.5,0.0
IN.RJ,6459036497084416.0,1878499438428772.5,0.0
IN.SK,0.0,0.0,0.0
IN.TN,7557408347914240.0,1998938703546298.8,0.0
IN.TG,2.064017615801549e+16,2780107201344317.5,0.0
IN.TR,5932390291603456.0,2878912322688341.5,0.0
IN.UP,1.8830120173174784e+16,441820154991177.1,0.0
IN.UT,0.0,0.0,0.0
IN.WB,7526734228357120.0,195844388873307.34,0.0
