HASC_1,Max,Mean,Min
DK.HS,0.03939060494303703,0.0005041522671156125,0.0
DK.MJ,0.18982945382595062,0.0033204145430227893,0.0
DK.ND,0.2869819104671478,0.0029539339182962387,0.0
DK.SL,0.11735216528177261,0.0008558383944478852,0.0
DK.SD,0.17707562446594238,0.006157366842628454,0.0
