HASC_1,Max,Mean,Min
DK.HS,0.011128128506243229,0.00022152864736028246,0.0
DK.MJ,0.2871496379375458,0.03649215081715558,0.0
DK.ND,0.16703258454799652,0.015335043242880635,0.0
DK.SL,0.014876972883939743,0.00043486219860992776,0.0
DK.SD,0.40123119950294495,0.05283252718547287,0.0
