HASC_1,Max,Mean,Min
DK.HS,0.18767781555652618,0.005301215057155569,0.0
DK.MJ,0.24321989715099335,0.027725738582310377,0.0
DK.ND,0.7723500728607178,0.0325716167304748,0.0
DK.SL,0.13071216642856598,0.03266558590082611,0.0
DK.SD,0.4148832857608795,0.04044125893629999,0.0
