HASC_1,Max,Mean,Min
DK.HS,0.7658430933952332,0.05115003398277311,0.0
DK.MJ,0.8466484546661377,0.07251228483578374,0.0
DK.ND,1.1345654726028442,0.0683257898163263,0.0
DK.SL,1.557288646697998,0.3402617541314275,0.0
DK.SD,0.8296226859092712,0.10220022410863921,0.0
