HASC_1,Max,Mean,Min
DK.HS,0.019583333283662796,0.00011886696905319572,0.0
DK.MJ,0.028791340067982674,0.0015980893922214572,0.0
DK.ND,0.006773230154067278,0.00013557997406240803,0.0
DK.SL,0.21254807710647583,0.00986401567934081,0.0
DK.SD,0.022721627727150917,0.0009745139394778692,0.0
