HASC_1,Max,Mean,Min
DK.HS,0.45672667026519775,0.034468946946609735,0.0
DK.MJ,1.0051473379135132,0.30464124172791707,0.0
DK.ND,1.0713587999343872,0.2849052910769252,0.0
DK.SL,0.7828999161720276,0.2909560691979196,0.0
DK.SD,1.0124534368515015,0.26232524475171454,0.0
