HASC_1,Max,Mean,Min
DK.HS,0.062424760311841965,0.0016635233516711344,0.0
DK.MJ,0.03958333283662796,0.000726183596562756,0.0
DK.ND,0.042500000447034836,0.0008059645916127649,0.0
DK.SL,0.034583330154418945,0.004617583103255904,0.0
DK.SD,0.034583333879709244,0.0016163851740115898,0.0
