HASC_1,Max,Mean,Min
DK.HS,0.9168296456336975,0.07652798739190285,0.0
DK.MJ,0.622708261013031,0.09254552183624541,0.0
DK.ND,0.5987083315849304,0.03656128087576719,0.0
DK.SL,1.3209903240203857,0.4090428044398626,0.0
DK.SD,1.6143189668655396,0.35684071326007444,0.0
