HASC_1,Max,Mean,Min
DK.HS,0.12226323038339615,0.0033750507211228373,0.0
DK.MJ,0.30052557587623596,0.06012258944017729,0.0
DK.ND,0.36667928099632263,0.02632331093770357,0.0
DK.SL,0.2907972037792206,0.04322926551793461,0.0
DK.SD,0.8898083567619324,0.09436013777518557,0.0
