HASC_1,Max,Mean,Min
DK.HS,0.09575176239013672,0.002559399872933503,0.0
DK.MJ,0.9525730609893799,0.011241675450597533,0.0
DK.ND,0.23371970653533936,-6.198156101864663,-416.6234436035156
DK.SL,0.126559779047966,0.02181095335924544,0.0
DK.SD,0.10004646331071854,-2.966447896354458,-416.4718322753906
