HASC_1,Max,Mean,Min
DK.HS,2.152980327606201,0.1932096081556012,0.0
DK.MJ,2.4742543697357178,0.6391611983244484,0.0
DK.ND,3.268921136856079,0.6363862289980091,0.0
DK.SL,2.048595428466797,1.0876976721816594,0.0
DK.SD,1.7016042470932007,0.46402437332130614,0.0
