HASC_1,Max,Mean,Min
DK.HS,0.013045025058090687,0.0002986550140261758,0.0
DK.MJ,0.7851147055625916,0.05466936289723218,0.0
DK.ND,0.466601699590683,0.04644742526955182,0.0
DK.SL,0.008124999701976776,0.0003139235133723425,0.0
DK.SD,0.38516148924827576,0.020113070996878726,0.0
