HASC_1,Max,Mean,Min
DK.HS,0.19238592684268951,0.002163644205444516,0.0
DK.MJ,0.9730649590492249,0.07053698386054649,0.0
DK.ND,0.6403859257698059,0.029531953832444852,0.0
DK.SL,0.3103935420513153,0.01699638311186357,0.0
DK.SD,0.9730649590492249,0.04834493012513988,0.0
