HASC_1,Max,Mean,Min
DK.HS,0.050208330154418945,0.0005642965768810171,0.0
DK.MJ,0.014213137328624725,0.0002620091989491164,0.0
DK.ND,0.023125000298023224,0.0005562227830595843,0.0
DK.SL,0.1181439757347107,0.0028948234606542868,0.0
DK.SD,0.00882719736546278,0.00016746443469033,0.0
