HASC_1,Max,Mean,Min
DK.HS,0.13845671713352203,0.0014358112035303288,0.0
DK.MJ,0.06083333119750023,0.002351827616326478,0.0
DK.ND,0.11821456998586655,0.0023608768146666124,0.0
DK.SL,0.1445833295583725,0.002509200369887468,0.0
DK.SD,0.06083333119750023,0.0023964432856419513,0.0
