HASC_1,Max,Mean,Min
DK.HS,0.5740411877632141,0.02953519427624126,0.0
DK.MJ,0.5336050987243652,0.05171521733807787,0.0
DK.ND,0.2918750047683716,0.004674856671355993,0.0
DK.SL,0.5452095866203308,0.06958006138368175,0.0
DK.SD,0.6000180840492249,0.08644073723487616,0.0
