HASC_1,Max,Mean,Min
DK.HS,0.0456249974668026,0.00045811846473206504,0.0
DK.MJ,0.0,0.0,0.0
DK.ND,0.0018749999580904841,4.652605355063236e-06,0.0
DK.SL,0.007708333432674408,0.0001318567567203125,0.0
DK.SD,0.0016666665906086564,3.1503976095423455e-05,0.0
