HASC_1,Max,Mean,Min
DK.HS,0.09573451429605484,0.0018377293779802783,0.0
DK.MJ,0.0245309229940176,0.0018243597963495024,0.0
DK.ND,0.04662945866584778,0.0022762589325328766,0.0
DK.SL,0.019554689526557922,0.0016380240571581654,0.0
DK.SD,0.03837692365050316,0.004341841073307608,0.0
