HASC_1,Max,Mean,Min
DK.HS,0.04579939320683479,0.0006729269311124057,0.0
DK.MJ,0.02886691875755787,0.00021152745971371117,0.0
DK.ND,0.046859219670295715,0.00040831031190680924,0.0
DK.SL,0.017235806211829185,0.0002134140858726352,0.0
DK.SD,0.017235806211829185,0.00018288657087222893,0.0
