HASC_1,Max,Mean,Min
DK.HS,0.030083974823355675,0.0007022157221640516,0.0
DK.MJ,0.01824297569692135,0.00015804674491461424,0.0
DK.ND,0.025540165603160858,0.0005186958262747704,0.0
DK.SL,0.006666666362434626,0.0002185432358938097,0.0
DK.SD,0.004999999888241291,5.8416705135078654e-05,0.0
