HASC_1,Max,Mean,Min
DK.HS,0.036565594375133514,0.000741016272980069,0.0
DK.MJ,0.006029549986124039,9.227115214270197e-05,0.0
DK.ND,0.008672921918332577,0.00013090781783009129,0.0
DK.SL,0.0054166666232049465,0.0002894296635295851,0.0
DK.SD,0.017291666939854622,0.000251302700053202,0.0
