HASC_1,Max,Mean,Min
DK.HS,0.2743264138698578,0.014919067351903735,0.0
DK.MJ,0.1045772135257721,0.011075378492138157,0.0
DK.ND,0.07518453150987625,0.0069404582076093005,0.0
DK.SL,0.2006971389055252,0.05042789278344976,0.0
DK.SD,0.12750063836574554,0.016744486303512184,0.0
