HASC_1,Max,Mean,Min
DK.HS,0.09939882159233093,0.005940164549327973,0.0
DK.MJ,0.19069910049438477,0.020754168437256873,0.0
DK.ND,0.3163865804672241,0.008681481630164696,0.0
DK.SL,0.18258114159107208,0.03399877116748097,0.0
DK.SD,0.5635557770729065,0.04547845231967845,0.0
