HASC_1,Max,Mean,Min
DK.HS,0.212024986743927,0.0026665768054021425,0.0
DK.MJ,0.18318331241607666,0.005640970620261255,0.0
DK.ND,0.22638331353664398,0.003189150769157418,0.0
DK.SL,0.24066667258739471,0.007761276752797939,0.0
DK.SD,0.05738605186343193,0.005912306225831171,0.0
