HASC_1,Max,Mean,Min
CL.AI,0.48790833353996277,0.04197910259088119,0.0
CL.AN,0.012319318018853664,0.0001476609142433915,0.0
CL.AR,0.12119167298078537,0.011641266169559312,0.0
CL.AP,0.29471465945243835,0.004059478031402197,0.0
CL.AT,0.0938863456249237,0.001597493793911228,0.0
CL.BI,0.077030710875988,0.002359894524662068,0.0
CL.CO,0.04081164672970772,0.0005426811112556607,0.0
CL.LI,0.005459366366267204,8.783193807430253e-05,0.0
CL.LL,0.4601766765117645,0.028213687067022184,0.0
CL.LR,0.15627668797969818,0.005704378967658902,0.0
CL.MA,0.8646582961082458,0.024647776685864986,0.0
CL.ML,0.0034121039789170027,1.722095861888645e-05,0.0
CL.NB,0.039034221321344376,0.0018528474478966836,0.0
CL.RM,0.010236311703920364,7.717854238026554e-05,0.0
CL.TA,0.023329975083470345,0.001008181565877968,0.0
CL.VS,0.4858836233615875,1.7133614266538744e-05,0.0
