HASC_1,Max,Mean,Min
CL.AI,2.065683126449585,0.03514082667860123,0.0
CL.AN,0.07273942232131958,0.0033481077219341925,0.0
CL.AR,2.457082986831665,0.3601559328713587,0.0
CL.AP,0.007857014425098896,8.061659772305146e-05,0.0
CL.AT,1.0080395936965942,0.06885684602618068,0.0
CL.BI,2.749208450317383,0.3011333664321536,0.0
CL.CO,2.058020830154419,0.3210100148251513,0.0
CL.LI,5.178493976593018,1.4072633519039288,0.0
CL.LL,2.267324447631836,0.12677914261851886,0.0
CL.LR,1.4491996765136719,0.3042185925334305,0.0
CL.MA,0.07915528863668442,0.0014369493167071625,0.0
CL.ML,9.058913230895996,2.1485064278558457,0.0
CL.NB,7.830453872680664,1.2650428084234295,0.0
CL.RM,3.1356165409088135,0.8628866681385607,0.0
CL.TA,0.005628279875963926,3.315942113062945e-05,0.0
CL.VS,2.9222114086151123,0.005643342005551933,0.0
