HASC_1,Max,Mean,Min
CL.AI,2.1198928356170654,0.04179226892428443,0.0
CL.AN,0.2449999898672104,0.0013907193981125424,0.0
CL.AR,0.5083767771720886,0.04999403887097671,0.0
CL.AP,0.33696699142456055,0.06620004286934786,0.0
CL.AT,0.04479148983955383,0.0001852717154302464,0.0
CL.BI,0.7046628594398499,0.03564929543873969,0.0
CL.CO,0.12904417514801025,0.008222347911576477,0.0
CL.LI,0.14050501585006714,0.02220106624059503,0.0
CL.LL,4.879818916320801,0.4717487939383897,0.0
CL.LR,0.8799950480461121,0.2142305959427318,0.0
CL.MA,0.4411916434764862,0.002080472486614097,0.0
CL.ML,0.18692755699157715,0.030057954496368465,0.0
CL.NB,0.24108374118804932,0.02904285480856739,0.0
CL.RM,0.14050501585006714,0.015331693470735834,0.0
CL.TA,0.22012893855571747,0.04200983660625282,0.0
CL.VS,0.10133069008588791,9.875437234672126e-05,0.0
