HASC_1,Max,Mean,Min
CL.AI,4.887483596801758,0.45758781308901747,0.0
CL.AN,0.16302545368671417,0.00045521542725490916,0.0
CL.AR,0.02540930174291134,6.967524063132807e-05,0.0
CL.AP,0.009639236144721508,0.0004274582785395818,0.0
CL.AT,0.024177251383662224,0.00020150770049862378,0.0
CL.BI,0.013645646162331104,0.00011121533083574851,0.0
CL.CO,0.0,0.0,0.0
CL.LI,0.06360530853271484,0.0009054721942028174,0.0
CL.LL,0.6270014643669128,0.05230933752826015,0.0
CL.LR,0.004145412240177393,1.5488351383790762e-05,0.0
CL.MA,2.661510705947876,0.11433269566870358,0.0
CL.ML,0.01943938620388508,0.0004010315004030152,0.0
CL.NB,0.021682096645236015,0.0003545394973020609,0.0
CL.RM,0.04808466136455536,0.0009918507345164904,0.0
CL.TA,0.1575641632080078,0.001555700559708447,0.0
CL.VS,0.5306594967842102,8.185697031606348e-05,0.0
