HASC_1,Max,Mean,Min
CL.AI,3.6797027587890625,0.24313058837429308,0.0
CL.AN,0.3094845712184906,0.004054639537900901,0.0
CL.AR,0.08868122100830078,0.003981678831744813,0.0
CL.AP,0.9826434254646301,0.041436064288327946,0.0
CL.AT,0.03718152269721031,2.897276988768877e-05,0.0
CL.BI,0.22928927838802338,0.0035186251030286404,0.0
CL.CO,0.018930751830339432,8.514696874044603e-05,0.0
CL.LI,0.4157583713531494,0.012697699795423362,0.0
CL.LL,2.5653934478759766,0.2952859449022273,0.0
CL.LR,0.11930900812149048,0.008878834190522465,0.0
CL.MA,1.37106192111969,0.10759314605850827,0.0
CL.ML,0.09944161027669907,0.0019396264319895362,0.0
CL.NB,0.05622183904051781,0.003717591502289969,0.0
CL.RM,3.7519800662994385,0.03626852518001605,0.0
CL.TA,0.9826434254646301,0.01630328047005511,0.0
CL.VS,0.1575038582086563,1.894311585565668e-05,0.0
