HASC_1,Max,Mean,Min
CL.AI,2.264679193496704,0.20980057286327183,0.0
CL.AN,0.0004846620431635529,1.4228973260390702e-06,0.0
CL.AR,0.8689356446266174,0.25258857309756805,0.0
CL.AP,0.0,0.0,0.0
CL.AT,0.05676666274666786,0.0003242391205508195,0.0
CL.BI,1.5052499771118164,0.221932583446785,0.0
CL.CO,0.15532498061656952,0.013535626516288524,0.0
CL.LI,3.2776830196380615,0.8933805375249235,0.0
CL.LL,2.772984743118286,0.21631641507741403,0.0
CL.LR,0.5019062161445618,0.10533478651188205,0.0
CL.MA,1.2221914529800415,0.06699681247412376,0.0
CL.ML,3.4962453842163086,0.7211740639226639,0.0
CL.NB,4.046536445617676,0.7541157521820261,0.0
CL.RM,2.989041566848755,0.6675378849641198,0.0
CL.TA,0.0,0.0,0.0
CL.VS,1.7874746322631836,0.0018560697433904632,0.0
