HASC_1,Max,Mean,Min
CL.AI,4.236941814422607,0.3579341433794952,0.0
CL.AN,0.012640494853258133,7.155447908695049e-05,0.0
CL.AR,0.07292462885379791,0.002368809129732862,0.0
CL.AP,0.1348341554403305,0.012933974133288222,0.0
CL.AT,0.031786151230335236,0.00025611696012101023,0.0
CL.BI,0.05134684965014458,0.00040516513187808856,0.0
CL.CO,0.030356908217072487,0.0011996450033720408,0.0
CL.LI,0.019583333283662796,0.00025060707985239723,0.0
CL.LL,0.27397000789642334,0.012407196461950473,0.0
CL.LR,0.28406134247779846,0.006351868934827051,0.0
CL.MA,4.297203063964844,-4.0278376260362165,-208.25135803222656
CL.ML,0.003333333181217313,2.5303642746713388e-05,0.0
CL.NB,0.008541666902601719,7.16936578955275e-05,0.0
CL.RM,0.029234373942017555,0.0006866810221926775,0.0
CL.TA,0.09628172963857651,0.005447665589649816,0.0
CL.VS,0.031122416257858276,3.920769343364937e-06,0.0
