HASC_1,Max,Mean,Min
CL.AI,1.0094581842422485,0.013340284079310948,0.0
CL.AN,0.1077260747551918,0.0001921942230514444,0.0
CL.AR,0.12934158742427826,0.0009005565072686114,0.0
CL.AP,0.010202177800238132,9.024051113930695e-05,0.0
CL.AT,0.06354887038469315,0.0005739970072815648,0.0
CL.BI,0.048060376197099686,0.0008023098344765654,0.0
CL.CO,0.020827041938900948,0.00024154201813826785,0.0
CL.LI,0.07860901206731796,0.0011481506139621256,0.0
CL.LL,0.5556922554969788,0.002346964105276554,0.0
CL.LR,0.0008333332953043282,2.7056275821569098e-06,0.0
CL.MA,3.924633741378784,0.16512576188221906,0.0
CL.ML,0.11425172537565231,0.0019269103694484222,0.0
CL.NB,0.14294691383838654,0.0014635400739611553,0.0
CL.RM,0.031665440648794174,0.0007826104657353772,0.0
CL.TA,0.05992875620722771,0.0002985205128989664,0.0
CL.VS,0.39835691452026367,6.76121344271014e-05,0.0
