HASC_1,Max,Mean,Min
CL.AI,1.3459442853927612,0.013523363745931627,0.0
CL.AN,0.016822105273604393,8.944753896320608e-05,0.0
CL.AR,0.17245545983314514,0.000998338415816727,0.0
CL.AP,0.008854750543832779,9.924709539679017e-05,0.0
CL.AT,0.04182201996445656,0.00010146750419688247,0.0
CL.BI,0.06408050656318665,0.0009478441540024153,0.0
CL.CO,0.016601629555225372,0.00025218862371670424,0.0
CL.LI,0.035116687417030334,0.0010681407543638448,0.0
CL.LL,0.7409229874610901,0.003109546850677732,0.0
CL.LR,0.0011111111380159855,3.607503694857096e-06,0.0
CL.MA,5.0648651123046875,0.20416818114589383,0.0
CL.ML,0.15233562886714935,0.002356450606009316,0.0
CL.NB,0.19059588015079498,0.001946888309771474,0.0
CL.RM,0.02267945371568203,0.0005513097120066439,0.0
CL.TA,0.07990500330924988,0.0003617212819116158,0.0
CL.VS,0.53114253282547,8.963458220395967e-05,0.0
