HASC_1,Max,Mean,Min
CL.AI,1.0328625440597534,0.14854912587994074,0.0
CL.AN,0.0,0.0,0.0
CL.AR,0.06524127721786499,0.001911223227523704,0.0
CL.AP,0.09972518682479858,0.005437620283739828,0.0
CL.AT,0.002643195679411292,1.727578875432217e-06,0.0
CL.BI,0.0546809546649456,0.0007244805021342003,0.0
CL.CO,0.0075066289864480495,2.135185532097239e-05,0.0
CL.LI,0.0,0.0,0.0
CL.LL,0.7282000184059143,0.037550272411206634,0.0
CL.LR,0.09519710391759872,0.0016280539519168277,0.0
CL.MA,3.060379981994629,0.18189054933257717,0.0
CL.ML,0.00839738268405199,4.232890107144007e-05,0.0
CL.NB,0.02866167388856411,0.0006015369718562555,0.0
CL.RM,0.03166666626930237,0.00026877479021030534,0.0
CL.TA,0.00552375428378582,0.0001086131114600997,0.0
CL.VS,0.021666666492819786,8.995753237490167e-07,0.0
