HASC_1,Max,Mean,Min
CL.AI,4.058867454528809,0.697276464504923,0.0
CL.AN,0.3894036114215851,0.000983362093430047,0.0
CL.AR,0.7439446449279785,0.021753756478998038,0.0
CL.AP,0.07656990736722946,0.0044776935913830584,0.0
CL.AT,0.5504744052886963,0.003290968945310215,0.0
CL.BI,0.3948661983013153,0.010209544425780096,0.0
CL.CO,0.2759169340133667,0.005920128585989915,0.0
CL.LI,0.06575119495391846,0.0022249239060532795,0.0
CL.LL,2.7513458728790283,0.3023313491440962,0.0
CL.LR,1.3504620790481567,0.052210317775697825,0.0
CL.MA,4.058867454528809,0.3582482578776651,0.0
CL.ML,0.41442200541496277,0.007706686823785791,0.0
CL.NB,0.4972092807292938,0.005538955765344139,0.0
CL.RM,0.34237727522850037,0.0034114960053557297,0.0
CL.TA,0.18645526468753815,0.005893810125333575,0.0
CL.VS,0.026815561577677727,2.569969940093717e-06,0.0
