HASC_1,Max,Mean,Min
CL.AI,2.071716785430908,0.28728309793041196,0.0
CL.AN,0.0,0.0,0.0
CL.AR,0.020794661715626717,0.0007770038537951534,0.0
CL.AP,0.0016511859139427543,1.545222125166808e-05,0.0
CL.AT,0.016608333215117455,0.00014672290291641463,0.0
CL.BI,0.0457872599363327,0.0008647424228373532,0.0
CL.CO,0.0006897699204273522,1.0777655006677378e-06,0.0
CL.LI,0.0,0.0,0.0
CL.LL,1.4468332529067993,0.1113461719877898,0.0
CL.LR,0.4094083309173584,0.009072551368227358,0.0
CL.MA,2.8869102001190186,0.08033496724522354,0.0
CL.ML,0.002069309586659074,6.981476573914531e-06,0.0
CL.NB,0.0,0.0,0.0
CL.RM,0.0016666665906086564,8.97817426989821e-06,0.0
CL.TA,0.0,0.0,0.0
CL.VS,0.005131272133439779,5.06722622210341e-07,0.0
