HASC_1,Max,Mean,Min
CL.AI,1.1353555917739868,0.013912725169688389,0.0
CL.AN,0.026787884533405304,0.00014538580054297774,0.0
CL.AR,0.0340389721095562,0.00011580609211225282,0.0
CL.AP,0.0705655887722969,0.002081809325388536,0.0
CL.AT,0.10690847784280777,0.0006099952708047889,0.0
CL.BI,0.023333333432674408,0.00012649437469731945,0.0
CL.CO,0.2959724962711334,0.010457378006192642,0.0
CL.LI,0.4911418855190277,0.03128699058873605,0.0
CL.LL,0.03885406628251076,0.0004339155779159005,0.0
CL.LR,0.00958333257585764,4.971789198921156e-05,0.0
CL.MA,0.4023333489894867,0.0017464454211312196,0.0
CL.ML,0.4784421920776367,0.02632012741781841,0.0
CL.NB,0.1492937058210373,0.001961055192045362,0.0
CL.RM,0.2874208390712738,0.01737056433440947,0.0
CL.TA,0.015350639820098877,0.00020219641870614303,0.0
CL.VS,0.14475637674331665,8.948291895162027e-05,0.0
