HASC_1,Max,Mean,Min
CL.AI,0.4273238480091095,0.012809379416463417,0.0
CL.AN,0.08934406191110611,0.0018243552891871063,0.0
CL.AR,3.4042129516601562,0.37098010652599156,0.0
CL.AP,1.0123933553695679,0.017741009737245107,0.0
CL.AT,0.1151520237326622,0.0004884887214952006,0.0
CL.BI,5.56910514831543,0.6664816882290442,0.0
CL.CO,0.036850009113550186,0.00027697708801284194,0.0
CL.LI,0.8483037948608398,0.02174298196983422,0.0
CL.LL,0.949287474155426,0.03047509729888547,0.0
CL.LR,1.0093666315078735,0.16096320244417126,0.0
CL.MA,2.4920120239257812,0.06388641042136067,0.0
CL.ML,1.0002943277359009,0.08951846048272026,0.0
CL.NB,5.56910514831543,1.4302182923474533,0.0
CL.RM,0.5180750489234924,0.01874538879693925,0.0
CL.TA,1.0123933553695679,0.036986991851229285,0.0
CL.VS,0.2313833385705948,3.9464893294214295e-05,0.0
