HASC_1,Max,Mean,Min
CL.AI,2.160226821899414,-76.63851244576333,-416.6597595214844
CL.AN,0.0063071236945688725,-2.7411682252063416,-416.6625061035156
CL.AR,0.626499593257904,-47.7892911568566,-416.6625061035156
CL.AP,0.0,0.0,0.0
CL.AT,0.29160621762275696,-24.772455182490802,-416.6624450683594
CL.BI,0.4100675582885742,-28.539897824034686,-416.6605224609375
CL.CO,0.21306227147579193,-14.318088215276367,-416.6625061035156
CL.LI,0.21478335559368134,-55.35528901674164,-416.6625061035156
CL.LL,1.958261489868164,-32.19272560896345,-416.4712829589844
CL.LR,0.8234378695487976,-30.876198294366915,-416.519775390625
CL.MA,1.365992546081543,-27.80299666423884,-416.6625061035156
CL.ML,0.15532110631465912,-64.09740025731688,-416.6625061035156
CL.NB,0.17834536731243134,-52.26798151785324,-416.6625061035156
CL.RM,0.06765966862440109,-78.122553712986,-416.6625061035156
CL.TA,0.0,0.0,0.0
CL.VS,0.04800984635949135,-0.31024246209617734,-416.6625061035156
