HASC_1,Max,Mean,Min
CL.AI,1.6844435930252075,0.12083459760257448,0.0
CL.AN,0.0714908167719841,0.0013423102534820257,0.0
CL.AR,0.10305649787187576,0.0016922697483330706,0.0
CL.AP,0.18962961435317993,0.028122923955292582,0.0
CL.AT,0.020671376958489418,0.0006885609750647775,0.0
CL.BI,0.036637578159570694,0.00015794469132982558,0.0
CL.CO,0.0052245366387069225,3.3879484180943106e-05,0.0
CL.LI,0.03042927384376526,0.0021204908324908354,0.0
CL.LL,0.6261298656463623,0.013461567695719967,0.0
CL.LR,0.12016036361455917,0.002178253385675096,0.0
CL.MA,1.6194442510604858,0.1353853690851123,0.0
CL.ML,0.026239007711410522,0.0029288788950005344,0.0
CL.NB,0.02340722642838955,0.00135553665213482,0.0
CL.RM,0.04131770506501198,0.0011594306316900266,0.0
CL.TA,0.05600106716156006,0.0014255135572825409,0.0
CL.VS,0.034281786531209946,4.286919275998654e-06,0.0
