HASC_1,Max,Mean,Min
CL.AI,1.8343228101730347,0.11509295271593928,0.0
CL.AN,0.10489218682050705,0.0017580654742799635,0.0
CL.AR,0.1184542253613472,0.0011476737572536774,0.0
CL.AP,0.18777047097682953,0.020575449320908074,0.0
CL.AT,1.2635403871536255,0.03189564928841576,0.0
CL.BI,0.08455007523298264,0.00046729480019039527,0.0
CL.CO,0.45642387866973877,0.02079036602178803,0.0
CL.LI,0.08083445578813553,0.0023453767950544005,0.0
CL.LL,0.5259239077568054,0.010885413393880713,0.0
CL.LR,0.012512318789958954,5.747616188426792e-05,0.0
CL.MA,1.8788833618164062,0.08254009757100125,0.0
CL.ML,0.1758710741996765,0.005482418765948728,0.0
CL.NB,0.07260098308324814,0.0024937710951945863,0.0
CL.RM,0.9654667377471924,0.018416810021183967,0.0
CL.TA,0.2376980185508728,0.01198795618326491,0.0
CL.VS,0.4863249957561493,6.855725646029278e-05,0.0
