HASC_1,Max,Mean,Min
CL.AI,4.698732852935791,0.8481057859017205,0.0
CL.AN,0.3693222105503082,0.0076789101459233825,0.0
CL.AR,0.09505649656057358,0.0018298032082723393,0.0
CL.AP,0.115464948117733,0.0037874098753283812,0.0
CL.AT,0.3125724792480469,0.004523894061707788,0.0
CL.BI,0.09505649656057358,0.0020701976851165865,0.0
CL.CO,0.2266666740179062,0.0014449221156610293,0.0
CL.LI,0.025982126593589783,0.00024323129270981242,0.0
CL.LL,3.4121816158294678,0.33106864949676573,0.0
CL.LR,0.02600705623626709,0.0007582052346045309,0.0
CL.MA,9.274285316467285,0.4957422828548819,0.0
CL.ML,0.2984500229358673,0.0017244927676884516,0.0
CL.NB,0.3416830003261566,0.007093121889970517,0.0
CL.RM,1.0171550512313843,0.004383938902589891,0.0
CL.TA,0.5074645280838013,0.007459636472993162,0.0
CL.VS,0.0477864108979702,1.011458286397962e-05,0.0
