HASC_1,Max,Mean,Min
CL.AI,0.5477832555770874,0.03047245358481081,0.0
CL.AN,0.0007225994486361742,3.6568798007903555e-07,0.0
CL.AR,0.2925403416156769,0.004539391228475251,0.0
CL.AP,0.15556809306144714,0.006269680589447128,0.0
CL.AT,0.07081473618745804,0.00010388508825973772,0.0
CL.BI,0.2925403416156769,0.008330466422272385,0.0
CL.CO,2.0920727252960205,0.08956851118582562,0.0
CL.LI,0.144469752907753,0.007022210308802445,0.0
CL.LL,0.28124165534973145,0.0036412241160261065,0.0
CL.LR,0.011666666716337204,0.0002447101041862088,0.0
CL.MA,0.6971823573112488,0.002643355101992827,0.0
CL.ML,0.1792098730802536,0.013394796513217178,0.0
CL.NB,0.20703716576099396,0.00937653128084819,0.0
CL.RM,1.1366249322891235,0.03459887449937361,0.0
CL.TA,0.049046143889427185,0.0005936353681473237,0.0
CL.VS,1.4151959419250488,0.0015175001983149642,0.0
