HASC_1,Max,Mean,Min
CL.AI,1.449708342552185,0.09845514440407371,0.0
CL.AN,0.39122655987739563,0.013301454744942527,0.0
CL.AR,1.6357563734054565,0.4064643247203427,0.0
CL.AP,0.019037587568163872,0.00037050517151810173,0.0
CL.AT,0.1117750033736229,0.005040503210552535,0.0
CL.BI,0.9342929720878601,0.15256044395788704,0.0
CL.CO,0.014341664500534534,0.00011015612158047361,0.0
CL.LI,0.5778083205223083,0.03982918356114869,0.0
CL.LL,4.395577907562256,0.5920757662053361,0.0
CL.LR,4.112649917602539,0.6125107160829878,0.0
CL.MA,4.74167013168335,0.05880361340349398,0.0
CL.ML,0.7003416419029236,0.14291423592558092,0.0
CL.NB,0.6077834963798523,0.23572156831682453,0.0
CL.RM,0.32956662774086,0.015074549031982628,0.0
CL.TA,0.03240862861275673,0.0012708103226506456,0.0
CL.VS,1.2130552530288696,0.00020249000810276604,0.0
