HASC_1,Max,Mean,Min
AU.AS,0.01221521943807602,0.0119834765791893,0.011593264527618885
AU.AC,0.004110218491405249,0.0038707400672137737,0.0036175658460706472
AU.CR,0.01581343077123165,0.014164462219923735,0.013107857666909695
AU.JB,0.00801976677030325,0.006490709027275443,0.004961651284247637
AU.NS,0.01005228515714407,0.005991622730840408,0.0036175658460706472
AU.NT,0.015993991866707802,0.00573662219396538,0.0031665973365306854
AU.QL,0.01799830049276352,0.008258306904633413,0.003782988525927067
AU.SA,0.008598408661782742,0.005333754818637148,0.00363270565867424
AU.TS,0.006851277779787779,0.005626576715412567,0.003922066185623407
AU.VI,0.006640912964940071,0.00502062313968227,0.004086177796125412
AU.WA,0.012370667420327663,0.004695983938429327,0.0029046153649687767
