HASC_1,Max,Mean,Min
AU.AS,0.018504569306969643,0.01810741735001405,0.017659613862633705
AU.AC,0.008967985399067402,0.00861854354540507,0.008227775804698467
AU.CR,0.015612393617630005,0.01367071270942688,0.012179166078567505
AU.JB,0.010770906694233418,0.010179390199482441,0.009587873704731464
AU.NS,0.013062586076557636,0.008924169500162171,0.00596478721126914
AU.NT,0.019359061494469643,0.010895631766066203,0.0058613927103579044
AU.QL,0.01779058575630188,0.008373870747564634,0.00439738342538476
AU.SA,0.009481777437031269,0.007025958131744317,0.005573224276304245
AU.TS,0.008579681627452374,0.006270215864170273,0.004323274828493595
AU.VI,0.009900838136672974,0.007386873564904644,0.00574043532833457
AU.WA,0.01943853497505188,0.007440566601109735,0.00373712251894176
