HASC_1,Max,Mean,Min
AU.AS,0.01992557756602764,0.01976811575392882,0.019594335928559303
AU.AC,0.006118520628660917,0.006051789813985427,0.005956872832030058
AU.CR,0.0151357501745224,0.012204247837265333,0.008828624151647091
AU.JB,0.007985496893525124,0.00727961934171617,0.006573741789907217
AU.NS,0.012299840338528156,0.0064118125711109825,0.0035636669490486383
AU.NT,0.016423529013991356,0.007001533793537676,0.003235285170376301
AU.QL,0.019011003896594048,0.006487580345664655,0.003143533831462264
AU.SA,0.008571450598537922,0.005640090576149116,0.003316903719678521
AU.TS,0.009033028967678547,0.007712411746945021,0.005485916510224342
AU.VI,0.008715932257473469,0.007036398865637325,0.005337302107363939
AU.WA,0.019842926412820816,0.006727699479199059,0.0028145955875515938
