HASC_1,Max,Mean,Min
AU.AS,0.017906012013554573,0.01767575368285179,0.017375770956277847
AU.AC,0.004725279752165079,0.004584957379847765,0.00447235768660903
AU.CR,0.016767961904406548,0.015196041747306785,0.013816021382808685
AU.JB,0.007735235150903463,0.006642681546509266,0.0055501279421150684
AU.NS,0.01236675400286913,0.005471112138831545,0.0036868879105895758
AU.NT,0.01932094804942608,0.007879472854757359,0.003610037500038743
AU.QL,0.02085413783788681,0.008972986887021571,0.0036544231697916985
AU.SA,0.007721326779574156,0.005110721526886311,0.00336514157243073
AU.TS,0.0068353633396327496,0.005629482002542267,0.0035645393654704094
AU.VI,0.0073939780704677105,0.0058055790806455275,0.004944863263517618
AU.WA,0.017068369314074516,0.006058819970071671,0.002039990620687604
