HASC_1,Max,Mean,Min
AU.AS,0.020690565928816795,0.02060198038816452,0.02054942212998867
AU.AC,0.00794145092368126,0.006947112735360861,0.00629461370408535
AU.CR,0.019147837534546852,0.017062444317465026,0.015216317027807236
AU.JB,0.014169660396873951,0.01232620794326067,0.010482755489647388
AU.NS,0.015165931545197964,0.008031397816541302,0.0033578139264136553
AU.NT,0.02066354639828205,0.016539660112096125,0.009917940944433212
AU.QL,0.02121858298778534,0.012497987669512706,0.005487567279487848
AU.SA,0.01389516144990921,0.007630850371008973,0.0033578139264136553
AU.TS,0.010545380413532257,0.008975905322311621,0.004843360278755426
AU.VI,0.011259364895522594,0.00745510823049006,0.0033578139264136553
AU.WA,0.021551096811890602,0.013087081985681185,0.0076553490944206715
