HASC_1,Max,Mean,Min
HU.BK,271.9515686035156,271.12266540527344,270.5265808105469
HU.BA,272.5132751464844,271.98224385579425,271.4541015625
HU.BE,271.0267639160156,270.7503128051758,270.2775573730469
HU.BZ,269.83587646484375,268.36797417534723,267.3199462890625
HU.BU,270.58746337890625,270.3501434326172,270.1128234863281
HU.CS,271.0294189453125,270.9737976074219,270.909423828125
HU.FE,271.5846862792969,270.8106943766276,270.2830505371094
HU.GS,272.9304504394531,271.7120884486607,270.662353515625
HU.HB,270.7867126464844,270.0326625279018,269.3251953125
HU.HE,270.80999755859375,269.3586832682292,267.7636413574219
HU.JN,270.9585876464844,270.4178009033203,269.73272705078125
HU.KE,271.3309326171875,270.6097778320312,270.1128234863281
HU.NO,270.1128234863281,268.9856811523438,267.7636413574219
HU.PE,271.0868835449219,270.4307472922585,269.0420837402344
HU.SO,274.7588195800781,272.3043692452567,271.3173828125
HU.SZ,269.83587646484375,268.8744010925293,267.944580078125
HU.TO,272.1089172363281,271.612055460612,271.0868835449219
HU.VA,273.374755859375,271.9867370605469,271.3173828125
HU.VE,271.5846862792969,271.1886037190755,270.65972900390625
HU.ZA,272.7928466796875,271.9690795898438,271.3173828125
