HASC_1,Max,Mean,Min
HU.BK,290.5686340332031,289.8709228515625,289.3902587890625
HU.BA,290.1939697265625,289.4488525390625,288.1575012207031
HU.BE,290.7568054199219,290.36645889282227,289.6168212890625
HU.BZ,289.2701416015625,287.8418273925781,286.8638916015625
HU.BU,289.4986572265625,289.1762237548828,288.8537902832031
HU.CS,290.7568054199219,290.51630249023435,290.0956726074219
HU.FE,289.4986572265625,289.1480204264323,288.6767272949219
HU.GS,289.2193603515625,288.44662039620533,286.2236022949219
HU.HB,290.4911804199219,289.476571219308,288.6347351074219
HU.HE,289.3902587890625,288.6949971516927,287.5041809082031
HU.JN,290.5380554199219,289.5845146179199,288.9218444824219
HU.KE,289.2193603515625,289.00263061523435,288.6767272949219
HU.NO,288.9934387207031,288.4295715332031,287.5041809082031
HU.PE,290.4625244140625,289.33506913618606,288.6767272949219
HU.SO,289.5487976074219,288.86612374441967,288.1575012207031
HU.SZ,288.9218444824219,288.44934463500977,287.5328369140625
HU.TO,290.1939697265625,289.48976135253906,288.9875793457031
HU.VA,288.8961181640625,288.1525634765625,286.9351806640625
HU.VE,289.2711181640625,289.05133565266925,288.8899230957031
HU.ZA,288.8961181640625,288.5185119628906,287.9709777832031
