HASC_1,Max,Mean,Min
HU.BK,289.8570861816406,288.4035949707031,287.7128601074219
HU.BA,289.8570861816406,288.7984873453776,288.1656799316406
HU.BE,288.9823913574219,288.3897514343262,287.73370361328125
HU.BZ,287.1396179199219,285.46614244249133,283.5270080566406
HU.BU,287.7711486816406,287.1144104003906,286.4576721191406
HU.CS,288.9823913574219,288.7693176269531,288.46221923828125
HU.FE,288.0302429199219,287.488042195638,286.3522033691406
HU.GS,287.9576721191406,287.2412370954241,285.5318908691406
HU.HB,288.1783752441406,287.31703404017856,286.61065673828125
HU.HE,287.73858642578125,286.4222869873047,284.9726257324219
HU.JN,288.4967346191406,287.6440200805664,286.65460205078125
HU.KE,287.62432861328125,287.02003173828126,286.3522033691406
HU.NO,286.65460205078125,285.603564453125,284.9440002441406
HU.PE,288.4967346191406,287.27779873934657,284.9440002441406
HU.SO,288.48370361328125,288.2486310686384,287.7148132324219
HU.SZ,287.03936767578125,286.28033447265625,285.4638366699219
HU.TO,288.81573486328125,288.2231750488281,287.7148132324219
HU.VA,288.43096923828125,288.0946411132812,287.66436767578125
HU.VE,288.42803955078125,287.8988494873047,287.4355163574219
HU.ZA,288.6705627441406,288.3708190917969,287.9576721191406
