HASC_1,Max,Mean,Min
HU.BK,297.4815368652344,296.5202606201172,295.8109436035156
HU.BA,297.1019592285156,296.2616882324219,294.8109436035156
HU.BE,297.0863342285156,296.109130859375,295.3714904785156
HU.BZ,295.945068359375,294.7161220974392,293.224365234375
HU.BU,295.8109436035156,295.305419921875,294.7998962402344
HU.CS,297.4815368652344,296.8000183105469,296.2979431152344
HU.FE,296.156005859375,295.2601725260417,294.437255859375
HU.GS,294.792724609375,293.80360630580356,291.7569274902344
HU.HB,296.6488342285156,296.10559517996654,295.4600524902344
HU.HE,296.0863342285156,295.26776631673175,294.0557556152344
HU.JN,296.331787109375,295.9246406555176,295.2640686035156
HU.KE,295.1026306152344,294.73569946289064,294.437255859375
HU.NO,295.2640686035156,294.7203308105469,294.0557556152344
HU.PE,296.802490234375,295.61623313210225,294.5459899902344
HU.SO,296.0909118652344,295.23292323521207,294.8057556152344
HU.SZ,296.6488342285156,295.838623046875,294.333740234375
HU.TO,297.1019592285156,296.0882975260417,295.200927734375
HU.VA,294.8702087402344,294.2101684570313,293.3734436035156
HU.VE,295.5082092285156,294.90101623535156,294.286865234375
HU.ZA,295.343505859375,294.74871215820315,294.286865234375
