HASC_1,Max,Mean,Min
HU.BK,296.27801513671875,295.5041870117187,294.6809997558594
HU.BA,295.97528076171875,294.9482116699219,293.62274169921875
HU.BE,296.38153076171875,295.5284996032715,294.8313903808594
HU.BZ,294.7402648925781,293.01659817165796,291.8089904785156
HU.BU,294.97528076171875,294.42320251464844,293.8711242675781
HU.CS,296.38153076171875,296.0824401855469,295.9056091308594
HU.FE,295.1308898925781,294.298090616862,293.21746826171875
HU.GS,293.8262023925781,293.2411891392299,291.54791259765625
HU.HB,295.21551513671875,294.5546090262277,293.84637451171875
HU.HE,295.20379638671875,294.17384847005206,292.76043701171875
HU.JN,295.9062805175781,295.0894546508789,294.3782653808594
HU.KE,294.1184997558594,293.7217651367188,293.21746826171875
HU.NO,294.3782653808594,293.56824951171876,292.76043701171875
HU.PE,295.9062805175781,294.6687566583807,293.21746826171875
HU.SO,294.7207336425781,294.26141357421875,293.62274169921875
HU.SZ,294.5227966308594,293.49574279785156,292.68914794921875
HU.TO,295.7304992675781,294.8945566813151,294.52020263671875
HU.VA,294.2278747558594,293.62293701171876,293.0732727050781
HU.VE,294.5840148925781,294.174067179362,293.7676086425781
HU.ZA,294.2278747558594,293.97625732421875,293.7676086425781
