HASC_1,Max,Mean,Min
HU.BK,279.074462890625,277.699609375,276.7369689941406
HU.BA,279.074462890625,278.5491638183594,278.119140625
HU.BE,279.129150390625,278.30592346191406,277.305419921875
HU.BZ,276.368896484375,274.9589538574219,273.4215393066406
HU.BU,277.0719299316406,276.7960968017578,276.520263671875
HU.CS,279.129150390625,278.2678588867187,277.359375
HU.FE,277.7767028808594,277.1861979166667,276.7501525878906
HU.GS,277.3026428222656,276.54884120396207,274.5887756347656
HU.HB,278.4921875,277.20116751534596,276.368896484375
HU.HE,276.794921875,276.00714619954425,274.9541320800781
HU.JN,278.3704528808594,276.9947319030762,276.280029296875
HU.KE,277.3026428222656,276.9301391601563,276.520263671875
HU.NO,276.520263671875,275.804931640625,274.9541320800781
HU.PE,277.7994079589844,276.8925032182173,275.9270935058594
HU.SO,278.7838439941406,278.03492954799106,277.1996154785156
HU.SZ,276.8467712402344,276.11231994628906,274.8863525390625
HU.TO,278.6949768066406,278.0103352864583,277.4407653808594
HU.VA,277.1996154785156,276.76513671875,276.2481384277344
HU.VE,277.7767028808594,277.2803955078125,276.8894958496094
HU.ZA,277.7337951660156,277.20457153320314,276.8894958496094
