HASC_1,Max,Mean,Min
HU.BK,290.9462585449219,290.6759399414062,290.5113525390625
HU.BA,290.7851257324219,290.3627624511719,289.3085632324219
HU.BE,290.6744384765625,290.2236328125,289.3619384765625
HU.BZ,290.9042663574219,289.171875,287.4501647949219
HU.BU,290.9462585449219,290.6394500732422,290.3326416015625
HU.CS,290.7017822265625,290.53472290039065,290.2268371582031
HU.FE,290.9462585449219,290.4618225097656,289.8297119140625
HU.GS,290.2948913574219,289.72791835239957,288.0370788574219
HU.HB,290.6744384765625,289.8833312988281,288.5461730957031
HU.HE,290.9042663574219,290.14455159505206,288.8326416015625
HU.JN,290.9042663574219,290.6362762451172,290.3964538574219
HU.KE,290.4775085449219,290.2403259277344,289.8297119140625
HU.NO,290.6611022949219,289.6955993652344,288.8326416015625
HU.PE,290.9462585449219,290.43444269353694,289.3039855957031
HU.SO,290.7174072265625,290.1960231236049,289.3085632324219
HU.SZ,290.6103210449219,289.4088592529297,288.1034851074219
HU.TO,290.7851257324219,290.65854899088544,290.5273132324219
HU.VA,290.1734619140625,289.46995239257814,288.5429382324219
HU.VE,290.7174072265625,290.3516337076823,289.9062194824219
HU.ZA,290.1734619140625,289.81025390625,289.4286804199219
