HASC_1,Max,Mean,Min
HU.BK,284.7879638671875,284.3563568115234,283.9168701171875
HU.BA,284.7879638671875,284.133295694987,283.0656433105469
HU.BE,284.7424011230469,284.37699127197266,284.1571044921875
HU.BZ,284.5155029296875,282.9029269748264,280.6328430175781
HU.BU,283.9168701171875,283.3032684326172,282.6896667480469
HU.CS,284.7424011230469,284.6115966796875,284.4419250488281
HU.FE,284.2684326171875,283.65233357747394,282.5070495605469
HU.GS,283.7733154296875,283.0248064313616,281.2925109863281
HU.HB,284.1811828613281,283.9644862583705,283.3436279296875
HU.HE,284.0669250488281,283.14087931315106,281.8934326171875
HU.JN,284.4647216796875,283.98172760009766,283.0906982421875
HU.KE,283.7733154296875,283.1799621582031,282.5070495605469
HU.NO,283.0906982421875,282.35411376953124,281.8934326171875
HU.PE,284.4647216796875,283.5445057262074,282.0050964355469
HU.SO,283.9816589355469,283.55145263671875,283.0656433105469
HU.SZ,284.5155029296875,283.8340263366699,282.7746276855469
HU.TO,284.6603698730469,284.1345977783203,283.7658386230469
HU.VA,283.6506042480469,282.83594970703126,281.6066589355469
HU.VE,283.8937683105469,283.6575978597005,283.3074951171875
HU.ZA,283.6506042480469,283.1996826171875,282.7065734863281
