HASC_1,Max,Mean,Min
US.AL,0.0,0.0,0.0
US.AK,1793234342772736.0,7890247727564.846,0.0
US.AZ,0.0,0.0,0.0
US.AR,4212278975004672.0,783597445483934.0,0.0
US.CA,2.2062188290113536e+16,1117157479665146.1,0.0
US.CO,4987201670610944.0,1125909082815178.0,0.0
US.CT,6872319188271104.0,2040288059064320.0,0.0
US.DE,5804604277129216.0,3088481224565906.5,0.0
US.DC,4427577095618560.0,4246114458927104.0,4064651822235648.0
US.FL,0.0,0.0,0.0
US.GA,0.0,0.0,0.0
US.HI,1548153845186560.0,46419291490643.62,0.0
US.ID,2742603711774720.0,118903084069087.42,0.0
US.IL,0.0,0.0,0.0
US.IN,3909190649118720.0,892785452511356.1,0.0
US.IA,4100724178812928.0,933680033243076.2,0.0
US.KS,8264453380374528.0,1794770903566402.0,0.0
US.KY,1538575128592384.0,234742377553009.78,0.0
US.LA,1.0350449202823168e+16,1086936907211098.1,0.0
US.ME,0.0,0.0,0.0
US.MD,6642658697019392.0,1995043620869461.2,0.0
US.MA,5164629453963264.0,1253808252172235.5,0.0
US.MI,8039943091781632.0,1189286930541542.2,0.0
US.MN,2029124952522752.0,130180104857129.34,0.0
US.MS,3046187301076992.0,85620800655417.69,0.0
US.MO,1.0191513938034688e+16,1000378451050613.9,0.0
US.MT,4207992329207808.0,658359651594527.8,0.0
US.NE,4100724178812928.0,1072684531573086.1,0.0
US.NV,3207519962923008.0,287453483122374.1,0.0
US.NH,4242778343079936.0,965760324666080.4,0.0
US.NJ,7333317892374528.0,1987123192266752.0,0.0
US.NM,5022481068851200.0,1155022090423258.0,0.0
US.NY,1.2060491505467392e+16,1377815965828859.2,0.0
US.NC,5974409030402048.0,1846802385794242.8,0.0
US.ND,3424181198782464.0,816510703915988.1,0.0
US.OH,1.030691219308544e+16,1769220807937172.8,0.0
US.OK,6124802678980608.0,1011408358528447.4,0.0
US.OR,2881779442647040.0,519557788842524.9,0.0
US.PA,8697054297587712.0,3436679401500399.0,0.0
US.RI,3426033403428864.0,1915401892423270.5,0.0
US.SC,6371581836132352.0,2271022027600706.5,0.0
US.SD,3436936983216128.0,581811499610958.9,0.0
US.TN,2495853008781312.0,459801375713962.7,0.0
US.TX,1.7320796724658176e+16,1216092829393152.8,0.0
US.UT,2903744710705152.0,386965685669028.4,0.0
US.VT,3501591810277376.0,1203796862741162.8,0.0
US.VA,5412234318577664.0,1438457298923835.0,0.0
US.WA,7586303277268992.0,1365613928516238.5,0.0
US.WV,8697054297587712.0,1281195156808538.2,0.0
US.WI,4071090783518720.0,386519825062205.3,0.0
US.WY,4279214429700096.0,885901334415576.8,0.0
