HASC_1,Max,Mean,Min
US.AL,2508073264480256.0,100317316251648.0,0.0
US.AK,2837961380986880.0,12625248163089.73,0.0
US.AZ,2569565653434368.0,693168456137153.5,0.0
US.AR,2531164619276288.0,793871671926348.6,0.0
US.CA,3.630538002792448e+16,688948750941103.5,0.0
US.CO,3881745539661824.0,1040465746532654.1,0.0
US.CT,5390295625629696.0,1263565071801496.5,0.0
US.DE,3540694266281984.0,1474230912511414.8,0.0
US.DC,1464388695359488.0,1193502994071552.0,922617292783616.0
US.FL,4323555403628544.0,469525335405437.1,0.0
US.GA,5125109849260032.0,1247246895648815.0,0.0
US.HI,1345181475405824.0,33429482756509.76,0.0
US.ID,1550037993652224.0,79425266475761.86,0.0
US.IL,0.0,0.0,0.0
US.IN,5378883360653312.0,2087968342530282.5,0.0
US.IA,2395992066359296.0,243604038465243.44,0.0
US.KS,2827841901166592.0,1197177620849311.5,0.0
US.KY,5224542637129728.0,1167988156717444.2,0.0
US.LA,8241658915192832.0,761191728047399.6,0.0
US.ME,957195336286208.0,7478088564736.0,0.0
US.MD,5469998944354304.0,921967008823523.5,0.0
US.MA,1729718353133568.0,306307506434154.9,0.0
US.MI,4419449943752704.0,818017676714986.5,0.0
US.MN,1495259175452672.0,61858279386190.766,0.0
US.MS,1.3898979100065792e+16,878575223296095.2,0.0
US.MO,2606619946909696.0,456268237909718.8,0.0
US.MT,1928553595666432.0,552682810413183.44,0.0
US.NE,2854211926622208.0,772000899255903.6,0.0
US.NV,3.630538002792448e+16,805139480499541.4,0.0
US.NH,1729718353133568.0,361887097842473.7,0.0
US.NJ,8400272057434112.0,1972530383288861.5,0.0
US.NM,2086021860687872.0,823667433656692.4,0.0
US.NY,5902582681698304.0,817570933573004.2,0.0
US.NC,5125109849260032.0,942960169499182.5,0.0
US.ND,4449370833420288.0,819113098064670.2,0.0
US.OH,5333638027673600.0,1239166808593737.8,0.0
US.OK,2879360033882112.0,900535427400654.5,0.0
US.OR,2518420377567232.0,465346245289886.5,0.0
US.PA,7134628410294272.0,1617211132713369.5,0.0
US.RI,1313704868052992.0,508585973697740.8,0.0
US.SC,3771150400225280.0,877997283721871.4,0.0
US.SD,2095941356093440.0,584221170902122.8,0.0
US.TN,3798610005196800.0,1268858627470408.0,0.0
US.TX,3905773734199296.0,601388364036338.5,0.0
US.UT,1748971215126528.0,555780066442127.56,0.0
US.VT,3298276379983872.0,843880124143883.1,0.0
US.VA,3655256613322752.0,497844066008766.75,0.0
US.WA,3776202087071744.0,631327226755990.1,0.0
US.WV,1843470561968128.0,363986923129435.1,0.0
US.WI,2232480513916928.0,214783856303867.47,0.0
US.WY,2224628776828928.0,521893479653426.7,0.0
