HASC_1,Max,Mean,Min
US.AL,3707691989991424.0,1608408067717243.5,0.0
US.AK,1846585889652736.0,10322733621821.043,0.0
US.AZ,2029554986123264.0,568428313980310.8,0.0
US.AR,3750842452672512.0,1639874147924400.8,0.0
US.CA,4550116807540736.0,672417305308874.4,0.0
US.CO,5603106960179200.0,603120996742237.1,0.0
US.CT,5964992851476480.0,2045402382248618.8,0.0
US.DE,0.0,0.0,0.0
US.DC,0,0,0
US.FL,1.407658351394816e+16,654736231431377.4,0.0
US.GA,6660549383290880.0,1325683942324087.5,0.0
US.HI,1779277712326656.0,35537297858808.24,0.0
US.ID,2490875946991616.0,514644512307495.0,0.0
US.IL,1.2184525866008576e+16,1535444124512615.2,0.0
US.IN,1.2184525866008576e+16,1775242859058012.5,0.0
US.IA,4718217532538880.0,1540605708510292.2,0.0
US.KS,3342214700728320.0,1399569617018714.2,0.0
US.KY,4427599644196864.0,1047053618118656.0,0.0
US.LA,5034571938660352.0,1565673840655338.2,0.0
US.ME,3690342469599232.0,903609248959692.8,0.0
US.MD,0.0,0.0,0.0
US.MA,8293322539925504.0,1560603912437760.0,0.0
US.MI,4434582187278336.0,556265289238808.8,0.0
US.MN,5206654635212800.0,827757040475091.5,0.0
US.MS,5034571938660352.0,2059932095493789.0,0.0
US.MO,3606734757167104.0,1190643657170401.8,0.0
US.MT,2665199005859840.0,521763194493608.2,0.0
US.NE,2538600012972032.0,653356413882791.8,0.0
US.NV,2023219640926208.0,708645625267260.8,0.0
US.NH,5524495100018688.0,1650688393565525.2,0.0
US.NJ,2906882184314880.0,108717544681256.42,0.0
US.NM,3630688863518720.0,501734564143026.94,0.0
US.NY,5964992851476480.0,573484973658638.0,0.0
US.NC,3947538264621056.0,808492580317788.9,0.0
US.ND,2791548353773568.0,1141905297612726.8,0.0
US.OH,4434582187278336.0,699879596871117.8,0.0
US.OK,4578950533611520.0,1013171106147994.1,0.0
US.OR,2321348219109376.0,639287743542384.2,0.0
US.PA,0.0,0.0,0.0
US.RI,8293322539925504.0,3097005474919219.0,0.0
US.SC,3890897846534144.0,989548301719750.2,0.0
US.SD,1793774569127936.0,483712707108833.56,0.0
US.TN,5891596692226048.0,1840423943740529.8,0.0
US.TX,5877938696224768.0,533445326875033.06,0.0
US.UT,2555343406104576.0,523000403022958.75,0.0
US.VT,5070708719747072.0,1810238420626421.8,0.0
US.VA,2940871481753600.0,315308763951869.94,0.0
US.WA,4476606563221504.0,1130912610985304.2,0.0
US.WV,2983117585383424.0,350992870740241.06,0.0
US.WI,4889012812644352.0,1347769484780818.0,0.0
US.WY,2993527512367104.0,624033894980943.0,0.0
