HASC_1,Max,Mean,Min
US.AL,376880695869440.0,7978539966685.405,0.0
US.AK,4464412345761792.0,5724309903176.451,0.0
US.AZ,3764315228209152.0,510858132926265.2,0.0
US.AR,4060142375010304.0,1324818639420306.2,0.0
US.CA,1.829217981431808e+16,772491260007566.0,0.0
US.CO,3134562695643136.0,672650715436561.6,0.0
US.CT,2.422648244011008e+16,7629759409640789.0,0.0
US.DE,1.6669244817145856e+16,4896981798504741.0,0.0
US.DC,5788977038622720.0,5603999508070400.0,5419021977518080.0
US.FL,0.0,0.0,0.0
US.GA,0.0,0.0,0.0
US.HI,619576681299968.0,4247559150299.623,0.0
US.ID,1114911904104448.0,8684734940482.63,0.0
US.IL,3172748713000960.0,63514375732745.42,0.0
US.IN,0.0,0.0,0.0
US.IA,1.6419320670191616e+16,4549486161081293.0,0.0
US.KS,8089143552770048.0,2603676343482528.5,0.0
US.KY,0.0,0.0,0.0
US.LA,2717796785979392.0,392063229176519.6,0.0
US.ME,6932440677351424.0,933548468874697.9,0.0
US.MD,1.966518636956877e+16,3434160257033102.0,0.0
US.MA,1.0997767346323456e+16,2877487271903232.0,0.0
US.MI,1.1028624538861568e+16,1333341925850099.0,0.0
US.MN,1.726481826840576e+16,2651938929220234.0,0.0
US.MS,1466602214129664.0,386406133684131.75,0.0
US.MO,8089143552770048.0,1804560058385944.5,0.0
US.MT,1981651202605056.0,257496155318258.72,0.0
US.NE,1.6419320670191616e+16,2682111038769189.0,0.0
US.NV,3089485403258880.0,317234061349868.4,0.0
US.NH,9310138330513408.0,2234463533623371.8,0.0
US.NJ,2.742418437622989e+16,7052137874373167.0,0.0
US.NM,1512178528026624.0,349075004893866.7,0.0
US.NY,2.742418437622989e+16,3694910170165570.5,0.0
US.NC,3694559053742080.0,534706072097603.6,0.0
US.ND,3907883368448000.0,682736241400357.2,0.0
US.OH,7573301337522176.0,1336440478554471.2,0.0
US.OK,5092457897263104.0,1335725195463404.5,0.0
US.OR,2571326053154816.0,527901155808747.8,0.0
US.PA,2.550608419409101e+16,8811318795133693.0,0.0
US.RI,8756355984785408.0,4171911100838707.0,0.0
US.SC,0.0,0.0,0.0
US.SD,1.2606790944423936e+16,1465231198646496.0,0.0
US.TN,3321559666130944.0,239768745111246.34,0.0
US.TX,7828648417558528.0,874904794626428.2,0.0
US.UT,0.0,0.0,0.0
US.VT,7365984339886080.0,3300604479343854.0,0.0
US.VA,1.5270769105829888e+16,1611988265115780.8,0.0
US.WA,1.089789969301504e+16,1138184286249696.5,0.0
US.WV,1.5270769105829888e+16,1008800040216623.6,0.0
US.WI,0.0,0.0,0.0
US.WY,584832342032384.0,163782628747456.75,0.0
