HASC_1,Max,Mean,Min
US.AL,4575642335051776.0,1484806935904152.0,0.0
US.AK,3988820953399296.0,11646487473252.99,0.0
US.AZ,2369503660867584.0,904350902730321.6,0.0
US.AR,1.322418819825664e+16,1616058452541440.0,0.0
US.CA,5975150986002432.0,385332198397287.8,0.0
US.CO,2620043598757888.0,704577668433692.5,0.0
US.CT,2576408341643264.0,566692117371482.4,0.0
US.DE,0.0,0.0,0.0
US.DC,0,0,0
US.FL,5130671831908352.0,533586978568870.06,0.0
US.GA,5509191594672128.0,1227014038523740.2,0.0
US.HI,981501629956096.0,32375012605375.68,0.0
US.ID,3743575904878592.0,495534786844190.44,0.0
US.IL,4670925647642624.0,965424449993447.1,0.0
US.IN,7055026023301120.0,2114426503405912.2,0.0
US.IA,2103247229681664.0,639505421305209.9,0.0
US.KS,1287198208950272.0,365894512177607.1,0.0
US.KY,1.1562907733065728e+16,1829829425283072.0,0.0
US.LA,4175012080648192.0,1219223907250558.2,0.0
US.ME,3005160431288320.0,709563532735009.2,0.0
US.MD,0.0,0.0,0.0
US.MA,2966181187158016.0,676865101410553.4,0.0
US.MI,6141805380763648.0,765459172311676.5,0.0
US.MN,2166155481448448.0,361794223116252.56,0.0
US.MS,4175012080648192.0,1692840375447715.8,0.0
US.MO,4418357143011328.0,685256747379432.0,0.0
US.MT,3483878291406848.0,663090751256641.2,0.0
US.NE,1328088042438656.0,178215564902400.0,0.0
US.NV,2230179619405824.0,625904964038907.8,0.0
US.NH,3044098604793856.0,961540686183234.4,0.0
US.NJ,0.0,0.0,0.0
US.NM,4931759011528704.0,927400566752455.1,0.0
US.NY,829448177844224.0,18780035502797.63,0.0
US.NC,5509191594672128.0,1215357441982622.0,0.0
US.ND,2802061628407808.0,774280374137761.4,0.0
US.OH,7055026023301120.0,1153364137350349.8,0.0
US.OK,9655828437008384.0,616691079570385.0,0.0
US.OR,2169252421304320.0,583994801112529.5,0.0
US.PA,2230482683035648.0,147902849184079.75,0.0
US.RI,1441720931713024.0,894478662665916.6,0.0
US.SC,5509191594672128.0,1233847476350499.8,0.0
US.SD,1413786464419840.0,471857293364410.7,0.0
US.TN,1.1562907733065728e+16,2746429409620423.0,0.0
US.TX,6870239350358016.0,354249240017285.94,0.0
US.UT,2188972629426176.0,694638299651866.4,0.0
US.VT,2709810294292480.0,562823201461225.25,0.0
US.VA,4519502817525760.0,592956873845709.4,0.0
US.WA,3595069089120256.0,932849611796643.9,0.0
US.WV,4519502817525760.0,674043763358769.5,0.0
US.WI,3830678915383296.0,689215048102592.2,0.0
US.WY,3210630324551680.0,676498076526138.4,0.0
