HASC_1,Max,Mean,Min
US.AL,0.0,0.0,0.0
US.AK,1716316712992768.0,9958925822889.242,0.0
US.AZ,1910974697177088.0,53114454268362.51,0.0
US.AR,3973563887386624.0,187569347667306.34,0.0
US.CA,1.5577300921745408e+16,932659752377998.0,0.0
US.CO,1.5678130647728128e+16,2273237117483031.0,0.0
US.CT,4604918979624960.0,2073372189957075.5,0.0
US.DE,7746867945275392.0,4580316122298075.0,0.0
US.DC,1.0656321741258752e+16,1.0185916521906176e+16,9715511302553600.0
US.FL,3511513184731136.0,117768857695963.42,0.0
US.GA,5295976533196800.0,893030124989323.9,0.0
US.HI,2984975158738944.0,49990962898328.31,0.0
US.ID,2657364448641024.0,333478263078157.94,0.0
US.IL,6593112491163648.0,359277305424393.06,0.0
US.IN,2.33101833797632e+16,3440512051509525.0,0.0
US.IA,0.0,0.0,0.0
US.KS,1.0001256550498304e+16,2946943999522066.5,0.0
US.KY,1.932793050510131e+16,2638070109479743.0,0.0
US.LA,4478087521632256.0,336844956209842.3,0.0
US.ME,0.0,0.0,0.0
US.MD,1.1585316724932608e+16,3506538369224249.0,0.0
US.MA,2868280092000256.0,392518511212251.44,0.0
US.MI,6941659824652288.0,885242741835469.5,0.0
US.MN,1199914944036864.0,93226157415537.78,0.0
US.MS,0.0,0.0,0.0
US.MO,0.0,0.0,0.0
US.MT,8934067235979264.0,1139462424056756.2,0.0
US.NE,9780968751628288.0,1330350672618535.0,0.0
US.NV,0.0,0.0,0.0
US.NH,1312060298231808.0,70397119556029.22,0.0
US.NJ,7263942896254976.0,2211878734016139.8,0.0
US.NM,3248414225596416.0,1024829981516900.4,0.0
US.NY,9300766711873536.0,1096693338635391.6,0.0
US.NC,6536743729758208.0,1760826011415000.0,0.0
US.ND,9771007648727040.0,2598672203909293.5,0.0
US.OH,1.9216516905959424e+16,2151256875454886.5,0.0
US.OK,1.6788476330508288e+16,1958664387404154.0,0.0
US.OR,3438425994690560.0,386075626957527.8,0.0
US.PA,1.3668535851024384e+16,4313939683318606.5,0.0
US.RI,2992109099417600.0,729792387219456.0,0.0
US.SC,5295976533196800.0,1763475916954009.5,0.0
US.SD,5887929327026176.0,1213100201778781.8,0.0
US.TN,3718301632954368.0,1094203242215849.9,0.0
US.TX,1.464362657120256e+16,1039432331931033.5,0.0
US.UT,3464192040370176.0,1037606183921818.1,0.0
US.VT,1720686707998720.0,685704383401059.1,0.0
US.VA,1.1528499676315648e+16,2576947403499890.5,0.0
US.WA,5105859268968448.0,703223008025487.9,0.0
US.WV,9712713131360256.0,1812045390257369.8,0.0
US.WI,6392052724006912.0,1049192935595971.0,0.0
US.WY,9041738307993600.0,1349516669406957.8,0.0
