HASC_1,Max,Mean,Min
US.AL,2624743366721536.0,379298922597944.9,0.0
US.AK,1405151164235776.0,9199156237698.424,0.0
US.AZ,2428653682032640.0,1017214572556412.1,0.0
US.AR,0.0,0.0,0.0
US.CA,2257119130681344.0,27245633544340.945,0.0
US.CO,3713222565691392.0,1186142975242240.0,0.0
US.CT,0.0,0.0,0.0
US.DE,4906891150884864.0,1864295642373816.2,0.0
US.DC,4141550795751424.0,2663296066912256.0,1185041338073088.0
US.FL,4500385649655808.0,666206700568576.0,0.0
US.GA,6510128354295808.0,1179247210541806.5,0.0
US.HI,1192078239334400.0,26886530806996.625,0.0
US.ID,1856096960512000.0,288365517205087.06,0.0
US.IL,9759870798528512.0,817284138490493.2,0.0
US.IN,7010646663102464.0,2052271509434884.2,0.0
US.IA,1259197840752640.0,265168896795699.72,0.0
US.KS,3831074589245440.0,940667782015311.9,0.0
US.KY,9759870798528512.0,1902167604469965.2,0.0
US.LA,0.0,0.0,0.0
US.ME,1391302847496192.0,181562299324529.22,0.0
US.MD,1.4950150870925312e+16,1414548943482966.0,0.0
US.MA,0.0,0.0,0.0
US.MI,1.6414267641167872e+16,2657131754355749.5,0.0
US.MN,5690495049138176.0,694425300869120.0,0.0
US.MS,0.0,0.0,0.0
US.MO,0.0,0.0,0.0
US.MT,2955802130251776.0,684283146812830.5,0.0
US.NE,2425859537371136.0,369115995412889.6,0.0
US.NV,1453160979759104.0,126826368344610.14,0.0
US.NH,0.0,0.0,0.0
US.NJ,6905147233927168.0,1209362723878948.0,0.0
US.NM,3598950128943104.0,1437138867378921.5,0.0
US.NY,3.502525428793344e+16,2389003703651186.5,0.0
US.NC,8568297620504576.0,1565709974797717.8,0.0
US.ND,2281029750489088.0,843061896642560.0,0.0
US.OH,1.7354544430186496e+16,2716409197897146.0,0.0
US.OK,6686108733669376.0,684036939200406.6,0.0
US.OR,1180629198700544.0,142154444728523.6,0.0
US.PA,2.1535507188023296e+16,5368146699176357.0,0.0
US.RI,0.0,0.0,0.0
US.SC,4228058147979264.0,1206479895694792.8,0.0
US.SD,2280024996577280.0,351564814683984.94,0.0
US.TN,4566945026277376.0,1820983706699399.8,0.0
US.TX,1.0390812231729152e+16,686596801218745.9,0.0
US.UT,3038600778219520.0,806082076043550.9,0.0
US.VT,0.0,0.0,0.0
US.VA,8336692045938688.0,1061005684127508.6,0.0
US.WA,1958008212946944.0,591157785825246.1,0.0
US.WV,7507053077594112.0,1225781515865396.8,0.0
US.WI,7967689930702848.0,1386844454973839.0,0.0
US.WY,2280024996577280.0,617542630631326.5,0.0
