HASC_1,Max,Mean,Min
US.AL,2901213364355072.0,426138427717738.2,0.0
US.AK,1551033620758528.0,8170586533541.346,0.0
US.AZ,2716431523250176.0,823987584939979.5,0.0
US.AR,4131293608542208.0,1159282758399723.8,0.0
US.CA,7395871406686208.0,624532412192058.2,0.0
US.CO,2340503236378624.0,1258789571089999.0,0.0
US.CT,1.3277897838034944e+16,3852296335829674.5,0.0
US.DE,6958786543616000.0,4322139885947172.5,0.0
US.DC,3091869646979072.0,2688638387224576.0,2285407127470080.0
US.FL,2453648781082624.0,22997719689752.055,0.0
US.GA,0.0,0.0,0.0
US.HI,903615485050880.0,12697747203096.062,0.0
US.ID,2291352435949568.0,177319725916636.53,0.0
US.IL,1.3362552717180928e+16,1213752889715158.2,0.0
US.IN,0.0,0.0,0.0
US.IA,4034720195149824.0,1122831725542711.6,0.0
US.KS,4741701876842496.0,1499037953582452.8,0.0
US.KY,4004647639449600.0,166748354627356.44,0.0
US.LA,4131293608542208.0,814263972624247.5,0.0
US.ME,3614391610114048.0,594748656640542.8,0.0
US.MD,8097067230560256.0,1717696329096305.8,0.0
US.MA,1.923794235031552e+16,2215898394001408.0,0.0
US.MI,1903272344420352.0,101214542116325.05,0.0
US.MN,4089286144032768.0,596712038840552.9,0.0
US.MS,3000709771427840.0,829629169946395.5,0.0
US.MO,1.3362552717180928e+16,1065933233148528.9,0.0
US.MT,6768288637911040.0,743895872535674.1,0.0
US.NE,3861913528172544.0,1351514544493909.2,0.0
US.NV,2725769319022592.0,465898909236644.94,0.0
US.NH,5807673031262208.0,1846680608066522.0,0.0
US.NJ,7241023877021696.0,3173366157255400.5,0.0
US.NM,4899375939584.0,90729184066.37038,0.0
US.NY,9946566584434688.0,1357032774646286.8,0.0
US.NC,6418845803741184.0,1049007582856572.4,0.0
US.ND,7663116619874304.0,1380297719835203.5,0.0
US.OH,1817807595503616.0,129528009588736.0,0.0
US.OK,3144484875403264.0,976089080957259.8,0.0
US.OR,3488603292303360.0,537638909342520.94,0.0
US.PA,6013510949535744.0,1766740085354406.2,0.0
US.RI,4520887944478720.0,2063852212584448.0,0.0
US.SC,0.0,0.0,0.0
US.SD,3861913528172544.0,1329788569265278.8,0.0
US.TN,4492523443585024.0,1077130369545947.4,0.0
US.TX,5294012659400704.0,819317147686720.4,0.0
US.UT,2615929288523776.0,145897931984836.62,0.0
US.VT,1.2966100392214528e+16,3312816936179360.5,0.0
US.VA,8097067230560256.0,1321829875532532.2,0.0
US.WA,1.0053790442979328e+16,1372231285484013.0,0.0
US.WV,2759262816174080.0,297753642886570.25,0.0
US.WI,1264494072299520.0,119957299967672.62,0.0
US.WY,3497086389583872.0,1097180283810549.1,0.0
