HASC_1,Max,Mean,Min
US.AL,5420328721317888.0,1451517607032227.2,0.0
US.AK,3086792727199744.0,13103161087305.0,0.0
US.AZ,6359016909307904.0,1101009522823898.2,0.0
US.AR,3604182741286912.0,1351367604616377.2,0.0
US.CA,5122741711667200.0,838345224660030.5,0.0
US.CO,4723031117135872.0,1344100885005590.0,0.0
US.CT,6504919632707584.0,3588203600674816.0,0.0
US.DE,2725553496915968.0,1013765239734272.0,0.0
US.DC,0,0,0
US.FL,4032871748599808.0,313331556517767.5,0.0
US.GA,9323343207464960.0,1382995644398172.8,0.0
US.HI,1573539115171840.0,50401296588841.164,0.0
US.ID,5799353142738944.0,648498100848658.0,0.0
US.IL,6152063910150144.0,1213767089273558.0,0.0
US.IN,6702726499008512.0,1471053400308719.8,0.0
US.IA,4154634608312320.0,1725130908274078.0,0.0
US.KS,5812869404819456.0,1621331705410535.2,0.0
US.KY,5829914519404544.0,1113856459371675.5,0.0
US.LA,5607117385891840.0,1479320001219491.0,0.0
US.ME,6468136459042816.0,932962585016703.6,0.0
US.MD,1468294297026560.0,43370858927882.24,0.0
US.MA,1.0160626680725504e+16,1802372034592768.0,0.0
US.MI,6203184221519872.0,451117480168845.8,0.0
US.MN,4976938309386240.0,1200812692473888.5,0.0
US.MS,5607117385891840.0,1694124935741440.0,0.0
US.MO,3566429978755072.0,933786361415066.0,0.0
US.MT,3329317987680256.0,533063546439280.7,0.0
US.NE,3736022399582208.0,1401567169163048.5,0.0
US.NV,3454902831415296.0,843712414160993.5,0.0
US.NH,5695534656389120.0,1787407884712770.2,0.0
US.NJ,7016207035138048.0,2403863681717081.5,0.0
US.NM,3617238368124928.0,488186923972770.06,0.0
US.NY,1.0160626680725504e+16,1145892873927788.8,0.0
US.NC,4840954276085760.0,464451043353518.44,0.0
US.ND,3692936898281472.0,1462066618204410.2,0.0
US.OH,7518483596181504.0,695535309562663.0,0.0
US.OK,5812869404819456.0,1132592701673131.5,0.0
US.OR,3745503539888128.0,818323722322331.1,0.0
US.PA,4967464685273088.0,1124252513655661.8,0.0
US.RI,5862384472162304.0,2885320052624589.0,0.0
US.SC,3764056187994112.0,866123298128964.2,0.0
US.SD,4004245254701056.0,1538535428214922.0,0.0
US.TN,6148904424833024.0,1805182093392885.2,0.0
US.TX,5203393681293312.0,517067101924276.56,0.0
US.UT,8326421705392128.0,1280032724960597.2,0.0
US.VT,4900098123235328.0,1684581989358043.8,0.0
US.VA,5711740641738752.0,318949994914343.06,0.0
US.WA,5040622473838592.0,906878119090306.8,0.0
US.WV,3087458178695168.0,116604379184198.44,0.0
US.WI,4689359647277056.0,1061888880663456.9,0.0
US.WY,4647469757497344.0,938425558401786.0,0.0
