HASC_1,Max,Mean,Min
US.AL,4028575707561984.0,987568633407820.9,0.0
US.AK,2556885836234752.0,9159414007943.584,0.0
US.AZ,3845602852995072.0,1043190681353104.5,0.0
US.AR,0.0,0.0,0.0
US.CA,0.0,0.0,0.0
US.CO,8127044491673600.0,1403320871971427.8,0.0
US.CT,0.0,0.0,0.0
US.DE,1.4893004183568384e+16,5008934809108480.0,0.0
US.DC,9177907024887808.0,8213159928135680.0,7248412831383552.0
US.FL,5358862370603008.0,719821611518697.6,0.0
US.GA,6598461336059904.0,1530632281592475.2,0.0
US.HI,1413109067546624.0,39192091750969.03,0.0
US.ID,2101125113184256.0,280594069663826.25,0.0
US.IL,1.9228454767558656e+16,2099017766025781.5,0.0
US.IN,2.060534397324493e+16,6547409340398786.0,0.0
US.IA,2869380677369856.0,685770130258443.9,0.0
US.KS,3944038134710272.0,974000752242218.0,0.0
US.KY,1.3688825276530688e+16,2314100945313617.5,0.0
US.LA,0.0,0.0,0.0
US.ME,3196600813879296.0,550498280723839.5,0.0
US.MD,1.4893004183568384e+16,4371073076770325.5,0.0
US.MA,0.0,0.0,0.0
US.MI,2.3840519499022336e+16,3962605770121363.5,0.0
US.MN,9187257168691200.0,1039578989831147.4,0.0
US.MS,1307902635671552.0,18684323366736.457,0.0
US.MO,3711906963521536.0,89523977240813.45,0.0
US.MT,3494331704934400.0,759062894723509.1,0.0
US.NE,4519032518606848.0,874362550521692.1,0.0
US.NV,2784915582091264.0,246290005390735.1,0.0
US.NH,0.0,0.0,0.0
US.NJ,0.0,0.0,0.0
US.NM,4306035426721792.0,1044304866533423.4,0.0
US.NY,3.702866970044006e+16,1837074503643474.2,0.0
US.NC,1.0627809600864256e+16,2315216124667317.0,0.0
US.ND,2895248191651840.0,806861214479260.9,0.0
US.OH,4.971189280912179e+16,6764702743719755.0,0.0
US.OK,7034970673512448.0,577636603463618.0,0.0
US.OR,1361057822015488.0,249050786908941.38,0.0
US.PA,4.971189280912179e+16,1.059282849694275e+16,0.0
US.RI,0.0,0.0,0.0
US.SC,4755171431153664.0,1326730837585189.8,0.0
US.SD,4223411530235904.0,1094044340834978.0,0.0
US.TN,6770511820357632.0,2178438206427118.5,0.0
US.TX,6152632993316864.0,755668924440259.0,0.0
US.UT,5438153909338112.0,1259822265963947.8,0.0
US.VT,0.0,0.0,0.0
US.VA,1.3972288823099392e+16,3435015013379930.0,0.0
US.WA,2101125113184256.0,566276180239246.2,0.0
US.WV,1.5911794048499712e+16,3750889558408071.5,0.0
US.WI,1.392265725476864e+16,2319361689405344.5,0.0
US.WY,4983479544578048.0,719647111129749.0,0.0
