HASC_1,Max,Mean,Min
US.AL,1.3783938401042432e+16,3298394038745569.0,0.0
US.AK,2495452771516416.0,7446891991705.186,0.0
US.AZ,2257265696440320.0,956611078575862.2,0.0
US.AR,0.0,0.0,0.0
US.CA,1884700771614720.0,19915944251214.723,0.0
US.CO,6738277017059328.0,1059788239942219.5,0.0
US.CT,0.0,0.0,0.0
US.DE,1.4341839620407296e+16,3372936741849889.5,0.0
US.DC,2.625141993373696e+16,2.0325537054457856e+16,1.4399654175178752e+16
US.FL,5022081636892672.0,751386784480077.4,0.0
US.GA,1.908885544553677e+16,4597532741720632.0,0.0
US.HI,1456011630084096.0,46780414090093.71,0.0
US.ID,4108473641992192.0,578139750752173.2,0.0
US.IL,2937300484882432.0,559610763947623.6,0.0
US.IN,7271640014520320.0,1544473583805999.2,0.0
US.IA,7707127686627328.0,699467497106587.1,0.0
US.KS,2776143648260096.0,925358807358652.1,0.0
US.KY,1.2685780761706496e+16,3603095176911477.5,0.0
US.LA,0.0,0.0,0.0
US.ME,1021841707630592.0,113524565959724.52,0.0
US.MD,3.189875217216307e+16,3905589487194484.5,0.0
US.MA,0.0,0.0,0.0
US.MI,1.2029830807683072e+16,2189949922405023.0,0.0
US.MN,1.4646893967572992e+16,1612405755513284.2,0.0
US.MS,0.0,0.0,0.0
US.MO,0.0,0.0,0.0
US.MT,6698327915626496.0,1003867017090072.0,0.0
US.NE,3707223301685248.0,724611730593109.4,0.0
US.NV,2458725700861952.0,100007265437841.67,0.0
US.NH,0.0,0.0,0.0
US.NJ,1.4341839620407296e+16,3664300498313093.5,0.0
US.NM,3710492040232960.0,1170456567434501.8,0.0
US.NY,1.6558637598113792e+16,2085697904635489.5,0.0
US.NC,1.830564453679104e+16,4664427238661645.0,0.0
US.ND,3981629030662144.0,942557809501117.5,0.0
US.OH,1.6540999241170944e+16,3578897163285126.5,0.0
US.OK,4624246869327872.0,703317744844987.2,0.0
US.OR,3399669820424192.0,335151090520040.3,0.0
US.PA,3.131828089965773e+16,8324701869237576.0,0.0
US.RI,0.0,0.0,0.0
US.SC,1.6599569710186496e+16,4464420744694232.5,0.0
US.SD,1.0534547607257088e+16,900339905055681.2,0.0
US.TN,1.908885544553677e+16,6600764446875481.0,0.0
US.TX,7853624189255680.0,746257862876031.2,0.0
US.UT,3725924126162944.0,848572242888314.1,0.0
US.VT,0.0,0.0,0.0
US.VA,2.329297988825907e+16,3939835163737868.0,0.0
US.WA,4144681021603840.0,683596073651534.6,0.0
US.WV,1.8889197448331264e+16,3297769433026360.0,0.0
US.WI,1.3996669204955136e+16,3381257416315816.5,0.0
US.WY,5464047193423872.0,667774041742519.4,0.0
