HASC_1,Max,Mean,Min
US.AL,5090961101160448.0,1191972631914615.0,0.0
US.AK,1502491095072768.0,9873786897479.664,0.0
US.AZ,4818928073179136.0,908040952691944.6,0.0
US.AR,1.3033429373288448e+16,2071729823318130.2,0.0
US.CA,7519802688012288.0,870892296350843.0,0.0
US.CO,429186518876160.0,205062715823445.34,0.0
US.CT,1.4549014884122624e+16,6106833443549831.0,0.0
US.DE,3421831046365184.0,427728880795648.0,0.0
US.DC,0,0,0
US.FL,4116872987410432.0,281189422513467.38,0.0
US.GA,5574721521319936.0,796563233587314.6,0.0
US.HI,1469649359208448.0,40356760316345.625,0.0
US.ID,3536902883901440.0,306181042359315.75,0.0
US.IL,1.264537156190208e+16,1662260256552667.5,0.0
US.IN,1.5580614489014272e+16,3450378938048886.5,0.0
US.IA,3120118183755776.0,1305746128189320.8,0.0
US.KS,5106662427852800.0,2068320583949580.8,0.0
US.KY,1.0505858299461632e+16,1607759526882792.5,0.0
US.LA,5166126250065920.0,1103744229880226.0,0.0
US.ME,1.3534917270962176e+16,3113678232987045.5,0.0
US.MD,0.0,0.0,0.0
US.MA,1.3978977160921088e+16,2457991830526678.5,0.0
US.MI,5144704026935296.0,171729383811995.75,0.0
US.MN,5230883082600448.0,738449776075001.5,0.0
US.MS,6478479814033408.0,1521226924609437.5,0.0
US.MO,1.0351350072213504e+16,1710727455750529.8,0.0
US.MT,3009122807054336.0,432023531180216.5,0.0
US.NE,2925543817216000.0,974489995752410.2,0.0
US.NV,2464811401084928.0,460989716236125.94,0.0
US.NH,1.0678580409270272e+16,2094076970359719.5,0.0
US.NJ,1.0291629625704448e+16,2247775631718045.0,0.0
US.NM,1511540993818624.0,445684752482505.0,0.0
US.NY,1.4205972624965632e+16,1584509529592016.0,0.0
US.NC,6825042335760384.0,211626637644282.25,0.0
US.ND,3811337603907584.0,953169593192896.8,0.0
US.OH,0.0,0.0,0.0
US.OK,4036969415835648.0,1334912988142445.8,0.0
US.OR,4510674512248832.0,545540932214012.2,0.0
US.PA,1.6285090057289728e+16,2729627402021546.5,0.0
US.RI,1.2150754538160128e+16,5301050406233702.0,0.0
US.SC,2838696088829952.0,26780151781414.64,0.0
US.SD,2489687046356992.0,631065431962214.9,0.0
US.TN,1.3033429373288448e+16,2881032996083846.0,0.0
US.TX,4606900033290240.0,223541169943705.78,0.0
US.UT,6225425172791296.0,751394244641731.8,0.0
US.VT,1.3663435577360384e+16,4231287949522577.5,0.0
US.VA,0.0,0.0,0.0
US.WA,9168415147163648.0,1306547132426625.5,0.0
US.WV,0.0,0.0,0.0
US.WI,5118040333090816.0,663826511208778.1,0.0
US.WY,866894521303040.0,186982449020928.0,0.0
