HASC_1,Max,Mean,Min
US.AL,3635446076669952.0,947328853704831.5,0.0
US.AK,3952353728266240.0,14796938629233.146,0.0
US.AZ,3377505910128640.0,1123445696624092.5,0.0
US.AR,0.0,0.0,0.0
US.CA,1.3127968045924352e+16,402324893109154.94,0.0
US.CO,3674527057838080.0,1183187625480007.8,0.0
US.CT,3170852216504320.0,450768543015393.9,0.0
US.DE,3089180460580864.0,1331210791866519.8,0.0
US.DC,3165668996284416.0,2865040076046336.0,2564411155808256.0
US.FL,2849737912877056.0,251026996656695.75,0.0
US.GA,3456618133979136.0,606196336224973.5,0.0
US.HI,1386964527874048.0,30287504444450.953,0.0
US.ID,2378803607240704.0,380806997259198.6,0.0
US.IL,5100851873972224.0,1030594517799320.2,0.0
US.IN,4575780847747072.0,1866747363932693.5,0.0
US.IA,0.0,0.0,0.0
US.KS,5204865781334016.0,1342041019539767.0,0.0
US.KY,3831276184272896.0,1033327640173495.4,0.0
US.LA,3699700666466304.0,97896418931045.38,0.0
US.ME,1454879906201600.0,66283692414050.61,0.0
US.MD,5090934257614848.0,1189026864783990.2,0.0
US.MA,1159093158936576.0,17562017559645.092,0.0
US.MI,5313641196814336.0,924626324011566.5,0.0
US.MN,2763995870134272.0,194310915337528.72,0.0
US.MS,2000775349796864.0,66076041231261.805,0.0
US.MO,961356622725120.0,10450104389468.16,0.0
US.MT,3779766104621056.0,1049213920365305.8,0.0
US.NE,3775285648424960.0,1266973683106884.2,0.0
US.NV,2551626917216256.0,46374096340756.055,0.0
US.NH,0.0,0.0,0.0
US.NJ,8531821537001472.0,1442345748693754.0,0.0
US.NM,2406105909035008.0,688687203518820.4,0.0
US.NY,8885201245569024.0,656739650164113.0,0.0
US.NC,3875285371977728.0,980521428125385.1,0.0
US.ND,5057770667638784.0,1660992260294948.5,0.0
US.OH,4826162408718336.0,945690317790274.5,0.0
US.OK,5360018790547456.0,842326295342925.9,0.0
US.OR,1635001439354880.0,73726860520526.77,0.0
US.PA,5090934257614848.0,1419559157482406.5,0.0
US.RI,0.0,0.0,0.0
US.SC,2534718436278272.0,686125902492454.0,0.0
US.SD,3813725337288704.0,1175510387628441.5,0.0
US.TN,3635446076669952.0,1260439117604128.2,0.0
US.TX,1.4435375418179584e+16,665016225272531.8,0.0
US.UT,3260836344758272.0,1015799296177718.2,0.0
US.VT,0.0,0.0,0.0
US.VA,4645866660954112.0,987249318248091.0,0.0
US.WA,1816228658151424.0,185819720552260.12,0.0
US.WV,2358142935498752.0,544218180314599.1,0.0
US.WI,4550101238284288.0,780834733180792.1,0.0
US.WY,3674527057838080.0,1138492932989604.0,0.0
