HASC_1,Max,Mean,Min
US.AL,3822888381579264.0,856577369196280.4,0.0
US.AK,6709543685849088.0,15830421375078.19,0.0
US.AZ,4839590087098368.0,800021294968318.0,0.0
US.AR,3929761931853824.0,1203538984863042.8,0.0
US.CA,1.8856940096454656e+16,673677096512389.1,0.0
US.CO,2861188027252736.0,1224878485879394.8,0.0
US.CT,3695166791614464.0,1770808797386069.2,0.0
US.DE,2660775457980416.0,1765354775323794.2,0.0
US.DC,3249538701721600.0,3237709959135232.0,3225881216548864.0
US.FL,1671784613019648.0,30979605111685.254,0.0
US.GA,0.0,0.0,0.0
US.HI,1167705507889152.0,23856547484625.22,0.0
US.ID,1721508791582720.0,86381827659518.47,0.0
US.IL,6450170073972736.0,460082221927058.94,0.0
US.IN,0.0,0.0,0.0
US.IA,6316802749497344.0,1506922060250346.5,0.0
US.KS,6190401861976064.0,1515428215889064.0,0.0
US.KY,2474196173062144.0,83519752362085.83,0.0
US.LA,4057517881556992.0,792066973667559.9,0.0
US.ME,3366491466498048.0,861345732476215.6,0.0
US.MD,4302670588280832.0,1302461863282460.5,0.0
US.MA,3615630171308032.0,927560018019207.0,0.0
US.MI,3236582396002304.0,188930126288191.22,0.0
US.MN,4948528174465024.0,835931231653525.1,0.0
US.MS,4903608185257984.0,1026900696040373.8,0.0
US.MO,8154235929624576.0,910668816472650.9,0.0
US.MT,2583031986520064.0,833222360848986.4,0.0
US.NE,4639427431235584.0,1340561809058996.0,0.0
US.NV,1.7325622120415232e+16,699688864682525.5,0.0
US.NH,3615630171308032.0,935020346192933.9,0.0
US.NJ,3263144352808960.0,1168143000106077.0,0.0
US.NM,2742801548705792.0,773080160959087.2,0.0
US.NY,5054211750363136.0,942506604661816.1,0.0
US.NC,3805890243198976.0,942148112896752.9,0.0
US.ND,4431296805732352.0,1495963052041206.2,0.0
US.OH,2741163018682368.0,81512778170368.0,0.0
US.OK,3202886766952448.0,976775294324063.5,0.0
US.OR,2901407443189760.0,584925327077353.2,0.0
US.PA,3907906722332672.0,1481136938063510.5,0.0
US.RI,2246215282458624.0,1079362440369205.9,0.0
US.SC,4402735273213952.0,747623059409392.1,0.0
US.SD,4091238475104256.0,1206525108998528.8,0.0
US.TN,2546079698518016.0,626067978120630.9,0.0
US.TX,6274759851507712.0,681592863800406.2,0.0
US.UT,1949833816440832.0,64885000430702.27,0.0
US.VT,2615573343109120.0,993808909243898.9,0.0
US.VA,4420674009432064.0,711805476157667.5,0.0
US.WA,1.3610270324686848e+16,1121119681971700.1,0.0
US.WV,3266168815091712.0,183535403008000.0,0.0
US.WI,3996923409203200.0,316910831509442.4,0.0
US.WY,2449154366242816.0,1270431868520719.8,0.0
