HASC_1,Max,Mean,Min
US.AL,0.0,0.0,0.0
US.AK,1430347053006848.0,9495185921035.611,0.0
US.AZ,0.0,0.0,0.0
US.AR,3191519062261760.0,1060628928518902.2,0.0
US.CA,1.1088212915126272e+16,513114540816217.94,0.0
US.CO,3787189150285824.0,1037204707017877.2,0.0
US.CT,6882652342714368.0,1913443713024000.0,0.0
US.DE,5639830004301824.0,2834219400317220.5,0.0
US.DC,5527407624716288.0,5424087354572800.0,5320767084429312.0
US.FL,2291486116806656.0,67700485724548.52,0.0
US.GA,0.0,0.0,0.0
US.HI,1625025572503552.0,42961985418232.3,0.0
US.ID,591990441902080.0,3958414613430.103,0.0
US.IL,0.0,0.0,0.0
US.IN,0.0,0.0,0.0
US.IA,2892194469904384.0,615879540318557.4,0.0
US.KS,3536834164424704.0,1253087467683725.0,0.0
US.KY,1827230351097856.0,10623432273824.744,0.0
US.LA,3499491302834176.0,721529342170184.8,0.0
US.ME,2452518936248320.0,121489855054228.55,0.0
US.MD,5527407624716288.0,1817756122072860.5,0.0
US.MA,5115471405776896.0,1060303583430428.5,0.0
US.MI,5996617769418752.0,888807315212211.0,0.0
US.MN,5407042776858624.0,414765154979180.6,0.0
US.MS,3370649531711488.0,711732726879215.2,0.0
US.MO,3091576783896576.0,535806062447209.1,0.0
US.MT,5583256158208000.0,1046911418365386.0,0.0
US.NE,5548767033950208.0,979247955243283.5,0.0
US.NV,3725895135133696.0,412358479589505.4,0.0
US.NH,4571119197618176.0,635997491241316.1,0.0
US.NJ,1.3790644992475136e+16,2720104408916712.5,0.0
US.NM,2223900779872256.0,968032983339352.5,0.0
US.NY,1.4158290971787264e+16,1028077093930641.0,0.0
US.NC,6924355938287616.0,1625435442589180.0,0.0
US.ND,5502095234957312.0,1573066824014416.5,0.0
US.OH,5258123912675328.0,1419918624477541.5,0.0
US.OK,3848938968842240.0,996011105988941.8,0.0
US.OR,3627080554119168.0,469891500047576.94,0.0
US.PA,5333626216513536.0,1939209017332422.0,0.0
US.RI,3478205713350656.0,1520130112199065.5,0.0
US.SC,3645236723056640.0,513732725283225.6,0.0
US.SD,7948115080380416.0,1182836549367625.2,0.0
US.TN,0.0,0.0,0.0
US.TX,7682424645353472.0,783124613812292.9,0.0
US.UT,0.0,0.0,0.0
US.VT,5115471405776896.0,807563840934323.8,0.0
US.VA,5448742077464576.0,1710904312434491.0,0.0
US.WA,1.1553817434783744e+16,1628697751208710.5,0.0
US.WV,5258123912675328.0,1178778289299081.2,0.0
US.WI,2475458893447168.0,53067386066498.78,0.0
US.WY,3692739866656768.0,697566283696530.0,0.0
