HASC_1,Max,Mean,Min
US.AL,8700504230068224.0,1470677537943374.0,0.0
US.AK,1567436100861952.0,8947631148082.748,0.0
US.AZ,7305574014255104.0,1083026988723620.2,0.0
US.AR,4271258271219712.0,1546274373065079.5,0.0
US.CA,1.0013908450410496e+16,697648753807693.2,0.0
US.CO,1314775120216064.0,490819880065433.6,0.0
US.CT,2.662272844641075e+16,6345614175000843.0,0.0
US.DE,688198380421120.0,171242180400469.34,0.0
US.DC,0,0,0
US.FL,4959004673441792.0,124072902520913.55,0.0
US.GA,3427704951013376.0,486317371235970.0,0.0
US.HI,1471667322748928.0,47563440667708.234,0.0
US.ID,3409757893296128.0,375354371708705.94,0.0
US.IL,1.1693851622244352e+16,2542115852600223.5,0.0
US.IN,9852298494738432.0,1424139026029876.2,0.0
US.IA,7947344133750784.0,1665150666577150.8,0.0
US.KS,3723210780573696.0,1442647176570657.8,0.0
US.KY,2759913772154880.0,348383092134110.8,0.0
US.LA,1.162294922838016e+16,1629341904768417.5,0.0
US.ME,8994947323658240.0,1949472460114574.5,0.0
US.MD,1861561501089792.0,94861597175454.03,0.0
US.MA,1.8096486071926784e+16,2269468561042180.0,0.0
US.MI,7657443504947200.0,110010249677149.66,0.0
US.MN,1.3953186956050432e+16,1536147222298092.0,0.0
US.MS,1.162294922838016e+16,1955639570794875.2,0.0
US.MO,7849073671405568.0,1230870955623349.8,0.0
US.MT,2598213622169600.0,483280323507387.25,0.0
US.NE,2728665469157376.0,790093728094132.1,0.0
US.NV,2859301999738880.0,520878395305318.6,0.0
US.NH,1.417296794877952e+16,3865118198894428.0,0.0
US.NJ,1.380896947044352e+16,1619810600776352.5,0.0
US.NM,2248558052900864.0,230954739957760.0,0.0
US.NY,2.6867829345091584e+16,1895797568889299.2,0.0
US.NC,0.0,0.0,0.0
US.ND,2479518442848256.0,1034318427628736.6,0.0
US.OH,4030748424142848.0,29953620037900.297,0.0
US.OK,7167223453974528.0,1632598806887620.2,0.0
US.OR,3404321001570304.0,584805614396072.2,0.0
US.PA,8796282537639936.0,2134532517918687.5,0.0
US.RI,4167381265940480.0,1919997309458841.5,0.0
US.SC,0.0,0.0,0.0
US.SD,2576010251862016.0,814069273720114.8,0.0
US.TN,4896767912968192.0,1142705729192763.5,0.0
US.TX,8982630431195136.0,689354607808132.2,0.0
US.UT,4195124607188992.0,612497448123642.0,0.0
US.VT,1.1057730458484736e+16,2386870528901120.0,0.0
US.VA,2814179610198016.0,54744447605338.35,0.0
US.WA,6709168413081600.0,1508288659290377.8,0.0
US.WV,0.0,0.0,0.0
US.WI,1.7535153173692416e+16,3287595581956408.0,0.0
US.WY,1412540387033088.0,538280295079025.75,0.0
