HASC_1,Max,Mean,Min
SE.BL,0.008297269232571125,0.008051364496350289,0.007856592535972595
SE.KO,0.008812968619167805,0.007770546396533328,0.006490930449217558
SE.GV,0.007869069464504719,0.006843389117751609,0.0056809429079294205
SE.GT,0.007830207236111164,0.007565280319088035,0.007297024130821228
SE.HA,0.00864496361464262,0.008435067534446717,0.008104388602077961
SE.JA,0.007803345564752817,0.007182482928037644,0.005292877089232206
SE.JO,0.008374914526939392,0.007378525703268892,0.006188536062836647
SE.KA,0.007935826666653156,0.006971696624532342,0.006188536062836647
SE.KR,0.00837467610836029,0.007586543548053929,0.0063430313020944595
SE.NB,0.006586853880435228,0.005608096024999866,0.003876312868669629
SE.OR,0.008595610968768597,0.007813115171822054,0.006916349288076162
SE.OG,0.007657354231923819,0.006849835254251957,0.006188536062836647
SE.SN,0.008787140250205994,0.008398389587035546,0.007917866110801697
SE.SD,0.007650678511708975,0.0069282167177233435,0.006617371458560228
SE.ST,0.007157310843467712,0.006579261862983307,0.005869690794497728
SE.UP,0.007142130751162767,0.00630523528282841,0.005869690794497728
SE.VR,0.008854612708091736,0.008471278590150177,0.008041605353355408
SE.VB,0.007643207907676697,0.006340614511843836,0.004551236052066088
SE.VN,0.007682388182729483,0.007104895274656324,0.006132269278168678
SE.VM,0.007862155325710773,0.0071006535383110695,0.006443564314395189
SE.VG,0.008683507330715656,0.008193310483225755,0.0072037228383123875
