HASC_1,Max,Mean,Min
SE.BL,0.00997599121183157,0.009819969907402993,0.009642045944929123
SE.KO,0.00716702314093709,0.006227538485320345,0.00548092694953084
SE.GV,0.00766746373847127,0.006675761468200521,0.006075066048651934
SE.GT,0.009971381165087223,0.009653454646468163,0.009168229065835476
SE.HA,0.009919565171003342,0.009700013510882854,0.009439707733690739
SE.JA,0.007363241631537676,0.006374791590496897,0.00548092694953084
SE.JO,0.009689888916909695,0.009023303001680794,0.008259615860879421
SE.KA,0.009861867874860764,0.009232378331944346,0.008292040787637234
SE.KR,0.009790024720132351,0.009487215828682696,0.009182136505842209
SE.NB,0.008657854050397873,0.0076651566690116215,0.00596610875800252
SE.OR,0.008129360154271126,0.007374992194984641,0.006534100975841284
SE.OG,0.008777937851846218,0.008267965726554393,0.007230045273900032
SE.SN,0.010107121430337429,0.009784571396616789,0.009518704377114773
SE.SD,0.008594275452196598,0.007565844390127394,0.006632885430008173
SE.ST,0.009068570099771023,0.007589606661349535,0.006308477837592363
SE.UP,0.0072374362498521805,0.006739611310573916,0.006308477837592363
SE.VR,0.00823140237480402,0.007103852112777531,0.005818130448460579
SE.VB,0.008278768509626389,0.007351088010820381,0.006537438835948706
SE.VN,0.008008243516087532,0.007186656119301915,0.0061157564632594585
SE.VM,0.007478874642401934,0.006854232188991525,0.006486973259598017
SE.VG,0.009762685745954514,0.008637892298533447,0.007421336602419615
