HASC_1,Max,Mean,Min
SE.BL,0.005123986396938562,0.004989693313837052,0.004863236099481583
SE.KO,0.00497576966881752,0.004537992164372436,0.003985974937677383
SE.GV,0.004845751915127039,0.004672683669592847,0.004485024604946375
SE.GT,0.005059057381004095,0.004786844934440321,0.004555834922939539
SE.HA,0.0053649484179914,0.0051565386820584536,0.004918072372674942
SE.JA,0.004605386406183243,0.004002100792713463,0.0034032005351036787
SE.JO,0.005117390304803848,0.004517190267934519,0.004001750145107508
SE.KA,0.005013121757656336,0.0044483927194960415,0.004001750145107508
SE.KR,0.005030923988670111,0.0046379192000521085,0.004063460975885391
SE.NB,0.0037571724969893694,0.0029137843603625744,0.0020754276774823666
SE.OR,0.005037678871303797,0.0048349664679595405,0.00463081756606698
SE.OG,0.004892561584711075,0.004438835072020689,0.004001750145107508
SE.SN,0.005270852241665125,0.005088303202333359,0.004740530159324408
SE.SD,0.004892561584711075,0.004746433088762892,0.004604710731655359
SE.ST,0.004839076194912195,0.004693593333164851,0.004604710731655359
SE.UP,0.004977041389793158,0.004755980878447493,0.004605585243552923
SE.VR,0.005060169845819473,0.004784437109871457,0.004286819603294134
SE.VB,0.004353815224021673,0.003632368814004095,0.002961530117318034
SE.VN,0.004685415420681238,0.004315017033010148,0.00371914473362267
SE.VM,0.004977041389793158,0.00487057657235048,0.004751735832542181
SE.VG,0.005478037986904383,0.004957559019593256,0.004436824470758438
