HASC_1,Max,Mean,Min
SE.BL,0.011095401830971241,0.0107598677277565,0.010505554266273975
SE.KO,0.009243764914572239,0.008182010222827234,0.006233571097254753
SE.GV,0.009258308447897434,0.008083775639533997,0.006925382185727358
SE.GT,0.010801988653838634,0.01058582216501236,0.010429896414279938
SE.HA,0.010428465902805328,0.010154904425144195,0.009674745611846447
SE.JA,0.007602809462696314,0.006056574014946818,0.005078353453427553
SE.JO,0.010374662466347218,0.009977882837547976,0.009384192526340485
SE.KA,0.010806597769260406,0.010323298571165651,0.00977273564785719
SE.KR,0.01067324262112379,0.010345467831939459,0.010079421103000641
SE.NB,0.0071792989037930965,0.005771156546255254,0.004629093687981367
SE.OR,0.009625472128391266,0.009308864029922656,0.008911886252462864
SE.OG,0.010140456259250641,0.009774700986842315,0.009418286383152008
SE.SN,0.010968722403049469,0.010552847041533543,0.010292169637978077
SE.SD,0.010132190771400928,0.009661800228059292,0.009402868337929249
SE.ST,0.01021833997219801,0.009827026290198167,0.009382206946611404
SE.UP,0.0098837586119771,0.009356013654420773,0.00889646913856268
SE.VR,0.009427107870578766,0.008995763142593205,0.007935323752462864
SE.VB,0.007127879187464714,0.005840787623208343,0.0047701578587293625
SE.VN,0.007631578948348761,0.006514519972440142,0.005680916365236044
SE.VM,0.009686189703643322,0.009333157234571197,0.008967279456555843
SE.VG,0.01009881217032671,0.009481705725193024,0.009148715063929558
