HASC_1,Max,Mean,Min
SE.BL,0.008513806387782097,0.007896047364920378,0.0073282294906675816
SE.KO,0.006479061674326658,0.005657357644409903,0.004583077039569616
SE.GV,0.007787185255438089,0.006402966100722551,0.0054747615940868855
SE.GT,0.008489726111292839,0.008132962820430597,0.007820007391273975
SE.HA,0.007782973349094391,0.007155860774219036,0.006523327901959419
SE.JA,0.006536122877150774,0.005148219130933285,0.004583077039569616
SE.JO,0.007022020872682333,0.0063339487978202455,0.005956924054771662
SE.KA,0.00794732291251421,0.006785290403058752,0.005956924054771662
SE.KR,0.007690466940402985,0.006737552915832826,0.006101327016949654
SE.NB,0.007649300154298544,0.0051583162922826074,0.0042997561395168304
SE.OR,0.006298975553363562,0.0061577183992734975,0.005939678754657507
SE.OG,0.007049359381198883,0.006252796916911999,0.005956924054771662
SE.SN,0.008628247305750847,0.007668129025170436,0.006800609175115824
SE.SD,0.00747167831286788,0.006458054141451915,0.0060544367879629135
SE.ST,0.008613623678684235,0.00745194765428702,0.006502029951661825
SE.UP,0.007976330816745758,0.0069420838650936885,0.006398236844688654
SE.VR,0.006337281782180071,0.005886147147975862,0.005016918759793043
SE.VB,0.008183754980564117,0.00589192126828589,0.00432717427611351
SE.VN,0.007771131116896868,0.006330337070931609,0.005252635106444359
SE.VM,0.006686405744403601,0.00632987611673095,0.0060544367879629135
SE.VG,0.007443147245794535,0.0064783037440585235,0.005939678754657507
