HASC_1,Max,Mean,Min
SE.BL,0.010652300901710987,0.010188847407698631,0.009835162200033665
SE.KO,0.009983140043914318,0.008404667984934585,0.0061177401803433895
SE.GV,0.009407280012965202,0.00764830319464884,0.006213186774402857
SE.GT,0.010436293669044971,0.010267105160488023,0.010146218352019787
SE.HA,0.010872122831642628,0.010412531625479459,0.009893812239170074
SE.JA,0.007298069540411234,0.005776740591973067,0.005231696646660566
SE.JO,0.010385590605437756,0.009966515935957432,0.009747105650603771
SE.KA,0.010188020765781403,0.009843694802839309,0.009540953673422337
SE.KR,0.010318674147129059,0.009897025501621621,0.009540953673422337
SE.NB,0.006842849310487509,0.0054803310253779694,0.005052246619015932
SE.OR,0.010007299482822418,0.009909933965120996,0.009586570784449577
SE.OG,0.010082162916660309,0.009913648664951324,0.009747105650603771
SE.SN,0.01107239443808794,0.01033729536888691,0.00976888183504343
SE.SD,0.01013890653848648,0.009936657009853257,0.009636797942221165
SE.ST,0.010216948576271534,0.009685614829262097,0.008811074309051037
SE.UP,0.009886818937957287,0.009229452659686407,0.008386132307350636
SE.VR,0.010240155272185802,0.009663122550894817,0.00821590144187212
SE.VB,0.006957210600376129,0.0055144232403683035,0.005162555258721113
SE.VN,0.006690738257020712,0.005967658245936036,0.005390801001340151
SE.VM,0.00998758990317583,0.009705389426513151,0.009162661619484425
SE.VG,0.010632909834384918,0.010183990367555193,0.009923535399138927
