HASC_1,Max,Mean,Min
SE.BL,0.004653040785342455,0.004494929406791926,0.00429827393963933
SE.KO,0.004057391546666622,0.0035728349485584805,0.00305217900313437
SE.GV,0.0036990875378251076,0.003429816601882604,0.0031101545318961143
SE.GT,0.004399442579597235,0.004301850063105424,0.0041734217666089535
SE.HA,0.00503534497693181,0.004620818328112364,0.004295690916478634
SE.JA,0.0035623544827103615,0.003185875304043293,0.0029245854821056128
SE.JO,0.004596257116645575,0.003950563423773821,0.003553215181455016
SE.KA,0.004516267683357,0.0039836479263613,0.0035373603459447622
SE.KR,0.004427456762641668,0.004124245207224574,0.0037456585559993982
SE.NB,0.003805740736424923,0.0025408417009983703,0.0019683081191033125
SE.OR,0.00396548118442297,0.003760014910117856,0.0035596920643001795
SE.OG,0.0038098336663097143,0.00364814813559254,0.0035373603459447622
SE.SN,0.004696830175817013,0.004498004340208494,0.004144175909459591
SE.SD,0.003938221838325262,0.0036234560215638745,0.0033934356179088354
SE.ST,0.00409228028729558,0.003667918670301636,0.0033384005073457956
SE.UP,0.0035988723393529654,0.0034542055412506065,0.0033384005073457956
SE.VR,0.0050643919967114925,0.004146599657057474,0.003464484354481101
SE.VB,0.004016661550849676,0.0030538701337941908,0.0025080281775444746
SE.VN,0.0036331648007035255,0.0031920772027940704,0.003011727472767234
SE.VM,0.0038190914783626795,0.003584827444600788,0.0033934356179088354
SE.VG,0.005375925451517105,0.004516734625212848,0.003658953821286559
