HASC_1,Max,Mean,Min
SE.BL,0.005077804438769817,0.004870539251714945,0.004696096293628216
SE.KO,0.003751760348677635,0.0033913097764936184,0.0031850391533225775
SE.GV,0.003586774691939354,0.003343650817193768,0.003163660876452923
SE.GT,0.004728918429464102,0.004578891675919294,0.0044563268311321735
SE.HA,0.005331640597432852,0.004947862355038524,0.0045124744065105915
SE.JA,0.0035216466058045626,0.003276807232759893,0.002954687224701047
SE.JO,0.004886354319751263,0.0042695469935150705,0.003780728206038475
SE.KA,0.004882778041064739,0.004248490527970716,0.003780728206038475
SE.KR,0.004886354319751263,0.004493900441697666,0.003966694697737694
SE.NB,0.0036305245012044907,0.0030201401613238785,0.0022680016700178385
SE.OR,0.004137521609663963,0.0038541299124647465,0.003473009215667844
SE.OG,0.00425621448084712,0.004011453874409199,0.003780728206038475
SE.SN,0.005243902560323477,0.004961572265109191,0.004612649790942669
SE.SD,0.00434148870408535,0.004007596729530228,0.0037234679330140352
SE.ST,0.004448538646101952,0.004067868956675132,0.00370129500515759
SE.UP,0.00397527776658535,0.003721219584501038,0.0034600950311869383
SE.VR,0.004226610530167818,0.003759725805139169,0.0033379450906068087
SE.VB,0.003959978930652142,0.0033916045151846973,0.0027286263648420572
SE.VN,0.0038431144785135984,0.003433867277076038,0.0031333817169070244
SE.VM,0.0039466675370931625,0.0037198338911614633,0.003447736846283078
SE.VG,0.005100215785205364,0.004419425934819239,0.0040089343674480915
