HASC_1,Max,Mean,Min
SE.BL,0.009054607711732388,0.008834213390946389,0.008548206649720669
SE.KO,0.00767567427828908,0.007013265464094377,0.00607350142672658
SE.GV,0.008152749389410019,0.007322850954634222,0.006734317634254694
SE.GT,0.009350564330816269,0.009117726443542374,0.008846945129334927
SE.HA,0.009576267562806606,0.009144109860062598,0.00864579901099205
SE.JA,0.007868952117860317,0.0067681514471769335,0.00607350142672658
SE.JO,0.008983876556158066,0.008197483606636524,0.007579353172332048
SE.KA,0.009000725112855434,0.008132782153552398,0.007579353172332048
SE.KR,0.008983876556158066,0.008399064320006542,0.00768950255587697
SE.NB,0.00905031617730856,0.0076840084159012995,0.006044573616236448
SE.OR,0.008173651061952114,0.007699624003310289,0.007117854431271553
SE.OG,0.008486376143991947,0.007881763329108556,0.00747285969555378
SE.SN,0.009834077209234238,0.009195402766076418,0.008548206649720669
SE.SD,0.008539941161870956,0.007619734284364515,0.007031228858977556
SE.ST,0.008966710418462753,0.007786549503604571,0.006946511100977659
SE.UP,0.007639037445187569,0.007192876810828845,0.006946511100977659
SE.VR,0.008835420943796635,0.007903304242063314,0.006792571395635605
SE.VB,0.00846412405371666,0.007598793281144218,0.006696329917758703
SE.VN,0.008376147598028183,0.007623072391232619,0.006639348343014717
SE.VM,0.007724391296505928,0.007253825241191821,0.007031228858977556
SE.VG,0.009412712417542934,0.00859759608283639,0.007894781418144703
