HASC_1,Max,Mean,Min
SE.BL,0.0049814810045063496,0.004902071598917246,0.004852973390370607
SE.KO,0.004544221330434084,0.00409524951640877,0.003722432069480419
SE.GV,0.0044240583665668964,0.00403592903802002,0.003816726617515087
SE.GT,0.004798057489097118,0.004651191644370556,0.004490259103477001
SE.HA,0.005233250558376312,0.005089095048606396,0.004915439058095217
SE.JA,0.0038573769852519035,0.0037098895665258168,0.003322127042338252
SE.JO,0.005105935502797365,0.004667813204886282,0.004405024461448193
SE.KA,0.0048867492005229,0.004563736729323864,0.004387182649224997
SE.KR,0.004972659517079592,0.004732075147330761,0.0044158329255878925
SE.NB,0.0036986300256103277,0.002759381450214094,0.0018349518068134785
SE.OR,0.004701259545981884,0.004554498774398651,0.0043664006516337395
SE.OG,0.004622859414666891,0.00450436028962334,0.004387182649224997
SE.SN,0.005176427774131298,0.004992869897530629,0.004785341676324606
SE.SD,0.004622382577508688,0.004525867446015279,0.0044246939942240715
SE.ST,0.004686716012656689,0.004477612301707267,0.004320584703236818
SE.UP,0.004504603799432516,0.00437324521287034,0.0042528738267719746
SE.VR,0.0051517910324037075,0.0045323234420114504,0.0038989016320556402
SE.VB,0.004201375413686037,0.003511104908396016,0.002738319570198655
SE.VN,0.00406452314928174,0.0038045428048532745,0.003605646314099431
SE.VM,0.004622382577508688,0.004488395146009597,0.00435734074562788
SE.VG,0.005386315751820803,0.004968072587092008,0.0045472015626728535
