HASC_1,Max,Mean,Min
SE.BL,0.00588254677131772,0.005664346180856228,0.005456492770463228
SE.KO,0.0037139311898499727,0.003272280051943756,0.0027985626365989447
SE.GV,0.0034966524690389633,0.003165243384004994,0.0029635485261678696
SE.GT,0.005289122927933931,0.005052942730900314,0.004681234713643789
SE.HA,0.005459195002913475,0.005304620135575533,0.005083923693746328
SE.JA,0.0032927251886576414,0.0030046073673292996,0.0026420403737574816
SE.JO,0.0053451512940227985,0.0050517046714530275,0.004675989504903555
SE.KA,0.005626485217362642,0.005209511000430211,0.004877493251115084
SE.KR,0.005593663081526756,0.005280789619843874,0.0051353429444134235
SE.NB,0.0034698303788900375,0.002547502330730133,0.0018239269265905023
SE.OR,0.00455773388966918,0.003996147824052189,0.0034628764260560274
SE.OG,0.005026147235184908,0.004703627744068702,0.003960337024182081
SE.SN,0.0060166181065142155,0.005609722808003426,0.0052758511155843735
SE.SD,0.004558171145617962,0.004217157683645685,0.0037265673745423555
SE.ST,0.004540766589343548,0.004083562114586433,0.003667360171675682
SE.UP,0.0040958779864013195,0.0037190936078938344,0.0033851517364382744
SE.VR,0.004712308757007122,0.0038996360769184926,0.0031293686479330063
SE.VB,0.0033651646226644516,0.002898273965049731,0.002485916018486023
SE.VN,0.0031683898996561766,0.0030351933270979384,0.002901718718931079
SE.VM,0.004062697757035494,0.0037409195210784674,0.0034234579652547836
SE.VG,0.005296673160046339,0.004786542134492525,0.004231220111250877
