HASC_1,Max,Mean,Min
SE.BL,0.012607049196958542,0.011859591118991375,0.011082123965024948
SE.KO,0.012258481234312057,0.011092968194955779,0.009090057574212551
SE.GV,0.012258481234312057,0.011204591613601555,0.010033241473138332
SE.GT,0.011991452425718307,0.011617665075593524,0.011152059771120548
SE.HA,0.011285574175417423,0.010500620864331723,0.009639055468142033
SE.JA,0.01071146223694086,0.00904715628363192,0.007519991602748632
SE.JO,0.010595432482659817,0.009798122953404398,0.008968464098870754
SE.KA,0.012320946902036667,0.010141905397176743,0.008964807726442814
SE.KR,0.011528920382261276,0.010122648107686214,0.008968464098870754
SE.NB,0.009892097674310207,0.007405849173665047,0.006285142153501511
SE.OR,0.01206838246434927,0.010719409944223506,0.00946930143982172
SE.OG,0.010624677874147892,0.00977022306372722,0.009324740618467331
SE.SN,0.012562385760247707,0.011249860605368247,0.010101746767759323
SE.SD,0.010932397097349167,0.010072509654694133,0.009324740618467331
SE.ST,0.01205169316381216,0.010841257746020953,0.009640009142458439
SE.UP,0.011900694109499454,0.010824446488792697,0.009640009142458439
SE.VR,0.01206838246434927,0.011213274051745733,0.010142437182366848
SE.VB,0.010279289446771145,0.008405928467318677,0.006714692804962397
SE.VN,0.010479878634214401,0.009646599682477804,0.008708111010491848
SE.VM,0.011862706393003464,0.010848257182673975,0.00974268838763237
SE.VG,0.011907369829714298,0.010501356130199773,0.009430677630007267
