HASC_1,Max,Mean,Min
SE.BL,0.010297083295881748,0.009711463563144207,0.009310824796557426
SE.KO,0.010470811277627945,0.009945666838076806,0.00895128957927227
SE.GV,0.010418039746582508,0.010068128986114805,0.009437663480639458
SE.GT,0.009709938429296017,0.00949924656500419,0.00927792303264141
SE.HA,0.010409299284219742,0.010111069399863481,0.009631418623030186
SE.JA,0.010600510984659195,0.00996648844331503,0.009023768827319145
SE.JO,0.01015911903232336,0.009637664017431876,0.008891048841178417
SE.KA,0.009733302518725395,0.009062218887265772,0.008310499601066113
SE.KR,0.01004881039261818,0.009380965294050319,0.008682512678205967
SE.NB,0.010087434202432632,0.009030489570865727,0.008016848005354404
SE.OR,0.010050558485090733,0.009503415918775968,0.008439484052360058
SE.OG,0.010082983411848545,0.009010131284594537,0.00813224259763956
SE.SN,0.010593199171125889,0.009882944206205698,0.009310824796557426
SE.SD,0.009204649366438389,0.008637990078164471,0.00813224259763956
SE.ST,0.009655737318098545,0.008950505654017131,0.00838401261717081
SE.UP,0.00980848353356123,0.008971263887360692,0.00838401261717081
SE.VR,0.010470811277627945,0.01021625283950319,0.009767952375113964
SE.VB,0.010600510984659195,0.009682817793075452,0.008565845899283886
SE.VN,0.010600510984659195,0.010349489354456846,0.009894314222037792
SE.VM,0.00971438828855753,0.009051721712405031,0.008366210386157036
SE.VG,0.010402464307844639,0.010142389452084899,0.009777171537280083
