HASC_1,Max,Mean,Min
SE.BL,0.010802171193063259,0.010197858139872552,0.009635032154619694
SE.KO,0.010127921588718891,0.00975638348609209,0.009066006168723106
SE.GV,0.010581235401332378,0.010075787336311558,0.009717046283185482
SE.GT,0.01088736578822136,0.01065574638131592,0.010329307056963444
SE.HA,0.010650060139596462,0.010064216796308756,0.009266912005841732
SE.JA,0.0104561448097229,0.00935068504884839,0.008124171756207943
SE.JO,0.010044156573712826,0.00955644660793683,0.009391048923134804
SE.KA,0.010707915760576725,0.009777963277883828,0.009305855259299278
SE.KR,0.010058938525617123,0.009526772091963462,0.0092313876375556
SE.NB,0.011436045169830322,0.008641986345702951,0.006135920062661171
SE.OR,0.01014731265604496,0.00979890428217394,0.009486894123256207
SE.OG,0.010096450336277485,0.009649633305768172,0.009391208179295063
SE.SN,0.010405122302472591,0.009745589958933683,0.009187757037580013
SE.SD,0.010236640460789204,0.009713709871802065,0.009503425098955631
SE.ST,0.010927896946668625,0.009938491011659304,0.009254992939531803
SE.UP,0.009954034350812435,0.00963533615383009,0.009254992939531803
SE.VR,0.010500013828277588,0.010051011534718176,0.009651084430515766
SE.VB,0.011158845387399197,0.00968580612945452,0.007465103641152382
SE.VN,0.010789296589791775,0.010315600173691144,0.009571771137416363
SE.VM,0.009823541156947613,0.009701283309947361,0.009503425098955631
SE.VG,0.010679464787244797,0.01007693463803402,0.009486576542258263
