HASC_1,Max,Mean,Min
SE.BL,0.004465651232749224,0.004129489092156291,0.0038661479484289885
SE.KO,0.00377928395755589,0.003564857291958986,0.003370634512975812
SE.GV,0.003791800932958722,0.0036507547430863433,0.0035288650542497635
SE.GT,0.004171681124716997,0.003981537909971343,0.003841829253360629
SE.HA,0.0046259877271950245,0.004172396496869624,0.003764581633731723
SE.JA,0.0038589953910559416,0.003580966666340828,0.003275227500125766
SE.JO,0.003989489749073982,0.0035765931585474927,0.003191264346241951
SE.KA,0.00401202030479908,0.003546607302268967,0.003191264346241951
SE.KR,0.003988694865256548,0.003654012074028807,0.003191264346241951
SE.NB,0.003882201388478279,0.003313038239462508,0.0029305138159543276
SE.OR,0.003870677901431918,0.003749493060500494,0.0036712009459733963
SE.OG,0.0038448490668088198,0.0036110532159606616,0.0032859165221452713
SE.SN,0.005006106570363045,0.004334386670961976,0.0037615217734128237
SE.SD,0.0039690653793513775,0.0037439230105115306,0.0036297955084592104
SE.ST,0.004020563792437315,0.0037467372758934895,0.0035120565444231033
SE.UP,0.00376720423810184,0.003629527365167936,0.0035120565444231033
SE.VR,0.003984085749834776,0.0036871187136663743,0.003346395445987582
SE.VB,0.0037708599120378494,0.003496230285810797,0.0033191360998898745
SE.VN,0.003788105444982648,0.0036284995551865836,0.0034862675238400698
SE.VM,0.0037602900993078947,0.0036856722171333704,0.003587953047826886
SE.VG,0.004341355990618467,0.003898498959772821,0.003514361334964633
