HASC_1,Max,Mean,Min
SE.BL,0.008863563649356365,0.008675388060510159,0.008418118581175804
SE.KO,0.008330539800226688,0.007145466463219735,0.006355639547109604
SE.GV,0.00837146770209074,0.0073543785520913925,0.006687915418297052
SE.GT,0.009112314321100712,0.00905611790302727,0.008994217030704021
SE.HA,0.008668060414493084,0.008406611159443855,0.00820910558104515
SE.JA,0.007181441877037287,0.006657126182690262,0.006130731198936701
SE.JO,0.008360978215932846,0.008176315849756493,0.00797275360673666
SE.KA,0.00899580679833889,0.008589347882661968,0.008060491643846035
SE.KR,0.00868920050561428,0.008296275644430093,0.0081467991694808
SE.NB,0.0075314403511583805,0.006253541997549209,0.0052599478513002396
SE.OR,0.008376793004572392,0.008102532276617629,0.00757729634642601
SE.OG,0.009063994511961937,0.008417069725692273,0.008060491643846035
SE.SN,0.008599872700870037,0.008401545624320324,0.0081467991694808
SE.SD,0.009214515797793865,0.008661393697063128,0.00820544920861721
SE.ST,0.009265219792723656,0.009015823279817899,0.008736963383853436
SE.UP,0.00909482967108488,0.00866774283349514,0.008022741414606571
SE.VR,0.008276975713670254,0.007656891616837432,0.006807919591665268
SE.VB,0.007707314100116491,0.0068800768308472215,0.0058071184903383255
SE.VN,0.007586594671010971,0.007127663299727898,0.006645476911216974
SE.VM,0.008855934254825115,0.00835183114660057,0.007777885999530554
SE.VG,0.008596534840762615,0.008184854839263218,0.007873729802668095
