HASC_1,Max,Mean,Min
SE.BL,0.011718791909515858,0.011351087130606174,0.011047564446926117
SE.KO,0.011640909127891064,0.011077789830103997,0.010215802118182182
SE.GV,0.01191779226064682,0.011351049666038969,0.01038174144923687
SE.GT,0.011404715478420258,0.010774654750194814,0.010321500711143017
SE.HA,0.01174104493111372,0.01142671350389719,0.011084598489105701
SE.JA,0.01174215693026781,0.010399466771632433,0.008606556802988052
SE.JO,0.011422835290431976,0.010944960419746005,0.00990999024361372
SE.KA,0.011317136697471142,0.010430160036776215,0.009806358255445957
SE.KR,0.011422835290431976,0.010925301217607089,0.009806358255445957
SE.NB,0.010671976022422314,0.008237889944340545,0.006334507372230291
SE.OR,0.011508348397910595,0.011126083587961537,0.010785463266074657
SE.OG,0.01128598302602768,0.010703383510311444,0.009984536096453667
SE.SN,0.012256029061973095,0.011616748972580982,0.011084598489105701
SE.SD,0.011864704079926014,0.010830391508837542,0.010371727868914604
SE.ST,0.012354734353721142,0.0111147773762544,0.00981589499861002
SE.UP,0.010901016183197498,0.010435941629111767,0.00981589499861002
SE.VR,0.011640909127891064,0.011301771582414707,0.011013232171535492
SE.VB,0.011932256631553173,0.010001709096525846,0.007290089037269354
SE.VN,0.01191779226064682,0.011396156874700235,0.010470114648342133
SE.VM,0.011054080910980701,0.010665502314540472,0.010371727868914604
SE.VG,0.011857393197715282,0.011345258448272943,0.011058054864406586
