HASC_1,Max,Mean,Min
SE.BL,0.006938060745596886,0.006797949783504009,0.006600618828088045
SE.KO,0.007943233475089073,0.007347901607112539,0.006756940856575966
SE.GV,0.00797057244926691,0.007745822891592979,0.00743182422593236
SE.GT,0.007154067978262901,0.0071156031141678495,0.00705639598891139
SE.HA,0.007094383705407381,0.0068648102227598425,0.006557465065270662
SE.JA,0.007917881943285465,0.007360275750979781,0.005780061706900597
SE.JO,0.006867806892842054,0.006673508844174007,0.006529648322612047
SE.KA,0.007009745109826326,0.0067739094665739685,0.006570180878043175
SE.KR,0.006827831733971834,0.006647047786308187,0.0064891185611486435
SE.NB,0.008674384094774723,0.007004927030077788,0.004662832710891962
SE.OR,0.007444778457283974,0.007015744922682643,0.006621042266488075
SE.OG,0.007410446181893349,0.006923490110784769,0.006633758079260588
SE.SN,0.006884494796395302,0.006697086402429984,0.0064891185611486435
SE.SD,0.007686058059334755,0.00731866429042485,0.00692359684035182
SE.ST,0.007798672188073397,0.007616710538665454,0.007410446181893349
SE.UP,0.00797057244926691,0.007756074463638167,0.007507959380745888
SE.VR,0.0075496044009923935,0.006994111715660741,0.006310781463980675
SE.VB,0.008128007873892784,0.0074223529694503855,0.005074183922261
SE.VN,0.007853747345507145,0.007723576622083783,0.007576704490929842
SE.VM,0.00793186854571104,0.007437453224239024,0.00692359684035182
SE.VG,0.007044236641377211,0.0066451089390154395,0.006227334961295128
