HASC_1,Max,Mean,Min
SE.BL,0.007017675321549177,0.006933338660746813,0.006791495252400637
SE.KO,0.00690498249605298,0.0063569870356830855,0.005463345441967249
SE.GV,0.00690498249605298,0.006501770197329196,0.005555772688239813
SE.GT,0.006504280958324671,0.006356355630689197,0.006131076719611883
SE.HA,0.007244649808853865,0.007148082228377461,0.007067981641739607
SE.JA,0.006649000570178032,0.006078788079321384,0.004387362394481897
SE.JO,0.007189813535660505,0.006826332688112469,0.006560945417732
SE.KA,0.0069391559809446335,0.0066459660010878,0.006335719022899866
SE.KR,0.007086657453328371,0.006928438520325082,0.006606720853596926
SE.NB,0.0069215926341712475,0.005136507008262355,0.003986183553934097
SE.OR,0.006774170324206352,0.006672717896955354,0.006568892393261194
SE.OG,0.006734513211995363,0.006597396607200305,0.006356461439281702
SE.SN,0.007168594282120466,0.007054874601845558,0.006984296720474958
SE.SD,0.006773534696549177,0.0065886808766259086,0.006118837743997574
SE.ST,0.006773534696549177,0.006211296344796817,0.005668226629495621
SE.UP,0.0068994988687336445,0.006599668025349577,0.006147686392068863
SE.VR,0.00681486027315259,0.006453451545288165,0.005994224455207586
SE.VB,0.007014893461018801,0.006117723506401505,0.004558546934276819
SE.VN,0.00663350336253643,0.006267736056962838,0.0052873133681714535
SE.VM,0.0068994988687336445,0.006752532144839113,0.006574773695319891
SE.VG,0.007228039670735598,0.006811596586235932,0.006464147474616766
