HASC_1,Max,Mean,Min
SE.BL,0.003964768256992102,0.0036933763418346643,0.003461625659838319
SE.KO,0.003433253848925233,0.003170187622609158,0.0026637576520442963
SE.GV,0.0036603074986487627,0.00337137332694097,0.003097162814810872
SE.GT,0.0040613277815282345,0.003887180497662889,0.00374617800116539
SE.HA,0.0038784209173172712,0.0035975281381979583,0.003289010375738144
SE.JA,0.0034172004088759422,0.0030520318821072577,0.0026637576520442963
SE.JO,0.0035108989104628563,0.003217585343757973,0.0031032823026180267
SE.KA,0.0038652680814266205,0.003371925442479551,0.0031057458836585283
SE.KR,0.0035955372732132673,0.0033092136062415583,0.0031057458836585283
SE.NB,0.0031834307592362165,0.0026988761824075923,0.002087936969473958
SE.OR,0.00346639403142035,0.0033504090804074493,0.0031936827581375837
SE.OG,0.0035389128606766462,0.0032909946671376626,0.0031225942075252533
SE.SN,0.004114216659218073,0.003691338701173663,0.0033302169758826494
SE.SD,0.003586358157917857,0.0033831152961485917,0.0033292239531874657
SE.ST,0.0037650130689144135,0.0034531590218345324,0.0032342933118343353
SE.UP,0.0034415984991937876,0.0033419362540977695,0.0032342933118343353
SE.VR,0.00357610615901649,0.0033009719433418163,0.00293746218085289
SE.VB,0.0036547842901200056,0.0029635400911629723,0.0024194580037146807
SE.VN,0.00367365893907845,0.003335893378019906,0.003064618678763509
SE.VM,0.0033814774360507727,0.0033568841066550126,0.0033292239531874657
SE.VG,0.004082308616489172,0.003444365699708994,0.00309072551317513
