HASC_1,Max,Mean,Min
SE.BL,0.0027593225240707397,0.0025906375143676997,0.0024409345351159573
SE.KO,0.002796277403831482,0.002312004573703293,0.0019957872573286295
SE.GV,0.0023112345952540636,0.0021695383633910255,0.0020385037641972303
SE.GT,0.0025129567366093397,0.0023298755339864227,0.0021738659124821424
SE.HA,0.002713387133553624,0.0025465419981628656,0.0023004463873803616
SE.JA,0.0032042113598436117,0.0025724575528874995,0.0020098143722862005
SE.JO,0.0024725249968469143,0.0021408508490661487,0.0019365799380466342
SE.KA,0.002600416773930192,0.0022492174175567925,0.002007032511755824
SE.KR,0.0025426994543522596,0.002305860464860286,0.002079432364553213
SE.NB,0.0030035425443202257,0.002033305617820735,0.001573110930621624
SE.OR,0.002142831915989518,0.0020372819687638965,0.0019673756323754787
SE.OG,0.00229102885350585,0.0020963282712424796,0.0019365799380466342
SE.SN,0.0029320174362510443,0.0026758150197565556,0.002345169661566615
SE.SD,0.0023097447119653225,0.0021847934565610355,0.002024695510044694
SE.ST,0.0023097447119653225,0.0022087240281204383,0.0021253477316349745
SE.UP,0.0022968302946537733,0.002210910141002387,0.002148911589756608
SE.VR,0.0028582261875271797,0.0023708717053523287,0.0019352686358615756
SE.VB,0.002666160464286804,0.0021537260209586015,0.0018646372482180595
SE.VN,0.0025284539442509413,0.00217101346844664,0.0019750946667045355
SE.VM,0.0022202383261173964,0.0021221417595039716,0.0019957872573286295
SE.VG,0.0028807371854782104,0.0023142086491653962,0.0019352686358615756
