HASC_1,Max,Mean,Min
SE.BL,0.004573436453938484,0.004439063742756844,0.004250180441886187
SE.KO,0.0032229546923190355,0.0020746412431640973,0.0012746179709210992
SE.GV,0.003179403720423579,0.0022339738471518185,0.0015398389659821987
SE.GT,0.004367124754935503,0.0042880320818059975,0.004213901702314615
SE.HA,0.004805894568562508,0.00440566148608923,0.004011643584817648
SE.JA,0.002595973666757345,0.0015380308288149536,0.001242034020833671
SE.JO,0.0044004241935908794,0.0038080197101568476,0.003541442332789302
SE.KA,0.004463922698050737,0.003943105228245258,0.0035113219637423754
SE.KR,0.004391721915453672,0.003958575128178511,0.0036865193396806717
SE.NB,0.0028654064517468214,0.0011416848888855917,0.0006664618849754333
SE.OR,0.003635060740634799,0.003260281402617693,0.0027282163500785828
SE.OG,0.0038960501551628113,0.0035835202783346177,0.0033592109102755785
SE.SN,0.004645280074328184,0.0043788380347765405,0.0038692280650138855
SE.SD,0.00406520813703537,0.00348233201334046,0.0031085137743502855
SE.ST,0.004245492164045572,0.0036044654281189043,0.0029832448344677687
SE.UP,0.0035465285181999207,0.0030731368654718003,0.0025469388347119093
SE.VR,0.003780099330469966,0.0028140156209701672,0.0014055296778678894
SE.VB,0.0031842913012951612,0.0017459992780922014,0.0009815717348828912
SE.VN,0.0031252827029675245,0.002126333348524685,0.0014284774661064148
SE.VM,0.0034109477419406176,0.00313652078197761,0.0027707938570529222
SE.VG,0.004900388419628143,0.003984138469344803,0.003319673240184784
