HASC_1,Max,Mean,Min
SE.BL,0.0036017827223986387,0.003511199448257685,0.003410531207919121
SE.KO,0.004199180286377668,0.0038371056904115022,0.003465486690402031
SE.GV,0.004231923725455999,0.004019311650402166,0.003722819732502103
SE.GT,0.0034755400847643614,0.003377633841915263,0.00326700322329998
SE.HA,0.00466671958565712,0.004166207020170986,0.0038636059034615755
SE.JA,0.004018539097160101,0.0038322981679812075,0.003613147186115384
SE.JO,0.0040955874137580395,0.0036916384089957267,0.003411604091525078
SE.KA,0.0035380057524889708,0.0034483925701351836,0.0033762783277779818
SE.KR,0.003939462825655937,0.003661072230897844,0.0034121207427233458
SE.NB,0.0038686133921146393,0.0033730110647439055,0.00281559769064188
SE.OR,0.004074884578585625,0.003924783069773444,0.003686182899400592
SE.OG,0.0038525990676134825,0.0036023389858504135,0.003411604091525078
SE.SN,0.004128051921725273,0.0037676027367034783,0.0035443634260445833
SE.SD,0.0038866132963448763,0.0037462863967650467,0.003654473228380084
SE.ST,0.003963344264775515,0.003739069355651736,0.0036184322088956833
SE.UP,0.004159006755799055,0.003917445583889882,0.003700726432725787
SE.VR,0.004340562969446182,0.004002064398567502,0.0034756988752633333
SE.VB,0.003964060451835394,0.0038036964384414126,0.0035151971969753504
SE.VN,0.004111720714718103,0.003882895384986813,0.003763271728530526
SE.VM,0.0040631224401295185,0.0039009293117983775,0.0037239722441881895
SE.VG,0.004772497806698084,0.00419738091295585,0.0036532811354845762
