HASC_1,Max,Mean,Min
SE.BL,0.004872639663517475,0.0048033553175628185,0.004711429122835398
SE.KO,0.004397590644657612,0.003951389244907806,0.0034063656348735094
SE.GV,0.004199862480163574,0.003889237382364544,0.0037309329491108656
SE.GT,0.004907249938696623,0.0047834401743279565,0.004649281036108732
SE.HA,0.005331715103238821,0.005162119725719094,0.004993478301912546
SE.JA,0.003960370551794767,0.0036602090951055287,0.0030981700401753187
SE.JO,0.005228718277066946,0.00472216954564347,0.004326661117374897
SE.KA,0.004828015808016062,0.004557110107271001,0.004326661117374897
SE.KR,0.005292376037687063,0.004834515475002783,0.004326661117374897
SE.NB,0.004022439010441303,0.0033136479782335687,0.0029644963797181845
SE.OR,0.004800041206181049,0.004492677116234388,0.004010001663118601
SE.OG,0.004800041206181049,0.004600651748478413,0.004345893859863281
SE.SN,0.005331715103238821,0.005062295661236231,0.0048172869719564915
SE.SD,0.00478780223056674,0.004648654256016016,0.00447372579947114
SE.ST,0.004661599639803171,0.004496624507009983,0.0043120780028402805
SE.UP,0.004661599639803171,0.0043830107897520065,0.004031101707369089
SE.VR,0.004788835532963276,0.004449923600380619,0.003975510597229004
SE.VB,0.004066824447363615,0.00372525464269545,0.0031466083601117134
SE.VN,0.003969272132962942,0.003836570558353112,0.0036917924880981445
SE.VM,0.004702448379248381,0.004395878408104181,0.00397038459777832
SE.VG,0.005119204055517912,0.004796805542095431,0.0045548672787845135
