HASC_1,Max,Mean,Min
SE.BL,0.0035933256149291992,0.0034819602500647307,0.003352006198838353
SE.KO,0.0031851930543780327,0.0029666325182563834,0.0027070052456110716
SE.GV,0.0029382312204688787,0.0027267044854604387,0.0025345489848405123
SE.GT,0.0033605098724365234,0.0033101947305517066,0.0032085974235087633
SE.HA,0.0038046042900532484,0.0034621160477399824,0.0031124355737119913
SE.JA,0.003385980846360326,0.002710632965900004,0.0020243830513209105
SE.JO,0.003267805092036724,0.0031091585782740045,0.003006061539053917
SE.KA,0.0034826595801860094,0.003247824977734126,0.0030541422311216593
SE.KR,0.003456711769104004,0.003197034471668303,0.0030625266954302788
SE.NB,0.0018323269905522466,0.0014315620111771906,0.0010625027352944016
SE.OR,0.0034303665161132812,0.003182964781964464,0.0029600465204566717
SE.OG,0.0032831430435180664,0.003165128640830517,0.0030240220949053764
SE.SN,0.003958543296903372,0.003563777095853136,0.003133694641292095
SE.SD,0.003244678257033229,0.0031401096687962613,0.0029393834993243217
SE.ST,0.003244678257033229,0.0030074122982720534,0.002754212124273181
SE.UP,0.0030719442293047905,0.0028651858447119594,0.002714992268010974
SE.VR,0.0035917360801249743,0.0032868320510412254,0.0030126178171485662
SE.VB,0.0024247970432043076,0.0019317817028709932,0.001506766420789063
SE.VN,0.002931118244305253,0.002479392963533218,0.002103607403114438
SE.VM,0.0031626622658222914,0.0029997648459605193,0.002809445606544614
SE.VG,0.00391677999868989,0.0034476505492680837,0.003006061539053917
