HASC_1,Max,Mean,Min
SE.BL,0.006482909899204969,0.006322803720831871,0.006156196817755699
SE.KO,0.0071074869483709335,0.006396461218114822,0.005381336435675621
SE.GV,0.007163992151618004,0.006564427251842889,0.005711625795811415
SE.GT,0.006462564691901207,0.006410006640685929,0.006369819864630699
SE.HA,0.006415755022317171,0.006211915193125606,0.005861273035407066
SE.JA,0.006493161898106337,0.0056302979681640865,0.004411529283970594
SE.JO,0.006133547052741051,0.005830690018175279,0.005660842638462782
SE.KA,0.00640645669773221,0.00610222973045893,0.005735308397561312
SE.KR,0.006247908342629671,0.005982083102156009,0.005764554720371962
SE.NB,0.006594887003302574,0.005069589484577077,0.0038854589220136404
SE.OR,0.00667348550632596,0.006345404644629785,0.005961726885288954
SE.OG,0.006589403375983238,0.006137753836810589,0.005667995195835829
SE.SN,0.006657034624367952,0.0063548362097488,0.005945037584751844
SE.SD,0.007077446207404137,0.006615779517839353,0.006343435030430555
SE.ST,0.0073227789252996445,0.006689035799354315,0.006094207987189293
SE.UP,0.0073227789252996445,0.006873459244767825,0.005866279825568199
SE.VR,0.006561111193150282,0.0063005492750865715,0.006057491526007652
SE.VB,0.006254028063267469,0.005487753478646802,0.004189442377537489
SE.VN,0.006487439852207899,0.006127189217994993,0.005694061983376741
SE.VM,0.007163992151618004,0.006763412828811191,0.006343435030430555
SE.VG,0.006799291353672743,0.0061517037517790285,0.005660842638462782
