HASC_1,Max,Mean,Min
SE.BL,0.0025839314330369234,0.002263166941702366,0.0018264357931911945
SE.KO,0.001729161012917757,0.0013861870130283697,0.001033654436469078
SE.GV,0.002485027303919196,0.001760215038137341,0.001469086273573339
SE.GT,0.0026814844459295273,0.002552040671515796,0.0024605100043118
SE.HA,0.002282212721183896,0.0018499518395401538,0.0013577447971329093
SE.JA,0.001797309028916061,0.0013480214029550552,0.0009813712676987052
SE.JO,0.0016821329481899738,0.0013885667670846863,0.0012732353061437607
SE.KA,0.00242613791488111,0.0017593669472262263,0.0012732353061437607
SE.KR,0.0021378302481025457,0.001509685443514692,0.0012841926654800773
SE.NB,0.002178619848564267,0.0016677417672436798,0.0011978255352005363
SE.OR,0.0014981135027483106,0.0013760653424209782,0.0011785334208980203
SE.OG,0.0020913982298225164,0.0014935134754826625,0.0012732353061437607
SE.SN,0.0030572321265935898,0.002228787043490089,0.0013643410056829453
SE.SD,0.0023238961584866047,0.0016379450033936235,0.0013630595058202744
SE.ST,0.0025805935729295015,0.0020936778746545315,0.0016014878638088703
SE.UP,0.002307524671778083,0.0019038340639478217,0.0016014878638088703
SE.VR,0.0016604368574917316,0.0012189586511037003,0.0009878085693344474
SE.VB,0.0025468175299465656,0.0016194233393067854,0.001125544891692698
SE.VN,0.0023551289923489094,0.001747383986814664,0.0014523868449032307
SE.VM,0.0018743579275906086,0.0015709658195687966,0.0014101570704951882
SE.VG,0.0024181113112717867,0.0015933522829852467,0.001126061542890966
