HASC_1,Max,Mean,Min
ZA.EC,293.9014587402344,286.10017188819677,279.1607971191406
ZA.FS,288.53204345703125,284.77210998535156,276.3710632324219
ZA.GT,289.8266296386719,286.992274983724,285.2789611816406
ZA.NL,295.40374755859375,287.61011895073784,276.3710632324219
ZA.NP,296.4206848144531,291.6265172418558,285.1026916503906
ZA.MP,296.4206848144531,288.59969729468935,284.12677001953125
ZA.NW,292.04730224609375,288.62145551045734,286.1681213378906
ZA.NC,291.70257568359375,287.25597966181766,282.1401062011719
ZA.WC,292.5649108886719,287.1658203125,282.22052001953125
