HASC_1,Max,Mean,Min
ZA.EC,297.9403991699219,292.45850722854203,287.39581298828125
ZA.FS,299.2001647949219,293.4977038153287,284.1773986816406
ZA.GT,296.6920471191406,294.1776082356771,292.2177429199219
ZA.NL,299.32257080078125,294.2658650716146,284.1773986816406
ZA.NP,300.9645080566406,297.76109170014,290.68194580078125
ZA.MP,300.8251647949219,294.85503060477123,290.68194580078125
ZA.NW,300.6754455566406,297.0504614512126,293.55889892578125
ZA.NC,303.00616455078125,296.89568814364344,289.6754455566406
ZA.WC,297.4908752441406,292.8566157414363,289.95343017578125
