HASC_1,Max,Mean,Min
ZA.EC,298.1701354980469,292.6620528762405,288.3991394042969
ZA.FS,302.1737365722656,297.05962661217,287.39215087890625
ZA.GT,296.6398620605469,295.036464436849,293.73687744140625
ZA.NL,301.92633056640625,296.61803385416664,287.39215087890625
ZA.NP,305.8739318847656,298.30755384913033,292.49468994140625
ZA.MP,305.8739318847656,297.2115187872024,292.49468994140625
ZA.NW,302.1737365722656,298.36949984232587,293.97808837890625
ZA.NC,304.04937744140625,298.09644704050834,289.87164306640625
ZA.WC,297.90679931640625,292.283649620643,288.3991394042969
