HASC_1,Max,Mean,Min
ZA.EC,301.52972412109375,297.40551964012354,292.9294738769531
ZA.FS,303.22210693359375,298.12708256162443,288.4532165527344
ZA.GT,300.91351318359375,298.31627197265624,296.74652099609375
ZA.NL,304.9961853027344,299.3296149359809,288.4532165527344
ZA.NP,303.6560363769531,301.26500198076354,295.69183349609375
ZA.MP,304.2256774902344,299.4508383614676,295.4971618652344
ZA.NW,303.27874755859375,300.46151542663574,297.48675537109375
ZA.NC,304.34124755859375,298.7983113078328,289.7398376464844
ZA.WC,300.83538818359375,293.9086899977464,289.7398376464844
