HASC_1,Max,Mean,Min
ZA.EC,291.7821960449219,282.96867288125526,276.9501647949219
ZA.FS,285.1667785644531,282.3985016921471,274.6440734863281
ZA.GT,287.1301574707031,284.8326171875,282.7138366699219
ZA.NL,293.5992431640625,285.58439263237847,274.6440734863281
ZA.NP,292.6695556640625,288.2230011562132,282.7745361328125
ZA.MP,292.6695556640625,285.92571803501676,280.9633483886719
ZA.NW,287.8957824707031,285.75500615437824,283.5478210449219
ZA.NC,287.5826416015625,283.6478598458426,278.1134033203125
ZA.WC,288.8625793457031,282.8890845665565,277.2603759765625
