HASC_1,Max,Mean,Min
ZA.EC,293.5118408203125,286.26460513553104,278.4454345703125
ZA.FS,287.1830749511719,283.23160684519803,274.7510986328125
ZA.GT,286.8464660644531,283.8977559407552,282.0377197265625
ZA.NL,294.4571533203125,286.5288777669271,274.7510986328125
ZA.NP,292.9490051269531,288.80713408848027,281.4742431640625
ZA.MP,292.9490051269531,285.3322245279948,280.2291259765625
ZA.NW,288.0678405761719,285.62221844991046,283.5854187011719
ZA.NC,289.2162780761719,285.49142773120434,280.4906921386719
ZA.WC,290.1495361328125,285.57944946289064,280.5196533203125
