HASC_1,Max,Mean,Min
CA.AB,274.30633544921875,260.53956474993737,237.58106994628906
CA.BC,282.79803466796875,266.29242945429104,247.07066345214844
CA.MB,269.1833801269531,252.0264497195973,234.95281982421875
CA.NB,269.9344177246094,257.878035820855,251.64991760253906
CA.NF,273.9079895019531,261.4617735357846,248.27052307128906
CA.NT,254.15611267089844,240.9154821199295,226.46388244628906
CA.NS,274.94500732421875,267.6251837547789,261.05389404296875
CA.NU,269.087890625,245.53155425543,227.93067932128906
CA.ON,275.1221618652344,258.2033622621551,243.60337829589844
CA.PE,265.15582275390625,263.21568603515624,260.2583312988281
CA.QC,269.8130187988281,249.99970667200623,240.97398376464844
CA.SK,274.2035217285156,257.57040362887915,234.95281982421875
CA.YT,273.72576904296875,247.74264340400697,233.68296813964844
