HASC_1,Max,Mean,Min
CA.AB,292.2301330566406,285.3908157571064,278.55126953125
CA.BC,288.7428283691406,283.0896778391368,274.8392028808594
CA.MB,290.7255859375,279.92910524256087,272.0826721191406
CA.NB,288.5341796875,286.3804999457465,283.2223205566406
CA.NF,283.6988830566406,279.40494750527773,269.554931640625
CA.NT,289.0908203125,280.684880390362,272.6886291503906
CA.NS,286.3916015625,283.68967908494017,280.8349609375
CA.NU,282.8896484375,274.53011380416183,265.1289367675781
CA.ON,297.0302734375,281.7727371576264,272.0546875
CA.PE,286.9046325683594,285.53183898925784,284.158203125
CA.QC,297.0302734375,282.90824391187016,269.554931640625
CA.SK,292.1666564941406,284.7188702807014,277.6171875
CA.YT,289.19921875,282.97796268463134,269.3030700683594
