HASC_1,Max,Mean,Min
CA.AB,278.1887512207031,272.4693810821622,263.2512512207031
CA.BC,286.2658996582031,274.30679167562454,264.23504638671875
CA.MB,270.1335754394531,266.09927502800434,258.1762390136719
CA.NB,283.8316345214844,276.71135999891493,272.0262145996094
CA.NF,283.37396240234375,269.7423376195571,261.3183288574219
CA.NT,272.4439392089844,259.26668332524065,251.4412078857422
CA.NS,289.90716552734375,282.9917758373504,279.8809509277344
CA.NU,272.20208740234375,257.8834433150966,245.7087860107422
CA.ON,282.62884521484375,270.14425376832014,264.39862060546875
CA.PE,281.37884521484375,280.09901428222656,277.66790771484375
CA.QC,281.0100402832031,267.96186278861427,261.3183288574219
CA.SK,276.93792724609375,269.2396907099971,258.156005859375
CA.YT,276.10638427734375,264.78830137252805,253.9318389892578
