HASC_1,Max,Mean,Min
CA.AB,292.76080322265625,286.5194968176305,278.3983459472656
CA.BC,289.5375061035156,282.67692748112466,275.4479675292969
CA.MB,297.3014831542969,292.81763817282285,285.00787353515625
CA.NB,296.7269592285156,293.3397725423177,287.5212097167969
CA.NF,293.0885925292969,290.2920964184929,277.6761779785156
CA.NT,292.3431701660156,284.185604509869,272.64508056640625
CA.NS,294.3278503417969,291.88104248046875,288.0638732910156
CA.NU,292.1283264160156,279.1591882562875,269.0592956542969
CA.ON,297.3489990234375,293.96467055673673,285.5404357910156
CA.PE,296.6719055175781,294.7564331054688,292.70806884765625
CA.QC,297.3994445800781,290.341892854779,277.6813659667969
CA.SK,295.1068420410156,290.6715384589301,286.71881103515625
CA.YT,287.5612487792969,281.79653997421264,269.8151550292969
