HASC_1,Max,Mean,Min
CA.AB,281.7353210449219,274.60355744208954,270.0616455078125
CA.BC,286.8549499511719,274.6469301252223,268.0675964355469
CA.MB,283.3403015136719,277.23789197136375,271.2750244140625
CA.NB,282.0212707519531,277.0065205891927,274.4677429199219
CA.NF,282.1410827636719,273.9505977630615,269.0835266113281
CA.NT,274.2104187011719,266.4379573669717,251.9998016357422
CA.NS,284.2354736328125,280.29210646609044,277.0040283203125
CA.NU,277.3038330078125,264.13727858379957,251.9801788330078
CA.ON,290.8533020019531,280.5244538915439,275.4529113769531
CA.PE,281.2719421386719,279.58794555664065,277.8140869140625
CA.QC,281.5502624511719,273.56657023208743,266.0367126464844
CA.SK,281.4713134765625,275.6177545241368,269.8542785644531
CA.YT,276.6282043457031,266.66256885528566,255.46107482910156
