HASC_1,Max,Mean,Min
CA.AB,300.2300720214844,292.1151479826724,287.3140563964844
CA.BC,299.3374938964844,289.6863911187471,278.5962829589844
CA.MB,299.1119079589844,293.4758716358858,287.677001953125
CA.NB,296.3274230957031,293.4194125705295,288.770751953125
CA.NF,291.2027282714844,287.81299018859863,278.261962890625
CA.NT,293.0201110839844,283.8245309813773,272.557373046875
CA.NS,296.9224548339844,293.4357098518534,289.208251953125
CA.NU,291.8817443847656,280.37262357689576,271.6539001464844
CA.ON,298.21575927734375,291.6606105293815,283.1988220214844
CA.PE,296.58392333984375,295.50010070800784,294.28509521484375
CA.QC,296.7505798339844,289.23841609342486,276.8545837402344
CA.SK,300.33685302734375,294.6976260903441,287.5591735839844
CA.YT,289.460205078125,285.5762411117554,273.654541015625
