HASC_1,Max,Mean,Min
CA.AB,287.216796875,280.5663821384441,275.5105895996094
CA.BC,290.4010314941406,281.26450911564615,271.8427734375
CA.MB,285.1500549316406,279.2278033088235,274.53662109375
CA.NB,289.0364685058594,286.4285868326823,284.2666015625
CA.NF,288.6067810058594,281.32291210398955,274.0667419433594
CA.NT,278.3541564941406,271.7689813385435,264.5377197265625
CA.NS,290.9765625,288.18344895383143,286.2581481933594
CA.NU,281.3463439941406,270.25406675925865,257.5870056152344
CA.ON,295.8531799316406,284.6113626074603,277.74609375
CA.PE,289.2991638183594,288.2854858398438,286.6617736816406
CA.QC,290.1507263183594,282.3249163724013,274.0667419433594
CA.SK,287.2320861816406,280.2833841582875,274.9493713378906
CA.YT,281.3482971191406,272.99568796157837,261.1895751953125
