HASC_1,Max,Mean,Min
IT.AB,1.6098507642745972,0.0836146208024037,0.0
IT.SD,2.5311295986175537,0.02308237604146696,0.0
IT.PU,0.08112909644842148,0.009600059970732601,0.0
IT.LB,0.17376001179218292,0.014609370017660927,0.0
IT.CM,0.28790152072906494,0.03361938363750163,0.0
IT.ER,0.3199298679828644,0.007677732058802396,0.0
IT.FV,3.7707359790802,0.4055081737722036,0.0
IT.LZ,1.9492813348770142,0.10867279999712039,0.0
IT.LG,1.2067621946334839,0.060732749255731945,0.0
IT.LM,3.950974464416504,0.525576513184739,0.0
IT.MH,0.49484553933143616,0.03649390728537412,0.0
IT.ML,1.487632155418396,0.0687865882396831,0.0
IT.PM,3.141470193862915,0.43204113444175435,0.0
IT.SC,2.854336977005005,0.11269629697525589,0.0
IT.TT,0.24113887548446655,0.004385260797928878,0.0
IT.TC,0.23322975635528564,0.004345532958010117,0.0
IT.BC,1.1371666193008423,0.15733449970760954,0.0
IT.UM,0.27127301692962646,0.021911911872825256,0.0
IT.VB,1.2271441221237183,0.24537090954577756,0.0
IT.VN,1.856850266456604,0.11890112771859024,0.0
