HASC_1,Max,Mean,Min
IT.AB,0.2638334035873413,0.0047730555963374464,0.0
IT.SD,0.0,0.0,0.0
IT.PU,0.007899637334048748,3.5744965312437774e-05,0.0
IT.LB,0.007899637334048748,2.0203676046160482e-05,0.0
IT.CM,0.002222222276031971,6.613756773904675e-06,0.0
IT.ER,0.0031580182258039713,4.727240764721599e-05,0.0
IT.FV,0.3293166756629944,0.01603861845890309,0.0
IT.LZ,0.0,0.0,0.0
IT.LG,0.17760692536830902,0.0022516680226780644,0.0
IT.LM,0.3045777678489685,0.005601682426519498,0.0
IT.MH,0.07464300841093063,0.0004094979284625304,0.0
IT.ML,0.049189284443855286,0.0006492051137943885,0.0
IT.PM,0.5111777782440186,0.015073241766992767,0.0
IT.SC,0.06801482290029526,0.00280258275132711,0.0
IT.TT,0.054016005247831345,0.00010714521490577661,0.0
IT.TC,0.07527115941047668,0.00018673532372845547,0.0
IT.BC,0.6125555038452148,0.013301441186768265,0.0
IT.UM,0.08585644513368607,0.002013701660097211,0.0
IT.VB,0.6156849265098572,0.05724509348591608,0.0
IT.VN,0.10551006346940994,0.0018068078425690496,0.0
