HASC_1,Max,Mean,Min
IT.AB,1.200250506401062,0.10009806785975943,0.0
IT.SD,0.018333332613110542,4.3918916804564966e-05,0.0
IT.PU,0.0072916666977107525,6.315987810020534e-05,0.0
IT.LB,0.005833333358168602,1.4919011146211259e-05,0.0
IT.CM,0.213689923286438,0.0007432487743374493,0.0
IT.ER,0.05167694762349129,0.003255413300762853,0.0
IT.FV,0.00208333320915699,1.114081930030476e-05,0.0
IT.LZ,0.94637531042099,0.03531855480539576,0.0
IT.LG,0.5202749371528625,0.03143489648840235,0.0
IT.LM,0.08266430348157883,0.004850664933947731,0.0
IT.MH,1.3008707761764526,0.15512178152015335,0.0
IT.ML,0.02684771455824375,0.0003420322816184905,0.0
IT.PM,0.14088188111782074,0.006858127214773386,0.0
IT.SC,13.362399101257324,2.2452897908952503,0.0
IT.TT,2.1788556575775146,0.030267936078417917,0.0
IT.TC,0.7541184425354004,0.02755019969947084,0.0
IT.BC,0.26156947016716003,0.010173069627004832,0.0
IT.UM,1.0948518514633179,0.06582982811057426,0.0
IT.VB,0.2597256600856781,0.038805795372051456,0.0
IT.VN,0.06388663500547409,0.0006804325819058039,0.0
