HASC_1,Max,Mean,Min
IT.AB,0.18702079355716705,0.00983008549186714,0.0
IT.SD,0.09731545299291611,0.002881275836466434,0.0
IT.PU,0.014619656838476658,0.0007614992083286302,0.0
IT.LB,2.7458927631378174,0.13166805439482174,0.0
IT.CM,0.07092705368995667,0.0026065007391696867,0.0
IT.ER,0.0684085488319397,0.0006629063227625043,0.0
IT.FV,0.0018749999580904841,1.002673774379938e-05,0.0
IT.LZ,0.10536850243806839,0.0015088920055073259,0.0
IT.LG,0.006202697288244963,2.3744557822485352e-05,0.0
IT.LM,0.029260823503136635,0.00036897562686741975,0.0
IT.MH,0.22584252059459686,0.003573222507674972,0.0
IT.ML,0.12696543335914612,0.0019892746957858825,0.0
IT.PM,0.04119332879781723,0.00010140990299448647,0.0
IT.SC,0.056231770664453506,0.0038039384619252005,0.0
IT.TT,2.363788366317749,0.015122876000436334,0.0
IT.TC,0.055824268609285355,0.0011313320490964024,0.0
IT.BC,0.007916666567325592,6.088588063104191e-05,0.0
IT.UM,0.1295909434556961,0.001693368027321039,0.0
IT.VB,0.014819778501987457,0.0006013953256519421,0.0
IT.VN,0.006041666492819786,3.6458333040802526e-05,0.0
