HASC_1,Max,Mean,Min
IT.AB,0.32925769686698914,0.020201200056660977,0.0
IT.SD,0.16727577149868011,0.0036480502983367597,0.0
IT.PU,0.01374999899417162,0.0005842884523136651,0.0
IT.LB,0.11948274821043015,0.006882495369355845,0.0
IT.CM,0.035443633794784546,0.002881204697673855,0.0
IT.ER,1.1983834505081177,0.060073207787328255,0.0
IT.FV,1.706241488456726,0.24882885238982458,0.0
IT.LZ,0.11459048837423325,0.007193726680843644,0.0
IT.LG,1.3180166482925415,0.09230168210083825,0.0
IT.LM,0.9120750427246094,0.09290838615153917,0.0
IT.MH,0.18689246475696564,0.005011182336547654,0.0
IT.ML,0.20421741902828217,0.0037554527700974305,0.0
IT.PM,1.3180166482925415,0.09551638806182179,0.0
IT.SC,0.04880090057849884,0.007232611333214057,0.0
IT.TT,0.29566702246665955,0.002459557043301279,0.0
IT.TC,0.5875999927520752,0.013593411328912453,0.0
IT.BC,1.2258750200271606,0.25708000124291036,0.0
IT.UM,0.08012882620096207,0.003247788155045456,0.0
IT.VB,0.16267500817775726,0.004620554807236961,0.0
IT.VN,1.146708369255066,0.09571465781280915,0.0
