HASC_1,Max,Mean,Min
IT.AB,1.412346363067627,0.1344373881401987,0.0
IT.SD,0.4948778450489044,0.00590443990491425,0.0
IT.PU,0.16493766009807587,0.015261278805484828,0.0
IT.LB,0.3428524434566498,0.014117400781532107,0.0
IT.CM,0.8037817478179932,0.05675196901678906,0.0
IT.ER,0.6285786032676697,0.07851737371094206,0.0
IT.FV,0.8721440434455872,0.060934606006208376,0.0
IT.LZ,2.703338384628296,0.23784729009434485,0.0
IT.LG,0.3890766203403473,0.013412819548587624,0.0
IT.LM,1.8401832580566406,0.23450400814397046,0.0
IT.MH,0.5817849040031433,0.031244367893485555,0.0
IT.ML,0.4948778450489044,0.04507302916525597,0.0
IT.PM,1.0601996183395386,0.07494969640572823,0.0
IT.SC,1.0862311124801636,0.17775653417351553,0.0
IT.TT,0.3477414548397064,0.0030730592238744953,0.0
IT.TC,1.8496956825256348,0.13304213886107435,0.0
IT.BC,1.1613250970840454,0.08222121448822939,0.0
IT.UM,1.0283535718917847,0.13068872235005705,0.0
IT.VB,0.750333309173584,0.08168084601745956,0.0
IT.VN,1.2672721147537231,0.04785661728947861,0.0
