HASC_1,Max,Mean,Min
IT.AB,0.5163589715957642,0.06940809986836877,0.0
IT.SD,1.2337305545806885,0.07349248380110775,0.0
IT.PU,1.137468695640564,0.10582449561094537,0.0
IT.LB,0.9945566058158875,0.16211413995385446,0.0
IT.CM,1.8566043376922607,0.13767209717965065,0.0
IT.ER,4.873763561248779,0.3191285543115432,0.0
IT.FV,2.8858211040496826,0.09274765196191595,0.0
IT.LZ,1.9786629676818848,0.07546491479678523,0.0
IT.LG,0.1547190546989441,0.003755191049579783,0.0
IT.LM,3.8731753826141357,0.18962304493181062,0.0
IT.MH,3.048706293106079,0.3025858860700986,0.0
IT.ML,0.5477650165557861,0.08594165784805748,0.0
IT.PM,3.0444867610931396,0.0566857054894596,0.0
IT.SC,3.4183340072631836,0.5516371011816793,0.0
IT.TT,0.7686048150062561,0.02342076923159242,0.0
IT.TC,4.131384372711182,0.42025085722222383,0.0
IT.BC,1.3345263004302979,0.046483396998457986,0.0
IT.UM,2.0289738178253174,0.2885119355880679,0.0
IT.VB,0.37449777126312256,0.03767255098591704,0.0
IT.VN,0.8134819865226746,0.03175915621966571,0.0
