HASC_1,Max,Mean,Min
IT.AB,0.13519041240215302,0.0081785738177223,0.0
IT.SD,0.0215056911110878,0.0003383070595569388,0.0
IT.PU,0.049976497888565063,0.002277049677953822,0.0
IT.LB,0.23139818012714386,0.009318335595663854,0.0
IT.CM,0.12056338042020798,0.008090198512932594,0.0
IT.ER,0.8741704821586609,0.08882603314814333,0.0
IT.FV,0.5394333004951477,0.051382357422593936,0.0
IT.LZ,2.167249917984009,0.13615849588566148,0.0
IT.LG,0.8741704821586609,0.07917529801979308,0.0
IT.LM,0.9792167544364929,0.06266071641705064,0.0
IT.MH,0.09036008268594742,0.004546511126839101,0.0
IT.ML,0.052199993282556534,0.0029490488231397804,0.0
IT.PM,0.7451499104499817,0.09547804467242073,0.0
IT.SC,0.47061455249786377,0.07755530853548812,0.0
IT.TT,1.3692220449447632,0.058326008279764786,0.0
IT.TC,1.336159348487854,0.024813692182698605,0.0
IT.BC,1.0246165990829468,0.0568795515768932,0.0
IT.UM,0.1575450748205185,0.006656894948544225,0.0
IT.VB,0.42666664719581604,0.1302527739511182,0.0
IT.VN,0.1631176620721817,0.012112767402772288,0.0
