HASC_1,Max,Mean,Min
IT.AB,3.1576128005981445,0.9162978152273155,0.0
IT.SD,0.7646636962890625,0.08462619098771766,0.0
IT.PU,0.9919463992118835,0.13824518188851048,0.0
IT.LB,0.9919463992118835,0.10871136848352697,0.0
IT.CM,4.978706359863281,0.6505294291252669,0.0
IT.ER,3.712474822998047,0.35394160263492047,0.0
IT.FV,1.7327772378921509,0.30025223375641724,0.0
IT.LZ,4.474949359893799,0.8888634589565543,0.0
IT.LG,1.1022058725357056,0.05038997552797405,0.0
IT.LM,0.7140888571739197,0.060701467634838385,0.0
IT.MH,3.4994518756866455,1.212699748519668,0.0
IT.ML,3.130324363708496,0.8532760602289012,0.0
IT.PM,0.5964451432228088,0.03658517970365075,0.0
IT.SC,2.9564971923828125,0.9088171688405176,0.0
IT.TT,1.300318717956543,0.052613080408201285,0.0
IT.TC,2.3284125328063965,0.2825117420993809,0.0
IT.BC,2.3421871662139893,0.1524389237450178,0.0
IT.UM,4.727795124053955,1.612156528692979,0.0
IT.VB,0.41424164175987244,0.02302625306118797,0.0
IT.VN,3.9534146785736084,0.31852819041814656,0.0
