HASC_1,Max,Mean,Min
IT.AB,0.012734594754874706,0.0002867456672615127,0.0
IT.SD,0.0,0.0,0.0
IT.PU,0.0,0.0,0.0
IT.LB,0.0,0.0,0.0
IT.CM,0.0,0.0,0.0
IT.ER,0.04366350919008255,0.0004507370925743138,0.0
IT.FV,0.005577899981290102,5.965668491441458e-05,0.0
IT.LZ,0.005451683886349201,1.2255963049741588e-05,0.0
IT.LG,0.016288716346025467,0.0006691911372669252,0.0
IT.LM,0.4124276041984558,0.0048091710559037895,0.0
IT.MH,0.0,0.0,0.0
IT.ML,0.0,0.0,0.0
IT.PM,0.4124276041984558,0.01268686112066967,0.0
IT.SC,0.014109855517745018,0.0003300565132152163,0.0
IT.TT,0.059433743357658386,0.00014027149299348523,0.0
IT.TC,0.007227087393403053,4.990139140185571e-05,0.0
IT.BC,0.20249304175376892,0.012660892658296882,0.0
IT.UM,0.005451683886349201,2.7957353263329237e-05,0.0
IT.VB,0.0890369638800621,0.013584080639702734,0.0
IT.VN,0.1315423995256424,0.0015815000768559283,0.0
