HASC_1,Max,Mean,Min
IT.AB,3.273188591003418,0.13191131770298326,0.0
IT.SD,2.93308162689209,0.025976511179988674,0.0
IT.PU,1.9288358688354492,0.31885064087757564,0.0
IT.LB,0.926771879196167,0.05518180414732984,0.0
IT.CM,3.255671501159668,0.24379101136721493,0.0
IT.ER,0.9608058929443359,0.06592383949089807,0.0
IT.FV,3.4865353107452393,0.32894860421566363,0.0
IT.LZ,3.320197343826294,0.03889644190372238,0.0
IT.LG,1.6931756734848022,0.06302092720271267,0.0
IT.LM,2.1525890827178955,0.1449729161725069,0.0
IT.MH,0.4443639814853668,0.02902799603355089,0.0
IT.ML,3.5268239974975586,0.36398241689844973,0.0
IT.PM,2.1096444129943848,0.17624184472527876,0.0
IT.SC,0.0572916679084301,0.0006934788172495448,0.0
IT.TT,0.011341274715960026,1.0796209854841911e-05,0.0
IT.TC,0.2682340145111084,0.0024427804792627023,0.0
IT.BC,2.5873281955718994,0.28030861433256754,0.0
IT.UM,0.34725823998451233,0.02148346846023252,0.0
IT.VB,0.7927712798118591,0.1833979877539807,0.0
IT.VN,3.601046562194824,0.2900209053857487,0.0
