HASC_1,Max,Mean,Min
IT.AB,1.0034126043319702,-30.22187932503583,-416.6561584472656
IT.SD,3.406674385070801,0.17217255045760524,0.0
IT.PU,4.032902717590332,-4.875722463044646,-415.6866149902344
IT.LB,5.341221332550049,0.39686662961116725,0.0
IT.CM,5.232943534851074,-0.435262104185919,-414.9480285644531
IT.ER,2.6454129219055176,-75.11962395697027,-416.2923889160156
IT.FV,4.188005447387695,-234.98351901897135,-415.5823059082031
IT.LZ,3.049999237060547,-34.11633513879198,-416.6438903808594
IT.LG,0.8837011456489563,-84.74344675625002,-416.6567687988281
IT.LM,2.8348169326782227,-174.52261810818686,-416.5584411621094
IT.MH,1.9091202020645142,-12.326798641304066,-416.6465759277344
IT.ML,0.6866840720176697,0.15834409652078257,0.0
IT.PM,1.4438475370407104,-198.6441556227021,-416.6625061035156
IT.SC,0.5136324763298035,-13.833367784181192,-416.6199951171875
IT.TT,4.512495517730713,-0.12401805639922135,-416.6625061035156
IT.TC,2.1641483306884766,-15.160523197184029,-416.1285400390625
IT.BC,0.9805276393890381,-255.86867402593296,-416.5275573730469
IT.UM,3.049999237060547,-12.507571676527508,-416.6443176269531
IT.VB,0.032214175909757614,-295.04687962137785,-416.6302185058594
IT.VN,2.0896992683410645,-111.78704064173193,-416.5584411621094
