HASC_1,Max,Mean,Min
IT.AB,0.9711737632751465,0.038528397898020046,0.0
IT.SD,0.013758865185081959,3.13674725239744e-05,0.0
IT.PU,0.00416666641831398,3.9442706267387347e-05,0.0
IT.LB,0.24910826981067657,0.0035319068759996587,0.0
IT.CM,0.01323061715811491,0.000300066113898841,0.0
IT.ER,0.7217915654182434,0.013751052313206062,0.0
IT.FV,2.501357316970825,0.4261834615403238,0.0
IT.LZ,0.505688488483429,0.00708968715738819,0.0
IT.LG,0.12942148745059967,0.002448314733512099,0.0
IT.LM,3.9714949131011963,0.11062407658643375,0.0
IT.MH,1.9778636693954468,0.13227319669555496,0.0
IT.ML,0.008750000037252903,7.81250003326152e-05,0.0
IT.PM,0.1996660828590393,0.005787911545505469,0.0
IT.SC,0.2800315320491791,0.004281185540474124,0.0
IT.TT,0.8512647747993469,0.004864727217359703,0.0
IT.TC,0.545766294002533,0.013459056091494944,0.0
IT.BC,3.335411787033081,0.44169856509033706,0.0
IT.UM,1.5502151250839233,0.17536673466316782,0.0
IT.VB,0.08127877861261368,0.009379061723545115,0.0
IT.VN,3.773470163345337,0.3415575362251939,0.0
