HASC_1,Max,Mean,Min
IT.AB,1.0023056268692017,0.06623588843002898,0.0
IT.SD,1.386877179145813,0.025770275963661483,0.0
IT.PU,1.4832663536071777,0.12457579237703136,0.0
IT.LB,1.9720240831375122,0.21879275362895323,0.0
IT.CM,1.0291674137115479,0.10858957424144526,0.0
IT.ER,3.8598215579986572,0.3577447820354152,0.0
IT.FV,2.1673192977905273,0.2616940095403137,0.0
IT.LZ,2.3387975692749023,0.1151332675030322,0.0
IT.LG,1.2345331907272339,0.053857994205005796,0.0
IT.LM,1.953756332397461,0.16145961234375136,0.0
IT.MH,2.894277334213257,0.13389410906912466,0.0
IT.ML,0.5599549412727356,0.02443947803041218,0.0
IT.PM,1.953756332397461,0.08025299690242348,0.0
IT.SC,5.45093297958374,0.8990791318979529,0.0
IT.TT,1.0817569494247437,0.022373815581759167,0.0
IT.TC,4.080773830413818,0.1877500175268367,0.0
IT.BC,1.0045417547225952,0.19081909194937907,0.0
IT.UM,2.3387975692749023,0.2727441602923836,0.0
IT.VB,0.9999417662620544,0.19197548878016985,0.0
IT.VN,3.3053722381591797,0.12091421699123413,0.0
