HASC_1,Max,Mean,Min
IT.AB,5.812182903289795,0.9126552947615896,0.0
IT.SD,0.1737012267112732,0.004476472751648052,0.0
IT.PU,0.895345151424408,0.027951439921958823,0.0
IT.LB,0.58243328332901,0.01199336559749911,0.0
IT.CM,3.0091397762298584,0.34049662459715146,0.0
IT.ER,3.3608829975128174,0.5234869066592273,0.0
IT.FV,0.5020000338554382,0.017310317232413046,0.0
IT.LZ,9.488037109375,0.9659780910982317,0.0
IT.LG,2.892367362976074,0.3788863954272259,0.0
IT.LM,3.502650260925293,0.32554363540421943,0.0
IT.MH,3.454216241836548,0.2873517681977579,0.0
IT.ML,1.4309325218200684,0.20815352544897386,0.0
IT.PM,2.8348162174224854,0.3788635315304553,0.0
IT.SC,2.915741205215454,0.2579237390219027,0.0
IT.TT,0.09999999403953552,0.0007185997829893,0.0
IT.TC,8.665982246398926,0.6625733513695499,0.0
IT.BC,0.21256665885448456,0.00627536634401622,0.0
IT.UM,4.439149856567383,0.6124227192921516,0.0
IT.VB,0.6075499653816223,0.17803168578797746,0.0
IT.VN,1.2815316915512085,0.12269299701733521,0.0
