HASC_1,Max,Mean,Min
IT.AB,0.01869211159646511,0.0008532446802853345,0.0
IT.SD,0.2843817174434662,0.0018888922199383504,0.0
IT.PU,0.16122886538505554,0.0021190035680511217,0.0
IT.LB,0.031181005761027336,0.0005018803617938438,0.0
IT.CM,0.38968873023986816,0.009971629507328132,0.0
IT.ER,0.6199676394462585,0.11135485824533142,0.0
IT.FV,0.6715555191040039,0.15968379346444644,0.0
IT.LZ,0.08278951793909073,0.0013669112603442472,0.0
IT.LG,1.4496736526489258,0.14022031970736054,0.0
IT.LM,2.7070846557617188,0.39200467930485805,0.0
IT.MH,0.4162040948867798,0.020970436648053863,0.0
IT.ML,0.020028255879878998,0.0004720226509107306,0.0
IT.PM,0.9359269142150879,0.1141483571463161,0.0
IT.SC,0.132663294672966,0.0071149145274406085,0.0
IT.TT,0.03798726573586464,0.00013469303242576007,0.0
IT.TC,0.36474356055259705,0.024029972865946547,0.0
IT.BC,1.577314853668213,0.38785071377501346,0.0
IT.UM,0.06417667120695114,0.005300240843438914,0.0
IT.VB,1.1997250318527222,0.19936151166136065,0.0
IT.VN,0.6961092948913574,0.15364458206324624,0.0
