HASC_1,Max,Mean,Min
IT.AB,0.17481614649295807,0.01171755829379071,0.0
IT.SD,0.20571954548358917,0.004088625457657759,0.0
IT.PU,0.017507174983620644,0.0005440770486801414,0.0
IT.LB,0.15467245876789093,0.00531205344664519,0.0
IT.CM,0.19089502096176147,0.004330938141579498,0.0
IT.ER,0.022083332762122154,0.00012911148778543935,0.0
IT.FV,0.15040256083011627,0.0012284733890596652,0.0
IT.LZ,1.332598328590393,0.038079470510218434,0.0
IT.LG,0.35085010528564453,0.006594818806284079,0.0
IT.LM,0.010774998925626278,7.648306200792376e-05,0.0
IT.MH,0.08594431728124619,0.0012571004725278432,0.0
IT.ML,0.12384041398763657,0.011797540005838008,0.0
IT.PM,0.11576666682958603,0.0012066386354106524,0.0
IT.SC,0.1510138064622879,0.016572681012775217,0.0
IT.TT,0.11259380728006363,0.001477211074920544,0.0
IT.TC,0.050241515040397644,0.00040633249912908856,0.0
IT.BC,0.023333333432674408,0.0005103928636703076,0.0
IT.UM,0.19552288949489594,0.00428342795632302,0.0
IT.VB,0.1759333461523056,0.013191203760849627,0.0
IT.VN,0.06969722360372543,0.0010374129266757302,0.0
