HASC_1,Max,Mean,Min
IT.AB,0.46881964802742004,0.039086113223089594,0.0
IT.SD,0.016454916447401047,0.0001547693378115828,0.0
IT.PU,0.0004166666476521641,5.656108339169649e-06,0.0
IT.LB,0.010887946002185345,0.00020154698296626338,0.0
IT.CM,0.0023164628073573112,5.4037071982921114e-05,0.0
IT.ER,0.3298507034778595,0.001913682844169343,0.0
IT.FV,0.09645833820104599,0.007481367524142018,0.0
IT.LZ,0.20501531660556793,0.0022692717467986266,0.0
IT.LG,0.1654147356748581,0.0011585347313143757,0.0
IT.LM,0.5609909892082214,0.003578445993546211,0.0
IT.MH,0.39308178424835205,0.01100323789158918,0.0
IT.ML,0.3888082802295685,0.01598207668793553,0.0
IT.PM,0.5243598222732544,0.007845204575473703,0.0
IT.SC,0.16778099536895752,0.002460071405706306,0.0
IT.TT,0.0528843067586422,0.0003503712433536223,0.0
IT.TC,0.3298507034778595,0.0013283237541438706,0.0
IT.BC,0.4172770082950592,0.01096578262989748,0.0
IT.UM,0.12539122998714447,0.002683529310003835,0.0
IT.VB,0.705704391002655,0.021688542536746052,0.0
IT.VN,0.25927698612213135,0.003850460007525778,0.0
