HASC_1,Max,Mean,Min
IT.AB,0.06576468050479889,0.00043590252074650543,0.0
IT.SD,0.11590354889631271,0.0012507020532300246,0.0
IT.PU,0.010382630862295628,0.0007411454646835285,0.0
IT.LB,0.265862375497818,0.006864678422592188,0.0
IT.CM,0.022359883412718773,0.0005935890404128399,0.0
IT.ER,0.007444534916430712,0.00016592158086446894,0.0
IT.FV,0.11015739291906357,0.021319130556018636,0.0
IT.LZ,0.03163927420973778,5.79473886625234e-05,0.0
IT.LG,0.02282470278441906,0.0003169808246066505,0.0
IT.LM,0.18395830690860748,0.003086610065899246,0.0
IT.MH,0.03256984055042267,0.0001816032702191663,0.0
IT.ML,0.0,0.0,0.0
IT.PM,0.082883819937706,0.0015399889743922459,0.0
IT.SC,0.19411490857601166,0.005722462409735777,0.0
IT.TT,1.3510843515396118,0.026504313636405805,0.0
IT.TC,0.013027936220169067,5.194422315720918e-05,0.0
IT.BC,1.7866920232772827,0.16787324068285892,0.0
IT.UM,0.013027936220169067,0.00013112853809546393,0.0
IT.VB,0.09017223119735718,0.00801584955782649,0.0
IT.VN,1.6563434600830078,0.03461330029709083,0.0
