HASC_1,Max,Mean,Min
IT.AB,0.08358225971460342,-136.63255982986593,-3749.962890625
IT.SD,0.014583333395421505,8.393660277392514e-05,0.0
IT.PU,0.010208332911133766,9.652746798380013e-05,0.0
IT.LB,0.05270833149552345,-9.590195985364012,-3749.962890625
IT.CM,0.015713972970843315,0.00036448875592517044,0.0
IT.ER,0.11597812175750732,-6.755540359446041,-3749.962890625
IT.FV,0.017500000074505806,-641.704679144387,-3749.962890625
IT.LZ,0.0327594056725502,0.0006187327163811643,0.0
IT.LG,0.009374999441206455,-13.888716724539107,-3749.962890625
IT.LM,0.06370272487401962,-362.49535028905353,-3749.962890625
IT.MH,0.03617090359330177,0.0013322324712613696,0.0
IT.ML,0.026249997317790985,-100.4446534735741,-3749.962890625
IT.PM,0.05354057252407074,-522.2166086191908,-3749.962890625
IT.SC,0.06604165583848953,0.0014982928180446227,0.0
IT.TT,0.06483810395002365,-2.250433925747,-3749.962890625
IT.TC,0.048389732837677,-5.579756559741392,-3749.962890625
IT.BC,0.09428873658180237,-1681.7952590945606,-3749.962890625
IT.UM,0.048389732837677,0.0014428033745692423,0.0
IT.VB,0.1054166629910469,-2031.2284349682222,-3749.962890625
IT.VN,0.09428873658180237,-259.61231126912867,-3749.962890625
