HASC_1,Max,Mean,Min
IT.AB,1.606211543083191,0.02493642248570358,0.0
IT.SD,0.15623541176319122,0.0009697964219584891,0.0
IT.PU,0.11755798012018204,0.0007608766035336967,0.0
IT.LB,0.39119112491607666,0.0035738592403904384,0.0
IT.CM,0.10004567354917526,0.0014553634568773618,0.0
IT.ER,0.06299719959497452,0.0016142251660894217,0.0
IT.FV,0.003551781177520752,4.3351349500530864e-05,0.0
IT.LZ,0.705523669719696,0.014047229391851296,0.0
IT.LG,0.03256695717573166,0.0007308584456108359,0.0
IT.LM,0.22021667659282684,0.005326540351694955,0.0
IT.MH,0.14010605216026306,0.012030445465469731,0.0
IT.ML,0.04509462043642998,0.001981984372361824,0.0
IT.PM,0.20047928392887115,0.002350340535970948,0.0
IT.SC,0.13778355717658997,0.006713818902397988,0.0
IT.TT,0.5023106932640076,0.0012644317187257067,0.0
IT.TC,0.4924461543560028,0.014769052487116326,0.0
IT.BC,0.3338843286037445,0.011477540399253926,0.0
IT.UM,0.18284396827220917,0.01768258952394647,0.0
IT.VB,0.19247500598430634,0.01750716557196736,0.0
IT.VN,0.015682345256209373,0.00012677253657434798,0.0
