HASC_1,Max,Mean,Min
IT.AB,0.26362091302871704,0.02281341164185277,0.0
IT.SD,0.10685015469789505,0.0016753015048284027,0.0
IT.PU,0.042321886867284775,0.002760809462650212,0.0
IT.LB,0.07327526807785034,0.008401982684913293,0.0
IT.CM,0.10664260387420654,0.00390853574364363,0.0
IT.ER,0.5678048133850098,0.023947218385931977,0.0
IT.FV,1.198961615562439,0.0901881221365582,0.0
IT.LZ,0.09452426433563232,0.004361275832862093,0.0
IT.LG,0.572909414768219,0.02389377955772,0.0
IT.LM,0.39547398686408997,0.008376021448630316,0.0
IT.MH,1.028029441833496,0.08244924298032447,0.0
IT.ML,0.1165006160736084,0.014016776426745179,0.0
IT.PM,2.2759573459625244,0.05430064905224282,0.0
IT.SC,0.05770908296108246,0.004649986658405396,0.0
IT.TT,0.841240406036377,0.022737076799411476,0.0
IT.TC,0.19715087115764618,0.00832194694451768,0.0
IT.BC,0.3499741852283478,0.010928378939967264,0.0
IT.UM,0.7925522923469543,0.028223502326708956,0.0
IT.VB,0.3937160074710846,0.008640702734459814,0.0
IT.VN,1.198961615562439,0.030946760214674914,0.0
