HASC_1,Max,Mean,Min
JP.AI,0.0,0.0,0.0
JP.AK,6137220503175168.0,1507147100161927.5,0.0
JP.AO,0.0,0.0,0.0
JP.CH,1.8263291864285184e+16,4872853248413345.0,0.0
JP.EH,6349955602055168.0,1277121370599272.2,0.0
JP.FI,9500984128569344.0,2708741057515698.0,0.0
JP.FO,0.0,0.0,0.0
JP.FS,7291486521524224.0,2761814652361458.5,0.0
JP.GF,5797340413689856.0,2606970738363597.0,0.0
JP.GM,1.0553886771249152e+16,2990357632632604.5,0.0
JP.HS,6349955065184256.0,1058325844197376.0,0.0
JP.HK,2161979967930368.0,7666595630958.752,0.0
JP.HG,8013839891169280.0,3737090885722543.0,0.0
JP.IB,1.6616738841952256e+16,4724887958394694.0,0.0
JP.IS,9594915063332864.0,2262167551563093.5,0.0
JP.IW,8860303320154112.0,2704406681106659.5,0.0
JP.KG,6349955602055168.0,5590832816062464.0,4936919414734848.0
JP.KS,0.0,0.0,0.0
JP.KN,1.8263291864285184e+16,8784977838585563.0,0.0
JP.KC,5462387725434880.0,1699115252892090.8,0.0
JP.KM,0.0,0.0,0.0
JP.KY,8306063560409088.0,2567763727915987.5,0.0
JP.ME,7494255685664768.0,1803940512685335.2,0.0
JP.MG,8040459024728064.0,4008070141803330.5,0.0
JP.MZ,0.0,0.0,0.0
JP.NN,4667208353447936.0,1891462523412289.5,0.0
JP.NS,0.0,0.0,0.0
JP.NR,8306063560409088.0,5726426611318784.0,0.0
JP.NI,6324788167442432.0,1782476893969033.2,0.0
JP.OT,0.0,0.0,0.0
JP.OY,6349955602055168.0,4727683342197646.0,0.0
JP.ON,4194549886877696.0,115474568694364.64,0.0
JP.OS,7830560214876160.0,4603897119053638.0,0.0
JP.SG,0.0,0.0,0.0
JP.ST,1.6076533961588736e+16,6351594027687026.0,0.0
JP.SH,8306063560409088.0,7637290444652544.0,7374421266268160.0
JP.SM,0.0,0.0,0.0
JP.SZ,1.02437922799616e+16,33972321173918.453,0.0
JP.TC,1.1313102771453952e+16,4611875340037254.0,0.0
JP.TS,5721655573741568.0,3075633742260906.5,0.0
JP.TK,1.8263291864285184e+16,1.210252978636718e+16,5259453741924352.0
JP.TT,0.0,0.0,0.0
JP.TY,6110736124215296.0,4615341983250139.0,0.0
JP.WK,7637106297929728.0,3558806373456749.5,0.0
JP.YT,4982360705597440.0,2354095097676833.0,0.0
JP.YC,0.0,0.0,0.0
JP.YN,1.2644205478281216e+16,2907025927553988.0,0.0
