HASC_1,Max,Mean,Min
JP.AI,0.0,0.0,0.0
JP.AK,0.0,0.0,0.0
JP.AO,0.0,0.0,0.0
JP.CH,0.0,0.0,0.0
JP.EH,1.0664630355492864e+16,3784319005520624.5,0.0
JP.FI,0.0,0.0,0.0
JP.FO,1.1024260852088832e+16,4407435064186353.5,0.0
JP.FS,0.0,0.0,0.0
JP.GF,0.0,0.0,0.0
JP.GM,0.0,0.0,0.0
JP.HS,1.1063902326489088e+16,5521416485356612.0,0.0
JP.HK,4021669400150016.0,195270139452332.97,0.0
JP.HG,8497346908258304.0,944149656473144.9,0.0
JP.IB,0.0,0.0,0.0
JP.IS,0.0,0.0,0.0
JP.IW,0.0,0.0,0.0
JP.KG,1.3536812425281536e+16,1.0461169835835392e+16,8655307215470592.0
JP.KS,5833211980546048.0,1029703780508210.8,0.0
JP.KN,0.0,0.0,0.0
JP.KC,9942936263327744.0,3010969961137341.5,0.0
JP.KM,8532149565128704.0,4144925550965087.0,0.0
JP.KY,0.0,0.0,0.0
JP.ME,0.0,0.0,0.0
JP.MG,0.0,0.0,0.0
JP.MZ,6577336539414528.0,2839150117941348.0,0.0
JP.NN,0.0,0.0,0.0
JP.NS,7898230108979200.0,1784841905177188.5,0.0
JP.NR,0.0,0.0,0.0
JP.NI,0.0,0.0,0.0
JP.OT,1.0404796645244928e+16,4613916381343471.0,0.0
JP.OY,1.3536812425281536e+16,7018818191434084.0,0.0
JP.ON,4269866433380352.0,244589778656015.47,0.0
JP.OS,0.0,0.0,0.0
JP.SG,8637164199870464.0,3085198515870105.5,0.0
JP.ST,0.0,0.0,0.0
JP.SH,0,0,0
JP.SM,7440598659235840.0,1584093133275136.0,0.0
JP.SZ,2280705748893696.0,736662063596.155,0.0
JP.TC,0.0,0.0,0.0
JP.TS,1.0511287138123776e+16,5099219402920521.0,0.0
JP.TK,0,0,0
JP.TT,7670749850501120.0,3975436954994567.5,0.0
JP.TY,0.0,0.0,0.0
JP.WK,0.0,0.0,0.0
JP.YT,0.0,0.0,0.0
JP.YC,1.1735728627122176e+16,3572755297390743.5,0.0
JP.YN,0.0,0.0,0.0
