HASC_1,Max,Mean,Min
JP.AI,1.4692223052414976e+16,7188120560840488.0,0.0
JP.AK,0.0,0.0,0.0
JP.AO,0.0,0.0,0.0
JP.CH,0.0,0.0,0.0
JP.EH,9998366037508096.0,2991099524624133.0,0.0
JP.FI,1.1702378206068736e+16,3560403510732858.5,0.0
JP.FO,9960657298391040.0,2905852067087272.0,0.0
JP.FS,0.0,0.0,0.0
JP.GF,1.317892461166592e+16,6220076182492501.0,0.0
JP.GM,0.0,0.0,0.0
JP.HS,1.0467229363601408e+16,5227342517362142.0,0.0
JP.HK,4281511431897088.0,668777281534441.9,0.0
JP.HG,1.1570559217303552e+16,5320583574282006.0,0.0
JP.IB,0.0,0.0,0.0
JP.IS,8553122964176896.0,2059982674867685.0,0.0
JP.IW,0.0,0.0,0.0
JP.KG,8250228448690176.0,5766422152085504.0,3766515056771072.0
JP.KS,4652051413860352.0,923666243983173.9,0.0
JP.KN,0.0,0.0,0.0
JP.KC,5197406496882688.0,1887608427191409.8,0.0
JP.KM,9781620512915456.0,3471802576696583.5,0.0
JP.KY,1.6399475773800448e+16,4349414708259498.5,0.0
JP.ME,1.317892461166592e+16,3179311808044846.0,0.0
JP.MG,0.0,0.0,0.0
JP.MZ,1.354374450249728e+16,2961260151682779.5,0.0
JP.NN,0.0,0.0,0.0
JP.NS,5214861780844544.0,1344757056580266.8,0.0
JP.NR,1.4251290972389376e+16,4263571601564818.5,0.0
JP.NI,0.0,0.0,0.0
JP.OT,1.97062763216896e+16,6585490150068497.0,0.0
JP.OY,1.3141999704080384e+16,5935948102925025.0,0.0
JP.ON,6448052118224896.0,350669098520112.8,0.0
JP.OS,1.1663118983757824e+16,5808344835730091.0,0.0
JP.SG,4401180495052800.0,1834766139654144.0,0.0
JP.ST,0.0,0.0,0.0
JP.SH,1.6857530814693376e+16,1.0907200713129984e+16,5256935280476160.0
JP.SM,7862599060291584.0,1436624997755562.8,0.0
JP.SZ,1.14081310703616e+16,7093125405498.34,0.0
JP.TC,0.0,0.0,0.0
JP.TS,6239251209388032.0,2781007832940544.0,0.0
JP.TK,0,0,0
JP.TT,6102111293014016.0,3378497434007259.5,0.0
JP.TY,7230242435366912.0,4399187227574272.0,0.0
JP.WK,7303355126775808.0,2008754065803400.5,0.0
JP.YT,0.0,0.0,0.0
JP.YC,9960657298391040.0,3583448016156292.5,0.0
JP.YN,0.0,0.0,0.0
