HASC_1,Max,Mean,Min
JP.AI,0.0,0.0,0.0
JP.AK,6510773673132032.0,3732555287232512.0,0.0
JP.AO,6510773673132032.0,2437006549769069.5,0.0
JP.CH,5838133476196352.0,1577832028831744.0,0.0
JP.EH,9180101753176064.0,3044313758550977.5,0.0
JP.FI,0.0,0.0,0.0
JP.FO,7690332217016320.0,3363736942909849.5,0.0
JP.FS,8990874620919808.0,3824319095583539.0,0.0
JP.GF,0.0,0.0,0.0
JP.GM,0.0,0.0,0.0
JP.HS,1.1138606840152064e+16,4734579031496021.0,0.0
JP.HK,6829632045187072.0,1541810186670681.0,0.0
JP.HG,0.0,0.0,0.0
JP.IB,8990874620919808.0,2808363709977941.5,0.0
JP.IS,0.0,0.0,0.0
JP.IW,6098431579783168.0,3268042510843407.5,0.0
JP.KG,6017241665503232.0,4968895244926976.0,3933929392308224.0
JP.KS,5632291799826432.0,948223724097411.9,0.0
JP.KN,2073265002512384.0,453284832110182.4,0.0
JP.KC,7079144412151808.0,2347806640360653.0,0.0
JP.KM,6887815967145984.0,3755852593379971.5,0.0
JP.KY,0.0,0.0,0.0
JP.ME,0.0,0.0,0.0
JP.MG,7097793160151040.0,3515309342437160.5,0.0
JP.MZ,5632291799826432.0,2440297934167864.0,0.0
JP.NN,0.0,0.0,0.0
JP.NS,6438836729020416.0,1475594066193673.5,0.0
JP.NR,0.0,0.0,0.0
JP.NI,7009690496008192.0,962906871037952.0,0.0
JP.OT,7557105015848960.0,3784969028003430.5,0.0
JP.OY,6017241665503232.0,3857480951100509.0,0.0
JP.ON,4107119385116672.0,340958875536012.7,0.0
JP.OS,0.0,0.0,0.0
JP.SG,6887815967145984.0,2657091785326592.0,0.0
JP.ST,0.0,0.0,0.0
JP.SH,0,0,0
JP.SM,9997440472055808.0,1460914188319388.2,0.0
JP.SZ,3042721530904576.0,1764274742705.4724,0.0
JP.TC,8395841261797376.0,3061087267402547.0,0.0
JP.TS,7079144412151808.0,1562289867213092.5,0.0
JP.TK,193159158038528.0,193159158038528.0,193159158038528.0
JP.TT,5352067195469824.0,3207526196590819.5,0.0
JP.TY,0.0,0.0,0.0
JP.WK,0.0,0.0,0.0
JP.YT,6977009016111104.0,2673839063316707.5,0.0
JP.YC,1.0907283122814976e+16,3132640111196994.5,0.0
JP.YN,0.0,0.0,0.0
