HASC_1,Max,Mean,Min
JP.AI,0.0,0.0,0.0
JP.AK,4247183368912896.0,1333458854303061.2,0.0
JP.AO,4121454375337984.0,997034057683801.2,0.0
JP.CH,7252141936738304.0,402896774263239.1,0.0
JP.EH,1.2831049440559104e+16,3833224027803826.0,0.0
JP.FI,0.0,0.0,0.0
JP.FO,5279295417090048.0,1873452539875913.2,0.0
JP.FS,0.0,0.0,0.0
JP.GF,0.0,0.0,0.0
JP.GM,0.0,0.0,0.0
JP.HS,1.148127436341248e+16,4937424110674830.0,0.0
JP.HK,4358802052743168.0,738448824251939.9,0.0
JP.HG,0.0,0.0,0.0
JP.IB,0.0,0.0,0.0
JP.IS,0.0,0.0,0.0
JP.IW,4435878462095360.0,2967146762587660.5,0.0
JP.KG,1.3294359373938688e+16,1.3062704407248896e+16,1.2831049440559104e+16
JP.KS,5159757887307776.0,954045946836952.5,0.0
JP.KN,0.0,0.0,0.0
JP.KC,1.2410527045124096e+16,3108925874792038.5,0.0
JP.KM,5536683680333824.0,3005321325946809.5,0.0
JP.KY,0.0,0.0,0.0
JP.ME,0.0,0.0,0.0
JP.MG,4435878462095360.0,1546631044399104.0,0.0
JP.MZ,6093516526583808.0,2361361630966579.0,0.0
JP.NN,0.0,0.0,0.0
JP.NS,1.0069836440797184e+16,1438694747647296.8,0.0
JP.NR,0.0,0.0,0.0
JP.NI,0.0,0.0,0.0
JP.OT,6400590582120448.0,3270912069599232.0,0.0
JP.OY,0.0,0.0,0.0
JP.ON,3466437234524160.0,238217706612028.5,0.0
JP.OS,0.0,0.0,0.0
JP.SG,6363667822018560.0,2419251367798374.5,0.0
JP.ST,0.0,0.0,0.0
JP.SH,0,0,0
JP.SM,7569329029644288.0,709934386297390.5,0.0
JP.SZ,2616375159816192.0,845082415961.3024,0.0
JP.TC,0.0,0.0,0.0
JP.TS,1.3294359373938688e+16,3905143409400685.5,0.0
JP.TK,0,0,0
JP.TT,0.0,0.0,0.0
JP.TY,0.0,0.0,0.0
JP.WK,0.0,0.0,0.0
JP.YT,0.0,0.0,0.0
JP.YC,1.0008763079589888e+16,2932092244241066.5,0.0
JP.YN,0.0,0.0,0.0
