HASC_1,Max,Mean,Min
JP.AI,1.1917359572844544e+16,6688570085474304.0,0.0
JP.AK,6604607434260480.0,3980103847510016.0,0.0
JP.AO,5693523537952768.0,2593292671059792.5,0.0
JP.CH,1.6430927819309056e+16,4331784829403136.0,0.0
JP.EH,0.0,0.0,0.0
JP.FI,8600405185396736.0,3961624280956928.0,0.0
JP.FO,0.0,0.0,0.0
JP.FS,8566715461926912.0,5094982215484881.0,0.0
JP.GF,9789991404175360.0,5685981247293212.0,0.0
JP.GM,1.1941226706108416e+16,4195916562840636.0,0.0
JP.HS,0.0,0.0,0.0
JP.HK,7290326880354304.0,1502343128056473.8,0.0
JP.HG,3656598253731840.0,406288694859093.3,0.0
JP.IB,1.1383288979521536e+16,4320779449416764.0,0.0
JP.IS,7822498024390656.0,2107983079844522.8,0.0
JP.IW,6122348642041856.0,4059318316508306.5,0.0
JP.KG,0,0,0
JP.KS,5209959075676160.0,554907513768712.8,0.0
JP.KN,1.6430927819309056e+16,1.0843602537502038e+16,0.0
JP.KC,0.0,0.0,0.0
JP.KM,4793383218315264.0,479338321831526.4,0.0
JP.KY,9538178545352704.0,2550486383770158.5,0.0
JP.ME,9789991404175360.0,4235859016548352.0,0.0
JP.MG,8104809982853120.0,5423019178310588.0,0.0
JP.MZ,0.0,0.0,0.0
JP.NN,7427041058095104.0,3834177384033145.0,0.0
JP.NS,4516907583537152.0,786233949205515.2,0.0
JP.NR,9538178545352704.0,6191626541222181.0,0.0
JP.NI,6305287405305856.0,2776111629875427.5,0.0
JP.OT,0.0,0.0,0.0
JP.OY,0.0,0.0,0.0
JP.ON,4219300172791808.0,387437897753674.25,0.0
JP.OS,1.102594877423616e+16,3583854124204032.0,0.0
JP.SG,0.0,0.0,0.0
JP.ST,1.1523856816668672e+16,6934218364315238.0,0.0
JP.SH,8969240333778944.0,7208969149175125.0,5945095341735936.0
JP.SM,0.0,0.0,0.0
JP.SZ,1.3618504850735104e+16,89001903074359.47,0.0
JP.TC,1.1941226706108416e+16,5512492254669483.0,0.0
JP.TS,0.0,0.0,0.0
JP.TK,1.6430927819309056e+16,1.3679121334796288e+16,1.0852280697880576e+16
JP.TT,0.0,0.0,0.0
JP.TY,7694563833544704.0,5589016022526635.0,0.0
JP.WK,1.102594877423616e+16,3348551298624170.5,0.0
JP.YT,7288399513780224.0,4161352497042929.5,0.0
JP.YC,0.0,0.0,0.0
JP.YN,1.6430927819309056e+16,6027329648896683.0,0.0
