HASC_1,Max,Mean,Min
JP.AI,9856996115218432.0,4427875372149418.5,0.0
JP.AK,0.0,0.0,0.0
JP.AO,0.0,0.0,0.0
JP.CH,4468430287667200.0,408446148294117.06,0.0
JP.EH,1.007750725238784e+16,3590706386610858.5,0.0
JP.FI,9434572123013120.0,3327512920299929.5,0.0
JP.FO,5928478650138624.0,1803032494614773.8,0.0
JP.FS,5675206039306240.0,1968518803226624.0,0.0
JP.GF,9856996115218432.0,5298782026712860.0,0.0
JP.GM,1.0535933807951872e+16,3525585962318382.5,0.0
JP.HS,1.007750725238784e+16,5543259704760730.0,0.0
JP.HK,5160209932615680.0,427156589952248.75,0.0
JP.HG,8780943598813184.0,4597298794961306.0,0.0
JP.IB,0.0,0.0,0.0
JP.IS,7281100216860672.0,2214861680061098.8,0.0
JP.IW,0.0,0.0,0.0
JP.KG,7477906355781632.0,6130442507911168.0,4768206656897024.0
JP.KS,0.0,0.0,0.0
JP.KN,7103567743680512.0,4048596573719000.5,0.0
JP.KC,7255839903580160.0,2674123085810136.5,0.0
JP.KM,0.0,0.0,0.0
JP.KY,9523792552394752.0,3601678984136476.5,0.0
JP.ME,9856996115218432.0,3009852032103219.0,0.0
JP.MG,0.0,0.0,0.0
JP.MZ,4867733397176320.0,486773339717632.0,0.0
JP.NN,1.5703174602031104e+16,3376532588020319.0,0.0
JP.NS,5184928006275072.0,436785336672152.3,0.0
JP.NR,7751638580199424.0,4484446381775257.5,0.0
JP.NI,1.0535933807951872e+16,2118015012423452.5,0.0
JP.OT,8041921997963264.0,3293841179565335.5,0.0
JP.OY,8671413342830592.0,5098839660319212.0,0.0
JP.ON,2940781019004928.0,7243303002475.192,0.0
JP.OS,7639659655987200.0,4219191568280234.5,0.0
JP.SG,0.0,0.0,0.0
JP.ST,9761364373405696.0,4139815235258504.5,0.0
JP.SH,9523792552394752.0,6627377829729621.0,4415984442015744.0
JP.SM,7544297423372288.0,1563662642140501.2,0.0
JP.SZ,1.2230007422189568e+16,69437865656070.18,0.0
JP.TC,7861084010577920.0,1607096691701467.5,0.0
JP.TS,7477906355781632.0,2888169313796096.0,0.0
JP.TK,7494925163692032.0,5937412182114304.0,4668005606752256.0
JP.TT,7035167168266240.0,3842367400443904.0,0.0
JP.TY,6809170284118016.0,4888625853986679.0,0.0
JP.WK,6605841700487168.0,2790083796769177.5,0.0
JP.YT,0.0,0.0,0.0
JP.YC,8181495013310464.0,2985766223114695.0,0.0
JP.YN,1.5703174602031104e+16,4708747015566131.0,0.0
