HASC_1,Max,Mean,Min
JP.AI,0.0,0.0,0.0
JP.AK,6550344280571904.0,4080381681380010.5,0.0
JP.AO,6690913191460864.0,3165349772840141.0,0.0
JP.CH,0.0,0.0,0.0
JP.EH,0.0,0.0,0.0
JP.FI,6780970065723392.0,1126686833277048.5,0.0
JP.FO,0.0,0.0,0.0
JP.FS,8373848344887296.0,6034416523892053.0,0.0
JP.GF,5321600844955648.0,886933474159274.6,0.0
JP.GM,6469087794298880.0,2185744656462941.0,0.0
JP.HS,0.0,0.0,0.0
JP.HK,7343242488053760.0,2258882723341710.0,0.0
JP.HG,0.0,0.0,0.0
JP.IB,1.0419871980453888e+16,3136819052238165.5,0.0
JP.IS,8962089213231104.0,2917149458732009.0,0.0
JP.IW,7178222328348672.0,4629433108077087.0,0.0
JP.KG,0,0,0
JP.KS,2431613182935040.0,12280874661288.08,0.0
JP.KN,0.0,0.0,0.0
JP.KC,0.0,0.0,0.0
JP.KM,0.0,0.0,0.0
JP.KY,0.0,0.0,0.0
JP.ME,0.0,0.0,0.0
JP.MG,7880804889788416.0,5474795295395021.0,0.0
JP.MZ,0.0,0.0,0.0
JP.NN,6411796151795712.0,1519220261126144.0,0.0
JP.NS,4195031996956672.0,57466191739132.49,0.0
JP.NR,0.0,0.0,0.0
JP.NI,8970172878553088.0,3056701097154819.0,0.0
JP.OT,0.0,0.0,0.0
JP.OY,0.0,0.0,0.0
JP.ON,4731284433666048.0,377640829063711.7,0.0
JP.OS,0.0,0.0,0.0
JP.SG,0.0,0.0,0.0
JP.ST,0.0,0.0,0.0
JP.SH,0,0,0
JP.SM,1.0614749679058944e+16,275523636328568.47,0.0
JP.SZ,3464462354874368.0,6192279313578.722,0.0
JP.TC,9516804640604160.0,5084678607922062.0,0.0
JP.TS,0.0,0.0,0.0
JP.TK,0,0,0
JP.TT,0.0,0.0,0.0
JP.TY,8970172878553088.0,6231973924175872.0,0.0
JP.WK,0.0,0.0,0.0
JP.YT,7144269001261056.0,4478836487232834.0,0.0
JP.YC,0.0,0.0,0.0
JP.YN,0.0,0.0,0.0
