HASC_1,Max,Mean,Min
JP.AI,0.0,0.0,0.0
JP.AK,0.0,0.0,0.0
JP.AO,0.0,0.0,0.0
JP.CH,0.0,0.0,0.0
JP.EH,5031735649632256.0,1075624288249657.8,0.0
JP.FI,6684433159553024.0,2343394641267282.5,0.0
JP.FO,7851680179683328.0,2824868422446519.0,0.0
JP.FS,0.0,0.0,0.0
JP.GF,7533313044512768.0,3364598620723609.5,0.0
JP.GM,0.0,0.0,0.0
JP.HS,6106586648936448.0,2302487480309574.0,0.0
JP.HK,6776945144496128.0,1211715295746998.0,0.0
JP.HG,1.978310040171315e+16,4324805500836249.5,0.0
JP.IB,0.0,0.0,0.0
JP.IS,6006489214877696.0,1837502629048142.0,0.0
JP.IW,0.0,0.0,0.0
JP.KG,8910301571317760.0,4212949462461098.5,215333570871296.0
JP.KS,5933664286277632.0,1037413409484924.1,0.0
JP.KN,0.0,0.0,0.0
JP.KC,6406672255811584.0,1376642983264256.0,0.0
JP.KM,5163636242776064.0,2768339575242752.0,0.0
JP.KY,5836735464341504.0,1274360487789324.2,0.0
JP.ME,7866374336544768.0,462727902149692.25,0.0
JP.MG,0.0,0.0,0.0
JP.MZ,5905096848179200.0,2315942673933926.5,0.0
JP.NN,4562586708213760.0,418958893121536.0,0.0
JP.NS,5220206330773504.0,1453056754722285.0,0.0
JP.NR,0.0,0.0,0.0
JP.NI,4625164918587392.0,214078100194423.06,0.0
JP.OT,7851680179683328.0,4009036621101843.5,0.0
JP.OY,1.978310040171315e+16,7471928342915755.0,0.0
JP.ON,6422278019481600.0,406378233786847.25,0.0
JP.OS,2498004787396608.0,499600957479321.6,0.0
JP.SG,5951298885124096.0,1968269366290022.5,0.0
JP.ST,0.0,0.0,0.0
JP.SH,6914424363286528.0,6011642012412587.0,5020471024156672.0
JP.SM,6656090133495808.0,1426426067703590.2,0.0
JP.SZ,3816833282998272.0,1232827287790.1396,0.0
JP.TC,0.0,0.0,0.0
JP.TS,4818441131261952.0,656321500958404.9,0.0
JP.TK,0,0,0
JP.TT,6747677089857536.0,3180191443932501.5,0.0
JP.TY,7533313044512768.0,4599014034076765.0,0.0
JP.WK,7866374336544768.0,1030949670456888.9,0.0
JP.YT,0.0,0.0,0.0
JP.YC,9266202962558976.0,2192171429352789.2,0.0
JP.YN,0.0,0.0,0.0
