HASC_1,Max,Mean,Min
JP.AI,0.0,0.0,0.0
JP.AK,0.0,0.0,0.0
JP.AO,0.0,0.0,0.0
JP.CH,0.0,0.0,0.0
JP.EH,1.217634502705152e+16,3549802210086494.0,0.0
JP.FI,0.0,0.0,0.0
JP.FO,1.3920997249908736e+16,3926152073198211.5,0.0
JP.FS,0.0,0.0,0.0
JP.GF,0.0,0.0,0.0
JP.GM,0.0,0.0,0.0
JP.HS,1.217634502705152e+16,5045491297978505.0,0.0
JP.HK,0.0,0.0,0.0
JP.HG,1.0972881232068608e+16,4816034437230007.0,0.0
JP.IB,0.0,0.0,0.0
JP.IS,0.0,0.0,0.0
JP.IW,0.0,0.0,0.0
JP.KG,1.3172620673417216e+16,9277780919320576.0,6189308792799232.0
JP.KS,4322829554155520.0,601071896354269.9,0.0
JP.KN,0.0,0.0,0.0
JP.KC,5986418295832576.0,1966439191495262.8,0.0
JP.KM,8189280178405376.0,3957393316343223.0,0.0
JP.KY,6729473944715264.0,1000578002700827.0,0.0
JP.ME,0.0,0.0,0.0
JP.MG,0.0,0.0,0.0
JP.MZ,6885158993002496.0,2559932604225633.5,0.0
JP.NN,0.0,0.0,0.0
JP.NS,6679620648697856.0,1250431556519239.2,0.0
JP.NR,9130808413519872.0,4314379742871552.0,0.0
JP.NI,0.0,0.0,0.0
JP.OT,9483559446249472.0,4932107315480713.0,0.0
JP.OY,1.3172620673417216e+16,6704825857547960.0,0.0
JP.ON,2943039634931712.0,25051650327809.88,0.0
JP.OS,1.28020627062784e+16,3913666362955093.5,0.0
JP.SG,7968028696248320.0,2526435907654355.0,0.0
JP.ST,0.0,0.0,0.0
JP.SH,0,0,0
JP.SM,6851861185298432.0,1201882891900245.2,0.0
JP.SZ,2957652187414528.0,5870905705963.375,0.0
JP.TC,0.0,0.0,0.0
JP.TS,9675386644332544.0,3659060410843136.0,0.0
JP.TK,0,0,0
JP.TT,4988402650841088.0,2897253850782105.5,0.0
JP.TY,0.0,0.0,0.0
JP.WK,1.28020627062784e+16,4236512090835033.0,0.0
JP.YT,0.0,0.0,0.0
JP.YC,1.5903055937536e+16,3989388550228954.0,0.0
JP.YN,0.0,0.0,0.0
