HASC_1,Max,Mean,Min
JP.AI,1.4343298835546112e+16,5561219620536320.0,0.0
JP.AK,0.0,0.0,0.0
JP.AO,6209856453214208.0,689984050357134.2,0.0
JP.CH,1.388821161705472e+16,4606446187885749.0,0.0
JP.EH,0.0,0.0,0.0
JP.FI,2400529162436608.0,274175545573376.0,0.0
JP.FO,7642910409359360.0,3110488484760979.5,0.0
JP.FS,1.0805459111903232e+16,4554482434718340.0,0.0
JP.GF,7410560194838528.0,4272998677469715.0,0.0
JP.GM,1.239853979140096e+16,4935736672325391.0,0.0
JP.HS,0.0,0.0,0.0
JP.HK,8314913340522496.0,710230892180426.4,0.0
JP.HG,0.0,0.0,0.0
JP.IB,1.2169647025553408e+16,4275141801527068.5,0.0
JP.IS,7951600983212032.0,1629187390651155.8,0.0
JP.IW,7512252135505920.0,3576816104461653.5,0.0
JP.KG,0,0,0
JP.KS,4845184818872320.0,748225174062497.8,0.0
JP.KN,1.3888212690796544e+16,8788305517889829.0,0.0
JP.KC,0.0,0.0,0.0
JP.KM,5684296337588224.0,3282763858159013.5,0.0
JP.KY,0.0,0.0,0.0
JP.ME,1.4343298835546112e+16,1333917878932821.2,0.0
JP.MG,9177984334299136.0,5112053605020467.0,0.0
JP.MZ,5437006616199168.0,2077259906339538.8,0.0
JP.NN,8950096053927936.0,3921692189721812.5,0.0
JP.NS,5728989230399488.0,1516870384600860.5,0.0
JP.NR,0.0,0.0,0.0
JP.NI,1.2580411255291904e+16,3174612456643698.0,0.0
JP.OT,7642910409359360.0,2156046087131721.2,0.0
JP.OY,0.0,0.0,0.0
JP.ON,0.0,0.0,0.0
JP.OS,0.0,0.0,0.0
JP.SG,5923061085765632.0,2641396995037593.5,0.0
JP.ST,9392000407175168.0,5144980146356224.0,0.0
JP.SH,0,0,0
JP.SM,0.0,0.0,0.0
JP.SZ,1.0176670531059712e+16,86872637247836.17,0.0
JP.TC,1.239853979140096e+16,5827130977943552.0,0.0
JP.TS,0.0,0.0,0.0
JP.TK,1.3888212690796544e+16,9436756382318592.0,5897759433424896.0
JP.TT,0.0,0.0,0.0
JP.TY,7410560194838528.0,4512569047101755.0,0.0
JP.WK,0.0,0.0,0.0
JP.YT,5877582750810112.0,984918840154521.6,0.0
JP.YC,7540482955542528.0,557126988874820.25,0.0
JP.YN,1.0176670531059712e+16,6200669942013521.0,0.0
