HASC_1,Max,Mean,Min
HU.BK,1.4613354567958528e+16,5549661115758299.0,0.0
HU.BA,5762642983518208.0,1932350894811818.8,0.0
HU.BE,2.7914822112772096e+16,1.128281246091182e+16,0.0
HU.BZ,2.0313256132345856e+16,9342716015367510.0,0.0
HU.BU,2.000138352459776e+16,1.5396571561241258e+16,1.397966757691392e+16
HU.CS,4.293207218402099e+16,1.4974383400768854e+16,0.0
HU.FE,1.575731695976448e+16,5931590940264125.0,0.0
HU.GS,1.7431228923772928e+16,6144193840358546.0,0.0
HU.HB,1.6573905133109248e+16,7996516713243170.0,0.0
HU.HE,2.330677102824653e+16,1.0239173087373994e+16,0.0
HU.JN,2.234205694905549e+16,9269371938986862.0,0.0
HU.KE,1.5672912262463488e+16,7876835637600802.0,0.0
HU.NO,2.513202475486413e+16,1.0247244717839702e+16,0.0
HU.PE,2.234205694905549e+16,8668432801701498.0,0.0
HU.SO,6641823862751232.0,2671869439995319.0,0.0
HU.SZ,2.0313256132345856e+16,1.0516130334507008e+16,0.0
HU.TO,6931545176670208.0,2200283801609830.5,0.0
HU.VA,1.7431228923772928e+16,6787260694047403.0,0.0
HU.VE,1.7431228923772928e+16,6087429153113156.0,1609230696054784.0
HU.ZA,1.1822232489689088e+16,4142950391375462.5,0.0
