HASC_1,Max,Mean,Min
HU.BK,9919787463344128.0,1736286985519104.0,0.0
HU.BA,0.0,0.0,0.0
HU.BE,7142502695960576.0,3607174821305822.0,0.0
HU.BZ,2.9266824130461696e+16,1.1704642512827188e+16,0.0
HU.BU,2.5001541500928e+16,2.5001541500928e+16,2.5001541500928e+16
HU.CS,7014341408718848.0,3902453288271872.0,0.0
HU.FE,0.0,0.0,0.0
HU.GS,0.0,0.0,0.0
HU.HB,1.1618468503748608e+16,5141571045145532.0,0.0
HU.HE,2.6519730835685376e+16,1.146337258180881e+16,0.0
HU.JN,1.802111154336563e+16,6370497423998976.0,0.0
HU.KE,0.0,0.0,0.0
HU.NO,3.1264501466660864e+16,1.4854262224710078e+16,0.0
HU.PE,3.1264501466660864e+16,7125267826269038.0,0.0
HU.SO,0.0,0.0,0.0
HU.SZ,1.513792898859008e+16,7301595146485760.0,0.0
HU.TO,0.0,0.0,0.0
HU.VA,0.0,0.0,0.0
HU.VE,0,0,0
HU.ZA,0.0,0.0,0.0
