HASC_1,Max,Mean,Min
HU.BK,6302943426904064.0,1651717341538665.5,0.0
HU.BA,8046085431885824.0,3336641896775680.0,0.0
HU.BE,0.0,0.0,0.0
HU.BZ,0.0,0.0,0.0
HU.BU,0,0,0
HU.CS,0.0,0.0,0.0
HU.FE,1.4446913847820288e+16,5140605976220233.0,0.0
HU.GS,2.018775504047309e+16,7563266549088256.0,0.0
HU.HB,0.0,0.0,0.0
HU.HE,0.0,0.0,0.0
HU.JN,0.0,0.0,0.0
HU.KE,2.018775504047309e+16,1.2297417053204936e+16,0.0
HU.NO,0.0,0.0,0.0
HU.PE,0.0,0.0,0.0
HU.SO,8046085431885824.0,3389029602662809.5,0.0
HU.SZ,0.0,0.0,0.0
HU.TO,6641736352792576.0,2719517073773129.0,0.0
HU.VA,8748902605914112.0,3786156098803029.5,0.0
HU.VE,1.2929468616146944e+16,7869000243758148.0,4509458499633152.0
HU.ZA,8748902605914112.0,3978132202507469.0,0.0
