HASC_1,Max,Mean,Min
HU.BK,4294681680674816.0,886177142314646.6,0.0
HU.BA,500821271773184.0,118899568174694.4,0.0
HU.BE,7562088251654144.0,2344188770744183.5,0.0
HU.BZ,9973154579480576.0,4480739830964042.0,0.0
HU.BU,1.413929003646976e+16,9545817771038038.0,4359477167915008.0
HU.CS,8755964605890560.0,2150423344493078.2,0.0
HU.FE,1.0755888746856448e+16,1826008369521550.2,0.0
HU.GS,4344118364864512.0,2495703288905728.0,0.0
HU.HB,9973154579480576.0,4147397328930952.5,0.0
HU.HE,1.3254234715717632e+16,4551826131823275.0,0.0
HU.JN,8900197660753920.0,2683941576245248.0,0.0
HU.KE,8061856014925824.0,3765115532729822.0,0.0
HU.NO,1.413929003646976e+16,4537120661525845.0,0.0
HU.PE,1.413929003646976e+16,3109268312630418.5,0.0
HU.SO,2254211706257408.0,737893023136929.6,0.0
HU.SZ,9973154579480576.0,3952718104231936.0,0.0
HU.TO,1093698456649728.0,282333216808329.9,0.0
HU.VA,4161362406146048.0,1844958542085281.8,0.0
HU.VE,4018333821173760.0,2383323031317162.5,580652466438144.0
HU.ZA,3086679984308224.0,1123145132714666.6,0.0
