HASC_1,Max,Mean,Min
AT.BU,0.003333333181217313,5.7234429142816546e-05,0.0
AT.KA,0.07444614917039871,0.0005893327480589505,0.0
AT.NO,0.13693757355213165,0.0011092224899699476,0.0
AT.OO,0.13693757355213165,0.0022990428421638042,0.0
AT.SZ,0.19583682715892792,0.0043094819625063485,0.0
AT.ST,0.13693757355213165,0.0010688399928860748,0.0
AT.TR,0.26306089758872986,0.0039634417601381285,0.0
AT.VO,0.07666666060686111,0.0034640122030396014,0.0
AT.WI,0.0728391632437706,0.012806450730810564,0.0
