HASC_1,Max,Mean,Min
AT.BU,0.19755017757415771,0.010033905780173033,0.0
AT.KA,0.4832500219345093,0.012148183112028619,0.0
AT.NO,0.5686249732971191,0.04767601128415632,0.0
AT.OO,1.0524834394454956,0.10290940097253215,0.0
AT.SZ,0.8300178050994873,0.05393757211283893,0.0
AT.ST,0.3013364374637604,0.014476305760432462,0.0
AT.TR,0.49872323870658875,0.06321233238162347,0.0
AT.VO,0.981999933719635,0.2170511505359577,0.0
AT.WI,0.36843833327293396,0.10324812235000233,0.0
