HASC_1,Max,Mean,Min
AT.BU,0.038899775594472885,0.0016363459856890317,0.0
AT.KA,0.0021430805791169405,5.357701447792351e-05,0.0
AT.NO,0.022502345964312553,0.0003386621278228371,0.0
AT.OO,0.0018798805540427566,8.392323901976592e-06,0.0
AT.SZ,0.006579582113772631,3.634442788703988e-05,0.0
AT.ST,0.012858484871685505,0.00013014653971567326,0.0
AT.TR,0.0,0.0,0.0
AT.VO,0.0,0.0,0.0
AT.WI,0.006587508600205183,0.0020686979250361523,0.0
