HASC_1,Max,Mean,Min
AT.BU,1.145649790763855,-36.41699825808314,-415.8220520019531
AT.KA,1.6263223886489868,-174.37015917010606,-416.041015625
AT.NO,0.34691503643989563,-42.81363442092019,-416.5957336425781
AT.OO,0.3839527666568756,-48.309977162476656,-416.6351318359375
AT.SZ,0.24993115663528442,-133.3073758326238,-416.2752990722656
AT.ST,0.9136361479759216,-143.19592096440047,-416.4479675292969
AT.TR,0.9343299865722656,-210.45463831998183,-416.4844970703125
AT.VO,0.31621053814888,-219.72528787785106,-416.5877990722656
AT.WI,0.10824158042669296,-166.46842982172967,-416.4184265136719
