HASC_1,Max,Mean,Min
AT.BU,0.6422317624092102,0.07910760147190028,0.0
AT.KA,2.1103084087371826,0.30373986501545003,0.0
AT.NO,0.616349995136261,0.06442233498605024,0.0
AT.OO,0.6770750880241394,0.07393865518194313,0.0
AT.SZ,0.8169498443603516,0.16433171113409722,0.0
AT.ST,0.6649333238601685,0.09435482996740967,0.0
AT.TR,1.4793248176574707,0.14799037688139696,0.0
AT.VO,0.8472749590873718,0.12034191623226637,0.0
AT.WI,0.45719167590141296,0.22053607280055681,0.0
