HASC_1,Max,Mean,Min
AT.BU,0.05246211588382721,0.004336983856094546,0.0
AT.KA,0.6203799247741699,0.10246311244552998,0.0
AT.NO,0.182195782661438,0.0029529551189595065,0.0
AT.OO,0.2767999470233917,0.005270028038596918,0.0
AT.SZ,1.7047334909439087,0.13908578068270191,0.0
AT.ST,0.4688093960285187,0.030057421103638494,0.0
AT.TR,2.7048652172088623,0.14252143233271922,0.0
AT.VO,0.15995831787586212,0.021900049145642697,0.0
AT.WI,0.03211677074432373,0.006820846086096329,0.0
