HASC_1,Max,Mean,Min
AT.BU,0.467600017786026,0.025137754032994553,0.0
AT.KA,0.08204999566078186,0.005146458280778461,0.0
AT.NO,0.27954164147377014,0.014378973556574215,0.0
AT.OO,0.13323335349559784,0.01473650771466358,0.0
AT.SZ,0.3348666727542877,0.007178367977113946,0.0
AT.ST,0.6038249731063843,0.023468264410100147,0.0
AT.TR,0.3149000108242035,0.024903989542971513,0.0
AT.VO,0.282399982213974,0.03922812337042261,0.0
AT.WI,0.038649994879961014,0.022614443597073357,0.0
