HASC_1,Max,Mean,Min
AT.BU,0.0,0.0,0.0
AT.KA,0.011140930466353893,0.00017356831992174193,0.0
AT.NO,0.12304999679327011,0.0007035123093161992,0.0
AT.OO,0.06237131729722023,0.0003949718250493918,0.0
AT.SZ,0.0072916666977107525,6.600694258243797e-05,0.0
AT.ST,0.11272499710321426,0.002617300225100012,0.0
AT.TR,0.37361660599708557,0.027423823040148957,0.0
AT.VO,0.7658167481422424,0.10038371701974332,0.0
AT.WI,0.006366245914250612,0.0007957807431618372,0.0
