HASC_1,Max,Mean,Min
AT.BU,0.146755650639534,0.02155343927238341,0.0
AT.KA,0.732908308506012,0.05598026297408069,0.0
AT.NO,0.21738259494304657,0.027664544338657827,0.0
AT.OO,0.8416220545768738,0.0500589128378557,0.0
AT.SZ,0.9906020760536194,0.11112309183032873,0.0
AT.ST,0.8416220545768738,0.03479142128814946,0.0
AT.TR,1.0874749422073364,0.15013489080169662,0.0
AT.VO,1.2012481689453125,0.174654238896134,0.0
AT.WI,0.17877613008022308,0.0789236381649971,0.0
