HASC_1,Max,Mean,Min
CA.AB,0.5670996904373169,0.12652109112151175,0.0
CA.BC,0.8802241086959839,0.18649390961609705,0.0
CA.MB,0.887051522731781,0.23809148004655176,0.0
CA.NB,0.5767126083374023,0.11926639092945895,0.0
CA.NF,0.530508816242218,0.03468568987826317,0.0
CA.NT,0.5831609964370728,0.021553769351180037,0.0
CA.NS,0.36773931980133057,0.034016234803857515,0.0
CA.NU,0.4428924322128296,0.0018258639457317631,0.0
CA.ON,0.5825244784355164,0.056133892070824684,0.0
CA.PE,0.0,0.0,0.0
CA.QC,0.9246524572372437,0.1472414488505189,0.0
CA.SK,0.5448921322822571,0.28287950113493326,0.0
CA.YT,0.5801044702529907,0.05323920874398143,0.0
