HASC_1,Max,Mean,Min
CA.AB,0.5743695497512817,0.1669149206263916,0.0
CA.BC,0.8864590525627136,0.17024296210365691,0.0
CA.MB,0.8402712941169739,0.21461632035971437,0.0
CA.NB,0.3048473000526428,0.01251779327024203,0.0
CA.NF,0.5590966939926147,0.08335608931631765,0.0
CA.NT,1.1427922248840332,0.15843412445517757,0.0
CA.NS,0.042806368321180344,0.00017248398155992714,0.0
CA.NU,1.230934500694275,0.10587794314258421,0.0
CA.ON,0.9136168956756592,0.08263958111576697,0.0
CA.PE,0.0,0.0,0.0
CA.QC,0.9339123368263245,0.16546627174030118,0.0
CA.SK,0.8769252300262451,0.3442745960731473,0.0
CA.YT,1.2290436029434204,0.20735743696017872,0.0
