HASC_1,Max,Mean,Min
CA.AB,0.6093101501464844,0.13423946751988403,0.0
CA.BC,0.8722925186157227,0.1954346470958968,0.0
CA.MB,0.8831285238265991,0.2602735356961837,0.0
CA.NB,0.4758366644382477,0.11733914076863915,0.0
CA.NF,0.5381540060043335,0.05518172253399221,0.0
CA.NT,2.8213236331939697,0.3156810938921961,0.0
CA.NS,0.3546188473701477,0.033673430354489095,0.0
CA.NU,2.8196325302124023,0.2800356320249628,0.0
CA.ON,0.5767040252685547,0.05590145868003482,0.0
CA.PE,0.0,0.0,0.0
CA.QC,0.9617521166801453,0.17703885891642607,0.0
CA.SK,0.5630635619163513,0.283061286177124,0.0
CA.YT,1.411933422088623,0.20423670502882155,0.0
