HASC_1,Max,Mean,Min
CA.AB,0.8717718720436096,0.3101196308150527,0.0
CA.BC,0.8865127563476562,0.15629737192778734,0.0
CA.MB,0.8632066249847412,0.22820703352819074,0.0
CA.NB,0.9196054935455322,0.3042685381475497,0.0
CA.NF,0.8112785816192627,0.04405422059818313,0.0
CA.NT,1.0519417524337769,0.13278688316280224,0.0
CA.NS,0.8560262322425842,0.16445104737899133,0.0
CA.NU,1.0488296747207642,0.06094878547224444,0.0
CA.ON,0.8815692067146301,0.09676644395551547,0.0
CA.PE,0.5807737708091736,0.17378311852614084,0.0
CA.QC,0.8882724642753601,0.16328378407259897,0.0
CA.SK,0.5652642250061035,0.15843261197181485,0.0
CA.YT,0.9542925357818604,0.19297233827899965,0.0
