HASC_1,Max,Mean,Min
CA.AB,0.5725235939025879,0.16714379560704598,0.0
CA.BC,0.8934598565101624,0.17085969246878624,0.0
CA.MB,0.875819981098175,0.21452809556329566,0.0
CA.NB,0.3340269923210144,0.012840477987662201,0.0
CA.NF,0.5691338777542114,0.08345022572622623,0.0
CA.NT,0.8714419603347778,0.09138630695325962,0.0
CA.NS,0.042553238570690155,0.0001682582062585425,0.0
CA.NU,0.8539236783981323,0.037192300548055224,0.0
CA.ON,0.9061601161956787,0.082751362460897,0.0
CA.PE,0.0,0.0,0.0
CA.QC,0.9186224341392517,0.16165411894118745,0.0
CA.SK,0.8974146246910095,0.34413630011387997,0.0
CA.YT,0.8714419603347778,0.1420331434840392,0.0
