HASC_1,Max,Mean,Min
CA.AB,0.5703156590461731,0.13391055649682376,0.0
CA.BC,0.9125751256942749,0.1955919707679851,0.0
CA.MB,0.9122979640960693,0.2602772695428356,0.0
CA.NB,0.45138466358184814,0.11785491702705092,0.0
CA.NF,0.5766996145248413,0.05613595842237006,0.0
CA.NT,2.675246238708496,0.3158103892303205,0.0
CA.NS,0.3529835343360901,0.0342425969512468,0.0
CA.NU,2.657825469970703,0.2809825967839872,0.0
CA.ON,0.581856906414032,0.055604458823329005,0.0
CA.PE,0.0,0.0,0.0
CA.QC,0.9106258153915405,0.177217951522652,0.0
CA.SK,0.5508490800857544,0.2827848110152523,0.0
CA.YT,1.4785782098770142,0.20315414126193712,0.0
