HASC_1,Max,Mean,Min
CA.AB,0.5611079931259155,0.26032966750787284,0.0
CA.BC,0.8589666485786438,0.11906030285973582,0.0
CA.MB,0.590362012386322,0.11669820504979081,0.0
CA.NB,0.0957585796713829,0.003046758560561681,0.0
CA.NF,0.9199481010437012,0.12112283709575422,0.0
CA.NT,1.7219207286834717,0.2130026504981037,0.0
CA.NS,0.48002132773399353,0.03512748010678836,0.0
CA.NU,1.8135172128677368,0.16200803067522848,0.0
CA.ON,0.9137606620788574,0.15187153216921556,0.0
CA.PE,0.20240215957164764,0.034722950365958793,0.0
CA.QC,0.8127124309539795,0.12664706192782846,0.0
CA.SK,0.9041759371757507,0.41306065756505655,0.0
CA.YT,1.3641226291656494,0.24625206369492741,0.0
