HASC_1,Max,Mean,Min
CA.AB,0.5700963735580444,0.13995020832041485,0.0
CA.BC,0.9062702059745789,0.18896606085703746,0.0
CA.MB,0.8964940309524536,0.2538841097058463,0.0
CA.NB,0.3637409210205078,0.0970243685640691,0.0
CA.NF,0.8850328922271729,0.08486010602959848,0.0
CA.NT,2.684567928314209,0.3152237206394899,0.0
CA.NS,0.3384813964366913,0.026614832276079272,0.0
CA.NU,2.6929149627685547,0.2783939508768424,0.0
CA.ON,0.968817949295044,0.08970348995832626,0.0
CA.PE,0.0,0.0,0.0
CA.QC,0.982021689414978,0.1838195546992666,0.0
CA.SK,0.8783376812934875,0.317595119926975,0.0
CA.YT,1.2268527746200562,0.2052231771581703,0.0
