HASC_1,Max,Mean,Min
CA.AB,0.8787418603897095,0.34865122463704434,0.0
CA.BC,0.8763319253921509,0.14004513742402766,0.0
CA.MB,0.8384720087051392,0.2093274392863146,0.0
CA.NB,0.9176679253578186,0.309530331986025,0.0
CA.NF,0.8663423657417297,0.0657111595878999,0.0
CA.NT,2.3686156272888184,0.29978672987846705,0.0
CA.NS,0.8964570760726929,0.19566306747895265,0.0
CA.NU,2.9042320251464844,0.28092795506997276,0.0
CA.ON,0.8801224827766418,0.12235928173736804,0.0
CA.PE,0.7920976281166077,0.22345836438012845,0.0
CA.QC,0.8937524557113647,0.1577535686566477,0.0
CA.SK,0.5788194537162781,0.13129352540750086,0.0
CA.YT,1.8196825981140137,0.257986429079421,0.0
