HASC_1,Max,Mean,Min
CA.AB,0.5744080543518066,0.13984392121493394,0.0
CA.BC,0.9059188365936279,0.18649398377623366,0.0
CA.MB,0.9071580171585083,0.24897051865031267,0.0
CA.NB,0.37096691131591797,0.06442295454822174,0.0
CA.NF,0.5651254653930664,0.0719199430702127,0.0
CA.NT,2.7386703491210938,0.3134397148122586,0.0
CA.NS,0.337230920791626,0.013902700140014141,0.0
CA.NU,2.694148540496826,0.2781237336121114,0.0
CA.ON,0.8951837420463562,0.06569302123614223,0.0
CA.PE,0.0,0.0,0.0
CA.QC,0.9452785849571228,0.17269122692700736,0.0
CA.SK,0.7015872001647949,0.29792045631509184,0.0
CA.YT,1.2035359144210815,0.20527033636494288,0.0
