HASC_1,Max,Mean,Min
CA.AB,0.590509831905365,0.13329393864406391,0.0
CA.BC,0.8818458318710327,0.19471615553514554,0.0
CA.MB,0.882918119430542,0.2596463465516301,0.0
CA.NB,0.4771777391433716,0.11789084189984517,0.0
CA.NF,0.5375093221664429,0.05612378461707972,0.0
CA.NT,2.911850690841675,0.31403627224684055,0.0
CA.NS,0.3604187071323395,0.03398443003243301,0.0
CA.NU,2.90863037109375,0.2802567726595227,0.0
CA.ON,0.5703040957450867,0.05561257104947437,0.0
CA.PE,0.0,0.0,0.0
CA.QC,0.959855318069458,0.1771478406505607,0.0
CA.SK,0.5568755865097046,0.2827533651129659,0.0
CA.YT,1.4213660955429077,0.2039406566108976,0.0
