HASC_1,Max,Mean,Min
CA.AB,0.8495867848396301,0.26494239177670625,0.0
CA.BC,0.9027965068817139,0.1736500040655295,0.0
CA.MB,0.8530592322349548,0.24387211800090172,0.0
CA.NB,0.8921704292297363,0.2800506554459306,0.0
CA.NF,0.743923544883728,0.03330474857674616,0.0
CA.NT,2.3141708374023438,0.3091987735214151,0.0
CA.NS,0.8241482377052307,0.13245298797534946,0.0
CA.NU,2.302088499069214,0.2819449463303297,0.0
CA.ON,0.8953070640563965,0.08013288206045416,0.0
CA.PE,0.5783199071884155,0.1366127420103911,0.0
CA.QC,0.9171624183654785,0.17296462007854305,0.0
CA.SK,0.5718165636062622,0.1921398232847277,0.0
CA.YT,1.497786283493042,0.23098032619508485,0.0
