HASC_1,Max,Mean,Min
CA.AB,0.8834044933319092,0.33525484121902277,0.0
CA.BC,0.8218833208084106,0.10049516653230207,0.0
CA.MB,0.5701188445091248,0.14914526546128126,0.0
CA.NB,0.4750094711780548,0.10091005131305958,0.0
CA.NF,0.8723704814910889,0.1193177365122951,0.0
CA.NT,2.11952543258667,0.2984961949780602,0.0
CA.NS,0.937536358833313,0.13844327618841948,0.0
CA.NU,2.7699501514434814,0.2807834625075428,0.0
CA.ON,0.8986872434616089,0.17087372616019256,0.0
CA.PE,0.5012409090995789,0.1365061993851806,0.0
CA.QC,0.8858026266098022,0.1171018273195027,0.0
CA.SK,0.8344783186912537,0.2550552730887257,0.0
CA.YT,1.2491230964660645,0.2527942357460658,0.0
