HASC_1,Max,Mean,Min
CA.AB,0.5629015564918518,0.2600647120608421,0.0
CA.BC,0.8531773090362549,0.11907885129108979,0.0
CA.MB,0.5880333185195923,0.11663115635865544,0.0
CA.NB,0.0953989028930664,0.0029377320481258225,0.0
CA.NF,0.916187584400177,0.12113795904705542,0.0
CA.NT,2.214810609817505,0.3025946232292058,0.0
CA.NS,0.4766332805156708,0.0347871966904754,0.0
CA.NU,2.896277904510498,0.2824278098046236,0.0
CA.ON,0.9163537621498108,0.15175488596811296,0.0
CA.PE,0.1934443712234497,0.028643487472877358,0.0
CA.QC,0.8140060901641846,0.12660425024728295,0.0
CA.SK,0.9063851833343506,0.4130519204025651,0.0
CA.YT,1.460052490234375,0.24782711862571655,0.0
