HASC_1,Max,Mean,Min
CA.AB,0.5744964480400085,0.16673191931742992,0.0
CA.BC,0.8994383811950684,0.17099429771103702,0.0
CA.MB,0.8694830536842346,0.21518800001839386,0.0
CA.NB,0.325314462184906,0.013275362466608633,0.0
CA.NF,0.5633415579795837,0.08321630739812698,0.0
CA.NT,1.0879271030426025,0.11867381054242396,0.0
CA.NS,0.045982033014297485,0.00016532953392405552,0.0
CA.NU,1.063767910003662,0.05724455694614472,0.0
CA.ON,0.925072193145752,0.08235852143054609,0.0
CA.PE,0.0,0.0,0.0
CA.QC,0.9074873924255371,0.16593340651567376,0.0
CA.SK,0.9004532098770142,0.34399676904956134,0.0
CA.YT,0.8812278509140015,0.16235953715836837,0.0
