HASC_1,Max,Mean,Min
CN.AH,289.1513366699219,286.231143951416,283.5624694824219
CN.BJ,288.6278991699219,285.8761690579928,281.9000549316406
CN.CQ,288.96319580078125,286.2580400549847,282.3756408691406
CN.FJ,291.5592346191406,286.78789230872843,283.2812194824219
CN.GS,289.01690673828125,277.40326205166906,262.7054443359375
CN.GD,296.0110778808594,289.77856020384195,284.0595397949219
CN.GX,294.2701721191406,288.32747469243316,284.73175048828125
CN.GZ,287.7623596191406,285.20030877529047,282.1015319824219
CN.HA,299.20703125,297.191156296503,295.1139221191406
CN.HB,290.1829528808594,284.95482371113087,275.61846923828125
CN.HL,279.05303955078125,274.21428303861825,268.1774597167969
CN.HE,289.9586486816406,287.3369194706784,283.3170471191406
CN.HU,290.0644226074219,287.1678168887184,281.7821960449219
CN.HN,289.9521179199219,286.7671669760903,282.5439147949219
CN.JS,286.4394226074219,283.97522500845105,281.4819030761719
CN.JX,289.1022033691406,286.73580416827133,284.1295471191406
CN.JL,279.8805236816406,276.4726440994828,271.88702392578125
CN.LN,283.9840393066406,280.67250682689524,277.69293212890625
CN.NM,287.8190002441406,278.30978451135024,268.1774597167969
CN.NX,286.17803955078125,282.8397477093865,277.43145751953125
CN.QH,275.39971923828125,267.56734485694585,258.6540222167969
CN.SA,288.7558288574219,284.6044057210286,280.4096374511719
CN.SD,289.75390625,285.63232078552244,282.1188049316406
CN.SH,284.7685241699219,284.3561981201172,283.6786804199219
CN.SX,288.6015319824219,284.8125012371991,281.6640319824219
CN.SC,292.099609375,278.20053147536055,264.3455505371094
CN.TJ,288.6278991699219,287.92496004971593,286.5361022949219
CN.XJ,292.8798828125,280.3580020863269,254.0667266845703
CN.XZ,293.6351013183594,268.12452727527153,256.5819091796875
CN.YN,300.1881408691406,288.79634946352473,272.18292236328125
CN.ZJ,287.06964111328125,284.66985441509047,282.7626647949219
