HASC_1,Max,Mean,Min
CN.AH,298.7457580566406,295.82177395290796,293.2626647949219
CN.BJ,293.6334533691406,290.7373352050781,286.79327392578125
CN.CQ,298.4625549316406,294.686579828677,290.86651611328125
CN.FJ,300.2418518066406,297.9225179738012,295.7115783691406
CN.GS,297.3961486816406,285.50083091042256,270.7663269042969
CN.GD,303.77764892578125,300.1925952766515,296.87335205078125
CN.GX,303.3219299316406,299.8351924935567,296.16046142578125
CN.GZ,300.51397705078125,295.57883903307794,292.02960205078125
CN.HA,304.3271179199219,302.3976890927269,301.4989929199219
CN.HB,298.20538330078125,291.43406903861774,285.5321960449219
CN.HL,291.4234924316406,287.5362994149007,279.2936096191406
CN.HE,298.7489929199219,296.69066803364814,292.6571960449219
CN.HU,297.04620361328125,293.87658546084447,288.9547424316406
CN.HN,300.05889892578125,295.76167984847183,288.9547424316406
CN.JS,297.7255554199219,295.40096400334284,292.89093017578125
CN.JX,299.69757080078125,296.9662411112181,293.01007080078125
CN.JL,290.3951721191406,286.8761619285301,280.7016296386719
CN.LN,288.62628173828125,286.48888934100114,284.0800476074219
CN.NM,295.6295471191406,289.4865891366635,278.7135314941406
CN.NX,292.8941955566406,290.30247497558594,285.24835205078125
CN.QH,286.56671142578125,275.6700670249146,269.2062072753906
CN.SA,297.35382080078125,293.243366877238,288.9889221191406
CN.SD,298.7489929199219,293.97922706604004,285.50225830078125
CN.SH,297.42218017578125,295.44053955078124,294.15948486328125
CN.SX,298.3349304199219,293.6480523186761,288.4775085449219
CN.SC,299.1864929199219,286.80831032777445,272.4306335449219
CN.TJ,294.0165710449219,292.2498279918324,290.13409423828125
CN.XJ,302.37921142578125,288.67132813632026,262.94146728515625
CN.XZ,295.6559143066406,275.72746946753523,262.7422180175781
CN.YN,301.2157897949219,294.14212432464996,279.83819580078125
CN.ZJ,298.8739929199219,296.6021878426535,293.4264221191406
