HASC_1,Max,Mean,Min
CN.AH,277.5990905761719,275.438284556071,273.0585021972656
CN.BJ,274.5685119628906,271.7213792067308,267.9277038574219
CN.CQ,281.3598327636719,277.9644888172979,273.131103515625
CN.FJ,287.4215393066406,279.7179628569504,274.8606262207031
CN.GS,276.1954650878906,265.7619310629488,251.0589141845703
CN.GD,290.13507080078125,283.5101716246786,274.0556335449219
CN.GX,290.06573486328125,280.565734548667,273.29742431640625
CN.GZ,280.34405517578125,276.1112119234525,273.5191650390625
CN.HA,293.78741455078125,290.1680719284784,285.7125549316406
CN.HB,276.5479431152344,271.1906692958114,264.4762878417969
CN.HL,267.2870178222656,256.3477425636652,248.8981170654297
CN.HE,277.7884826660156,275.18306645260583,269.0515441894531
CN.HU,279.11798095703125,276.02720424107144,271.5320739746094
CN.HN,278.4992370605469,276.0055974604009,272.7845153808594
CN.JS,278.5480041503906,275.75121424748346,274.2284240722656
CN.JX,279.8573913574219,276.34062130350463,273.8462829589844
CN.JL,272.0838317871094,263.279091446488,257.8863830566406
CN.LN,276.27642822265625,268.6988510320216,262.66424560546875
CN.NM,270.9233093261719,262.29552857021116,249.7858123779297
CN.NX,270.9743957519531,268.34908249798946,266.11187744140625
CN.QH,266.8132019042969,257.43970940702707,250.8489532470703
CN.SA,277.6776428222656,271.52384916941327,266.1372985839844
CN.SD,278.1490783691406,274.989953994751,272.6191711425781
CN.SH,280.7889709472656,278.1245513916016,276.6494445800781
CN.SX,275.83966064453125,269.6184523298934,264.7777404785156
CN.SC,282.14801025390625,270.5832876352163,253.9296875
CN.TJ,274.5685119628906,274.05887118252843,273.6566467285156
CN.XJ,272.2417297363281,264.0886771011942,247.1721954345703
CN.XZ,285.0287780761719,259.63436000172686,250.9470977783203
CN.YN,289.3901062011719,279.8867003205535,265.7776184082031
CN.ZJ,283.26544189453125,277.16708695261104,273.0585021972656
