HASC_1,Max,Mean,Min
CN.AH,290.5260314941406,288.8878356085883,286.6318054199219
CN.BJ,286.6210632324219,281.4910442645733,276.6407470703125
CN.CQ,290.1959533691406,287.4105324123217,284.0979309082031
CN.FJ,293.3564453125,288.75818607724943,285.4250793457031
CN.GS,284.7167663574219,275.25895490550033,262.5333557128906
CN.GD,297.8326721191406,293.35707845567146,286.9452819824219
CN.GX,296.7434997558594,290.63698271132006,286.7076416015625
CN.GZ,290.2347106933594,286.62625317695813,283.1526184082031
CN.HA,299.1217346191406,297.7667744954427,296.9056091308594
CN.HB,290.0094299316406,281.3799988397277,270.8259582519531
CN.HL,276.4807434082031,271.8789877175262,264.7400817871094
CN.HE,291.4495544433594,288.2189338780657,281.3689270019531
CN.HU,291.4495544433594,288.1187973022461,283.3970947265625
CN.HN,290.3665466308594,288.4645281781207,285.0087585449219
CN.JS,290.3548278808594,289.09346536489636,287.4039306640625
CN.JX,291.3407897949219,288.0052262427102,285.8283996582031
CN.JL,278.5976257324219,275.5884453102394,270.7934875488281
CN.LN,281.6158447265625,278.9330685462481,276.2473449707031
CN.NM,282.0718994140625,273.4406977815448,264.7400817871094
CN.NX,280.7704772949219,277.92357949649585,275.8782043457031
CN.QH,275.6288757324219,266.2741131526168,260.4743957519531
CN.SA,287.3222351074219,281.7372986475627,275.5572509765625
CN.SD,289.6383361816406,286.814864730835,281.0451965332031
CN.SH,289.9198913574219,288.59075317382815,286.4635009765625
CN.SX,288.3658752441406,279.66255270468224,273.5127258300781
CN.SC,290.2750549316406,277.56725056966144,262.5397033691406
CN.TJ,286.9830627441406,285.5389792702415,283.5281066894531
CN.XJ,287.5292663574219,276.7342860886634,253.9679412841797
CN.XZ,289.8694763183594,265.8838547125095,253.7119598388672
CN.YN,298.8125,288.27686081923446,271.8497314453125
CN.ZJ,290.3548278808594,287.7887744568942,285.3791809082031
