HASC_1,Max,Mean,Min
CN.AH,282.0994567871094,280.0638775295681,276.4829406738281
CN.BJ,271.88360595703125,267.20860407902643,261.80548095703125
CN.CQ,282.04833984375,278.6930415941321,273.6551208496094
CN.FJ,288.7945861816406,283.2522630362675,279.5221252441406
CN.GS,277.4053649902344,265.19225357518053,250.01548767089844
CN.GD,294.3310546875,289.5264089077334,282.2107849121094
CN.GX,293.7193908691406,287.77140257530607,279.3746032714844
CN.GZ,286.1015625,279.77107512645233,276.5729064941406
CN.HA,296.4107971191406,294.6247820172991,292.1266174316406
CN.HB,275.25067138671875,267.01038957350323,255.05226135253906
CN.HL,264.29229736328125,253.07267512374682,244.98277282714844
CN.HE,281.406982421875,277.37190883974483,271.1614990234375
CN.HU,281.55615234375,278.7402038574219,273.4040222167969
CN.HN,286.15380859375,280.1373589484246,275.2652893066406
CN.JS,281.9107971191406,279.47998399000903,276.0702819824219
CN.JX,287.6720275878906,281.80997477786644,278.9072265625
CN.JL,269.214111328125,258.54467787566006,253.24644470214844
CN.LN,273.8114013671875,264.22818407600306,258.6365661621094
CN.NM,270.9201354980469,258.00350289974574,244.76695251464844
CN.NX,270.3497619628906,267.3569659064798,264.8232116699219
CN.QH,265.1249694824219,256.3403051232779,248.72088623046875
CN.SA,278.84130859375,271.5875012079875,262.68304443359375
CN.SD,278.689697265625,274.57086715698244,271.4403991699219
CN.SH,283.1690979003906,281.5063995361328,280.8087463378906
CN.SX,276.81658935546875,267.8288912386508,259.7815856933594
CN.SC,283.5948181152344,270.8744673508864,254.51026916503906
CN.TJ,272.2527770996094,270.9838978160511,268.9236145019531
CN.XJ,275.7832336425781,264.0715835783544,240.91603088378906
CN.XZ,282.659423828125,256.09796801311217,244.90025329589844
CN.YN,292.5901794433594,282.74461364746094,263.32537841796875
CN.ZJ,285.6380310058594,281.4486721105743,278.8829650878906
