HASC_1,Max,Mean,Min
CN.AH,301.4232482910156,300.235711839464,298.215576171875
CN.BJ,303.5111389160156,299.3545931302584,294.8177795410156
CN.CQ,301.4955139160156,298.5506850532864,294.581787109375
CN.FJ,301.7943420410156,300.47895602522226,297.801513671875
CN.GS,303.4740295410156,291.38856151850536,279.8194274902344
CN.GD,304.1478576660156,301.9256402510631,298.7422790527344
CN.GX,304.1478576660156,300.53503669660114,295.947998046875
CN.GZ,301.0306701660156,297.38843634189703,292.7709045410156
CN.HA,303.8529357910156,303.1344430106027,301.9349670410156
CN.HB,303.8002014160156,298.68119615611465,291.4639587402344
CN.HL,298.885498046875,296.6989313870541,292.4505920410156
CN.HE,302.0157165527344,299.6119539285008,296.119873046875
CN.HU,303.485107421875,299.33592224121094,294.0674743652344
CN.HN,303.485107421875,300.2836411025498,295.531982421875
CN.JS,301.742919921875,300.02105302077075,297.6973571777344
CN.JX,302.7103576660156,300.80831694267164,297.5912170410156
CN.JL,298.383544921875,295.99553228307656,291.263427734375
CN.LN,298.9623107910156,297.00776201413004,294.457763671875
CN.NM,304.3334045410156,296.82616415923496,288.3233337402344
CN.NX,303.5430603027344,297.2554707246668,290.973388671875
CN.QH,293.688232421875,283.0098348638063,276.457275390625
CN.SA,300.770263671875,297.2426471710205,291.634521484375
CN.SD,303.5755920410156,299.20817108154296,295.539794921875
CN.SH,301.8666076660156,301.28966369628904,300.408935546875
CN.SX,301.5489196777344,297.54892751332875,294.145263671875
CN.SC,301.4955139160156,288.89493376903044,279.2608337402344
CN.TJ,303.8002014160156,302.89407626065343,301.424560546875
CN.XJ,305.3692321777344,292.9161901930937,272.2605895996094
CN.XZ,296.1602478027344,281.4653436428163,275.622314453125
CN.YN,299.7989196777344,294.6105495304256,281.041748046875
CN.ZJ,301.9584045410156,300.45852875291257,297.801513671875
