HASC_1,Max,Mean,Min
CN.AH,286.4783935546875,281.7829547458225,278.9355773925781
CN.BJ,275.8387451171875,273.5420485276442,270.4094543457031
CN.CQ,288.2348937988281,284.7619768225628,279.7137451171875
CN.FJ,294.3097839355469,291.43531483617323,287.2824401855469
CN.GS,283.6743469238281,271.5413212631688,260.7895812988281
CN.GD,297.1580810546875,294.8237636904173,290.4822998046875
CN.GX,296.2954406738281,293.5951085041479,288.9865417480469
CN.GZ,292.2505187988281,287.2322285970052,282.0921630859375
CN.HA,298.0194091796875,297.0214088076637,296.0285339355469
CN.HB,280.5387878417969,274.63293215307857,265.5928649902344
CN.HL,268.4493713378906,263.3501030262959,254.23419189453125
CN.HE,282.8945617675781,280.0098386354084,276.4222412109375
CN.HU,286.2593078613281,282.4810053507487,278.9736633300781
CN.HN,293.8130187988281,286.28055413214713,282.3317565917969
CN.JS,283.1169128417969,281.5249757033128,279.0058898925781
CN.JX,294.1574401855469,287.8874090490207,281.7897644042969
CN.JL,273.6041259765625,267.58579480206527,262.1104431152344
CN.LN,276.8823547363281,272.44004350827066,268.0913391113281
CN.NM,275.4837646484375,267.8619511154463,254.7122802734375
CN.NX,275.8700866699219,273.82298009535845,271.74896240234375
CN.QH,273.9151611328125,266.193106921343,259.15472412109375
CN.SA,285.2065734863281,277.93635813395184,273.4691467285156
CN.SD,281.2778625488281,278.7189716339111,276.4697570800781
CN.SH,283.1169128417969,282.4342315673828,281.8540344238281
CN.SX,281.2650146484375,276.13921046901396,271.4849548339844
CN.SC,288.8325500488281,277.69160938752003,265.3563537597656
CN.TJ,277.0973815917969,275.6135420365767,274.4322509765625
CN.XJ,280.3369445800781,270.41846872886885,251.9212646484375
CN.XZ,288.7365417480469,264.19754389320934,253.4481964111328
CN.YN,295.5399169921875,286.5976839932528,269.0518493652344
CN.ZJ,291.2459716796875,285.97588308233964,281.5301513671875
