HASC_1,Max,Mean,Min
CN.AH,301.0569152832031,297.57273356119794,291.90032958984375
CN.BJ,291.8023376464844,287.312990628756,281.3609313964844
CN.CQ,297.8596496582031,292.74872025199556,285.5621032714844
CN.FJ,302.2066345214844,299.5656606739965,297.3928527832031
CN.GS,292.3703918457031,280.5051892213147,269.7598571777344
CN.GD,303.9253845214844,301.78978719590583,298.31341552734375
CN.GX,303.7828063964844,300.81991954685486,297.22357177734375
CN.GZ,301.10247802734375,296.22206154847754,290.9573059082031
CN.HA,303.6272277832031,302.48218790690106,301.2027282714844
CN.HB,293.35638427734375,286.77317402150373,278.1526184082031
CN.HL,288.8247985839844,284.13289658706077,278.2579040527344
CN.HE,297.9260559082031,292.41694080980517,285.2915954589844
CN.HU,300.6272277832031,295.24502817789715,285.5754699707031
CN.HN,301.42083740234375,299.16829740084137,292.5874938964844
CN.JS,301.5621032714844,297.695922264686,291.3957824707031
CN.JX,301.5940246582031,300.1638415699274,296.6050720214844
CN.JL,289.4582824707031,286.21187958893955,281.4292907714844
CN.LN,290.98822021484375,286.85261931242763,282.96966552734375
CN.NM,292.2398376464844,283.4753510097288,276.93841552734375
CN.NX,284.16400146484375,280.6703877168543,277.5826110839844
CN.QH,282.3782043457031,273.5790038843736,266.9952087402344
CN.SA,290.61029052734375,283.9673026402791,278.93939208984375
CN.SD,293.87005615234375,290.5954788208008,286.3606262207031
CN.SH,301.5451965332031,299.0680419921875,295.2795715332031
CN.SX,292.3694152832031,284.65083684148016,276.8921813964844
CN.SC,298.0464782714844,284.6482835036058,272.25335693359375
CN.TJ,292.2232360839844,291.2755654074929,289.93353271484375
CN.XJ,296.8277282714844,281.9498036781087,260.76690673828125
CN.XZ,296.9117126464844,273.60681822241804,264.0337829589844
CN.YN,301.70989990234375,293.47484301282213,277.35736083984375
CN.ZJ,301.5621032714844,299.3234311823259,295.5874938964844
