HASC_1,Max,Mean,Min
CN.AH,302.8684387207031,298.71344629923504,293.8105163574219
CN.BJ,301.6757507324219,298.5376187838041,293.6418762207031
CN.CQ,299.3039855957031,296.7152915622877,292.9367980957031
CN.FJ,302.5155944824219,299.7568306758486,296.1347351074219
CN.GS,302.2597351074219,291.51846745038273,280.1394348144531
CN.GD,304.6386413574219,301.7284178914903,295.9374694824219
CN.GX,304.0683288574219,300.358744198514,295.8645324707031
CN.GZ,299.0292663574219,295.0522730900691,290.6210632324219
CN.HA,304.1177978515625,302.933585030692,300.2623291015625
CN.HB,305.5937194824219,297.60478165126085,287.1975402832031
CN.HL,294.5530090332031,291.1318719561008,285.6679382324219
CN.HE,304.7330322265625,300.9462017590487,295.8170166015625
CN.HU,301.6601257324219,298.2029600597563,292.3313293457031
CN.HN,301.0455322265625,297.13292350349843,293.9914855957031
CN.JS,302.2486572265625,299.4680381188026,295.7369384765625
CN.JX,301.5390319824219,298.69618934308977,295.1757507324219
CN.JL,292.8039855957031,289.1882106639721,283.2750244140625
CN.LN,296.2265319824219,293.13753292884354,289.6246337890625
CN.NM,303.3827819824219,293.55161794986367,286.3908996582031
CN.NX,299.1028137207031,296.07092105641084,292.7714538574219
CN.QH,291.2229309082031,282.74364654650395,276.0426025390625
CN.SA,301.0266418457031,297.18899790445965,292.3313293457031
CN.SD,305.5937194824219,300.9253730773926,294.3801574707031
CN.SH,298.2043762207031,297.20530090332034,296.4745788574219
CN.SX,303.8157043457031,297.55169512774495,291.4468994140625
CN.SC,300.0852355957031,289.39359897711336,279.5859069824219
CN.TJ,301.6757507324219,300.09714577414775,298.7942199707031
CN.XJ,302.8945007324219,289.9434562576978,266.365966796875
CN.XZ,296.0715637207031,281.8604064197075,273.3497314453125
CN.YN,301.8970947265625,294.86108338987674,286.1786804199219
CN.ZJ,299.0683288574219,296.2645076283237,293.7232666015625
