HASC_1,Max,Mean,Min
DE.BW,0.003513840027153492,0.0031341141110043163,0.002718813018873334
DE.BY,0.003610518528148532,0.0031365027943467522,0.0018935868283733726
DE.BE,0.0036348372232168913,0.003529185941442847,0.0034205783158540726
DE.BR,0.003748801304027438,0.0035026224504690617,0.0031879215966910124
DE.HB,0.003910846542567015,0.003762868077804645,0.0036761630326509476
DE.HH,0.003910846542567015,0.003692566277459264,0.0035965710412710905
DE.HE,0.0036278439220041037,0.0035640349495224656,0.003358907299116254
DE.MV,0.003850010223686695,0.0034268097528679805,0.003166980342939496
DE.NI,0.004308250732719898,0.003695653342465694,0.0034886866342276335
DE.NW,0.0041755312122404575,0.003767134197655001,0.0035785306245088577
DE.RP,0.0041566165164113045,0.0036907576334973178,0.0033832259941846132
DE.SL,0.0040536196902394295,0.003910518891643733,0.0037915578577667475
DE.SN,0.003748801304027438,0.003618254510097598,0.0033955841790884733
DE.ST,0.003738628700375557,0.003581960513991745,0.0034886866342276335
DE.SH,0.0046981447376310825,0.003949167096595231,0.003508038120344281
DE.TH,0.0036364663392305374,0.003534493825605346,0.003456420497968793
