HASC_1,Max,Mean,Min
DE.BW,0.004674802999943495,0.004181884927675128,0.0034670941531658173
DE.BY,0.004372409079223871,0.0035439119971495993,0.002868424402549863
DE.BE,0.004944931250065565,0.004595672059804201,0.004275293089449406
DE.BR,0.005247326102107763,0.004557781183393672,0.003867796389386058
DE.HB,0.00577152892947197,0.005671525529275338,0.005584052298218012
DE.HH,0.00577152892947197,0.005508966464549303,0.005366455763578415
DE.HE,0.0047952840104699135,0.004173168656416237,0.0036937904078513384
DE.MV,0.005798629019409418,0.005122333045371554,0.004553368780761957
DE.NI,0.005896380636841059,0.005339274912871219,0.004030437674373388
DE.NW,0.005896063055843115,0.005048575528365161,0.004109751433134079
DE.RP,0.004840265493839979,0.004423761766196953,0.003971587400883436
DE.SL,0.004658829420804977,0.004598886938765645,0.00453095743432641
DE.SN,0.004211277700960636,0.0037554383130842133,0.0031940648332238197
DE.ST,0.005290320608764887,0.004526216242658465,0.0036214699503034353
DE.SH,0.006091248244047165,0.005669975187629461,0.005253286566585302
DE.TH,0.0044571273028850555,0.003780916837664942,0.0031940648332238197
