HASC_1,Max,Mean,Min
DE.BW,0.007306085899472237,0.006657293511797552,0.0058936141431331635
DE.BY,0.007207539398223162,0.006365823717986016,0.004783219657838345
DE.BE,0.00715572340413928,0.007033716514706611,0.006875501945614815
DE.BR,0.007281528785824776,0.007061723445076495,0.006793724372982979
DE.HB,0.008005923591554165,0.007923987073202928,0.007876223884522915
DE.HH,0.008005923591554165,0.007889511995017529,0.007705675438046455
DE.HE,0.007419096305966377,0.007166154077276587,0.006663309410214424
DE.MV,0.007922080345451832,0.007425475844436071,0.007083164528012276
DE.NI,0.008107728324830532,0.00761113061594802,0.006864375900477171
DE.NW,0.007770922500640154,0.007409130988110389,0.006978260353207588
DE.RP,0.007336444687098265,0.007205985434767272,0.006981916259974241
DE.SL,0.007336444687098265,0.007261362625285983,0.007171220611780882
DE.SN,0.007155008148401976,0.006794657166066922,0.006486402824521065
DE.ST,0.007304337341338396,0.006917689485769523,0.00659249909222126
DE.SH,0.008487132377922535,0.008043539734851373,0.00747885974124074
DE.TH,0.007184730842709541,0.006724463827494118,0.006477422546595335
