HASC_1,Max,Mean,Min
DE.BW,0.005029974039644003,0.004654274888984535,0.004307248163968325
DE.BY,0.005188602022826672,0.004524974900476159,0.003836331656202674
DE.BE,0.005921580363065004,0.005716445203870535,0.0055770655162632465
DE.BR,0.005921580363065004,0.005515388116085281,0.005105155520141125
DE.HB,0.006081797648221254,0.0058443328986565275,0.005694765131920576
DE.HH,0.006081797648221254,0.005756229255348444,0.005511023569852114
DE.HE,0.005436239764094353,0.004923623637296259,0.004433212336152792
DE.MV,0.006073214579373598,0.005560499171472408,0.005284525919705629
DE.NI,0.006404696498066187,0.0056194010618570685,0.0049920654855668545
DE.NW,0.005692698527127504,0.005422769014590553,0.005006291437894106
DE.RP,0.0052146692760288715,0.004970025141826934,0.004513003397732973
DE.SL,0.005190906580537558,0.0051004268461838365,0.004989442881196737
DE.SN,0.005630392115563154,0.004967500333135065,0.004193164873868227
DE.ST,0.0056504192762076855,0.005313475052581022,0.004490115214139223
DE.SH,0.006790298502892256,0.006047754254388182,0.005412318278104067
DE.TH,0.0052788835018873215,0.004720908693141407,0.004193164873868227
