HASC_1,Max,Mean,Min
DE.BW,0.0031711673364043236,0.002955603939683541,0.0028206128627061844
DE.BY,0.003275594674050808,0.0029233789140794505,0.001707694842480123
DE.BE,0.003441096981987357,0.003372567519545555,0.003302178345620632
DE.BR,0.003528358181938529,0.00335998991310286,0.0031770484056323767
DE.HB,0.003618083195760846,0.0034915889458109937,0.0034151889849454165
DE.HH,0.003618083195760846,0.003523430787026882,0.0034698660019785166
DE.HE,0.003274521790444851,0.003109829977620393,0.0029381525237113237
DE.MV,0.004041037987917662,0.0035535347944294863,0.0033549880608916283
DE.NI,0.0049484590999782085,0.0034746871317258557,0.0031951682176440954
DE.NW,0.003583115292713046,0.0032229878374242355,0.002991121495142579
DE.RP,0.003134132595732808,0.0029762512098790873,0.0028206128627061844
DE.SL,0.00296767707914114,0.0029227251652628183,0.002883237088099122
DE.SN,0.003351332386955619,0.0031550824397096507,0.002935609547421336
DE.ST,0.003528358181938529,0.0032973033376038074,0.003017864190042019
DE.SH,0.005258323159068823,0.003966636428805559,0.0034656936768442392
DE.TH,0.0032562827691435814,0.0031207396079682643,0.0029455835465341806
