HASC_1,Max,Mean,Min
DE.BW,0.006884444504976273,0.0066586349604894285,0.006214011926203966
DE.BY,0.007457524072378874,0.006648293973759134,0.004771143663674593
DE.BE,0.008272995240986347,0.007861198484897613,0.007554083596915007
DE.BR,0.00869141984730959,0.00787864402324582,0.007071126718074083
DE.HB,0.006755222100764513,0.006599296350032091,0.006431688088923693
DE.HH,0.006755222100764513,0.006516596861183643,0.006411899346858263
DE.HE,0.006754666101187468,0.006467164936475455,0.006218541879206896
DE.MV,0.00972885824739933,0.007902687542479147,0.006441463250666857
DE.NI,0.007573951501399279,0.006681348914532243,0.006218541879206896
DE.NW,0.007104187738150358,0.006539805393133845,0.006218541879206896
DE.RP,0.006740758195519447,0.006434747975112664,0.006296027917414904
DE.SL,0.0065155322663486,0.0064356421353295445,0.006382017862051725
DE.SN,0.008442430756986141,0.007458774421952273,0.006749897729605436
DE.ST,0.0077201020903885365,0.006993674109444807,0.006453861016780138
DE.SH,0.008458484895527363,0.007190679101959655,0.006373116746544838
DE.TH,0.007231344003230333,0.006750692070151369,0.006404429208487272
