HASC_1,Max,Mean,Min
DE.BW,0.004827989265322685,0.004188440891954562,0.002457731170579791
DE.BY,0.0046653482131659985,0.0035069456541950397,0.001429163501597941
DE.BE,0.005146755371242762,0.00487979780882597,0.004699282813817263
DE.BR,0.005730404052883387,0.004920485933932166,0.004223121330142021
DE.HB,0.006225917022675276,0.0061311327541867895,0.006030970718711615
DE.HH,0.006040507461875677,0.005962719302624464,0.005857004318386316
DE.HE,0.005585445556789637,0.004809796158224344,0.004324011970311403
DE.MV,0.005942676216363907,0.005454792238941247,0.004853102844208479
DE.NI,0.0067407418973743916,0.005891508334693876,0.0045489598996937275
DE.NW,0.0067407418973743916,0.005922789336182177,0.004922761116176844
DE.RP,0.005871150642633438,0.005154472982717885,0.004706594627350569
DE.SL,0.005555564071983099,0.005348020466044545,0.005132688675075769
DE.SN,0.00463796965777874,0.004207931507967021,0.0038535725325345993
DE.ST,0.0057428814470767975,0.004918628249709543,0.0040274192579090595
DE.SH,0.006130947265774012,0.005835136888842834,0.00558457151055336
DE.TH,0.004912230651825666,0.00433624204662111,0.003982318565249443
