HASC_1,Max,Mean,Min
DE.BW,0.004240775480866432,0.0037926748374719982,0.0033663753420114517
DE.BY,0.004228934179991484,0.003563424666471621,0.0021254264283925295
DE.BE,0.004471167456358671,0.00436716116964817,0.004279399290680885
DE.BR,0.004553898703306913,0.004339772218372673,0.0039450968615710735
DE.HB,0.0049154204316437244,0.004782674368470907,0.004706248175352812
DE.HH,0.0049154204316437244,0.004746699705719948,0.00463734520599246
DE.HE,0.004404330626130104,0.004222272173501551,0.004109963309019804
DE.MV,0.004858279600739479,0.004589520479467782,0.0044454182498157024
DE.NI,0.005101307760924101,0.00460945544260982,0.004181091208010912
DE.NW,0.004647755995392799,0.004430829131576631,0.004218443762511015
DE.RP,0.004335030447691679,0.004199630606712567,0.0038312918040901423
DE.SL,0.004335030447691679,0.004263127222657204,0.004211926832795143
DE.SN,0.0041945623233914375,0.003950800182984064,0.0037569450214505196
DE.ST,0.004553898703306913,0.004242503022971122,0.0038566438015550375
DE.SH,0.005116963759064674,0.004874734698157562,0.004601344000548124
DE.TH,0.00429084338247776,0.004057290420557062,0.0037929064128547907
