HASC_1,Max,Mean,Min
DE.BW,0.007467234972864389,0.007037449385160985,0.0061281174421310425
DE.BY,0.007153237704187632,0.006327394049297622,0.0041274684481322765
DE.BE,0.005353416781872511,0.005253344215452671,0.0051895431242883205
DE.BR,0.005530243273824453,0.005248138098977506,0.00469053303822875
DE.HB,0.0056871226988732815,0.005524124018847942,0.0052926200442016125
DE.HH,0.0054947189055383205,0.005298198759555816,0.005117143504321575
DE.HE,0.007225637789815664,0.006367283267900347,0.00579099403694272
DE.MV,0.0053756688721477985,0.004957489775155078,0.004676625598222017
DE.NI,0.006176754832267761,0.005643079925731227,0.0052108424715697765
DE.NW,0.006746336817741394,0.006222752737812698,0.005675440188497305
DE.RP,0.007498865481466055,0.006928775563008255,0.006224597338587046
DE.SL,0.007601703051477671,0.00736749661155045,0.007101024035364389
DE.SN,0.005977914202958345,0.00550623022411999,0.0052262600511312485
DE.ST,0.005749032367020845,0.005466087917356114,0.005195583216845989
DE.SH,0.0053756688721477985,0.004973201546818018,0.004632438533008099
DE.TH,0.006459519267082214,0.0058694997440195745,0.005544389132410288
