HASC_1,Max,Mean,Min
DE.BW,0.002849746495485306,0.0025552978293727274,0.0022897806484252214
DE.BY,0.0027952678501605988,0.00230733492223427,0.0014869259903207421
DE.BE,0.0023818500339984894,0.0023076820187270643,0.0022187121212482452
DE.BR,0.0023818500339984894,0.0022594560383974263,0.0021254706662148237
DE.HB,0.002904304536059499,0.002650017927711209,0.002489575417712331
DE.HH,0.002904304536059499,0.0024243441410362722,0.002188015729188919
DE.HE,0.0027060594875365496,0.0026023594196885823,0.0024478125851601362
DE.MV,0.0029820685740560293,0.002367550306106833,0.0021404114086180925
DE.NI,0.0035013046581298113,0.002554285717574326,0.0021404114086180925
DE.NW,0.002955405740067363,0.0026909682284375386,0.002392857102677226
DE.RP,0.0028030164539813995,0.002671581589513355,0.0025145697873085737
DE.SL,0.002801705151796341,0.0027595945284701884,0.0027284312527626753
DE.SN,0.002349981339648366,0.0022269574141031818,0.0021254706662148237
DE.ST,0.0024301696103066206,0.0022344927205459066,0.0021254706662148237
DE.SH,0.00371373537927866,0.0028286725405211512,0.0021404114086180925
DE.TH,0.0025841083843261003,0.002368218239603771,0.0021305170375853777
