HASC_1,Max,Mean,Min
DE.BW,0.011530746705830097,0.01002770791883054,0.00785695482045412
DE.BY,0.01165059208869934,0.010049910591717096,0.007753004785627127
DE.BE,0.007901221513748169,0.007726365420967341,0.007629503961652517
DE.BR,0.009339679963886738,0.008031229158708205,0.007588416337966919
DE.HB,0.008503626100718975,0.008171243903537592,0.00795033574104309
DE.HH,0.008503626100718975,0.008071023225784301,0.007819999940693378
DE.HE,0.009324898011982441,0.007646924210712313,0.006960342172533274
DE.MV,0.00901845097541809,0.008064903107217768,0.00773957371711731
DE.NI,0.0089957220479846,0.00796592961745085,0.007353097200393677
DE.NW,0.008517454378306866,0.007662070698903075,0.006926645990461111
DE.RP,0.009666631929576397,0.007543231593444943,0.006753871683031321
DE.SL,0.007364064455032349,0.007042497280053794,0.006753871683031321
DE.SN,0.009469221346080303,0.008964639500175653,0.007805615663528442
DE.ST,0.009223014116287231,0.007842963708466604,0.007397601846605539
DE.SH,0.00928706955164671,0.008527400780861316,0.007745613809674978
DE.TH,0.00929469894617796,0.008339611451245017,0.007353097200393677
