HASC_1,Max,Mean,Min
DE.BW,0.010724308900535107,0.009064109307592329,0.007412673905491829
DE.BY,0.011317335069179535,0.00880776045526913,0.007304193452000618
DE.BE,0.00801690574735403,0.00783136859536171,0.007671596482396126
DE.BR,0.008539916947484016,0.00794283397650967,0.007658801507204771
DE.HB,0.009815297089517117,0.009700962031881014,0.009539049118757248
DE.HH,0.009815297089517117,0.009406424872577191,0.009019137360155582
DE.HE,0.008491438813507557,0.007719907979480922,0.007229091599583626
DE.MV,0.009787322022020817,0.00868475951508365,0.007675252389162779
DE.NI,0.010456643998622894,0.009224938341995349,0.0076379794627428055
DE.NW,0.009882054291665554,0.008768983018983687,0.007537843659520149
DE.RP,0.009237847290933132,0.008059865432894893,0.007229091599583626
DE.SL,0.008804083801805973,0.008373659220524132,0.0077806334011256695
DE.SN,0.008787713013589382,0.007898662925550812,0.007428965996950865
DE.ST,0.008635205216705799,0.008093660133645722,0.007428965996950865
DE.SH,0.010335526429116726,0.009623198426867785,0.008671841584146023
DE.TH,0.008076113648712635,0.00769315124489367,0.007428965996950865
