HASC_1,Max,Mean,Min
DE.BW,0.0031590210273861885,0.00287621864117682,0.0023356028832495213
DE.BY,0.0033534513786435127,0.002623936339737253,0.0015942006139084697
DE.BE,0.00427239527925849,0.0040452542249113325,0.003884170902892947
DE.BR,0.0045822998508811,0.004064022796228528,0.0033710545394569635
DE.HB,0.005169366020709276,0.004946047129730384,0.004800214432179928
DE.HH,0.005169366020709276,0.004843415878713131,0.004598194267600775
DE.HE,0.0035524116829037666,0.003308950550854206,0.0028487590607255697
DE.MV,0.004993889946490526,0.004695494489913637,0.004398558754473925
DE.NI,0.005426302086561918,0.004379839693019922,0.0035135892685502768
DE.NW,0.004482124466449022,0.0036120942594217403,0.0033185628708451986
DE.RP,0.0034869657829403877,0.0031881345849898127,0.0028908001258969307
DE.SL,0.003248626599088311,0.0031242218101397157,0.0029834257438778877
DE.SN,0.00363200344145298,0.0033682625569207104,0.0030354009941220284
DE.ST,0.004553609993308783,0.0037779428407941993,0.0032375799492001534
DE.SH,0.005582943093031645,0.005056836568799458,0.004557107109576464
DE.TH,0.0035645312163978815,0.003336841550966104,0.00305312336422503
