HASC_1,Max,Mean,Min
DE.BW,0.006976943463087082,0.006199751110018596,0.00577698415145278
DE.BY,0.006624402012676001,0.005869853647148355,0.004548968747258186
DE.BE,0.006494940724223852,0.006468539778143168,0.006448687519878149
DE.BR,0.00663481280207634,0.006474118660359333,0.006338220089673996
DE.HB,0.006992758717387915,0.0067222594904402895,0.006568532437086105
DE.HH,0.006992758717387915,0.006547058839350939,0.006308894604444504
DE.HE,0.006427151616662741,0.00609358330257237,0.005851369351148605
DE.MV,0.00719175860285759,0.006590398303656416,0.006293000187724829
DE.NI,0.007676463574171066,0.006516381380827846,0.005956672132015228
DE.NW,0.006673833820968866,0.006331913588967707,0.0059631080366671085
DE.RP,0.006306987255811691,0.006086286726511187,0.0058785490691661835
DE.SL,0.006219964474439621,0.006182274431921542,0.006118080113083124
DE.SN,0.006821891758590937,0.006405625933487164,0.006044171750545502
DE.ST,0.006512901280075312,0.006351672235484186,0.006135247647762299
DE.SH,0.008136291988193989,0.007032335784874465,0.006293000187724829
DE.TH,0.006551525089889765,0.006157093681395054,0.005939824040979147
