HASC_1,Max,Mean,Min
DE.BW,0.003944630268961191,0.0035365113745565,0.002946212887763977
DE.BY,0.003935689572244883,0.0032943048727441023,0.0017082643462345004
DE.BE,0.004227990750223398,0.004206795524805784,0.0041982680559158325
DE.BR,0.004280562046915293,0.004162922501564026,0.0038973838090896606
DE.HB,0.004744763020426035,0.004622083467741807,0.00453042471781373
DE.HH,0.004744763020426035,0.00446366760879755,0.004241699818521738
DE.HE,0.004112755414098501,0.003957022237591446,0.0036842375993728638
DE.MV,0.004758432507514954,0.004340809896926989,0.004159962292760611
DE.NI,0.004757558461278677,0.004348483565892722,0.004006420727819204
DE.NW,0.004466687794774771,0.004204916801037533,0.003983532544225454
DE.RP,0.004112755414098501,0.0039371489159141975,0.003608301281929016
DE.SL,0.003969187382608652,0.003895933332387358,0.003814414143562317
DE.SN,0.004106914158910513,0.0038613031226161277,0.0035191327333450317
DE.ST,0.004245991352945566,0.004083469448807209,0.0036717604380100965
DE.SH,0.004972611553966999,0.004618593663173287,0.004180823918431997
DE.TH,0.004073972348123789,0.0038369755752177704,0.0035552929621189833
