HASC_1,Max,Mean,Min
DE.BW,0.00529359420761466,0.004939683206865321,0.004089739639312029
DE.BY,0.005213327240198851,0.0045336934866661086,0.002869970863685012
DE.BE,0.004323787055909634,0.004280037432909012,0.004213995765894651
DE.BR,0.0044934614561498165,0.004268773831427097,0.0039799087680876255
DE.HB,0.0049031442031264305,0.004834532737731934,0.004783537704497576
DE.HH,0.004783537704497576,0.004678824078291654,0.004553225357085466
DE.HE,0.00524916872382164,0.004965546750463545,0.004575398284941912
DE.MV,0.004652248229831457,0.004244578113271432,0.0039799087680876255
DE.NI,0.005397465545684099,0.004844984303958513,0.0043957894667983055
DE.NW,0.005525337066501379,0.005183970439247787,0.004702952690422535
DE.RP,0.00529359420761466,0.005136101765351163,0.005007174797356129
DE.SL,0.005159206222742796,0.00512229127343744,0.005050408188253641
DE.SN,0.004418121185153723,0.004288210509050833,0.004094468895345926
DE.ST,0.00471836980432272,0.004435691124710597,0.004294580779969692
DE.SH,0.005067733116447926,0.004591652682345165,0.0043152435682713985
DE.TH,0.004880097694694996,0.004529299550793237,0.00429112371057272
