HASC_1,Max,Mean,Min
ZA.EC,4283647641255936.0,1035392393523261.8,0.0
ZA.FS,1.0849056251183104e+16,1753041609176105.2,0.0
ZA.GT,1.1255537324785664e+16,4511077998372262.0,0.0
ZA.NL,2.8413188642963456e+16,4736676956783127.0,0.0
ZA.NP,1.1255537324785664e+16,2513942957730681.0,0.0
ZA.MP,1.9090771000950784e+16,4660279171782295.0,0.0
ZA.NW,8412570696286208.0,1601078300001782.5,0.0
ZA.NC,4483033713344512.0,453263118780183.44,0.0
ZA.WC,9758238710956032.0,1085502963611086.1,0.0
