HASC_1,Max,Mean,Min
ZA.EC,4468761268584448.0,557958191716711.56,0.0
ZA.FS,8476639797182464.0,829790547881346.9,0.0
ZA.GT,7745571938893824.0,2710155860202837.5,0.0
ZA.NL,1.2793589809545216e+16,2846272937827172.5,0.0
ZA.NP,6098516405387264.0,2880246254925958.5,0.0
ZA.MP,1.4378524009824256e+16,3723844746783572.5,0.0
ZA.NW,5341137577443328.0,203410609371793.84,0.0
ZA.NC,6837765102632960.0,1413771636665271.5,0.0
ZA.WC,6768178042503168.0,1763420848497772.2,0.0
