HASC_1,Max,Mean,Min
ZA.EC,5443530671521792.0,1058933928263091.4,0.0
ZA.FS,4876274476515328.0,418117828978486.75,0.0
ZA.GT,0.0,0.0,0.0
ZA.NL,3.3075001980616704e+16,5399377272512895.0,0.0
ZA.NP,4610527133171712.0,1311005898363031.8,0.0
ZA.MP,3.3075001980616704e+16,3626425908429112.0,0.0
ZA.NW,4014340575330304.0,582762674627418.2,0.0
ZA.NC,5660176338124800.0,1381689828638772.8,0.0
ZA.WC,6011540633288704.0,1385476419102317.0,0.0
