HASC_1,Max,Mean,Min
ZA.EC,5540311317086208.0,2204072376269732.5,0.0
ZA.FS,1.4356961126514688e+16,3902799311443606.5,0.0
ZA.GT,1.5544643064168448e+16,4795829903105138.0,0.0
ZA.NL,9578520099422208.0,2742299468257025.5,0.0
ZA.NP,7363262404362240.0,3091755158423437.5,0.0
ZA.MP,1.5816381350019072e+16,3522650550088884.5,0.0
ZA.NW,7433564576546816.0,2736701246920804.0,0.0
ZA.NC,6764227209461760.0,1000617286750910.9,0.0
ZA.WC,4563064523325440.0,222707472783435.22,0.0
