HASC_1,Max,Mean,Min
ZA.EC,6412595552583680.0,648459840715081.9,0.0
ZA.FS,5541833882992640.0,358127076964140.1,0.0
ZA.GT,2.521329412603904e+16,3162894415622790.5,0.0
ZA.NL,5144227822436352.0,1892065930637595.0,0.0
ZA.NP,1.1688787855802368e+16,2393343679066353.0,0.0
ZA.MP,2.521329412603904e+16,3227977563777228.0,0.0
ZA.NW,7158683448377344.0,229757201225541.8,0.0
ZA.NC,8788850633605120.0,1499891776087173.8,0.0
ZA.WC,8788850633605120.0,1781813704465166.5,0.0
