HASC_1,Max,Mean,Min
ZA.EC,6930698531241984.0,1587079525746723.0,0.0
ZA.FS,2.0382750850678784e+16,2927945045485971.5,0.0
ZA.GT,2.8554720700268544e+16,8998433658969202.0,0.0
ZA.NL,1.4241820569501696e+16,2579413864751907.0,0.0
ZA.NP,1.326952694677504e+16,3042201201285489.0,0.0
ZA.MP,2.8554720700268544e+16,4695982059521928.0,0.0
ZA.NW,1.808627049221325e+16,2592663077108667.5,0.0
ZA.NC,4298133760638976.0,1450519069649082.2,0.0
ZA.WC,5924160597393408.0,1395843937315091.5,0.0
