HASC_1,Max,Mean,Min
ZA.EC,7093446116376576.0,1933249913009669.8,0.0
ZA.FS,1.1717534071914496e+16,1990629980029053.8,0.0
ZA.GT,1.4106663317405696e+16,4048961273972508.5,0.0
ZA.NL,1.5027911253819392e+16,2766582934386273.0,0.0
ZA.NP,9708854103244800.0,2532177601735203.0,0.0
ZA.MP,2.222623027101696e+16,4220015806914078.0,0.0
ZA.NW,5474078089543680.0,1776277988235309.5,0.0
ZA.NC,6128842632593408.0,1498446160405173.2,0.0
ZA.WC,7006387666157568.0,1732438671104842.8,0.0
