HASC_1,Max,Mean,Min
ZA.EC,3516946318360576.0,250857953595824.9,0.0
ZA.FS,3.667617743949005e+16,3565469789678713.5,0.0
ZA.GT,2.719564916640973e+16,7313797258557668.0,0.0
ZA.NL,3.630798707307315e+16,2985466875532516.5,0.0
ZA.NP,9756390801276928.0,2482713863311830.0,0.0
ZA.MP,4.771771801875251e+16,6495158889514472.0,0.0
ZA.NW,9554107505311744.0,1285037706552741.8,0.0
ZA.NC,5781641234481152.0,874373981786682.5,0.0
ZA.WC,9571975643004928.0,1320535489896856.8,0.0
