HASC_1,Max,Mean,Min
AT.BU,0.0988345816731453,0.01910119359692746,0.0
AT.KA,0.0,0.0,0.0
AT.NO,0.0988345816731453,0.01472857902058422,0.0
AT.OO,0.0,0.0,0.0
AT.SZ,0.0,0.0,0.0
AT.ST,0.0,0.0,0.0
AT.TR,0.31410878896713257,0.015762928780168294,0.0
AT.VO,0.31410878896713257,0.16369314243396124,0.0
AT.WI,0.06609251350164413,0.05014073724548022,0.019887182861566544
