HASC_1,Max,Mean,Min
AT.BU,0.24566768109798431,0.0459485123347905,0.0
AT.KA,0.0,0.0,0.0
AT.NO,0.3395185172557831,0.05076300435431828,0.0
AT.OO,0.09638108313083649,0.008752522599804382,0.0
AT.SZ,0.0,0.0,0.0
AT.ST,0.09906814992427826,0.02232856410751772,0.0
AT.TR,0.0,0.0,0.0
AT.VO,0.0,0.0,0.0
AT.WI,0.08088000863790512,0.04675129087020954,0.019608719274401665
