HASC_1,Max,Mean,Min
AT.BU,0.3430864214897156,0.08497756846352583,0.0
AT.KA,0.5872933268547058,0.25627336143092677,0.0
AT.NO,0.33805161714553833,0.11457277536586237,0.0
AT.OO,0.5353617668151855,0.16852231621742247,0.0
AT.SZ,0.5028315782546997,0.2220406106983622,0.0
AT.ST,0.3882063031196594,0.18717365644194864,0.0
AT.TR,0.7497138381004333,0.3823994214336077,0.0
AT.VO,0.7241972088813782,0.44716082761685055,0.0
AT.WI,0.21162813901901245,0.1100831194780767,0.0
