HASC_1,Max,Mean,Min
AT.BU,0.58912593126297,0.1867891409330898,0.0
AT.KA,0.8258419036865234,0.42047670957717026,0.0
AT.NO,0.5750641822814941,0.23416027473285794,0.0
AT.OO,0.7626640200614929,0.30831977746316364,0.0
AT.SZ,0.855759859085083,0.3570781775439779,0.0
AT.ST,0.821426510810852,0.3661847850590041,0.0
AT.TR,0.9226846098899841,0.4453211396932602,0.0
AT.VO,0.5050575733184814,0.22695055231451988,0.0
AT.WI,0.4449574649333954,0.32870255410671234,0.24080467224121094
