HASC_1,Max,Mean,Min
AT.BU,0.6405918598175049,0.26585836915506256,0.0
AT.KA,0.26928919553756714,0.03085841962423398,0.0
AT.NO,0.6741082668304443,0.24361619143746793,0.0
AT.OO,0.4243645668029785,0.06288782664591314,0.0
AT.SZ,0.07069117575883865,0.007868862104563354,0.0
AT.ST,0.4397166669368744,0.14344299625901674,0.0
AT.TR,0.0,0.0,0.0
AT.VO,0.0,0.0,0.0
AT.WI,0.5760615468025208,0.4988919248183568,0.33830735087394714
