HASC_1,Max,Mean,Min
AT.BU,0.9009810090065002,0.3489542123344209,0.0
AT.KA,0.8787579536437988,0.3747355428270318,0.0
AT.NO,0.8625233173370361,0.330024647526443,0.0
AT.OO,0.5169190168380737,0.20410936240639005,0.0
AT.SZ,0.6145994067192078,0.23266744799911976,0.0
AT.ST,0.9015211462974548,0.3797042060530547,0.0
AT.TR,0.762932538986206,0.27138216644525526,0.0
AT.VO,0.3120253086090088,0.11643577661986153,0.0
AT.WI,0.7236241698265076,0.5357431769371033,0.34930557012557983
