HASC_1,Max,Mean,Min
AT.BU,0.37956443428993225,0.1310277041565213,0.0
AT.KA,0.09716135263442993,0.024672220381613773,0.0
AT.NO,0.38975879549980164,0.12508920611192784,0.0
AT.OO,0.09912925958633423,0.037307818911462426,0.0
AT.SZ,0.06927890330553055,0.008452010046312353,0.0
AT.ST,0.24636106193065643,0.05563599395452801,0.0
AT.TR,0.0,0.0,0.0
AT.VO,0.0,0.0,0.0
AT.WI,0.3874726891517639,0.30823351939519245,0.18786489963531494
