HASC_1,Max,Mean,Min
AT.BU,0.3713867664337158,0.13881783642702633,0.0
AT.KA,0.7837805151939392,0.3578320440243591,0.0
AT.NO,0.4560597240924835,0.16603531238312522,0.0
AT.OO,0.5740468502044678,0.24339535917554583,0.0
AT.SZ,0.7719057202339172,0.2818112162252267,0.0
AT.ST,0.6003676056861877,0.2529930379806143,0.0
AT.TR,0.8260602951049805,0.4561497579018275,0.0
AT.VO,0.9124224185943604,0.6374604205290476,0.0
AT.WI,0.35720348358154297,0.26405277103185654,0.12579508125782013
