HASC_1,Max,Mean,Min
AT.BU,0.8162800073623657,0.31517985711495083,0.0
AT.KA,0.8693470358848572,0.3912933390926231,0.0
AT.NO,0.8413983583450317,0.3545663145681222,0.0
AT.OO,0.9055759906768799,0.3052560576370784,0.0
AT.SZ,0.5100458860397339,0.2196313055853049,0.0
AT.ST,0.939627468585968,0.45350524241274054,0.0
AT.TR,0.5105696320533752,0.25407054387032985,0.0
AT.VO,0.33334818482398987,0.1353308241814375,0.0
AT.WI,0.5583161115646362,0.43867501119772595,0.2596268653869629
