HASC_1,Max,Mean,Min
AT.BU,0.0,0.0,0.0
AT.KA,0.265460729598999,0.0294971358909441,0.0
AT.NO,0.0,0.0,0.0
AT.OO,0.0,0.0,0.0
AT.SZ,0.31676483154296875,0.012697764240632145,0.0
AT.ST,0.0,0.0,0.0
AT.TR,0.35906481742858887,0.14874746979524692,0.0
AT.VO,0.34739235043525696,0.18707688276966414,0.0
AT.WI,0.0,0.0,0.0
