HASC_1,Max,Mean,Min
AT.BU,0.5402979254722595,0.18828637897968292,0.0
AT.KA,0.8588220477104187,0.4209374128417535,0.0
AT.NO,0.5918933749198914,0.23493485944345593,0.0
AT.OO,0.8046525716781616,0.3090496980718204,0.0
AT.SZ,0.8254654407501221,0.3515774632493655,0.0
AT.ST,0.809914767742157,0.3688476401748079,0.0
AT.TR,0.9183750748634338,0.4430528332789739,0.0
AT.VO,0.47597095370292664,0.22916358709335327,0.0
AT.WI,0.3670704662799835,0.3153298695882161,0.25469282269477844
