HASC_1,Max,Mean,Min
AT.BU,0.32493856549263,0.0894729903581669,0.0
AT.KA,0.6089344620704651,0.2568544965576042,0.0
AT.NO,0.35485953092575073,0.11325994473176593,0.0
AT.OO,0.5234335064888,0.1655126160808972,0.0
AT.SZ,0.4873766601085663,0.22033348275969425,0.0
AT.ST,0.39168262481689453,0.18896259073958252,0.0
AT.TR,0.755383312702179,0.38265217617154124,0.0
AT.VO,0.6389457583427429,0.42752818018198013,0.0
AT.WI,0.24047428369522095,0.1014752690948626,0.0
