HASC_1,Max,Mean,Min
AT.BU,0.4904135465621948,0.1712497661097182,0.0
AT.KA,0.37525057792663574,0.1609924299303781,0.0
AT.NO,0.5166885852813721,0.19416925023930767,0.0
AT.OO,0.47601136565208435,0.17441989651748113,0.0
AT.SZ,0.387838751077652,0.14885861554648727,0.0
AT.ST,0.47892478108406067,0.22839782815991025,0.0
AT.TR,0.0986802726984024,0.041595232828209795,0.0
AT.VO,0.0,0.0,0.0
AT.WI,0.49533534049987793,0.38418215016524,0.13940897583961487
