HASC_1,Max,Mean,Min
AT.BU,0.0,0.0,0.0
AT.KA,0.33681613206863403,0.09913813792677088,0.0
AT.NO,0.0,0.0,0.0
AT.OO,0.32049059867858887,0.03204612211723413,0.0
AT.SZ,0.3266311287879944,0.1289903741035232,0.0
AT.ST,0.28239506483078003,0.010681258462048418,0.0
AT.TR,0.41374531388282776,0.19159529060125352,0.0
AT.VO,0.4945128262042999,0.31736767788728076,0.0
AT.WI,0.0,0.0,0.0
