HASC_1,Max,Mean,Min
AT.BU,0.2627618610858917,0.046364087663176984,0.0
AT.KA,0.0,0.0,0.0
AT.NO,0.3011380732059479,0.050161391121567554,0.0
AT.OO,0.09741894900798798,0.008503435363672906,0.0
AT.SZ,0.0,0.0,0.0
AT.ST,0.09644898772239685,0.021772722638464376,0.0
AT.TR,0.0,0.0,0.0
AT.VO,0.0,0.0,0.0
AT.WI,0.07509610801935196,0.04696329372624556,0.017215130850672722
