HASC_1,Max,Mean,Min
AT.BU,0.3859660029411316,0.13297571831693253,0.0
AT.KA,0.0975419357419014,0.02417993124717296,0.0
AT.NO,0.3903670012950897,0.12508607527706772,0.0
AT.OO,0.09897930920124054,0.03767584880281772,0.0
AT.SZ,0.07675706595182419,0.008652425902255345,0.0
AT.ST,0.3309546709060669,0.0574964279887464,0.0
AT.TR,0.0,0.0,0.0
AT.VO,0.0,0.0,0.0
AT.WI,0.37157711386680603,0.2995983610550563,0.1996580958366394
