HASC_1,Max,Mean,Min
IN.AN,0.3627431392669678,0.041046577181215536,0.0
IN.AP,0.4696227014064789,0.09235367320235463,0.0
IN.AR,0.7179275155067444,0.20223196097102422,0.0
IN.AS,0.4825531244277954,0.09331889655821349,0.0
IN.BR,0.2854137122631073,0.006505599178905998,0.0
IN.CH,0.29855549335479736,0.26333390548825264,0.22518610954284668
IN.CT,0.3993305265903473,0.12491153772824849,0.0
IN.DN,0.4333041310310364,0.42445460706949234,0.4141499400138855
IN.DD,0.4333041310310364,0.04495831661754184,0.0
IN.GA,0.35515692830085754,0.14835154451429844,0.0
IN.GJ,0.5382719039916992,0.20005099306110224,0.0
IN.HR,0.4759756922721863,0.15973496999667616,0.0
IN.HP,0.43852752447128296,0.16965217487170145,0.0
IN.JK,0.4555860757827759,0.1678337704035498,0.0
IN.JH,0.28824979066848755,0.018263598580093108,0.0
IN.KA,0.4692169427871704,0.13964487844027748,0.0
IN.KL,0.35323047637939453,0.06422765891660344,0.0
IN.LD,0.420460045337677,0.047169252469831585,0.0
IN.MP,0.5346503853797913,0.17727837664144183,0.0
IN.MH,0.5382719039916992,0.15686582118142925,0.0
IN.MN,0.4474468529224396,0.16746932448424762,0.0
IN.ML,0.38775354623794556,0.15608827272453943,0.0
IN.MZ,0.4011324942111969,0.12220762559221234,0.0
IN.NL,0.4247432351112366,0.1842253181255526,0.0
IN.DL,0.40774357318878174,0.2490361531575521,0.0
IN.OR,0.3599648177623749,0.07433670624543447,0.0
IN.PY,0.4495096206665039,0.004211419125398,0.0
IN.PB,0.47283926606178284,0.18546567195971336,0.0
IN.RJ,0.6994019746780396,0.1900916250712496,0.0
IN.SK,0.044083550572395325,0.00255583212710917,0.0
IN.TN,0.47061362862586975,0.14574157655832992,0.0
IN.TG,0.4752238988876343,0.1729667524861939,0.0
IN.TR,0.4011324942111969,0.1725879032164812,0.0
IN.UP,0.44823262095451355,0.11690751831253085,0.0
IN.UT,0.3965629041194916,0.15284698141945732,0.0
IN.WB,0.343757688999176,0.006813865466414929,0.0
