HASC_1,Max,Mean,Min
IN.AN,0.4166489243507385,0.045326698526288525,0.0
IN.AP,0.3583236336708069,0.04205238082635349,0.0
IN.AR,0.6199679374694824,0.18556691757920715,0.0
IN.AS,0.6377077102661133,0.1349594829328082,0.0
IN.BR,0.4278281331062317,0.1334770442287822,0.0
IN.CH,0.0,0.0,0.0
IN.CT,0.29809778928756714,0.005333545157819206,0.0
IN.DN,0.2893924117088318,0.24193987995386124,0.20570191740989685
IN.DD,0.20570191740989685,0.01980279551612006,0.0
IN.GA,0.44212374091148376,0.18969167694449424,0.0
IN.GJ,0.4793274700641632,0.20120405698353463,0.0
IN.HR,0.31591981649398804,0.06218028726084877,0.0
IN.HP,0.22056929767131805,0.0029133599619944016,0.0
IN.JK,0.29785969853401184,0.034618191477853714,0.0
IN.JH,0.4057909846305847,0.13264108225784935,0.0
IN.KA,0.4344257116317749,0.1532968169540391,0.0
IN.KL,0.4231799840927124,0.11162678740526501,0.0
IN.LD,0.44041693210601807,0.045310700882454306,0.0
IN.MP,0.3646174669265747,0.05965328205638798,0.0
IN.MH,0.45612865686416626,0.11562071107942352,0.0
IN.MN,0.4780588746070862,0.2153920168057084,0.0
IN.ML,0.5642399191856384,0.25848230375693393,0.0
IN.MZ,0.5357779264450073,0.2789806678891182,0.0
IN.NL,0.4770403206348419,0.1929643406636185,0.0
IN.DL,0.0,0.0,0.0
IN.OR,0.39705896377563477,0.06420098440321999,0.0
IN.PY,0.3523971438407898,0.0023619218170642855,0.0
IN.PB,0.3025219142436981,0.10258842444943975,0.0
IN.RJ,0.46853694319725037,0.12938456347965613,0.0
IN.SK,0.46997928619384766,0.3072275176644325,0.0
IN.TN,0.40661871433258057,0.13076874575969102,0.0
IN.TG,0.3046388626098633,0.07518726283922339,0.0
IN.TR,0.5289837718009949,0.20482554271196327,0.0
IN.UP,0.3858448266983032,0.012685179951224989,0.0
IN.UT,0.0,0.0,0.0
IN.WB,0.494793564081192,0.12234157785568434,0.0
