HASC_1,Max,Mean,Min
IN.AN,0.39122769236564636,0.03524187546660842,0.0
IN.AP,0.46724626421928406,0.09307729268883481,0.0
IN.AR,0.722427487373352,0.20146773305388402,0.0
IN.AS,0.5005505084991455,0.09377098146619868,0.0
IN.BR,0.2868390679359436,0.006491276743361682,0.0
IN.CH,0.3864361643791199,0.29649950563907623,0.22205886244773865
IN.CT,0.4043539762496948,0.11817239743108168,0.0
IN.DN,0.3902971148490906,0.3752245306968689,0.36405280232429504
IN.DD,0.3823888897895813,0.04204028513696459,0.0
IN.GA,0.3656243681907654,0.1529479283839464,0.0
IN.GJ,0.5395459532737732,0.2024939459304232,0.0
IN.HR,0.4711887240409851,0.156773069835439,0.0
IN.HP,0.4355883002281189,0.1689906522304147,0.0
IN.JK,0.4495251476764679,0.16882103007464183,0.0
IN.JH,0.2868390679359436,0.014966871818576597,0.0
IN.KA,0.4519479274749756,0.13860187648368397,0.0
IN.KL,0.3215987980365753,0.06284724863950145,0.0
IN.LD,0.42609038949012756,0.04445116115467889,0.0
IN.MP,0.5395459532737732,0.17629178109820243,0.0
IN.MH,0.5395459532737732,0.15751488376936362,0.0
IN.MN,0.41956666111946106,0.17596018790290044,0.0
IN.ML,0.4055183529853821,0.1743375406769631,0.0
IN.MZ,0.4290202856063843,0.1253963883092922,0.0
IN.NL,0.4337178170681,0.17475958665211996,0.0
IN.DL,0.44930189847946167,0.2967337800396813,0.0
IN.OR,0.34964144229888916,0.07378370727482252,0.0
IN.PY,0.43506479263305664,0.003715865929921468,0.0
IN.PB,0.4820972681045532,0.18833373963127475,0.0
IN.RJ,0.720102071762085,0.19038178378721318,0.0
IN.SK,0.034100376069545746,0.0018674624385312199,0.0
IN.TN,0.47163984179496765,0.14657996067156395,0.0
IN.TG,0.47972047328948975,0.17081469385062947,0.0
IN.TR,0.36373698711395264,0.14534024894237518,0.0
IN.UP,0.4217366576194763,0.11515978640833172,0.0
IN.UT,0.38339710235595703,0.15005591664877202,0.0
IN.WB,0.23702365159988403,0.004837991221381537,0.0
