HASC_1,Max,Mean,Min
IN.AN,0.4405139982700348,0.04794970908851334,0.0
IN.AP,0.4503622055053711,0.0707422074215873,0.0
IN.AR,0.3108535408973694,0.04172248870317061,0.0
IN.AS,0.351222962141037,0.07081350132702263,0.0
IN.BR,0.6295549869537354,0.2007179092320185,0.0
IN.CH,0.39361074566841125,0.2852807454764843,0.18891693651676178
IN.CT,0.45798107981681824,0.15268940010514015,0.0
IN.DN,0.0,0.0,0.0
IN.DD,0.1143815740942955,0.006354531894127528,0.0
IN.GA,0.0,0.0,0.0
IN.GJ,0.2960427701473236,0.04236986892682459,0.0
IN.HR,0.43116849660873413,0.12850167558093634,0.0
IN.HP,0.43116849660873413,0.13163862180762417,0.0
IN.JK,0.5525320172309875,0.098105434517366,0.0
IN.JH,0.5377784967422485,0.18933571294734353,0.0
IN.KA,0.3484601378440857,0.013307728727169916,0.0
IN.KL,0.0,0.0,0.0
IN.LD,0.28944793343544006,0.02727135635760366,0.0
IN.MP,0.4968319535255432,0.12026610502368261,0.0
IN.MH,0.44869884848594666,0.043066699603387465,0.0
IN.MN,0.30424371361732483,0.1344358888713436,0.0
IN.ML,0.36086612939834595,0.16584603220988542,0.0
IN.MZ,0.3233785927295685,0.17404100472728412,0.0
IN.NL,0.29209113121032715,0.05849766340624127,0.0
IN.DL,0.27618592977523804,0.20045254793432024,0.0
IN.OR,0.541982889175415,0.16242254412174226,0.0
IN.PY,0.3864348828792572,0.0027930907011032105,0.0
IN.PB,0.42150312662124634,0.12598208918307835,0.0
IN.RJ,0.4187465310096741,0.036447130116271126,0.0
IN.SK,0.40006935596466064,0.2651969499886036,0.0
IN.TN,0.3907313346862793,0.060666420185786066,0.0
IN.TG,0.435970664024353,0.12875428494571678,0.0
IN.TR,0.3388233780860901,0.14613620471209288,0.0
IN.UP,0.6819020509719849,0.14884407899949834,0.0
IN.UT,0.5004773139953613,0.16249439903779905,0.0
IN.WB,0.48318231105804443,0.14277605805784235,0.0
