HASC_1,Max,Mean,Min
IN.AN,0.45771878957748413,0.05404138912757238,0.0
IN.AP,0.22385051846504211,0.00025594690302439143,0.0
IN.AR,0.43324583768844604,0.11230016928736102,0.0
IN.AS,0.4627448320388794,0.10563875341580974,0.0
IN.BR,0.5929587483406067,0.1947373935250595,0.0
IN.CH,0.0,0.0,0.0
IN.CT,0.40540891885757446,0.003233675935761366,0.0
IN.DN,0.2818419337272644,0.1977269295603037,0.12020132690668106
IN.DD,0.23965995013713837,0.02241299632522795,0.0
IN.GA,0.294065922498703,0.1425449550151825,0.0
IN.GJ,0.41106656193733215,0.12035043121443736,0.0
IN.HR,0.0,0.0,0.0
IN.HP,0.0,0.0,0.0
IN.JK,0.0,0.0,0.0
IN.JH,0.5383732318878174,0.17216264992960517,0.0
IN.KA,0.28510716557502747,0.0123954277719315,0.0
IN.KL,0.25657451152801514,0.008982121454257714,0.0
IN.LD,0.3386242985725403,0.032604552197213074,0.0
IN.MP,0.0,0.0,0.0
IN.MH,0.2970280647277832,0.019563483894921328,0.0
IN.MN,0.3832569122314453,0.17171194776892662,0.0
IN.ML,0.4691791236400604,0.21342387126806456,0.0
IN.MZ,0.44426509737968445,0.2218264897664388,0.0
IN.NL,0.37805867195129395,0.14499736411703956,0.0
IN.DL,0.0,0.0,0.0
IN.OR,0.4519691467285156,0.07351435148740165,0.0
IN.PY,0.25657451152801514,0.0005154882470766704,0.0
IN.PB,0.0,0.0,0.0
IN.RJ,0.3249855637550354,0.021303209770845818,0.0
IN.SK,0.48493117094039917,0.3210458382964134,0.0
IN.TN,0.0,0.0,0.0
IN.TG,0.0,0.0,0.0
IN.TR,0.45883315801620483,0.18543899214516082,0.0
IN.UP,0.4199792146682739,0.011732463737707163,0.0
IN.UT,0.0,0.0,0.0
IN.WB,0.5438972115516663,0.15772648754022311,0.0
