HASC_1,Max,Mean,Min
IN.AN,0.445968896150589,0.04061576211866259,0.0
IN.AP,0.4650568962097168,0.07120313127781239,0.0
IN.AR,0.7227453589439392,0.22698592415286434,0.0
IN.AS,0.6342337131500244,0.13258006182149984,0.0
IN.BR,0.3700466752052307,0.04345667463623815,0.0
IN.CH,0.2665422558784485,0.22488823533058167,0.17817789316177368
IN.CT,0.29685747623443604,0.050597716204331525,0.0
IN.DN,0.35737448930740356,0.257826741784811,0.14461632072925568
IN.DD,0.3100493550300598,0.02900374515189065,0.0
IN.GA,0.42891183495521545,0.23271278217434882,0.0
IN.GJ,0.5414842963218689,0.21481881189623825,0.0
IN.HR,0.38855284452438354,0.12791056596502967,0.0
IN.HP,0.338922381401062,0.13698496511922434,0.0
IN.JK,0.39392733573913574,0.11942483388511824,0.0
IN.JH,0.2752452492713928,0.020694132031783004,0.0
IN.KA,0.47099989652633667,0.18068688827797882,0.0
IN.KL,0.47321125864982605,0.12578853005855278,0.0
IN.LD,0.25749343633651733,0.021104413445810884,0.0
IN.MP,0.4681091606616974,0.12872610322483524,0.0
IN.MH,0.47986921668052673,0.15522310272475992,0.0
IN.MN,0.5223650336265564,0.2317354828119278,0.0
IN.ML,0.49813371896743774,0.20059683650899202,0.0
IN.MZ,0.4605579078197479,0.2356300763785839,0.0
IN.NL,0.6342337131500244,0.24097697105672625,0.0
IN.DL,0.3102376461029053,0.19660809636116028,0.0
IN.OR,0.3237428367137909,0.010075579314376228,0.0
IN.PY,0.38667166233062744,0.003559357941150665,0.0
IN.PB,0.42081189155578613,0.15655208789032593,0.0
IN.RJ,0.6343197226524353,0.1638114139965396,0.0
IN.SK,0.42174363136291504,0.2749840676784515,0.0
IN.TN,0.47321125864982605,0.1623015450178713,0.0
IN.TG,0.42129117250442505,0.142642299852827,0.0
IN.TR,0.4195575714111328,0.1821421617642045,0.0
IN.UP,0.31615859270095825,0.052181097548950846,0.0
IN.UT,0.29761284589767456,0.0742696493929543,0.0
IN.WB,0.4155017137527466,0.0942331736821782,0.0
