HASC_1,Max,Mean,Min
IN.AN,0.352559894323349,0.041793785330303236,0.0
IN.AP,0.4735133647918701,0.09136494312447932,0.0
IN.AR,0.7197685837745667,0.20157260627805348,0.0
IN.AS,0.4772699475288391,0.09310147628368079,0.0
IN.BR,0.28717100620269775,0.0061943298131818805,0.0
IN.CH,0.3235776424407959,0.2675297409296036,0.2025417983531952
IN.CT,0.40655845403671265,0.1252692243577833,0.0
IN.DN,0.43502575159072876,0.42928556352853775,0.4186398386955261
IN.DD,0.4330599308013916,0.04566897120740679,0.0
IN.GA,0.36054909229278564,0.15606046579778193,0.0
IN.GJ,0.5393909811973572,0.20057535740880456,0.0
IN.HR,0.4778883159160614,0.1611173089821728,0.0
IN.HP,0.4373682141304016,0.17093471429505191,0.0
IN.JK,0.46498703956604004,0.1678022157312149,0.0
IN.JH,0.28733929991722107,0.01835832211532091,0.0
IN.KA,0.47737398743629456,0.1402455191127956,0.0
IN.KL,0.3547520339488983,0.06441740606104929,0.0
IN.LD,0.42070117592811584,0.048348164528000115,0.0
IN.MP,0.525894284248352,0.1771888996526185,0.0
IN.MH,0.525894284248352,0.1567989426111084,0.0
IN.MN,0.43259042501449585,0.16533319268475882,0.0
IN.ML,0.4149841070175171,0.1539068363265706,0.0
IN.MZ,0.3965405821800232,0.12187223568786673,0.0
IN.NL,0.4251793324947357,0.1834376530928744,0.0
IN.DL,0.38391435146331787,0.24466821220186022,0.0
IN.OR,0.3420338034629822,0.07092427245515864,0.0
IN.PY,0.4425120949745178,0.004149754246075948,0.0
IN.PB,0.4764178693294525,0.18599496349780517,0.0
IN.RJ,0.6818739175796509,0.190048351911663,0.0
IN.SK,0.04115050286054611,0.0023503567557781936,0.0
IN.TN,0.4749141335487366,0.14528058843174274,0.0
IN.TG,0.46842896938323975,0.17327109104131952,0.0
IN.TR,0.3965405821800232,0.17023355141282082,0.0
IN.UP,0.44973519444465637,0.11434399575582542,0.0
IN.UT,0.39848387241363525,0.15333903912040922,0.0
IN.WB,0.356685996055603,0.007342432560294222,0.0
