HASC_1,Max,Mean,Min
IN.AN,0.27731311321258545,0.004023040650468884,0.0
IN.AP,0.47961559891700745,0.09028295377388547,0.0
IN.AR,0.507851779460907,0.1626551981422987,0.0
IN.AS,0.4324381947517395,0.07850577412244564,0.0
IN.BR,0.31577861309051514,0.051214605812279004,0.0
IN.CH,0.37999582290649414,0.27581122145056725,0.19049784541130066
IN.CT,0.4574286937713623,0.1401886263718972,0.0
IN.DN,0.21870708465576172,0.16247373074293137,0.11389407515525818
IN.DD,0.16885676980018616,0.018407122956381902,0.0
IN.GA,0.42371827363967896,0.20031253919005393,0.0
IN.GJ,0.4597075879573822,0.17528657216368043,0.0
IN.HR,0.5540428757667542,0.17141457654687822,0.0
IN.HP,0.4691433608531952,0.18923555666601266,0.0
IN.JK,0.6486955881118774,0.19662880737866675,0.0
IN.JH,0.30503004789352417,0.06542867395061892,0.0
IN.KA,0.42554858326911926,0.14057579720252775,0.0
IN.KL,0.42554858326911926,0.08987547811922844,0.0
IN.LD,0.42967164516448975,0.024236677547266983,0.0
IN.MP,0.532951295375824,0.19043974894857793,0.0
IN.MH,0.5409765839576721,0.15926000363881293,0.0
IN.MN,0.3462325632572174,0.1206121113912862,0.0
IN.ML,0.3860819339752197,0.11085374298571156,0.0
IN.MZ,0.3635464906692505,0.18160343542695045,0.0
IN.NL,0.41614699363708496,0.11020520956824637,0.0
IN.DL,0.4790928363800049,0.3073405573765437,0.0
IN.OR,0.37812328338623047,0.1108580996752662,0.0
IN.PY,0.4160228967666626,0.004212889989217122,0.0
IN.PB,0.6340932250022888,0.22234388930205057,0.0
IN.RJ,0.7078526616096497,0.19312260804727382,0.0
IN.SK,0.0,0.0,0.0
IN.TN,0.43648016452789307,0.11782631516492598,0.0
IN.TG,0.4719851315021515,0.17135247255072875,0.0
IN.TR,0.34743964672088623,0.11475522237985085,0.0
IN.UP,0.4679245948791504,0.1337970836686689,0.0
IN.UT,0.4493364095687866,0.17001579544610448,0.0
IN.WB,0.11285321414470673,0.0003950613005386899,0.0
