HASC_1,Max,Mean,Min
IN.AN,0.41383659839630127,0.045122468448949585,0.0
IN.AP,0.3536553978919983,0.0417534622475324,0.0
IN.AR,0.629517138004303,0.18518884050556356,0.0
IN.AS,0.6381518840789795,0.13503101304242457,0.0
IN.BR,0.32693547010421753,0.001516748553914358,0.0
IN.CH,0.0,0.0,0.0
IN.CT,0.30467456579208374,0.0053250077548715425,0.0
IN.DN,0.2928348779678345,0.23800283670425415,0.18615584075450897
IN.DD,0.18615584075450897,0.01966752525832918,0.0
IN.GA,0.4450300931930542,0.19209602028131484,0.0
IN.GJ,0.47713667154312134,0.20097006953920912,0.0
IN.HR,0.3110838532447815,0.028307163974743012,0.0
IN.HP,0.0,0.0,0.0
IN.JK,0.288043737411499,0.011039145986049312,0.0
IN.JH,0.4030216336250305,0.07304311851529699,0.0
IN.KA,0.4368743896484375,0.1527381245523019,0.0
IN.KL,0.42330729961395264,0.11096587256666576,0.0
IN.LD,0.43468037247657776,0.04518146189499875,0.0
IN.MP,0.36652177572250366,0.05258512238705643,0.0
IN.MH,0.45702365040779114,0.11514463665629812,0.0
IN.MN,0.4819619059562683,0.21435575539039242,0.0
IN.ML,0.5524287223815918,0.2569552520528818,0.0
IN.MZ,0.5348218083381653,0.27365184016525745,0.0
IN.NL,0.4819619059562683,0.1932012372546726,0.0
IN.DL,0.0,0.0,0.0
IN.OR,0.3992254137992859,0.06499683351162822,0.0
IN.PY,0.35615038871765137,0.0023596957127253217,0.0
IN.PB,0.31291598081588745,0.056032154538266404,0.0
IN.RJ,0.47198784351348877,0.12273368616857482,0.0
IN.SK,0.47301051020622253,0.31762508004903794,0.0
IN.TN,0.40522027015686035,0.130273740414692,0.0
IN.TG,0.30624985694885254,0.0742604590144337,0.0
IN.TR,0.5239256024360657,0.20499729147801796,0.0
IN.UP,0.0,0.0,0.0
IN.UT,0.0,0.0,0.0
IN.WB,0.5038354396820068,0.10083129118506479,0.0
