HASC_1,Max,Mean,Min
IN.AN,0.45261138677597046,0.045414668795737356,0.0
IN.AP,0.3291736841201782,0.01835037877978642,0.0
IN.AR,0.44196367263793945,0.15313531479073894,0.0
IN.AS,0.4803727865219116,0.11327117022678808,0.0
IN.BR,0.6946545839309692,0.17393456435289292,0.0
IN.CH,0.0,0.0,0.0
IN.CT,0.3980998396873474,0.08468794644898317,0.0
IN.DN,0.28024643659591675,0.25521182268857956,0.22348105907440186
IN.DD,0.22348105907440186,0.02292291737265057,0.0
IN.GA,0.35797762870788574,0.14777492210268975,0.0
IN.GJ,0.4581402838230133,0.170948778976675,0.0
IN.HR,0.0,0.0,0.0
IN.HP,0.22903549671173096,0.002378489396945512,0.0
IN.JK,0.3622955083847046,0.0220443109816794,0.0
IN.JH,0.48584669828414917,0.1505171319422835,0.0
IN.KA,0.3340708017349243,0.0925807578539952,0.0
IN.KL,0.29956093430519104,0.08996368028473055,0.0
IN.LD,0.40277886390686035,0.041218867259366174,0.0
IN.MP,0.37700390815734863,0.033219894742406046,0.0
IN.MH,0.35801881551742554,0.05855081717691421,0.0
IN.MN,0.44706085324287415,0.20568652471734417,0.0
IN.ML,0.4803727865219116,0.22082662515533277,0.0
IN.MZ,0.46992430090904236,0.2465236519773801,0.0
IN.NL,0.39015913009643555,0.15661319634980625,0.0
IN.DL,0.0,0.0,0.0
IN.OR,0.4486274719238281,0.12873103075288236,0.0
IN.PY,0.29956093430519104,0.0017067333459854126,0.0
IN.PB,0.0,0.0,0.0
IN.RJ,0.36760586500167847,0.06013017105334796,0.0
IN.SK,0.6275609731674194,0.4256590142846107,0.0
IN.TN,0.2911667227745056,0.04356309036321596,0.0
IN.TG,0.2634555399417877,0.0007748692351229051,0.0
IN.TR,0.47525766491889954,0.1884243848423163,0.0
IN.UP,0.4293416440486908,0.06721204828842549,0.0
IN.UT,0.39379173517227173,0.07842002486476203,0.0
IN.WB,0.6270699501037598,0.15792991929804273,0.0
