HASC_1,Max,Mean,Min
IN.AN,0.37334150075912476,0.0432583542935776,0.0
IN.AP,0.46010637283325195,0.08018083167057427,0.0
IN.AR,0.29230254888534546,0.012189614589765875,0.0
IN.AS,0.340340793132782,0.03783466683644629,0.0
IN.BR,0.484036386013031,0.17812819866433977,0.0
IN.CH,0.3399582505226135,0.16739365784451365,0.008391471579670906
IN.CT,0.5340058207511902,0.16344853297958517,0.0
IN.DN,0.0,0.0,0.0
IN.DD,0.0,0.0,0.0
IN.GA,0.0,0.0,0.0
IN.GJ,0.29018181562423706,0.005456653084494702,0.0
IN.HR,0.4252092242240906,0.10816679826797443,0.0
IN.HP,0.5219925045967102,0.16889732676221245,0.0
IN.JK,0.8027386665344238,0.2119148327738409,0.0
IN.JH,0.48062270879745483,0.17795667946338653,0.0
IN.KA,0.3983920216560364,0.07305268362630925,0.0
IN.KL,0.28426334261894226,0.006781985223489373,0.0
IN.LD,0.0,0.0,0.0
IN.MP,0.5159393548965454,0.15762457492988452,0.0
IN.MH,0.4505884051322937,0.07684661079410408,0.0
IN.MN,0.2572650611400604,0.018259613072991163,0.0
IN.ML,0.30146682262420654,0.07743193065890899,0.0
IN.MZ,0.28849083185195923,0.16798298122982183,0.0
IN.NL,0.0,0.0,0.0
IN.DL,0.40884408354759216,0.17344436049461365,0.0
IN.OR,0.5463059544563293,0.162111813262105,0.0
IN.PY,0.30791914463043213,0.0011211720903714498,0.0
IN.PB,0.3625667095184326,0.12396724256751769,0.0
IN.RJ,0.4248753786087036,0.06830691033214824,0.0
IN.SK,0.32279056310653687,0.2361470267176628,0.0
IN.TN,0.4214349687099457,0.10960040346812541,0.0
IN.TG,0.4431588053703308,0.13458052032099874,0.0
IN.TR,0.30479198694229126,0.1346523075674971,0.0
IN.UP,0.6931154131889343,0.17601734437849573,0.0
IN.UT,0.6773517727851868,0.24415222795473204,0.0
IN.WB,0.45889419317245483,0.13118809780768118,0.0
