HASC_1,Max,Mean,Min
IN.AN,0.28484630584716797,0.007591024129810235,0.0
IN.AP,0.4817820191383362,0.0803848372221911,0.0
IN.AR,0.0,0.0,0.0
IN.AS,0.0,0.0,0.0
IN.BR,0.4357288181781769,0.14899066998845056,0.0
IN.CH,0.624544620513916,0.5625596567988396,0.494780570268631
IN.CT,0.5400292873382568,0.1608364523953607,0.0
IN.DN,0.0,0.0,0.0
IN.DD,0.0,0.0,0.0
IN.GA,0.0,0.0,0.0
IN.GJ,0.0,0.0,0.0
IN.HR,0.6835005283355713,0.17765605507720836,0.0
IN.HP,0.8114460706710815,0.313664609341176,0.0
IN.JK,0.8114460706710815,0.2738614692796199,0.0
IN.JH,0.4538068175315857,0.15605316768612779,0.0
IN.KA,0.4261687695980072,0.01375709364734042,0.0
IN.KL,0.0,0.0,0.0
IN.LD,0.0,0.0,0.0
IN.MP,0.6247003674507141,0.15984380970940357,0.0
IN.MH,0.5439672470092773,0.05688683856992621,0.0
IN.MN,0.0,0.0,0.0
IN.ML,0.0,0.0,0.0
IN.MZ,0.0,0.0,0.0
IN.NL,0.0,0.0,0.0
IN.DL,0.41019561886787415,0.22192898392677307,0.0
IN.OR,0.4817820191383362,0.16088875703513622,0.0
IN.PY,0.38752448558807373,0.003080873946348826,0.0
IN.PB,0.6928820013999939,0.16895453496794796,0.0
IN.RJ,0.6247003674507141,0.03760757560629143,0.0
IN.SK,0.28647854924201965,0.09706996476234053,0.0
IN.TN,0.43973690271377563,0.07606266904474689,0.0
IN.TG,0.4268878102302551,0.14866214356905616,0.0
IN.TR,0.0,0.0,0.0
IN.UP,0.7137035131454468,0.18384125521640196,0.0
IN.UT,0.6465758681297302,0.2595786419179704,0.0
IN.WB,0.3514854311943054,0.09514784278429073,0.0
