HASC_1,Max,Mean,Min
IN.AN,0.3175913691520691,0.03560568703846498,0.0
IN.AP,0.4355084002017975,0.051396799970614984,0.0
IN.AR,0.0,0.0,0.0
IN.AS,0.293364942073822,0.008163164149866335,0.0
IN.BR,0.46887531876564026,0.16463141436614687,0.0
IN.CH,0.4483416676521301,0.29681171476840973,0.130292609333992
IN.CT,0.5414025783538818,0.15747628779683867,0.0
IN.DN,0.0,0.0,0.0
IN.DD,0.0,0.0,0.0
IN.GA,0.0,0.0,0.0
IN.GJ,0.0,0.0,0.0
IN.HR,0.5118739604949951,0.06173919149479649,0.0
IN.HP,0.7764345407485962,0.2312176857491607,0.0
IN.JK,0.7821565866470337,0.20180389107484925,0.0
IN.JH,0.47299066185951233,0.16727510952112967,0.0
IN.KA,0.0,0.0,0.0
IN.KL,0.0,0.0,0.0
IN.LD,0.0,0.0,0.0
IN.MP,0.5340626835823059,0.11649652519985533,0.0
IN.MH,0.44233787059783936,0.03309078775032256,0.0
IN.MN,0.0,0.0,0.0
IN.ML,0.28858691453933716,0.03644736375038823,0.0
IN.MZ,0.0,0.0,0.0
IN.NL,0.0,0.0,0.0
IN.DL,0.4943908751010895,0.24820489829613102,0.0
IN.OR,0.4990314543247223,0.1628363558501005,0.0
IN.PY,0.24781835079193115,0.0009241476655006409,0.0
IN.PB,0.4483416676521301,0.016870106268954754,0.0
IN.RJ,0.47401854395866394,0.005985094600627051,0.0
IN.SK,0.3232005834579468,0.21598684191703796,0.0
IN.TN,0.4323568344116211,0.01258105664808699,0.0
IN.TG,0.42696380615234375,0.09467879359778154,0.0
IN.TR,0.22816124558448792,0.008491678368348706,0.0
IN.UP,0.7163889408111572,0.18563367761983096,0.0
IN.UT,0.7070390582084656,0.28389952406287194,0.0
IN.WB,0.442346453666687,0.12015645398432032,0.0
