HASC_1,Max,Mean,Min
IN.AN,0.3737279176712036,0.04306283832499475,0.0
IN.AP,0.42725926637649536,0.03200966167273094,0.0
IN.AR,0.11786429584026337,0.0007289430941455066,0.0
IN.AS,0.33534687757492065,0.03014472805457276,0.0
IN.BR,0.5053439736366272,0.1766527791108404,0.0
IN.CH,0.0,0.0,0.0
IN.CT,0.5448157787322998,0.16135858579610401,0.0
IN.DN,0.0,0.0,0.0
IN.DD,0.0,0.0,0.0
IN.GA,0.0,0.0,0.0
IN.GJ,0.0,0.0,0.0
IN.HR,0.0,0.0,0.0
IN.HP,0.503742516040802,0.06449487195105566,0.0
IN.JK,0.7788673639297485,0.11229975012351393,0.0
IN.JH,0.47282886505126953,0.17996018894931726,0.0
IN.KA,0.0,0.0,0.0
IN.KL,0.30963942408561707,0.004807983531781503,0.0
IN.LD,0.0,0.0,0.0
IN.MP,0.5262522101402283,0.06474314122872918,0.0
IN.MH,0.4338255524635315,0.01208101608967997,0.0
IN.MN,0.0,0.0,0.0
IN.ML,0.33534687757492065,0.1250205261226839,0.0
IN.MZ,0.2907713055610657,0.07241360968522106,0.0
IN.NL,0.0,0.0,0.0
IN.DL,0.0,0.0,0.0
IN.OR,0.5448157787322998,0.16021526734530925,0.0
IN.PY,0.30089765787124634,0.0008830081025759379,0.0
IN.PB,0.0,0.0,0.0
IN.RJ,0.0,0.0,0.0
IN.SK,0.4003414809703827,0.24265071749687195,0.0
IN.TN,0.4027349352836609,0.02783262633025682,0.0
IN.TG,0.4203168451786041,0.02344007428653319,0.0
IN.TR,0.3101283013820648,0.13362107705324888,0.0
IN.UP,0.724871039390564,0.14365493142037133,0.0
IN.UT,0.6580928564071655,0.20892078472089554,0.0
IN.WB,0.4667252004146576,0.13524219313698352,0.0
