HASC_1,Max,Mean,Min
IN.AN,0.45363807678222656,0.046311682558646705,0.0
IN.AP,0.3961041569709778,0.018897006957150613,0.0
IN.AR,0.45383137464523315,0.15540620938150418,0.0
IN.AS,0.483312726020813,0.11435604504206115,0.0
IN.BR,0.6708500981330872,0.17147645212724685,0.0
IN.CH,0.0,0.0,0.0
IN.CT,0.41541337966918945,0.08434095248742227,0.0
IN.DN,0.33215898275375366,0.24367763847112656,0.15737801790237427
IN.DD,0.20841258764266968,0.020321700308057997,0.0
IN.GA,0.3163762092590332,0.16003678515553474,0.0
IN.GJ,0.45402005314826965,0.17065923018494117,0.0
IN.HR,0.0,0.0,0.0
IN.HP,0.18668562173843384,0.002116989068651622,0.0
IN.JK,0.3577558398246765,0.02267893772867475,0.0
IN.JH,0.4577253460884094,0.14931368705831374,0.0
IN.KA,0.3290858268737793,0.09407405196992143,0.0
IN.KL,0.30467450618743896,0.089497270624033,0.0
IN.LD,0.3651316463947296,0.037867272538798194,0.0
IN.MP,0.4160986542701721,0.03514609942862147,0.0
IN.MH,0.36347365379333496,0.06362957561293248,0.0
IN.MN,0.4553949236869812,0.19572333494822183,0.0
IN.ML,0.4712006449699402,0.21651964739729196,0.0
IN.MZ,0.4671667814254761,0.2443341664969921,0.0
IN.NL,0.446277379989624,0.1713670032719771,0.0
IN.DL,0.0,0.0,0.0
IN.OR,0.4431929588317871,0.12692579639994073,0.0
IN.PY,0.2817564010620117,0.001680223782857259,0.0
IN.PB,0.0,0.0,0.0
IN.RJ,0.38391929864883423,0.06444846963514692,0.0
IN.SK,0.6336964964866638,0.4115151472389698,0.0
IN.TN,0.2937122881412506,0.0432986485118967,0.0
IN.TG,0.20657876133918762,0.0006075845921740812,0.0
IN.TR,0.47784891724586487,0.18329699027041593,0.0
IN.UP,0.43442124128341675,0.06667118116626061,0.0
IN.UT,0.37530872225761414,0.07687508584347395,0.0
IN.WB,0.6336964964866638,0.15528449789642373,0.0
