HASC_1,Max,Mean,Min
IN.AN,0.42574626207351685,0.03958995475942092,0.0
IN.AP,0.4593791961669922,0.07101171625951591,0.0
IN.AR,0.6906607151031494,0.2274023643694818,0.0
IN.AS,0.6563693881034851,0.1322079358161082,0.0
IN.BR,0.3445844054222107,0.038737355474205246,0.0
IN.CH,0.32240021228790283,0.2494591474533081,0.15882672369480133
IN.CT,0.2942216396331787,0.0499335255648996,0.0
IN.DN,0.4316754639148712,0.2826997824013233,0.12508022785186768
IN.DD,0.3901265561580658,0.03494169645839267,0.0
IN.GA,0.44413793087005615,0.22036709636449814,0.0
IN.GJ,0.535344123840332,0.21672484224383165,0.0
IN.HR,0.3820006847381592,0.12537691947452875,0.0
IN.HP,0.3496263027191162,0.13945183033062206,0.0
IN.JK,0.3910024166107178,0.1206229106437171,0.0
IN.JH,0.3797856569290161,0.02674016621527507,0.0
IN.KA,0.4755861461162567,0.18148582155599183,0.0
IN.KL,0.4718391001224518,0.1269756763389236,0.0
IN.LD,0.25719282031059265,0.021978287938602115,0.0
IN.MP,0.45599761605262756,0.1338152187586443,0.0
IN.MH,0.47654613852500916,0.15600183803369017,0.0
IN.MN,0.46981340646743774,0.2305417855580648,0.0
IN.ML,0.4550023674964905,0.1878233757467033,0.0
IN.MZ,0.4624255895614624,0.23871071375906466,0.0
IN.NL,0.5781901478767395,0.2374193798750639,0.0
IN.DL,0.34824422001838684,0.22372153732511732,0.0
IN.OR,0.25863221287727356,0.009118236212201737,0.0
IN.PY,0.3615354299545288,0.0034658108353614807,0.0
IN.PB,0.40642374753952026,0.1573453043868556,0.0
IN.RJ,0.629696249961853,0.16357932503631153,0.0
IN.SK,0.38201892375946045,0.24050914123654366,0.0
IN.TN,0.4744786322116852,0.16366635900044788,0.0
IN.TG,0.4129602313041687,0.14153094164588872,0.0
IN.TR,0.424252450466156,0.1923418693865339,0.0
IN.UP,0.32528045773506165,0.051785620383967244,0.0
IN.UT,0.3022822439670563,0.07244692816424908,0.0
IN.WB,0.41713693737983704,0.09388220618232614,0.0
