HASC_1,Max,Mean,Min
IN.AN,0.2989087998867035,0.039652383508104266,0.0
IN.AP,0.4486148953437805,0.08490539411491559,0.0
IN.AR,0.3453297019004822,0.014464387685949178,0.0
IN.AS,0.3012414574623108,0.012107419617543067,0.0
IN.BR,0.47196507453918457,0.16339595029278406,0.0
IN.CH,0.4256555438041687,0.2810375317931175,0.15611425042152405
IN.CT,0.5428403615951538,0.15713300105407196,0.0
IN.DN,0.0,0.0,0.0
IN.DD,0.0,0.0,0.0
IN.GA,5.765992909800843e-07,2.8829964549004215e-08,0.0
IN.GJ,0.37170878052711487,0.032166538037065616,0.0
IN.HR,0.5275152921676636,0.1493186970895907,0.0
IN.HP,0.7567925453186035,0.26331897235506185,0.0
IN.JK,0.8203065395355225,0.2540262362970333,0.0
IN.JH,0.46988028287887573,0.16831369154285966,0.0
IN.KA,0.4175344407558441,0.12225355057198606,0.0
IN.KL,0.38437268137931824,0.09231271590306714,0.0
IN.LD,0.0,0.0,0.0
IN.MP,0.5368170142173767,0.17934929716038486,0.0
IN.MH,0.4534783959388733,0.11042644402044001,0.0
IN.MN,0.0,0.0,0.0
IN.ML,0.3012414574623108,0.07196734019387992,0.0
IN.MZ,0.0,0.0,0.0
IN.NL,0.0,0.0,0.0
IN.DL,0.4819386303424835,0.2966658804151747,0.0
IN.OR,0.5128819942474365,0.16215292972326278,0.0
IN.PY,0.4208310842514038,0.0035609004124999045,0.0
IN.PB,0.4769269824028015,0.14160716205490445,0.0
IN.RJ,0.45191490650177,0.09621133012071759,0.0
IN.SK,0.313755065202713,0.21406327933073044,0.0
IN.TN,0.4480743408203125,0.13182050132394296,0.0
IN.TG,0.4438709020614624,0.15409381033762937,0.0
IN.TR,0.2843315005302429,0.07462033357781668,0.0
IN.UP,0.7159199118614197,0.1842575256880751,0.0
IN.UT,0.7159199118614197,0.2832548828588592,0.0
IN.WB,0.4397764205932617,0.11477036439442097,0.0
