HASC_1,Max,Mean,Min
IN.AN,0.3128794729709625,0.035899091545831076,0.0
IN.AP,0.4365559220314026,0.051097663820099413,0.0
IN.AR,0.0,0.0,0.0
IN.AS,0.2927855849266052,0.008133724802989819,0.0
IN.BR,0.46890389919281006,0.1647079303624138,0.0
IN.CH,0.45627355575561523,0.30679281428456306,0.1387181282043457
IN.CT,0.5406099557876587,0.15766414906033593,0.0
IN.DN,0.0,0.0,0.0
IN.DD,0.0,0.0,0.0
IN.GA,0.0,0.0,0.0
IN.GJ,0.0,0.0,0.0
IN.HR,0.5126380324363708,0.06193180264547812,0.0
IN.HP,0.7779874205589294,0.23009363348994935,0.0
IN.JK,0.7779874205589294,0.2023096011208032,0.0
IN.JH,0.4694102704524994,0.1674641853361799,0.0
IN.KA,0.0,0.0,0.0
IN.KL,0.0,0.0,0.0
IN.LD,0.0,0.0,0.0
IN.MP,0.5341147780418396,0.11630866974377972,0.0
IN.MH,0.44161662459373474,0.03306075630293325,0.0
IN.MN,0.0,0.0,0.0
IN.ML,0.28768399357795715,0.0361796252401256,0.0
IN.MZ,0.0,0.0,0.0
IN.NL,0.0,0.0,0.0
IN.DL,0.5004180073738098,0.2496325752387444,0.0
IN.OR,0.49805599451065063,0.1628672575354576,0.0
IN.PY,0.2446078658103943,0.0009063971042633056,0.0
IN.PB,0.45627355575561523,0.01723769509175671,0.0
IN.RJ,0.47891032695770264,0.006009278176782023,0.0
IN.SK,0.32243674993515015,0.21741835698485373,0.0
IN.TN,0.42519518733024597,0.01255820820261027,0.0
IN.TG,0.43621617555618286,0.09433967256627511,0.0
IN.TR,0.2236151397228241,0.008431639443491198,0.0
IN.UP,0.706663191318512,0.18545286503387892,0.0
IN.UT,0.7112208604812622,0.2848930560052395,0.0
IN.WB,0.4416930377483368,0.12020253647318886,0.0
