HASC_1,Max,Mean,Min
IN.AN,0.31472963094711304,0.036036381847930676,0.0
IN.AP,0.4344336986541748,0.05146357606663698,0.0
IN.AR,0.0,0.0,0.0
IN.AS,0.29229313135147095,0.007989960014701527,0.0
IN.BR,0.4680980145931244,0.16465829785854097,0.0
IN.CH,0.47023558616638184,0.3248627930879593,0.16359251737594604
IN.CT,0.5379579067230225,0.1575831896187658,0.0
IN.DN,0.0,0.0,0.0
IN.DD,0.0,0.0,0.0
IN.GA,0.0,0.0,0.0
IN.GJ,0.0,0.0,0.0
IN.HR,0.5140860676765442,0.06365578488221589,0.0
IN.HP,0.7821637392044067,0.23156347487039947,0.0
IN.JK,0.7742651700973511,0.202824453021807,0.0
IN.JH,0.478271484375,0.16735533206609257,0.0
IN.KA,0.0,0.0,0.0
IN.KL,0.0,0.0,0.0
IN.LD,0.0,0.0,0.0
IN.MP,0.5356717705726624,0.11668077344389484,0.0
IN.MH,0.43975403904914856,0.03323944852687926,0.0
IN.MN,0.0,0.0,0.0
IN.ML,0.29080694913864136,0.03557680358584875,0.0
IN.MZ,0.0,0.0,0.0
IN.NL,0.0,0.0,0.0
IN.DL,0.4985268712043762,0.2591132515420516,0.0
IN.OR,0.5069742798805237,0.16260595452785492,0.0
IN.PY,0.24816255271434784,0.0009497357706228892,0.0
IN.PB,0.47023558616638184,0.018364814893040666,0.0
IN.RJ,0.48320478200912476,0.006178184743004592,0.0
IN.SK,0.31360456347465515,0.2180459037423134,0.0
IN.TN,0.41810107231140137,0.012907422558941029,0.0
IN.TG,0.4414437711238861,0.09534963980173308,0.0
IN.TR,0.200941801071167,0.0070061462465673685,0.0
IN.UP,0.700667679309845,0.1855421956081117,0.0
IN.UT,0.7125137448310852,0.28525973765386475,0.0
IN.WB,0.4357002377510071,0.12013121498057909,0.0
