HASC_1,Max,Mean,Min
IN.AN,0.2809178829193115,0.0032846853588566634,0.0
IN.AP,0.4676469564437866,0.09112409089182898,0.0
IN.AR,0.4985179603099823,0.16690353194348972,0.0
IN.AS,0.4557250738143921,0.07731248883315116,0.0
IN.BR,0.29180198907852173,0.0519918046976691,0.0
IN.CH,0.33545488119125366,0.25510749220848083,0.1902083307504654
IN.CT,0.44853830337524414,0.13911090364568254,0.0
IN.DN,0.28211766481399536,0.196794793009758,0.14687952399253845
IN.DD,0.18605497479438782,0.019816860556602478,0.0
IN.GA,0.4094635844230652,0.17542465664446355,0.0
IN.GJ,0.45550182461738586,0.17525767151554783,0.0
IN.HR,0.5202286839485168,0.17313316145113536,0.0
IN.HP,0.466366708278656,0.18566803020107878,0.0
IN.JK,0.6840162873268127,0.1905604275386958,0.0
IN.JH,0.30615076422691345,0.0675086188661098,0.0
IN.KA,0.4199691414833069,0.13985872570831412,0.0
IN.KL,0.4036351442337036,0.09021396009902065,0.0
IN.LD,0.44263988733291626,0.023804119146860807,0.0
IN.MP,0.545233964920044,0.19156702995058839,0.0
IN.MH,0.515760064125061,0.16002488547777818,0.0
IN.MN,0.41880375146865845,0.12855345968030937,0.0
IN.ML,0.3737625479698181,0.11319769914845122,0.0
IN.MZ,0.3859068751335144,0.20244160294532776,0.0
IN.NL,0.3821094334125519,0.11083355745843922,0.0
IN.DL,0.47579002380371094,0.2971194105015861,0.0
IN.OR,0.412514865398407,0.11095649949461221,0.0
IN.PY,0.43805915117263794,0.004018929312626521,0.0
IN.PB,0.6165658831596375,0.22293967220204822,0.0
IN.RJ,0.7269583940505981,0.19234045311107273,0.0
IN.SK,0.0,0.0,0.0
IN.TN,0.4524460434913635,0.11877208364146631,0.0
IN.TG,0.4799194931983948,0.17144603017060195,0.0
IN.TR,0.24231788516044617,0.08583572541829199,0.0
IN.UP,0.47579002380371094,0.13380387727184534,0.0
IN.UT,0.44800451397895813,0.16530969474050733,0.0
IN.WB,0.12828975915908813,0.00042406035125103144,0.0
