HASC_1,Max,Mean,Min
IN.AN,0.4484984278678894,0.04847401538581559,0.0
IN.AP,0.4430405795574188,0.0716722432339517,0.0
IN.AR,0.31304535269737244,0.041915189970975715,0.0
IN.AS,0.3846473693847656,0.07122395891630934,0.0
IN.BR,0.6081379652023315,0.19655861198783867,0.0
IN.CH,0.33871984481811523,0.24966031685471535,0.1738864630460739
IN.CT,0.45322343707084656,0.15281685249895877,0.0
IN.DN,0.0,0.0,0.0
IN.DD,0.10112541913986206,0.005618078841103448,0.0
IN.GA,0.0,0.0,0.0
IN.GJ,0.29942575097084045,0.042617533930958164,0.0
IN.HR,0.4002676010131836,0.12950389871607793,0.0
IN.HP,0.4404899775981903,0.13459633833951198,0.0
IN.JK,0.5452736020088196,0.15773302784169882,0.0
IN.JH,0.5325500965118408,0.1906890030492816,0.0
IN.KA,0.32985788583755493,0.013081666811722653,0.0
IN.KL,0.0,0.0,0.0
IN.LD,0.27654826641082764,0.02594145653503282,0.0
IN.MP,0.48237675428390503,0.12142263279826727,0.0
IN.MH,0.42688024044036865,0.0426106345988805,0.0
IN.MN,0.2998844385147095,0.1377404052068919,0.0
IN.ML,0.3431583642959595,0.16498229404290518,0.0
IN.MZ,0.3149207830429077,0.1730926719804605,0.0
IN.NL,0.28836488723754883,0.05601780927342285,0.0
IN.DL,0.33723679184913635,0.21011819938818613,0.0
IN.OR,0.5437068939208984,0.16203075298666955,0.0
IN.PY,0.35658979415893555,0.002723476638396581,0.0
IN.PB,0.3804858922958374,0.12704715399986363,0.0
IN.RJ,0.43172353506088257,0.03574948139285377,0.0
IN.SK,0.3509857654571533,0.257083036005497,0.0
IN.TN,0.36553889513015747,0.059072887753293925,0.0
IN.TG,0.4078434109687805,0.1301767753221424,0.0
IN.TR,0.3787037432193756,0.14742643386125565,0.0
IN.UP,0.7026050090789795,0.14559929957483064,0.0
IN.UT,0.5057151317596436,0.1634486073683042,0.0
IN.WB,0.4758244752883911,0.14312186888645373,0.0
