HASC_1,Max,Mean,Min
BR.AC,299.4219970703125,298.3579885629507,297.5046691894531
BR.AL,304.4441223144531,302.87628976922286,300.7657470703125
BR.AP,301.1452941894531,299.5237499172405,297.9493408203125
BR.AM,304.6094970703125,299.33236388523045,297.0743408203125
BR.BA,305.6846923828125,301.5485074580623,297.2123718261719
BR.CE,302.5909423828125,299.7452460979593,296.9903564453125
BR.DF,297.1482238769531,296.0026143391927,295.2605285644531
BR.ES,300.4932861328125,297.0850055401142,293.2338562011719
BR.GO,301.7169189453125,298.06305956840515,295.2605285644531
BR.MA,302.9711608886719,300.3546923027664,298.6593017578125
BR.MT,301.6560363769531,298.7187283964911,295.7699890136719
BR.MS,301.7436218261719,298.7122171091479,295.7983093261719
BR.MG,301.7986145019531,296.60949994077777,291.0245361328125
BR.PA,303.3542785644531,299.1288181235211,296.6322937011719
BR.PB,303.2348327636719,301.62347412109375,298.3034973144531
BR.PR,298.4900207519531,294.2708528958834,289.8525085449219
BR.PE,304.9864501953125,302.12927001953125,296.9903564453125
BR.PI,303.8901062011719,301.4573010896382,298.7911376953125
BR.RJ,298.2032470703125,295.3615575719763,291.1485595703125
BR.RN,302.8516845703125,301.65354235418914,299.9932861328125
BR.RS,298.8695983886719,295.28180444768043,289.4387512207031
BR.RO,299.7745361328125,298.8133761935764,297.0795593261719
BR.RR,306.9151611328125,302.82119133767117,297.1593017578125
BR.SC,300.7003173828125,292.95600516841097,289.4387512207031
BR.SP,297.9086608886719,294.9735908130608,291.0245361328125
BR.SE,304.2009582519531,302.7254071916853,301.7055358886719
BR.TO,301.9135437011719,300.31587077953196,298.5873718261719
