HASC_1,Max,Mean,Min
BR.AC,299.6342468261719,298.53641498272236,297.66192626953125
BR.AL,301.42950439453125,300.41804424085115,299.02227783203125
BR.AP,300.8380432128906,299.47333177469545,298.31915283203125
BR.AM,302.6332702636719,299.7220832968057,297.71368408203125
BR.BA,301.5815124511719,298.4272784702669,295.4594421386719
BR.CE,301.6918640136719,298.40809315648573,294.9897155761719
BR.DF,295.9210510253906,295.5711619059245,295.17559814453125
BR.ES,300.31231689453125,298.54408968411957,295.67657470703125
BR.GO,301.6645202636719,297.8531334400177,295.17559814453125
BR.MA,300.2579650878906,298.65417830670464,296.46466064453125
BR.MT,303.8315124511719,299.50713303818327,296.5307312011719
BR.MS,305.0245666503906,301.1543207686077,297.3822937011719
BR.MG,301.5815124511719,296.90711219712057,293.8793640136719
BR.PA,302.6205749511719,298.8136300268746,296.80938720703125
BR.PB,302.19610595703125,300.09393310546875,298.1681213378906
BR.PR,301.6456604003906,297.7074193709936,294.08770751953125
BR.PE,301.6808166503906,298.6448693847656,294.9897155761719
BR.PI,299.7931213378906,298.1968875282689,296.03594970703125
BR.RJ,299.20196533203125,297.72792335792826,294.5040588378906
BR.RN,302.19610595703125,301.2418486496498,299.69903564453125
BR.RS,303.48126220703125,299.67265090267216,292.3813171386719
BR.RO,300.61114501953125,299.1889885796441,296.7628479003906
BR.RR,305.3207702636719,301.6861839723051,295.8956604003906
BR.SC,301.49005126953125,296.8084169783682,292.19122314453125
BR.SP,300.3741760253906,297.50596694190904,294.08770751953125
BR.SE,301.42950439453125,300.57596697126115,299.84161376953125
BR.TO,301.03302001953125,298.9141337076823,296.02227783203125
