HASC_1,Max,Mean,Min
BR.AC,299.4794616699219,295.94883422851564,293.6920166015625
BR.AL,300.6643371582031,299.2163423237048,297.5767822265625
BR.AP,301.4150085449219,298.93710068524894,297.4905090332031
BR.AM,300.3648681640625,298.1669795090072,294.8899230957031
BR.BA,301.7333679199219,297.7263265696879,292.2135009765625
BR.CE,300.8869934082031,298.72865295410156,296.3381652832031
BR.DF,289.1301574707031,288.8070882161458,288.3573913574219
BR.ES,299.0653991699219,292.21771944486176,286.6903991699219
BR.GO,298.6386413574219,291.7565281391144,287.2509460449219
BR.MA,301.5693054199219,299.6453592269147,297.4371337890625
BR.MT,299.1340637207031,294.1559345468213,288.8492431640625
BR.MS,293.3720397949219,289.77231213473533,285.9592590332031
BR.MG,297.7307434082031,289.5360163320409,282.8030090332031
BR.PA,301.9989929199219,298.508728744467,295.6682434082031
BR.PB,300.5959777832031,298.6956672668457,297.5868835449219
BR.PR,291.4462585449219,285.92615411220453,282.5793762207031
BR.PE,300.9201965332031,298.7224444580078,296.3381652832031
BR.PI,302.0445556640625,299.75578741776314,297.4371337890625
BR.RJ,295.3547668457031,290.5170548050492,283.8537902832031
BR.RN,300.8414306640625,299.53552035627695,297.8694152832031
BR.RS,288.7141418457031,285.1499995678927,282.5661926269531
BR.RO,297.7568054199219,295.45074768066405,291.7870788574219
BR.RR,300.7366027832031,298.0527477478713,293.5806884765625
BR.SC,300.0243835449219,286.3253634470814,282.4631652832031
BR.SP,294.0608215332031,287.96808767790844,282.8030090332031
BR.SE,300.6454772949219,299.5133252825056,298.3147277832031
BR.TO,300.8883056640625,298.4270762690791,295.0321960449219
