HASC_1,Max,Mean,Min
BR.AC,298.8622131347656,297.69187715970554,296.346923828125
BR.AL,300.4380798339844,298.75041600277547,296.310791015625
BR.AP,300.5728454589844,298.88445217326534,297.6675720214844
BR.AM,300.3501892089844,298.97530452592883,297.0614318847656
BR.BA,302.3540954589844,297.68161847264633,293.699462890625
BR.CE,300.4413146972656,298.60444430647226,295.985595703125
BR.DF,292.878173828125,292.3462219238281,292.0122985839844
BR.ES,298.887939453125,294.5636937068059,290.193603515625
BR.GO,299.2782287597656,295.615234375,292.0122985839844
BR.MA,302.122314453125,300.08534715996416,297.9410095214844
BR.MT,302.334228515625,298.1677420180278,294.644775390625
BR.MS,303.702392578125,299.6104376741158,294.7085876464844
BR.MG,298.3560485839844,293.5722070070777,288.7388610839844
BR.PA,301.167236328125,299.0384535030036,297.090087890625
BR.PB,300.784423828125,298.3424472808838,296.5624084472656
BR.PR,296.709228515625,291.8736556615585,287.5682678222656
BR.PE,302.3540954589844,299.0426928710938,295.985595703125
BR.PI,303.5721740722656,300.7347980700041,297.773681640625
BR.RJ,296.352783203125,293.12385615596065,289.190673828125
BR.RN,301.844970703125,299.28421967605067,297.5751037597656
BR.RS,292.9732360839844,289.80220261295284,285.9078063964844
BR.RO,301.9566345214844,299.1068094889323,296.5350646972656
BR.RR,303.1490173339844,299.10729328969893,295.1382751464844
BR.SC,300.128173828125,290.7526181778818,285.9078063964844
BR.SP,297.9725646972656,293.12177269057474,288.7388610839844
BR.SE,300.4380798339844,299.0984344482422,298.307861328125
BR.TO,301.645751953125,298.63646528455945,295.1001892089844
