HASC_1,Max,Mean,Min
BR.AC,299.6219787597656,298.53266085111176,297.1825256347656
BR.AL,302.6871032714844,301.7204332853618,300.168212890625
BR.AP,301.7118225097656,299.4663556632349,298.032470703125
BR.AM,304.8729553222656,299.65512543680273,297.2645568847656
BR.BA,302.4745178222656,298.03405668771813,293.8531188964844
BR.CE,301.2173767089844,299.2459948309537,296.981689453125
BR.DF,295.929931640625,295.67580159505206,295.4227600097656
BR.ES,299.718017578125,297.24495990459735,293.9960021972656
BR.GO,301.5386657714844,297.9869906902313,295.4227600097656
BR.MA,300.5663146972656,299.0483686103195,297.497314453125
BR.MT,305.3358459472656,299.4912280315386,296.677978515625
BR.MS,306.7759704589844,302.44862377551175,298.1639709472656
BR.MG,301.369384765625,296.24955250957225,293.25640869140625
BR.PA,304.2733459472656,298.8091468113832,296.533447265625
BR.PB,301.9497985839844,300.4475431442261,298.2915954589844
BR.PR,302.726806640625,297.9159937149439,293.53375244140625
BR.PE,302.6871032714844,300.9484606933594,296.981689453125
BR.PI,301.4940490722656,299.241259765625,297.051025390625
BR.RJ,298.490478515625,296.359870062934,293.8202209472656
BR.RN,301.7974548339844,300.5948696794181,298.8885803222656
BR.RS,303.667236328125,299.0822518947905,292.8595886230469
BR.RO,300.8638610839844,298.95353630913627,297.8521423339844
BR.RR,306.3521423339844,303.48707700579354,297.6063537597656
BR.SC,302.0506896972656,297.09479681051005,292.8172912597656
BR.SP,301.369384765625,297.85779503548497,293.8202209472656
BR.SE,302.633056640625,301.582022530692,300.372314453125
BR.TO,300.2915954589844,298.7733603583442,296.4712829589844
