HASC_1,Max,Mean,Min
BR.AC,302.6150207519531,300.6557377741887,298.3008728027344
BR.AL,298.82073974609375,296.83093422337583,294.8064270019531
BR.AP,300.5049743652344,298.18206735384666,296.6726379394531
BR.AM,303.5095520019531,299.33637207286097,295.9529113769531
BR.BA,300.84906005859375,296.94697501090576,293.3389587402344
BR.CE,302.6501770019531,300.280622811153,296.7813415527344
BR.DF,294.6687316894531,294.1424102783203,293.26019287109375
BR.ES,296.75726318359375,295.4979494535006,292.3184509277344
BR.GO,301.6843566894531,296.9455554485321,293.26019287109375
BR.MA,304.4841613769531,301.21486075979766,298.2683410644531
BR.MT,303.8689270019531,300.25460238636975,295.4112243652344
BR.MS,302.26995849609375,297.6951272653979,291.57073974609375
BR.MG,298.71331787109375,294.4490496947034,289.0059509277344
BR.PA,304.52386474609375,299.70425080381546,296.2764587402344
BR.PB,302.1658020019531,298.5074186325073,295.2110290527344
BR.PR,294.0088806152344,290.49822293795074,286.4756774902344
BR.PE,301.04730224609375,297.59785522460936,294.8064270019531
BR.PI,302.80902099609375,300.8645109477796,297.3445129394531
BR.RJ,296.8106384277344,295.13215580693,289.5137634277344
BR.RN,302.81683349609375,300.422205431708,297.81390380859375
BR.RS,290.63128662109375,287.84963827217575,284.2080993652344
BR.RO,303.3298645019531,301.43353068033855,298.30609130859375
BR.RR,299.85198974609375,297.58702618888253,293.98480224609375
BR.SC,300.1729431152344,289.6465505923865,285.50335693359375
BR.SP,297.59320068359375,294.0158458747486,288.82366943359375
BR.SE,298.4776306152344,296.6207754952567,295.5830993652344
BR.TO,304.4841613769531,301.07797947636357,296.4226379394531
