HASC_1,Max,Mean,Min
JP.AI,1.1532979327205376e+16,7305570658811904.0,0.0
JP.AK,0.0,0.0,0.0
JP.AO,0.0,0.0,0.0
JP.CH,8482666710040576.0,708430074644156.6,0.0
JP.EH,1.1864445575757824e+16,2622171850922861.5,0.0
JP.FI,6526399301025792.0,1089231734428538.4,0.0
JP.FO,0.0,0.0,0.0
JP.FS,6224904944877568.0,2634557864716970.5,0.0
JP.GF,1.1532979327205376e+16,5730948130244488.0,0.0
JP.GM,3865215015845888.0,734292304986112.0,0.0
JP.HS,1.1864445575757824e+16,4036803237511168.0,0.0
JP.HK,7333600823345152.0,399473743569953.8,0.0
JP.HG,1.693083087405056e+16,7755717180129280.0,0.0
JP.IB,0.0,0.0,0.0
JP.IS,0.0,0.0,0.0
JP.IW,0.0,0.0,0.0
JP.KG,1.2345355211374592e+16,1.0208372758413312e+16,8326568271151104.0
JP.KS,0.0,0.0,0.0
JP.KN,5116687418392576.0,3516644060037120.0,0.0
JP.KC,9488664014880768.0,1740016305506515.8,0.0
JP.KM,0.0,0.0,0.0
JP.KY,1.5468098157019136e+16,4891909247991808.0,0.0
JP.ME,1.1472251710865408e+16,3532969524090821.5,0.0
JP.MG,3230647556505600.0,895990154096054.9,0.0
JP.MZ,0.0,0.0,0.0
JP.NN,1.1532979327205376e+16,2224351492259275.0,0.0
JP.NS,0.0,0.0,0.0
JP.NR,1.5389589376073728e+16,7105715702252780.0,0.0
JP.NI,6225315651125248.0,1127078528464171.2,0.0
JP.OT,0.0,0.0,0.0
JP.OY,1.2727871441207296e+16,7203780229175706.0,0.0
JP.ON,1792574259986432.0,36165461588385.37,0.0
JP.OS,1.693083087405056e+16,8784173101045077.0,0.0
JP.SG,0.0,0.0,0.0
JP.ST,0.0,0.0,0.0
JP.SH,1.2633046079504384e+16,5748592053933397.0,1099940990287872.0
JP.SM,3718148893179904.0,378104569809188.56,0.0
JP.SZ,1.0545070277132288e+16,64851034952982.68,0.0
JP.TC,2271931667578880.0,686351661924352.0,0.0
JP.TS,1.0268473309528064e+16,4393006993331541.5,0.0
JP.TK,0,0,0
JP.TT,6391705368526848.0,3047641588507794.5,0.0
JP.TY,2008432739614720.0,1338955115003904.0,0.0
JP.WK,1.2344765727113216e+16,2993359898828055.5,0.0
JP.YT,3485874109022208.0,961540221392213.4,0.0
JP.YC,0.0,0.0,0.0
JP.YN,5116687418392576.0,3221493712230214.0,0.0
