HASC_1,Max,Mean,Min
JP.AI,1.0680023518281728e+16,4280830198633813.5,0.0
JP.AK,4643004602122240.0,1354559181778358.8,0.0
JP.AO,1508869926813696.0,99216678784377.27,0.0
JP.CH,2.121748203962368e+16,4226085501563335.0,0.0
JP.EH,4657542529548288.0,1799665930298180.0,0.0
JP.FI,6075033134825472.0,2340697911523503.5,0.0
JP.FO,7126341807767552.0,2316082474160713.0,0.0
JP.FS,4357686971858944.0,1930564075077268.0,0.0
JP.GF,9553739211866112.0,3127151039843897.0,0.0
JP.GM,1.3506583371710464e+16,2604503368757703.0,0.0
JP.HS,5821177482182656.0,3226121949465805.0,0.0
JP.HK,1346520028807168.0,8387223850038.275,0.0
JP.HG,1.0726344740569088e+16,4331589745852884.0,0.0
JP.IB,2.121748203962368e+16,4703737982367972.0,0.0
JP.IS,4508885658370048.0,1342692091669162.8,0.0
JP.IW,2063120289759232.0,171926690813269.34,0.0
JP.KG,4522773435121664.0,3564557071024128.0,2381862429261824.0
JP.KS,1681881544261632.0,250498567688587.38,0.0
JP.KN,1.5812810084712448e+16,4852873526160043.0,0.0
JP.KC,3389797032787968.0,1075965424012856.9,0.0
JP.KM,2768750667366400.0,1290176247238305.0,0.0
JP.KY,1.5107189907652608e+16,4144282275647033.0,0.0
JP.ME,1.1508802956296192e+16,2879755029944729.5,0.0
JP.MG,4735733482913792.0,1953112664741526.5,0.0
JP.MZ,2793626849509376.0,1051655529899154.2,0.0
JP.NN,6470240993017856.0,2050682192473960.2,0.0
JP.NS,2813327059189760.0,518674205510057.06,0.0
JP.NR,1.5107189907652608e+16,4975955424016247.0,0.0
JP.NI,4958452233273344.0,1300280064169301.2,0.0
JP.OT,6966775719657472.0,2379269696196881.0,0.0
JP.OY,7307966847909888.0,3732533586910249.0,0.0
JP.ON,2153673232744448.0,85381345695086.56,0.0
JP.OS,1.5107189907652608e+16,5881716433136299.0,0.0
JP.SG,4205602179907584.0,1007550801222041.6,0.0
JP.ST,2.121748203962368e+16,6014591789986247.0,0.0
JP.SH,1.3914928461119488e+16,7913263635365888.0,3961011845464064.0
JP.SM,5231210573856768.0,894546503619925.4,0.0
JP.SZ,7512201132769280.0,44930016923429.13,0.0
JP.TC,1.6654463687196672e+16,3906356417648394.0,0.0
JP.TS,3643442768904192.0,1568376486188373.2,0.0
JP.TK,2.121748203962368e+16,8635204647885210.0,3530572102107136.0
JP.TT,3492714918182912.0,2146582944783994.0,0.0
JP.TY,6470240993017856.0,3946369299792964.5,0.0
JP.WK,6386616369152000.0,1676817827032815.0,0.0
JP.YT,5869161930555392.0,1800481019434646.5,0.0
JP.YC,5995198819598336.0,2031720817831784.2,0.0
JP.YN,7208515269558272.0,2880231234443673.5,0.0
