HASC_1,Max,Mean,Min
JP.AI,1.554999351967744e+16,6692884849885184.0,0.0
JP.AK,0.0,0.0,0.0
JP.AO,0.0,0.0,0.0
JP.CH,0.0,0.0,0.0
JP.EH,2.0294766298136576e+16,3149674657378759.0,0.0
JP.FI,9136806335348736.0,2957314804718375.0,0.0
JP.FO,7949003601739776.0,3145158640263416.0,0.0
JP.FS,0.0,0.0,0.0
JP.GF,1.554999351967744e+16,5253139656815411.0,0.0
JP.GM,6083757824016384.0,1011476833064277.4,0.0
JP.HS,1.698852302225408e+16,6442603594295979.0,0.0
JP.HK,960194834071552.0,47412003360983.58,0.0
JP.HG,1.2600112270278656e+16,5976312966395611.0,0.0
JP.IB,0.0,0.0,0.0
JP.IS,7008015458762752.0,1338843073185835.5,0.0
JP.IW,0.0,0.0,0.0
JP.KG,2.0294766298136576e+16,1.6917326691565568e+16,1.240404271824896e+16
JP.KS,2961972119207936.0,379531617496955.9,0.0
JP.KN,0.0,0.0,0.0
JP.KC,7263658354671616.0,302652431444650.7,0.0
JP.KM,5141402270826496.0,2105824332605885.2,0.0
JP.KY,1.2421352510193664e+16,3627785913019050.5,0.0
JP.ME,1.5274501432410112e+16,3592556175338154.5,0.0
JP.MG,0.0,0.0,0.0
JP.MZ,2387839413125120.0,335173415409477.8,0.0
JP.NN,9449010729320448.0,2040916324792547.5,0.0
JP.NS,5379941533220864.0,1269236316445809.8,0.0
JP.NR,1.4246907958263808e+16,7983150348775052.0,0.0
JP.NI,9449010729320448.0,572725415378944.0,0.0
JP.OT,6891696470097920.0,1815275939420317.5,0.0
JP.OY,2.011687734267085e+16,8691823413968241.0,0.0
JP.ON,1210587132461056.0,11777732156760.664,0.0
JP.OS,1.4246907958263808e+16,7322053803769856.0,0.0
JP.SG,5187735304273920.0,2243347881761177.5,0.0
JP.ST,5162302118559744.0,1009706661014966.9,0.0
JP.SH,8409416579678208.0,7107283650958677.0,5033790254612480.0
JP.SM,8893643003789312.0,1625651035683121.0,0.0
JP.SZ,8199179004280832.0,18770189234040.65,0.0
JP.TC,0.0,0.0,0.0
JP.TS,2.0294766298136576e+16,5482167351744922.0,0.0
JP.TK,0,0,0
JP.TT,8079846022316032.0,3825658852790077.0,0.0
JP.TY,4622783896092672.0,2465034481015193.5,0.0
JP.WK,1.5274501432410112e+16,4601883489118891.0,0.0
JP.YT,0.0,0.0,0.0
JP.YC,7949003601739776.0,2191686216607334.5,0.0
JP.YN,3485637348950016.0,1563950115434811.0,0.0
