HASC_1,Max,Mean,Min
JP.AI,8199351876714496.0,3181210661402331.5,0.0
JP.AK,2563514044514304.0,560594471770714.4,0.0
JP.AO,0.0,0.0,0.0
JP.CH,0.0,0.0,0.0
JP.EH,4135546968342528.0,1312314199206746.8,0.0
JP.FI,1.1149406535417856e+16,2557501098129271.5,0.0
JP.FO,1641883319140352.0,250895484183821.47,0.0
JP.FS,2788214922280960.0,759754271040658.2,0.0
JP.GF,1.2975336719384576e+16,5766512444011613.0,0.0
JP.GM,1799341383614464.0,350236471542622.3,0.0
JP.HS,4128052518846464.0,2031374575861760.0,0.0
JP.HK,0.0,0.0,0.0
JP.HG,9190032791306240.0,3220772047909981.0,0.0
JP.IB,0.0,0.0,0.0
JP.IS,6750745307119616.0,918618080273854.4,0.0
JP.IW,0.0,0.0,0.0
JP.KG,5800141806108672.0,4321818357792768.0,2739506503483392.0
JP.KS,1277509165383680.0,25447480566652.2,0.0
JP.KN,0.0,0.0,0.0
JP.KC,0.0,0.0,0.0
JP.KM,1819300365074432.0,282227401293824.0,0.0
JP.KY,6717969337942016.0,2236729618405189.8,0.0
JP.ME,8199351876714496.0,1258716836372090.0,0.0
JP.MG,2249661188407296.0,374943531401216.0,0.0
JP.MZ,0.0,0.0,0.0
JP.NN,1.1522095880077312e+16,1267720087225182.2,0.0
JP.NS,3087988607156224.0,306066183403662.9,0.0
JP.NR,5857969782652928.0,4276922997538816.0,0.0
JP.NI,2788214922280960.0,601054001636726.6,0.0
JP.OT,0.0,0.0,0.0
JP.OY,9190032791306240.0,3997391992052589.5,0.0
JP.ON,1890171083554816.0,55518526593770.47,0.0
JP.OS,6717969337942016.0,3502682038512298.5,0.0
JP.SG,792010961190912.0,132001826865152.0,0.0
JP.ST,0.0,0.0,0.0
JP.SH,9875820956876800.0,5232654176118374.0,414850387804160.0
JP.SM,2855833545211904.0,261097610971485.66,0.0
JP.SZ,6481032098349056.0,9841901299114.914,0.0
JP.TC,0.0,0.0,0.0
JP.TS,4977325393313792.0,1254480030091556.5,0.0
JP.TK,0,0,0
JP.TT,3106906059046912.0,1078709072408891.1,0.0
JP.TY,1882795953618944.0,789287324457369.6,0.0
JP.WK,5753472154599424.0,916725209528440.5,0.0
JP.YT,2893086480924672.0,866526920829373.2,0.0
JP.YC,4046423175725056.0,377834203774976.0,0.0
JP.YN,0.0,0.0,0.0
