HASC_1,Max,Mean,Min
AU.AS,0.0,0.0,0.0
AU.AC,0.0,0.0,0.0
AU.CR,0.0005293236463330686,1.115539823673485e-07,0.0
AU.JB,0.0,0.0,0.0
AU.NS,0.3029939830303192,0.008013991979837987,0.0
AU.NT,0.14334999024868011,0.0013588318016660816,0.0
AU.QL,0.27829596400260925,0.0016582217858861557,0.0
AU.SA,0.2674334943294525,0.0016912210968657913,0.0
AU.TS,0.29015102982521057,0.0011738548116885508,0.0
AU.VI,0.350321888923645,0.006964730870705982,0.0
AU.WA,0.47043678164482117,0.00382152594410645,0.0
