HASC_1,Max,Mean,Min
AU.AS,0.24451854825019836,0.03830526609505926,0.0
AU.AC,0.1541854292154312,0.026981885581912977,0.0
AU.CR,0.18545587360858917,0.0001023730333772801,0.0
AU.JB,0.0073953187093138695,0.003370988958825668,0.0
AU.NS,0.5272822380065918,0.006690099419910372,0.0
AU.NT,2.0968377590179443,0.04417568314175013,0.0
AU.QL,0.5493424534797668,0.003723189985667858,0.0
AU.SA,1.7111809253692627,0.02296184564720959,0.0
AU.TS,0.34949472546577454,0.0005013333795554219,0.0
AU.VI,0.7741900682449341,0.0251598229504197,0.0
AU.WA,2.3743605613708496,0.05669887208993186,0.0
