HASC_1,Max,Mean,Min
AU.AS,0.024251431226730347,0.001786337063614545,0.0
AU.AC,2.0128061771392822,0.9481874288074554,0.0
AU.CR,0.24995966255664825,0.00011766271869817825,0.0
AU.JB,3.2762231826782227,2.6353972355524697,2.02567458152771
AU.NS,3.412668228149414,0.24249437708883734,0.0
AU.NT,6.816020488739014,0.06811426860690807,0.0
AU.QL,3.266261100769043,0.045578677703139975,0.0
AU.SA,0.3570035398006439,0.001760009357311189,0.0
AU.TS,0.9225980639457703,0.006812779112277667,0.0
AU.VI,3.3700969219207764,0.1969707477875003,0.0
AU.WA,4.2249321937561035,0.10660662716896516,0.0
