HASC_1,Max,Mean,Min
AU.AS,0.0,0.0,0.0
AU.AC,0.021536707878112793,0.0009277653510844897,0.0
AU.CR,0.0,0.0,0.0
AU.JB,0.0008634717669337988,0.00017042205824206272,0.0
AU.NS,1.0383962392807007,0.002837081284515669,0.0
AU.NT,0.01559370756149292,1.2652785798125921e-05,0.0
AU.QL,0.026987073943018913,2.0699270069917706e-05,0.0
AU.SA,0.23335139453411102,0.0030086412934772393,0.0
AU.TS,2.782062530517578,0.0024263082778316547,0.0
AU.VI,1.1405624151229858,0.01832726514422378,0.0
AU.WA,0.5710672736167908,0.00620045426842384,0.0
