HASC_1,Max,Mean,Min
AU.AS,0.001348136574961245,4.8147734820044464e-05,0.0
AU.AC,0.38456857204437256,0.16655147359484718,0.0
AU.CR,0.9123592376708984,0.0005313439626844469,0.0
AU.JB,0.17804594337940216,0.15703708430131277,0.13647691905498505
AU.NS,0.8663575053215027,0.07173425525627077,0.0
AU.NT,0.24948136508464813,0.0004741950544398168,0.0
AU.QL,0.8018696904182434,0.004084402902059456,0.0
AU.SA,0.50063157081604,0.005258365503411993,0.0
AU.TS,0.3186875879764557,-0.03371562564460443,-833.3250122070312
AU.VI,0.5052907466888428,0.014017749247311894,0.0
AU.WA,2.379560947418213,0.018677543284220305,0.0
