HASC_1,Max,Mean,Min
AU.AS,0.0,0.0,0.0
AU.AC,0.0,0.0,0.0
AU.CR,0.3538460433483124,0.0002197739781508344,0.0
AU.JB,0.0,0.0,0.0
AU.NS,0.27047619223594666,0.001036604333124283,0.0
AU.NT,4.806159019470215,0.1903824941266173,0.0
AU.QL,3.6295955181121826,0.13817655724157607,0.0
AU.SA,2.2928919792175293,0.12986349403971004,0.0
AU.TS,0.7758790850639343,0.0006960672151789544,0.0
AU.VI,1.3394804000854492,0.017928603923974037,0.0
AU.WA,5.996473789215088,0.019097926847171702,0.0
