HASC_1,Max,Mean,Min
AU.AS,0.22022582590579987,0.02434476970561913,0.0
AU.AC,0.11822571605443954,0.024293233027001693,0.0
AU.CR,0.05173574760556221,2.676478282374784e-05,0.0
AU.JB,0.041989296674728394,0.017174298719813425,0.0021964064799249172
AU.NS,1.5301730632781982,0.07088536526484435,0.0
AU.NT,0.8347933292388916,0.044894648558183564,0.0
AU.QL,1.3389943838119507,0.033458175632769635,0.0
AU.SA,1.1199376583099365,0.039946632819712447,0.0
AU.TS,2.1845545768737793,0.01026854462985302,0.0
AU.VI,2.638923406600952,0.35661148723238184,0.0
AU.WA,2.262843608856201,0.0952855155857223,0.0
