HASC_1,Max,Mean,Min
AU.AS,0.0,0.0,0.0
AU.AC,0.004414875991642475,8.008845375909929e-05,0.0
AU.CR,0.15682753920555115,0.00010739945492155662,0.0
AU.JB,0.0,0.0,0.0
AU.NS,10.763401985168457,0.25181747476352345,0.0
AU.NT,3.7358834743499756,0.05320290119860375,0.0
AU.QL,5.206356048583984,0.045196651671375966,0.0
AU.SA,0.9123809337615967,0.00734921883002255,0.0
AU.TS,0.5713423490524292,0.0011920087246237113,0.0
AU.VI,0.6170315742492676,0.00927048834748969,0.0
AU.WA,3.664052724838257,0.04707658531578771,0.0
