HASC_1,Max,Mean,Min
AU.AS,0.023572413250803947,0.002662772445806435,0.0
AU.AC,0.04107792302966118,0.005220852603088133,0.0
AU.CR,0.14462560415267944,0.00010313117593032228,0.0
AU.JB,0.5630428194999695,0.3437332386771838,0.24028007686138153
AU.NS,3.417175531387329,0.08915632482065937,0.0
AU.NT,7.122554302215576,0.1910438836158911,0.0
AU.QL,4.558218479156494,0.03538668845182942,0.0
AU.SA,1.972342848777771,0.006040767353620344,0.0
AU.TS,0.23012489080429077,6.061919856691882e-05,0.0
AU.VI,5.100082874298096,0.27472064940835156,0.0
AU.WA,2.7562923431396484,0.0391448203270112,0.0
