HASC_1,Max,Mean,Min
AU.AS,0.0,0.0,0.0
AU.AC,0.0,0.0,0.0
AU.CR,0.0,0.0,0.0
AU.JB,0.013559202663600445,0.0022598671106000743,0.0
AU.NS,0.32000648975372314,0.002105617308059203,0.0
AU.NT,0.08752810955047607,9.764554713330572e-05,0.0
AU.QL,0.18668441474437714,0.00015751329643581125,0.0
AU.SA,0.2213858813047409,0.003012152870654844,0.0
AU.TS,0.3543004095554352,0.0018190192843032694,0.0
AU.VI,0.19335395097732544,0.0005595203453981266,0.0
AU.WA,0.33553019165992737,0.0007947797179707242,0.0
