HASC_1,Max,Mean,Min
AU.AS,0.0,0.0,0.0
AU.AC,0.32428210973739624,0.12130707727065163,0.0
AU.CR,0.1125149205327034,4.109336088781487e-05,0.0
AU.JB,0.03507591411471367,0.02292375996087988,0.012827211059629917
AU.NS,1.443397045135498,0.09093227116303779,0.0
AU.NT,0.10190027207136154,5.35092683220881e-05,0.0
AU.QL,0.4805363118648529,0.0028532228858941747,0.0
AU.SA,0.5665282607078552,0.002907585513548604,0.0
AU.TS,1.570460319519043,0.014910789151326754,0.0
AU.VI,1.5281305313110352,0.0760103325422347,0.0
AU.WA,0.33698034286499023,0.0009096951520531628,0.0
