HASC_1,Max,Mean,Min
AU.AS,0.0,0.0,0.0
AU.AC,0.0024999999441206455,0.00012235449338775304,0.0
AU.CR,0.03522025793790817,2.1177729715870886e-05,0.0
AU.JB,0.038810569792985916,0.006468428298830986,0.0
AU.NS,0.4699113070964813,-0.31623718410327617,-416.6625061035156
AU.NT,0.07290929555892944,0.00020848474478032082,0.0
AU.QL,0.8056347966194153,0.0019185768670501174,0.0
AU.SA,0.2940236032009125,0.0012471626095932878,0.0
AU.TS,1.031203031539917,-0.1879863676428956,-416.6625061035156
AU.VI,0.4699113070964813,-0.16651762089807606,-416.6625061035156
AU.WA,0.6491410136222839,0.00434997874928104,0.0
