HASC_1,Max,Mean,Min
AU.AS,0.0,0.0,0.0
AU.AC,0.00533699756488204,0.00016193660455125306,0.0
AU.CR,0.21012957394123077,8.679122267314502e-05,0.0
AU.JB,0.0,0.0,0.0
AU.NS,1.256739616394043,-0.615604790347505,-416.6625061035156
AU.NT,0.16275544464588165,0.007280729980078413,0.0
AU.QL,0.10352662205696106,0.0005356319747001794,0.0
AU.SA,3.4058637619018555,0.0628123847935499,0.0
AU.TS,4.255463600158691,-0.032572594312510195,-416.6625061035156
AU.VI,0.6093536019325256,-0.14822179388536033,-416.6625061035156
AU.WA,1.5776901245117188,0.043217184323704576,0.0
