HASC_1,Max,Mean,Min
AU.AS,0.0,0.0,0.0
AU.AC,0.0,0.0,0.0
AU.CR,0.7934732437133789,0.0010208682481442884,0.0
AU.JB,0.1770065277814865,0.1161265919605891,0.06770304590463638
AU.NS,2.1109204292297363,0.08130562440792166,0.0
AU.NT,0.18900950253009796,0.0003432713903547275,0.0
AU.QL,0.9054461121559143,0.006907136551646071,0.0
AU.SA,0.2420833259820938,0.0003993625658835762,0.0
AU.TS,0.305402010679245,0.000551095055746711,0.0
AU.VI,0.04367676004767418,0.0002399590640006756,0.0
AU.WA,0.3226247727870941,0.0035984976806603497,0.0
