HASC_1,Max,Mean,Min
AU.AS,1.1909500360488892,0.16780694786991393,0.0
AU.AC,0.0,0.0,0.0
AU.CR,0.04298777878284454,2.9886009670142377e-05,0.0
AU.JB,0.008327418006956577,0.004669731327642997,0.0
AU.NS,0.5567505955696106,0.0033083483502054406,0.0
AU.NT,6.847293853759766,0.21461970773574615,0.0
AU.QL,3.3937509059906006,0.04111886387000116,0.0
AU.SA,0.23291665315628052,6.84167294253295e-05,0.0
AU.TS,0.35337913036346436,0.00013498349162080627,0.0
AU.VI,0.051874998956918716,0.00022062406344094086,0.0
AU.WA,2.495335817337036,0.019823650539729825,0.0
