HASC_1,Max,Mean,Min
CN.AH,301.8188781738281,298.3356530931261,295.4894714355469
CN.BJ,302.8364562988281,298.27772639347955,292.6027526855469
CN.CQ,298.5180969238281,296.33408123513925,290.9764404296875
CN.FJ,302.4263000488281,299.93922845248517,297.2850341796875
CN.GS,301.0962219238281,288.5431415288135,275.397216796875
CN.GD,304.6782531738281,301.6765990438341,299.0838623046875
CN.GX,304.6782531738281,301.0802259936775,296.8846435546875
CN.GZ,300.5467529296875,297.26243591308594,293.1769714355469
CN.HA,304.6450500488281,302.7954799107143,300.9842529296875
CN.HB,303.3598937988281,297.1723252098159,289.7681579589844
CN.HL,294.0796203613281,289.37599660193973,284.784423828125
CN.HE,299.2609558105469,295.9450845839102,292.4305419921875
CN.HU,301.8188781738281,296.80087025960285,290.5357360839844
CN.HN,302.7368469238281,299.8547896500472,294.2772216796875
CN.JS,299.3651123046875,297.5387408916767,295.9809875488281
CN.JX,302.5923156738281,300.4351045850297,298.0161437988281
CN.JL,296.6531982421875,293.44042997007017,288.1610412597656
CN.LN,298.2895812988281,296.2675574031877,294.0249328613281
CN.NM,299.6398620605469,292.1393385401312,284.858642578125
CN.NX,294.9868469238281,291.8378080480239,288.0887756347656
CN.QH,289.0917053222656,279.36221718189967,271.51904296875
CN.SA,296.8110656738281,293.66269969940186,289.2909240722656
CN.SD,302.7394714355469,297.4544345855713,294.7160339355469
CN.SH,298.3494873046875,297.93047485351565,297.4555969238281
CN.SX,298.3084716796875,294.75458794671135,291.3540344238281
CN.SC,299.7401123046875,289.2627250475761,276.764892578125
CN.TJ,303.2720031738281,301.9831848144531,300.1574401855469
CN.XJ,304.4920654296875,290.78671472186835,268.9281311035156
CN.XZ,296.4465026855469,280.06510136301927,272.5230407714844
CN.YN,301.0877685546875,295.2162751036805,283.9090881347656
CN.ZJ,300.9692687988281,298.47481817948193,297.0050964355469
