HASC_1,Max,Mean,Min
CN.AH,284.7762756347656,282.60376315646704,280.327880859375
CN.BJ,277.6710510253906,275.8133098895733,273.6806640625
CN.CQ,284.7505798339844,281.68617646590525,276.9909973144531
CN.FJ,290.4073181152344,287.97046214136583,285.3729553222656
CN.GS,280.0132751464844,271.44622540714767,256.3993225097656
CN.GD,295.092529296875,291.7302346531349,286.7881774902344
CN.GX,294.3741149902344,289.97333235593186,285.1278381347656
CN.GZ,289.0313415527344,283.70054626464844,279.964111328125
CN.HA,296.4698181152344,295.3738287062872,294.1856384277344
CN.HB,282.0498046875,276.15892346070547,269.6567687988281
CN.HL,273.9661560058594,265.2078328275885,256.9063415527344
CN.HE,283.3423767089844,281.4077411120451,275.6792297363281
CN.HU,284.667724609375,282.13076455252514,277.41339111328125
CN.HN,289.1869201660156,284.8726994441106,279.635009765625
CN.JS,284.9053649902344,282.2080753032978,280.484375
CN.JX,289.999755859375,286.5413934412137,282.5980529785156
CN.JL,275.9073486328125,271.9121630633319,266.8877868652344
CN.LN,278.630126953125,275.0836788224585,273.3286437988281
CN.NM,277.6085510253906,269.510693013893,256.8099670410156
CN.NX,277.5745544433594,275.7329263126149,274.2453308105469
CN.QH,271.7510681152344,261.29761868822106,254.400146484375
CN.SA,282.0701599121094,277.78475252787274,274.6026916503906
CN.SD,282.15087890625,280.6359203338623,278.5255432128906
CN.SH,284.9053649902344,283.88404846191406,282.8290100097656
CN.SX,281.6395568847656,276.85992431640625,272.6854248046875
CN.SC,285.357666015625,273.9197927621695,258.2666931152344
CN.TJ,278.2563171386719,277.14628462357956,275.7344055175781
CN.XJ,279.1199951171875,268.7915770871193,250.889892578125
CN.XZ,285.130615234375,261.8782882318264,253.7134552001953
CN.YN,293.305419921875,283.899861323369,267.0370178222656
CN.ZJ,287.761962890625,285.34996541341144,282.3734436035156
