HASC_1,Max,Mean,Min
CN.AH,287.86541748046875,285.5299118889703,283.0257263183594
CN.BJ,282.4129333496094,280.00028170072113,276.30511474609375
CN.CQ,289.72137451171875,285.9077427076257,282.9671325683594
CN.FJ,294.7376403808594,287.64815968480605,282.7176208496094
CN.GS,286.3582458496094,276.7726204612038,266.7245178222656
CN.GD,296.9095153808594,291.7640002286887,285.32098388671875
CN.GX,297.1783752441406,289.10842517970764,284.10565185546875
CN.GZ,289.63397216796875,284.7671712239583,282.3614196777344
CN.HA,298.7965393066406,296.0886971609933,292.50390625
CN.HB,286.73895263671875,280.90674492864326,275.2789001464844
CN.HL,277.1788024902344,271.6681622026304,262.1963195800781
CN.HE,287.86541748046875,285.6725135513499,281.1651306152344
CN.HU,289.6552734375,286.1278384980701,282.32318115234375
CN.HN,289.6552734375,286.7078344324133,283.34100341796875
CN.JS,288.8047180175781,285.4487733107347,283.2532653808594
CN.JX,289.77685546875,286.32646931393043,283.7715148925781
CN.JL,281.1145935058594,276.4356986151801,272.60748291015625
CN.LN,288.5628356933594,282.2379033594956,276.79803466796875
CN.NM,282.0184020996094,274.691573463296,265.9559326171875
CN.NX,281.68328857421875,280.10696770163145,277.4956359863281
CN.QH,276.15777587890625,270.2003576353887,261.6837158203125
CN.SA,288.3562927246094,283.2662521998088,276.9711608886719
CN.SD,289.41473388671875,285.2518421173096,282.9778747558594
CN.SH,290.79656982421875,288.23540954589845,286.1401672363281
CN.SX,286.52508544921875,281.6422312968486,277.0747985839844
CN.SC,290.2229919433594,280.0174767127404,268.8511657714844
CN.TJ,284.28924560546875,282.46582586115056,281.35076904296875
CN.XJ,283.32391357421875,273.92337892228704,255.36412048339844
CN.XZ,290.9150390625,268.33777733779533,259.6580505371094
CN.YN,293.9293518066406,285.7447511747286,273.8103942871094
CN.ZJ,292.6097106933594,286.15563643606083,282.4497375488281
