HASC_1,Max,Mean,Min
CN.AH,295.6051330566406,293.15679762098523,290.8544921875
CN.BJ,293.0921325683594,289.53079927884613,285.1422424316406
CN.CQ,300.4436950683594,295.916667772376,290.2900390625
CN.FJ,300.0283203125,296.07283809267244,293.3265075683594
CN.GS,297.4970703125,286.47545354053227,275.974609375
CN.GD,302.8941955566406,299.40322914606406,295.5087890625
CN.GX,301.3909606933594,297.8617191904599,294.8844299316406
CN.GZ,299.3792419433594,295.108143341847,292.2535705566406
CN.HA,303.4808044433594,302.40933518182663,301.6728515625
CN.HB,293.7503356933594,288.44541855613784,280.3648986816406
CN.HL,287.6181640625,284.16708413316456,278.5690002441406
CN.HE,297.5289611816406,294.05449782745745,288.3274841308594
CN.HU,297.5289611816406,294.0322661626907,289.2568359375
CN.HN,298.8050231933594,295.58224118410885,291.7054138183594
CN.JS,294.9033203125,292.426387493427,290.0611877441406
CN.JX,298.8050231933594,295.7951483927982,291.9524841308594
CN.JL,287.9658203125,283.858117280183,275.9326171875
CN.LN,288.3961486816406,286.1938344696422,282.61328125
CN.NM,293.7314453125,287.1998320381596,280.3648986816406
CN.NX,290.5289611816406,288.6870942957261,286.6266174316406
CN.QH,290.0270080566406,279.17758977199543,272.6162109375
CN.SA,296.6591796875,291.1417360305786,287.4547424316406
CN.SD,294.6109924316406,289.85808792114256,285.5074768066406
CN.SH,294.8023986816406,293.9906890869141,293.4749450683594
CN.SX,295.1897888183594,289.36262182287265,283.5250549316406
CN.SC,302.3609924316406,287.45913477188503,276.1363830566406
CN.TJ,293.0921325683594,291.8770446777344,291.0143127441406
CN.XJ,301.8870544433594,288.38072688059975,260.4874267578125
CN.XZ,297.1461486816406,275.41272597894437,264.9892272949219
CN.YN,303.2425231933594,295.0643332345145,279.7232971191406
CN.ZJ,296.9638671875,294.1951534873561,291.0397033691406
