HASC_1,Max,Mean,Min
CN.AH,277.6199035644531,275.30078421698676,273.1355895996094
CN.BJ,270.6974792480469,265.7432673527644,260.1565246582031
CN.CQ,279.9521789550781,276.07909890879756,272.0133972167969
CN.FJ,290.8963317871094,282.65981950431035,276.6745910644531
CN.GS,273.8822937011719,264.6988264141661,253.67987060546875
CN.GD,292.4266052246094,285.4826169557209,275.8138122558594
CN.GX,291.2212219238281,281.3338538101039,274.67498779296875
CN.GZ,280.1763610839844,276.09073228102466,273.4982604980469
CN.HA,294.8462219238281,291.07091558547245,285.88739013671875
CN.HB,275.9712219238281,265.8643262504351,254.82408142089844
CN.HL,264.82659912109375,259.4195129656485,254.94712829589844
CN.HE,276.5284423828125,274.33438458020174,268.4542541503906
CN.HU,277.8318786621094,274.97097850981214,271.4237976074219
CN.HN,279.5695495605469,276.155273772858,272.0130920410156
CN.JS,281.9663391113281,276.019896874061,274.4298400878906
CN.JX,283.77606201171875,277.9385341590559,274.0429382324219
CN.JL,273.013916015625,261.1670492666739,257.6058044433594
CN.LN,279.14910888671875,266.28927876036846,256.8255310058594
CN.NM,268.2038879394531,259.53362769360814,254.24659729003906
CN.NX,268.22161865234375,266.5896319221048,264.1575622558594
CN.QH,270.13134765625,261.0451350605189,253.67987060546875
CN.SA,276.0157470703125,268.94368839263916,262.07366943359375
CN.SD,280.2127380371094,274.5077033996582,271.3296203613281
CN.SH,285.77215576171875,280.7182342529297,277.0890808105469
CN.SX,274.51885986328125,265.59282869906036,258.27850341796875
CN.SC,282.2092590332031,271.3187274639423,258.2881774902344
CN.TJ,272.3976135253906,270.0707258744673,268.1820983886719
CN.XJ,273.75140380859375,264.5339916765782,249.44224548339844
CN.XZ,286.93084716796875,263.40700285376573,253.49400329589844
CN.YN,291.83953857421875,281.5477752685547,266.3581848144531
CN.ZJ,288.1035461425781,279.0066276684142,273.9640808105469
