HASC_1,Max,Mean,Min
CN.AH,290.4519348144531,288.01999367607965,285.3318176269531
CN.BJ,286.47601318359375,283.6163658728966,278.71820068359375
CN.CQ,287.7090759277344,285.57078154190725,281.77679443359375
CN.FJ,297.1329040527344,291.38740855249864,287.7696228027344
CN.GS,286.6895446777344,277.60466666173454,265.2634582519531
CN.GD,300.08245849609375,296.78535635260084,290.1514587402344
CN.GX,299.2497863769531,294.76697752647794,287.42620849609375
CN.GZ,291.6443176269531,286.9002677721855,283.4607238769531
CN.HA,299.5915832519531,298.8570774623326,297.8669738769531
CN.HB,288.3533020019531,283.1365377596109,275.51556396484375
CN.HL,279.5909118652344,271.30035478976663,257.7795715332031
CN.HE,288.93011474609375,286.975341796875,283.41937255859375
CN.HU,288.73480224609375,285.6720279511951,281.05316162109375
CN.HN,294.78656005859375,287.92615383273954,282.68206787109375
CN.JS,288.8330993652344,287.32282198392426,284.8448181152344
CN.JX,296.1990051269531,289.9233467209507,286.4043884277344
CN.JL,281.4322204589844,277.1304860998083,273.2198181152344
CN.LN,284.5857238769531,281.6259682737751,278.2925720214844
CN.NM,283.8147277832031,275.8711920396337,258.3576354980469
CN.NX,282.2725524902344,280.1695332246668,277.21722412109375
CN.QH,279.5710754394531,271.4575431577621,263.84912109375
CN.SA,287.3904113769531,282.9410861333211,279.12884521484375
CN.SD,288.66448974609375,286.55906677246094,282.1885681152344
CN.SH,287.9483337402344,287.0411804199219,286.2051696777344
CN.SX,288.41644287109375,282.18388737858953,276.4631652832031
CN.SC,287.7549743652344,280.4043258275741,271.53485107421875
CN.TJ,286.69476318359375,286.34761186079544,286.0183410644531
CN.XJ,289.8086853027344,277.82224189958765,258.248046875
CN.XZ,295.74847412109375,270.6795641643245,261.5331726074219
CN.YN,296.24749755859375,286.6226323115361,274.5684509277344
CN.ZJ,291.0567321777344,287.8976017466763,286.1788024902344
