HASC_1,Max,Mean,Min
CN.AH,284.6001281738281,282.37503772311743,280.2895812988281
CN.BJ,278.6778564453125,276.33633188100964,273.6344909667969
CN.CQ,287.4197998046875,283.97374028744906,278.5762023925781
CN.FJ,290.5976867675781,284.6627760262325,280.1206359863281
CN.GS,282.5778503417969,272.5738587042298,258.92010498046875
CN.GD,292.3193664550781,288.79491801201544,282.4534912109375
CN.GX,291.3460693359375,286.6015011502295,282.2451477050781
CN.GZ,285.6989440917969,282.5609901623848,280.3507995605469
CN.HA,294.4687805175781,291.4407871791295,287.7163391113281
CN.HB,284.3470458984375,276.62211412486465,267.9281005859375
CN.HL,271.7680969238281,266.1541478234811,258.5850524902344
CN.HE,285.3388977050781,282.62013109424447,276.6571044921875
CN.HU,285.5267333984375,283.5265074230376,278.6856689453125
CN.HN,285.5568542480469,283.4895945119334,281.1808776855469
CN.JS,282.6430969238281,281.09382981520434,278.7092590332031
CN.JX,286.7664794921875,283.96525552239217,281.1491394042969
CN.JL,273.8995666503906,270.59061940511066,266.521240234375
CN.LN,277.1951904296875,274.0781314049238,271.0940246582031
CN.NM,276.3751525878906,269.7795673874189,258.69940185546875
CN.NX,278.1828308105469,275.3605876249426,274.231201171875
CN.QH,274.6727294921875,264.9767441835027,257.52606201171875
CN.SA,282.8950500488281,278.2789697647095,273.6661071777344
CN.SD,283.6889953613281,280.1282028198242,276.2815246582031
CN.SH,283.8808898925781,282.0320220947266,281.1953430175781
CN.SX,282.8364562988281,276.2419078930004,272.1868896484375
CN.SC,287.4197998046875,275.4001485188802,261.6629333496094
CN.TJ,279.6606140136719,278.4324424050071,276.6751403808594
CN.XJ,281.652099609375,268.95278468419446,248.9608154296875
CN.XZ,287.3229675292969,263.7279200856279,252.7264404296875
CN.YN,292.1211242675781,283.7501676485136,268.0096130371094
CN.ZJ,286.5967102050781,282.0986022949219,280.0332336425781
