HASC_1,Max,Mean,Min
CN.AH,301.5564270019531,299.9132351345486,296.9548645019531
CN.BJ,297.1840515136719,293.9722853440505,289.6700744628906
CN.CQ,300.8891296386719,297.43981668223506,293.6807861328125
CN.FJ,302.4854736328125,300.75096446070177,298.5720520019531
CN.GS,303.7354736328125,290.6814518167515,278.3507385253906
CN.GD,303.9770202636719,301.7886700207674,298.9034423828125
CN.GX,303.8357238769531,300.30032380094235,295.4184265136719
CN.GZ,300.0030517578125,296.27403063651843,292.1671142578125
CN.HA,303.9770202636719,302.867911202567,300.5954895019531
CN.HB,302.1651611328125,294.64977997128324,286.1739807128906
CN.HL,297.6391296386719,294.4309717268391,289.9034729003906
CN.HE,302.5075988769531,299.81144656410703,294.7243957519531
CN.HU,301.2048645019531,297.88944571358815,293.0121765136719
CN.HN,302.0577392578125,299.34205946031506,293.0121765136719
CN.JS,302.0629577636719,300.30746283897986,297.5382080078125
CN.JX,302.3617858886719,300.63272696481624,298.1729736328125
CN.JL,297.0479736328125,293.44617801242407,287.3514099121094
CN.LN,295.4985046386719,293.1919853304639,289.6170349121094
CN.NM,301.8852233886719,293.46346383724574,286.1739807128906
CN.NX,299.7634582519531,295.07365058450137,289.7175598144531
CN.QH,294.6065673828125,282.4970061052657,275.3561096191406
CN.SA,299.6130676269531,295.56546115875244,290.1498718261719
CN.SD,302.5075988769531,298.1665866851807,293.9626770019531
CN.SH,302.0629577636719,301.2053955078125,299.2367858886719
CN.SX,301.3188171386719,295.6056271114865,291.2563171386719
CN.SC,300.8891296386719,289.01698389297877,278.9669494628906
CN.TJ,297.7009582519531,296.7547108043324,295.1593017578125
CN.XJ,307.3422546386719,294.13772465088266,270.6339416503906
CN.XZ,296.0297546386719,280.87651471393866,274.1044921875
CN.YN,299.9750671386719,293.7171232545531,282.3194885253906
CN.ZJ,301.7660827636719,300.16634917677493,297.9971923828125
