HASC_1,Max,Mean,Min
CN.AH,305.1980895996094,301.41092681884766,298.3836364746094
CN.BJ,301.2514953613281,298.4921475923978,294.93280029296875
CN.CQ,301.6675109863281,298.6468386442765,294.0718078613281
CN.FJ,302.7898864746094,301.17071007037987,299.2351989746094
CN.GS,304.7007141113281,291.9660421043935,275.93792724609375
CN.GD,303.5008239746094,301.50992787035204,298.2088317871094
CN.GX,303.5008239746094,299.7291709663942,294.66522216796875
CN.GZ,301.3784484863281,296.86890509189703,292.8667297363281
CN.HA,303.1909484863281,301.6388535272507,298.7488708496094
CN.HB,307.6440734863281,299.2908500444771,290.94647216796875
CN.HL,296.9917297363281,294.0698611541879,289.35369873046875
CN.HE,307.6440734863281,303.16025707389736,297.95916748046875
CN.HU,302.8582458496094,299.93713233584447,294.38201904296875
CN.HN,302.53143310546875,299.8048846905048,295.05975341796875
CN.JS,303.6980895996094,301.48329279972955,300.3921203613281
CN.JX,302.34588623046875,300.781845737511,297.33123779296875
CN.JL,297.5613708496094,293.813067400897,288.9790344238281
CN.LN,297.6264953613281,295.67319102346164,292.9373474121094
CN.NM,306.9311828613281,298.01384156425047,290.1404724121094
CN.NX,306.1304016113281,300.3600374109605,295.1802062988281
CN.QH,290.8514099121094,280.5013340228775,274.0491638183594
CN.SA,303.5952453613281,299.34022585550946,293.9614562988281
CN.SD,307.3901672363281,301.79333038330077,296.34100341796875
CN.SH,300.9702453613281,300.62550964355466,299.6596984863281
CN.SX,305.91229248046875,300.93669664537583,295.7137145996094
CN.SC,301.6675109863281,289.046478897486,277.5786437988281
CN.TJ,301.6375427246094,300.30960360440343,298.8074645996094
CN.XJ,308.2195739746094,294.33646474186753,271.7447814941406
CN.XZ,297.6951599121094,281.07419716439597,273.3150329589844
CN.YN,300.27752685546875,293.9853063806311,281.3589172363281
CN.ZJ,302.29705810546875,300.2146622507196,298.3836364746094
