HASC_1,Max,Mean,Min
CN.AH,295.0093688964844,287.9004720052083,283.0015563964844
CN.BJ,288.4185485839844,285.21331552358777,280.45257568359375
CN.CQ,294.07708740234375,290.14535257090694,282.94232177734375
CN.FJ,299.44818115234375,294.4898192307045,289.94134521484375
CN.GS,285.1177673339844,274.24480260983864,262.9951477050781
CN.GD,302.1018371582031,298.8881727773932,295.8208923339844
CN.GX,301.58880615234375,298.6829104079414,294.5933532714844
CN.GZ,297.9253845214844,293.3171672331981,288.0237121582031
CN.HA,302.70013427734375,299.8806617373512,298.44622802734375
CN.HB,290.2525329589844,284.272447038405,276.10101318359375
CN.HL,280.4817199707031,276.1456167851395,268.2180480957031
CN.HE,288.5601501464844,285.2167617218404,281.5305480957031
CN.HU,292.8443298339844,287.00603921072826,280.19427490234375
CN.HN,298.6421813964844,293.1961911379636,284.71282958984375
CN.JS,290.4996032714844,286.2435590303861,283.0015563964844
CN.JX,298.1194152832031,295.3125399737291,289.79486083984375
CN.JL,283.50921630859375,279.5507224754051,275.9449157714844
CN.LN,285.99407958984375,282.815411226249,279.50726318359375
CN.NM,284.9094543457031,277.5853069377395,267.6667785644531
CN.NX,279.7315368652344,276.51519236845127,273.5274353027344
CN.QH,275.5061340332031,268.63931580683663,259.7930603027344
CN.SA,287.02532958984375,282.7116117477417,277.2619934082031
CN.SD,288.81732177734375,284.8399139404297,281.4224548339844
CN.SH,289.7115173339844,288.2337890625,286.8980407714844
CN.SX,287.0442199707031,283.6013018633868,279.91351318359375
CN.SC,293.82904052734375,281.436382430639,269.08612060546875
CN.TJ,288.5660095214844,287.4419056285511,285.6877746582031
CN.XJ,283.1783142089844,271.74071961392576,250.56402587890625
CN.XZ,295.3335876464844,269.45586086366234,257.8230285644531
CN.YN,298.6975402832031,290.46043039297126,273.02606201171875
CN.ZJ,295.8394470214844,291.403594435307,287.32806396484375
