HASC_1,Max,Mean,Min
AT.BU,0.0,0.0,0.0
AT.KA,6296392528035840.0,1431773466268593.2,0.0
AT.NO,0.0,0.0,0.0
AT.OO,1.0554791935606784e+16,2128028513343737.8,0.0
AT.SZ,1.0005386161553408e+16,2312093222545141.0,0.0
AT.ST,4375045350621184.0,737124262137036.8,0.0
AT.TR,6091812498309120.0,2149310793148006.5,0.0
AT.VO,1.1224158293721088e+16,4186273205278037.5,0.0
AT.WI,0,0,0
