HASC_1,Max,Mean,Min
AT.BU,7680383462146048.0,2601563659377778.0,0.0
AT.KA,1.6123003360247808e+16,4070408402076778.0,0.0
AT.NO,2.168336573215539e+16,4756839984005120.0,0.0
AT.OO,2.2413785050382336e+16,5573402759281284.0,0.0
AT.SZ,2.156519400197325e+16,4789536798771080.0,0.0
AT.ST,2.2413785050382336e+16,6798014712580034.0,0.0
AT.TR,0.0,0.0,0.0
AT.VO,0.0,0.0,0.0
AT.WI,7734909145710592.0,5734772448602795.0,3876403137216512.0
