HASC_1,Max,Mean,Min
AT.BU,1.0186539292164096e+16,4142874838725063.0,0.0
AT.KA,7060577268531200.0,3152761826455179.5,0.0
AT.NO,1.0832107236491264e+16,4208560377599141.0,0.0
AT.OO,8726727689764864.0,3039193368363008.0,0.0
AT.SZ,7370399029395456.0,2764271832967850.5,0.0
AT.ST,8891116489277440.0,4683201624034707.0,0.0
AT.TR,3307102269341696.0,2235125108711970.2,0.0
AT.VO,3661601085325312.0,2584728252536149.5,0.0
AT.WI,1.0832107236491264e+16,9266813653221376.0,8158212532469760.0
