HASC_1,Max,Mean,Min
CN.AH,9154097873682432.0,2723892268360640.5,0.0
CN.BJ,2.9825751847010304e+16,6029546320114092.0,0.0
CN.CQ,0.0,0.0,0.0
CN.FJ,7292667637530624.0,144478544566146.62,0.0
CN.GS,6439222202335232.0,381896950102668.6,0.0
CN.GD,7292667637530624.0,746308449842557.1,0.0
CN.GX,7692655794323456.0,1832746350884518.8,0.0
CN.GZ,6243767367499776.0,148442122813440.0,0.0
CN.HA,4311237705859072.0,774629153217724.1,0.0
CN.HB,2.9825751847010304e+16,4527704736177561.0,0.0
CN.HL,7980304786522112.0,2113558655848886.5,0.0
CN.HE,9510959190114304.0,1438560218570190.0,0.0
CN.HU,7759838209638400.0,1772872889666848.8,0.0
CN.HN,6392935876657152.0,999724017646963.9,0.0
CN.JS,2.543572189236429e+16,3587874163750961.0,0.0
CN.JX,8498939267383296.0,1653314965795791.2,0.0
CN.JL,9193761896660992.0,1152978915633410.0,0.0
CN.LN,1.2557688730812416e+16,1016482642696644.9,0.0
CN.NM,1.334748597190656e+16,764761134309676.2,0.0
CN.NX,6238428723150848.0,1309959611328949.2,0.0
CN.QH,6755394609217536.0,2031139766736512.8,0.0
CN.SA,5304637334749184.0,187065296439517.8,0.0
CN.SD,1.4439150694432768e+16,4167044782096384.0,0.0
CN.SH,2.088044736597197e+16,5309848422546242.0,0.0
CN.SX,1.416800189284352e+16,3627093611190003.5,0.0
CN.SC,4406676711014400.0,200766572559956.22,0.0
CN.TJ,2.9825751847010304e+16,1.0181911300554418e+16,0.0
CN.XJ,7853766996918272.0,1961603189258833.5,0.0
CN.XZ,6755394609217536.0,1844557844062827.5,0.0
CN.YN,5356832461684736.0,286586995597040.4,0.0
CN.ZJ,1.5986676803305472e+16,3307007433429312.5,0.0
