HASC_1,Max,Mean,Min
CN.AH,9263840730546176.0,2384054885471862.0,0.0
CN.BJ,1.0536308543848448e+16,5206942129586176.0,0.0
CN.CQ,0.0,0.0,0.0
CN.FJ,6873434806026240.0,1607763524275854.2,0.0
CN.GS,9794020083499008.0,796959802105465.9,0.0
CN.GD,1.1279001804865536e+16,1540031840671177.0,0.0
CN.GX,7404029697064960.0,837812090103367.0,0.0
CN.GZ,9179802179207168.0,1908921864969452.8,0.0
CN.HA,3364891859615744.0,207680334846601.38,0.0
CN.HB,1.0536308543848448e+16,3772930640103576.0,0.0
CN.HL,1.1710717958815744e+16,602365236418249.0,0.0
CN.HE,9801753172115456.0,3796570916527472.0,0.0
CN.HU,9525788638445568.0,1386455109459243.5,0.0
CN.HN,9026169051545600.0,1418881341880780.0,0.0
CN.JS,7230239751012352.0,1491534070192934.8,0.0
CN.JX,8602214440370176.0,1841738923320274.5,0.0
CN.JL,6969168016441344.0,598579468671385.6,0.0
CN.LN,1.0674090020962304e+16,1252512851491183.5,0.0
CN.NM,1.1710717958815744e+16,1056552052315122.0,0.0
CN.NX,0.0,0.0,0.0
CN.QH,7404611665133568.0,2322827101747631.5,0.0
CN.SA,1.4512671944605696e+16,470091606588676.2,0.0
CN.SD,9928606104944640.0,2855508980697954.5,0.0
CN.SH,0.0,0.0,0.0
CN.SX,1.4512671944605696e+16,4251038958358850.0,0.0
CN.SC,9096781535117312.0,806453915284775.6,0.0
CN.TJ,1.0536308543848448e+16,5983246782322470.0,0.0
CN.XJ,6800124546121728.0,1528167678424443.0,0.0
CN.XZ,8222135067607040.0,1081346407672895.2,0.0
CN.YN,9775914648862720.0,1183796087916715.2,0.0
CN.ZJ,0.0,0.0,0.0
