HASC_1,Max,Mean,Min
CN.AH,0.0,0.0,0.0
CN.BJ,6682521362235392.0,1989652324024320.0,0.0
CN.CQ,0.0,0.0,0.0
CN.FJ,0.0,0.0,0.0
CN.GS,4227230561468416.0,147532291704045.6,0.0
CN.GD,4014732491096064.0,107994018903591.39,0.0
CN.GX,3225778674204672.0,9716200825917.688,0.0
CN.GZ,0.0,0.0,0.0
CN.HA,4169423254454272.0,1344919011830179.5,0.0
CN.HB,1.0317304940199936e+16,1206409299156935.8,0.0
CN.HL,4587542078816256.0,918783806512232.9,0.0
CN.HE,2616305635033088.0,57264957417264.49,0.0
CN.HU,0.0,0.0,0.0
CN.HN,0.0,0.0,0.0
CN.JS,0.0,0.0,0.0
CN.JX,0.0,0.0,0.0
CN.JL,3779167493554176.0,1175175460187874.0,0.0
CN.LN,3191873665499136.0,46813943400567.53,0.0
CN.NM,1.146904444403712e+16,631201570025131.5,0.0
CN.NX,7793282583101440.0,1859357743449773.8,0.0
CN.QH,2950091165925376.0,878915112599838.1,0.0
CN.SA,5786167056269312.0,834518811674085.5,0.0
CN.SD,0.0,0.0,0.0
CN.SH,0.0,0.0,0.0
CN.SX,9861852649488384.0,1978787186582056.0,0.0
CN.SC,0.0,0.0,0.0
CN.TJ,0.0,0.0,0.0
CN.XJ,8661609543106560.0,1010055209591573.5,0.0
CN.XZ,3931322615595008.0,1183580596567863.0,0.0
CN.YN,0.0,0.0,0.0
CN.ZJ,0.0,0.0,0.0
