HASC_1,Max,Mean,Min
CN.AH,9023246326300672.0,1951784282699341.5,0.0
CN.BJ,1.7117652287750144e+16,892446126392990.9,0.0
CN.CQ,4617870990376960.0,147645648738900.84,0.0
CN.FJ,7538775706042368.0,335316974715039.06,0.0
CN.GS,5479693759283200.0,578348607327782.2,0.0
CN.GD,1.134883904684032e+16,2165597897901403.5,0.0
CN.GX,1.1256161168785408e+16,1995982710433548.0,0.0
CN.GZ,0.0,0.0,0.0
CN.HA,0.0,0.0,0.0
CN.HB,5.116238057439232e+16,3684782827491171.0,0.0
CN.HL,3.2375854319271936e+16,1008162490209139.6,0.0
CN.HE,2.066269252406477e+16,3841234241015273.5,0.0
CN.HU,1.0917843373654016e+16,2234134646247915.5,0.0
CN.HN,1.1256161168785408e+16,3628847897576368.5,0.0
CN.JS,1.048588348030976e+16,686059379333529.6,0.0
CN.JX,8706898362630144.0,716219222868115.6,0.0
CN.JL,3525409551417344.0,179402091808345.9,0.0
CN.LN,0.0,0.0,0.0
CN.NM,1.029473059209216e+16,591641946471044.6,0.0
CN.NX,9281001272377344.0,2297607950823292.0,0.0
CN.QH,4541933284229120.0,742129079815563.5,0.0
CN.SA,7740319193890816.0,1953663970967552.0,0.0
CN.SD,1.8165785369247744e+16,2731960688688513.5,0.0
CN.SH,0.0,0.0,0.0
CN.SX,5.116238057439232e+16,3858683941155093.0,0.0
CN.SC,5009381955469312.0,184278328824396.22,0.0
CN.TJ,0.0,0.0,0.0
CN.XJ,6781680345939968.0,1249085223157256.8,0.0
CN.XZ,4542333253058560.0,1184267645987539.5,0.0
CN.YN,0.0,0.0,0.0
CN.ZJ,0.0,0.0,0.0
