HASC_1,Max,Mean,Min
CN.AH,0.0,0.0,0.0
CN.BJ,1.0647843475816448e+16,4330195508818375.0,0.0
CN.CQ,0.0,0.0,0.0
CN.FJ,0.0,0.0,0.0
CN.GS,4092993506115584.0,245631309219177.0,0.0
CN.GD,0.0,0.0,0.0
CN.GX,0.0,0.0,0.0
CN.GZ,0.0,0.0,0.0
CN.HA,0.0,0.0,0.0
CN.HB,3.0283528788770816e+16,4606776333829618.0,0.0
CN.HL,3841701680513024.0,820684999828217.4,0.0
CN.HE,0.0,0.0,0.0
CN.HU,0.0,0.0,0.0
CN.HN,0.0,0.0,0.0
CN.JS,0.0,0.0,0.0
CN.JX,0.0,0.0,0.0
CN.JL,3561480834252800.0,67137173861015.78,0.0
CN.LN,3.327983326593024e+16,4699630485254694.0,0.0
CN.NM,8717721680216064.0,514947493304998.7,0.0
CN.NX,0.0,0.0,0.0
CN.QH,3120282197819392.0,1489111038491595.0,0.0
CN.SA,6703982240071680.0,737796340603020.8,0.0
CN.SD,1.8664184111693824e+16,5021465022393924.0,0.0
CN.SH,0.0,0.0,0.0
CN.SX,1.6593948671737856e+16,2861006816287229.5,0.0
CN.SC,5019001608470528.0,649267353806239.8,0.0
CN.TJ,2.712351089570611e+16,1.0383889960624964e+16,0.0
CN.XJ,6257381340086272.0,874742027450035.4,0.0
CN.XZ,4054388192575488.0,1024287391583988.5,0.0
CN.YN,5319030307028992.0,969222508412199.9,0.0
CN.ZJ,0.0,0.0,0.0
