HASC_1,Max,Mean,Min
CN.AH,6628981373665280.0,342569584728614.56,0.0
CN.BJ,1.5636072180482048e+16,3588210090261748.0,0.0
CN.CQ,5475815940685824.0,435766451559971.2,0.0
CN.FJ,9972734746427392.0,2448597574458822.5,0.0
CN.GS,8723332518117376.0,590388670514879.8,0.0
CN.GD,9840702083039232.0,2043511203079884.5,0.0
CN.GX,5194533163761664.0,903939329139623.1,0.0
CN.GZ,6684820243480576.0,1258950307252573.8,0.0
CN.HA,4044453127913472.0,1858918875337649.2,0.0
CN.HB,1.2001966133608448e+16,1265028179247425.2,0.0
CN.HL,5829279401115648.0,278829420372547.0,0.0
CN.HE,0.0,0.0,0.0
CN.HU,8753755918958592.0,1982596605732526.5,0.0
CN.HN,6934604803997696.0,2624691669494190.5,0.0
CN.JS,0.0,0.0,0.0
CN.JX,7475380378140672.0,2599184994079712.5,0.0
CN.JL,8400457814769664.0,2076808095287813.2,0.0
CN.LN,1.1285356208979968e+16,2121938715466986.0,0.0
CN.NM,1.0550706347966464e+16,674573176519931.6,0.0
CN.NX,9246325853913088.0,2435115682715331.0,0.0
CN.QH,6372577194803200.0,1293918571893235.0,0.0
CN.SA,9364093857169408.0,1702379848314664.5,0.0
CN.SD,3840314406076416.0,34753975310938.35,0.0
CN.SH,0.0,0.0,0.0
CN.SX,9364093857169408.0,2078597268514357.5,0.0
CN.SC,5964586977067008.0,581529627709945.4,0.0
CN.TJ,1.154318631698432e+16,3279782438712115.0,0.0
CN.XJ,6552108438388736.0,1848426965265443.5,0.0
CN.XZ,5381358872428544.0,1510314720949840.5,0.0
CN.YN,6066324014891008.0,251473461264591.4,0.0
CN.ZJ,1.2473575017545728e+16,1781052856194568.5,0.0
