HASC_1,Max,Mean,Min
CN.AH,0.0,0.0,0.0
CN.BJ,0.0,0.0,0.0
CN.CQ,1.7817409834450944e+16,3023915313929758.0,0.0
CN.FJ,0.0,0.0,0.0
CN.GS,9419970307948544.0,1106859518561166.6,0.0
CN.GD,1.0931650619768832e+16,1427384654075265.0,0.0
CN.GX,5503558745063424.0,1598990526649128.0,0.0
CN.GZ,7824326069846016.0,2668851597926314.0,0.0
CN.HA,5409416820031488.0,1960191551708604.8,0.0
CN.HB,1.041659492040704e+16,767722772468526.8,0.0
CN.HL,1.3271361971552256e+16,1415732189678981.8,0.0
CN.HE,1.589975955013632e+16,1121903072877358.5,0.0
CN.HU,1.2447482017480704e+16,2057318535467217.2,0.0
CN.HN,1.1908673001488384e+16,2492452278874086.0,0.0
CN.JS,0.0,0.0,0.0
CN.JX,3253151037652992.0,35553394197375.3,0.0
CN.JL,9146042662518784.0,2193810259818203.5,0.0
CN.LN,1.1902072710496256e+16,4060789627507450.5,0.0
CN.NM,1.5667427589226496e+16,881071896151884.6,0.0
CN.NX,1.5189733810372608e+16,2790840337149627.0,0.0
CN.QH,6845064936423424.0,1622968091556136.5,0.0
CN.SA,2.356747339563008e+16,2814576931067915.0,0.0
CN.SD,9093284357996544.0,1187753376056289.0,0.0
CN.SH,0.0,0.0,0.0
CN.SX,1.8903241991389184e+16,1911968735228944.0,0.0
CN.SC,1.4828318754865152e+16,1954708214214342.5,0.0
CN.TJ,0.0,0.0,0.0
CN.XJ,7418634733355008.0,1193486505482692.8,0.0
CN.XZ,4446870625583104.0,1092841084369068.0,0.0
CN.YN,7315917906116608.0,1001663298941411.1,0.0
CN.ZJ,0.0,0.0,0.0
