HASC_1,Max,Mean,Min
CN.AH,0.0,0.0,0.0
CN.BJ,7374852910481408.0,3562849443766007.5,0.0
CN.CQ,0.0,0.0,0.0
CN.FJ,0.0,0.0,0.0
CN.GS,6470570094886912.0,708832851817081.0,0.0
CN.GD,1.4084069641945088e+16,706888407682045.8,0.0
CN.GX,1.1446117908611072e+16,2091995269967023.0,0.0
CN.GZ,5133765818974208.0,318937326243616.56,0.0
CN.HA,8020493332381696.0,2262121101148925.5,0.0
CN.HB,1.162708850311168e+16,2298352252099228.5,0.0
CN.HL,5291798066888704.0,116072459363086.16,0.0
CN.HE,0.0,0.0,0.0
CN.HU,0.0,0.0,0.0
CN.HN,0.0,0.0,0.0
CN.JS,0.0,0.0,0.0
CN.JX,0.0,0.0,0.0
CN.JL,1.5078066808160256e+16,431948728122571.25,0.0
CN.LN,1.0001613032783872e+16,3301705872671916.0,0.0
CN.NM,1.2431961079414784e+16,494251263077602.1,0.0
CN.NX,1.0005766266159104e+16,1592080464210014.5,0.0
CN.QH,4025697542602752.0,1673724163733347.8,0.0
CN.SA,3394092805390336.0,8838783347370.666,0.0
CN.SD,1.3142319679143936e+16,3244277103795060.5,0.0
CN.SH,0.0,0.0,0.0
CN.SX,0.0,0.0,0.0
CN.SC,3967373228900352.0,563926465174463.2,0.0
CN.TJ,1.0563115582226432e+16,6347397647040512.0,0.0
CN.XJ,6290316759924736.0,1207229488413733.0,0.0
CN.XZ,4261916448915456.0,783214209887500.2,0.0
CN.YN,5488925254615040.0,997963311541631.5,0.0
CN.ZJ,5956851740966912.0,148677969765023.47,0.0
