HASC_1,Max,Mean,Min
CN.AH,8537320168882176.0,2795875903072480.5,0.0
CN.BJ,1.5214389070135296e+16,5031202743006193.0,0.0
CN.CQ,8618163264552960.0,2158612949712772.8,0.0
CN.FJ,6715183514779648.0,1954921830609044.0,0.0
CN.GS,1.3341284039131136e+16,631896124932348.0,0.0
CN.GD,7341582483193856.0,1729815440546492.0,0.0
CN.GX,6490077299474432.0,935734291419078.9,0.0
CN.GZ,5621195751817216.0,167466500361462.28,0.0
CN.HA,4763849949446144.0,1614101446918144.0,0.0
CN.HB,2.0120422838173696e+16,4109630391650016.0,0.0
CN.HL,5377380122099712.0,246059301606982.78,0.0
CN.HE,1.285139577438208e+16,4933304139779361.0,0.0
CN.HU,8618163264552960.0,3293683861591482.0,0.0
CN.HN,6596058301857792.0,794974652951181.1,0.0
CN.JS,1.7328863746981888e+16,1519668624429604.2,0.0
CN.JX,5735295316131840.0,845876581920435.9,0.0
CN.JL,0.0,0.0,0.0
CN.LN,9963561770024960.0,761936359577212.5,0.0
CN.NM,1.3015321791168512e+16,760648414354054.1,0.0
CN.NX,8606520145084416.0,1987667736403125.8,0.0
CN.QH,6091597213073408.0,2261744675631738.0,0.0
CN.SA,9455470360133632.0,2672284418464946.0,0.0
CN.SD,9538158144258048.0,2797981418447458.5,0.0
CN.SH,1.6678887018725376e+16,1386971739026525.0,0.0
CN.SX,2.0120422838173696e+16,5075617751983471.0,0.0
CN.SC,8716540564209664.0,1077805863102716.4,0.0
CN.TJ,1.6741826543222784e+16,8746029568619917.0,0.0
CN.XJ,8727184566910976.0,1676026870684542.8,0.0
CN.XZ,7054068782465024.0,1751711188682294.8,0.0
CN.YN,5493851582103552.0,388529834015187.8,0.0
CN.ZJ,1.0825986908094464e+16,2639885739034522.5,0.0
