HASC_1,Max,Mean,Min
CN.AH,2.662095677240115e+16,7885904652787604.0,0.0
CN.BJ,3.0990265657327616e+16,1.3055570171669316e+16,0.0
CN.CQ,0.0,0.0,0.0
CN.FJ,9977651410239488.0,2275369735763277.5,0.0
CN.GS,5918388161347584.0,588467640877944.1,0.0
CN.GD,0.0,0.0,0.0
CN.GX,4727843091120128.0,333303846750969.94,0.0
CN.GZ,1.3533744744890368e+16,1289224556023291.8,0.0
CN.HA,0.0,0.0,0.0
CN.HB,3.247524845243597e+16,9074393758649292.0,0.0
CN.HL,5039732341866496.0,382676353715469.9,0.0
CN.HE,2.353070632809267e+16,5675643188947287.0,0.0
CN.HU,0.0,0.0,0.0
CN.HN,0.0,0.0,0.0
CN.JS,3.462980591157248e+16,9109195234224020.0,0.0
CN.JX,9728608805322752.0,1204718147920388.5,0.0
CN.JL,1.7921511251771392e+16,1398892933489926.8,0.0
CN.LN,4.013349296878387e+16,9734319836524188.0,0.0
CN.NM,1.6575950611283968e+16,982533559632587.8,0.0
CN.NX,0.0,0.0,0.0
CN.QH,6365558681370624.0,2021296621102946.5,0.0
CN.SA,0.0,0.0,0.0
CN.SD,3.304250411057152e+16,1.17694770524552e+16,0.0
CN.SH,2.986955192349491e+16,1.0201364734612402e+16,0.0
CN.SX,2.1801002738909184e+16,4800748803217695.0,0.0
CN.SC,7879536800694272.0,1085841203984603.9,0.0
CN.TJ,3.054510088703181e+16,1.977884926061405e+16,0.0
CN.XJ,5705916666085376.0,1293605856611783.2,0.0
CN.XZ,3690905110315008.0,762817641178566.1,0.0
CN.YN,7773937513529344.0,1356622697177096.2,0.0
CN.ZJ,2.2204557866041344e+16,6097114621175398.0,0.0
