HASC_1,Max,Mean,Min
CN.AH,9581970031902720.0,3321657505803451.0,0.0
CN.BJ,1.2500129726595072e+16,4344274582957561.0,0.0
CN.CQ,1.0221477777375232e+16,2812570545550965.5,0.0
CN.FJ,1.2147163945500672e+16,2682986616173936.0,0.0
CN.GS,1.3077134960492544e+16,655098347898811.1,0.0
CN.GD,1.0306773680390144e+16,2219886872551751.8,0.0
CN.GX,1.037415527481344e+16,1989030641942415.0,0.0
CN.GZ,7777073376526336.0,3068339271421345.0,0.0
CN.HA,3958314069131264.0,1544138228681323.2,0.0
CN.HB,2.225819341763379e+16,3258075689586410.5,0.0
CN.HL,6175734011789312.0,732004158112611.8,0.0
CN.HE,1.333424673521664e+16,2774369938405893.0,0.0
CN.HU,9111382276440064.0,2128352081905523.2,0.0
CN.HN,1.093033743351808e+16,2008921498551185.8,0.0
CN.JS,1.5924167849279488e+16,3342788243107210.5,0.0
CN.JX,1.093033743351808e+16,2862225910679756.0,0.0
CN.JL,6172598685663232.0,1052844487000214.2,0.0
CN.LN,0.0,0.0,0.0
CN.NM,9132036774166528.0,772205849831407.4,0.0
CN.NX,7946997852012544.0,2485723217752549.0,0.0
CN.QH,4841505105641472.0,1750992312353639.0,0.0
CN.SA,8676962440577024.0,2633588324989840.5,0.0
CN.SD,1.6189891033432064e+16,3042584620728484.5,0.0
CN.SH,1.0858220637650944e+16,4393819306983424.0,0.0
CN.SX,1.3891775366168576e+16,3849494652085557.5,0.0
CN.SC,7421234262310912.0,1343221244092185.8,0.0
CN.TJ,1.5349049179766784e+16,7770862316945408.0,0.0
CN.XJ,7390640136519680.0,1675165832984103.5,0.0
CN.XZ,5437982110646272.0,1744713732604179.2,0.0
CN.YN,6175935338381312.0,504423832861598.56,0.0
CN.ZJ,1.0594834989449216e+16,3436581778484489.5,0.0
