HASC_1,Max,Mean,Min
CN.AH,7303924746813440.0,2891141667300323.5,0.0
CN.BJ,9550269952032768.0,4930453438405746.0,0.0
CN.CQ,0.0,0.0,0.0
CN.FJ,6384840400175104.0,2106329862338601.8,0.0
CN.GS,6147307233869824.0,645689594833661.0,0.0
CN.GD,5795689535635456.0,510494984724762.5,0.0
CN.GX,5342203803074560.0,202243207309434.53,0.0
CN.GZ,3133732424777728.0,75558266646554.1,0.0
CN.HA,0.0,0.0,0.0
CN.HB,1.1163137545863168e+16,3710972330916067.5,0.0
CN.HL,5177512745238528.0,896981348821674.6,0.0
CN.HE,1.0551401058926592e+16,2526116638233586.5,0.0
CN.HU,7301221064900608.0,2050488135089932.0,0.0
CN.HN,7024237013368832.0,2615945936417257.0,0.0
CN.JS,1.00725841461248e+16,3231170356214766.5,0.0
CN.JX,7024237013368832.0,2582919326599503.0,0.0
CN.JL,0.0,0.0,0.0
CN.LN,7615549857071104.0,187300962842600.47,0.0
CN.NM,8105880503451648.0,633982785496681.1,0.0
CN.NX,0.0,0.0,0.0
CN.QH,1.0260320387858432e+16,1957282510970752.8,0.0
CN.SA,1.5432622800896e+16,1849160635076247.8,0.0
CN.SD,1.0615143742308352e+16,1237175911319369.8,0.0
CN.SH,9769489377787904.0,4560088220351905.0,0.0
CN.SX,1.066602514612224e+16,4346330252284449.0,0.0
CN.SC,1.0260320387858432e+16,1069965937068062.9,0.0
CN.TJ,1.08569525485568e+16,6245067526735752.0,0.0
CN.XJ,8805296063381504.0,1658637549998457.8,0.0
CN.XZ,5802939977302016.0,1175959022739498.2,0.0
CN.YN,5715992659361792.0,250886431767772.6,0.0
CN.ZJ,7926314363256832.0,3211779245672713.0,0.0
