HASC_1,Max,Mean,Min
CN.AH,4.366806636979814e+16,3543175922356602.0,0.0
CN.BJ,3.80148629110784e+16,4461693664001055.0,0.0
CN.CQ,1.5488576561086464e+16,3334104190128894.5,0.0
CN.FJ,1.6957043059458048e+16,1882781710536893.0,0.0
CN.GS,6186664166686720.0,416893136538054.56,0.0
CN.GD,3.4003842345467904e+16,3947889745923325.0,0.0
CN.GX,9238125687603200.0,2546378678703889.0,0.0
CN.GZ,1.3343725728038912e+16,3534336927104405.5,0.0
CN.HA,3120618547445760.0,460388842608321.44,0.0
CN.HB,4.14988330074112e+16,7027366081690322.0,0.0
CN.HL,6.322465019632026e+16,1302902609042734.8,0.0
CN.HE,2.699214073102336e+16,3177235113364685.0,0.0
CN.HU,1.3391330071805952e+16,3177928248699937.0,0.0
CN.HN,2.306162288492544e+16,3901271410541297.5,0.0
CN.JS,3.687986196853555e+16,2266415706148392.0,0.0
CN.JX,1.4039449226706944e+16,1220374945958898.2,0.0
CN.JL,5627364935467008.0,1423623384506890.2,0.0
CN.LN,4269519883206656.0,716616966811803.5,0.0
CN.NM,1.7241563167981568e+16,480050757309912.9,0.0
CN.NX,5412245055995904.0,1122916630445061.8,0.0
CN.QH,5710381821460480.0,666353271270296.1,0.0
CN.SA,1.2451572973830144e+16,1379883033239568.2,0.0
CN.SD,3.721627387192934e+16,6035863745099998.0,0.0
CN.SH,0.0,0.0,0.0
CN.SX,3.288796903977779e+16,6238167646027199.0,0.0
CN.SC,1.2230902922870784e+16,276743860405857.97,0.0
CN.TJ,0.0,0.0,0.0
CN.XJ,1.4889344871432192e+16,978307357053823.1,0.0
CN.XZ,5073555746193408.0,1205267770133798.0,0.0
CN.YN,0.0,0.0,0.0
CN.ZJ,1.3501989904187392e+16,1255997955899392.0,0.0
