HASC_1,Max,Mean,Min
CN.AH,0.0,0.0,0.0
CN.BJ,1.3083007254528e+16,5517448154797397.0,0.0
CN.CQ,8113848204656640.0,320361509474073.9,0.0
CN.FJ,8020922829111296.0,2093106555868501.2,0.0
CN.GS,6893756980658176.0,990977710218464.0,0.0
CN.GD,6602723554230272.0,567767468907871.4,0.0
CN.GX,8349906049695744.0,1104708495566761.0,0.0
CN.GZ,3723799459528704.0,89324337840023.64,0.0
CN.HA,4730339540860928.0,2254402509185327.5,0.0
CN.HB,2.0465171273089024e+16,4995083245643897.0,0.0
CN.HL,1.4373474202025984e+16,244047686024770.66,0.0
CN.HE,1.4087517426941952e+16,1946671978901157.0,0.0
CN.HU,0.0,0.0,0.0
CN.HN,0.0,0.0,0.0
CN.JS,0.0,0.0,0.0
CN.JX,5224290307801088.0,365999008230932.5,0.0
CN.JL,1.0157763011280896e+16,925317507479956.1,0.0
CN.LN,1.1181806694957056e+16,2310925777453608.5,0.0
CN.NM,1.0335549961273344e+16,922772884074807.2,0.0
CN.NX,6824283200290816.0,1298531015564819.5,0.0
CN.QH,6211992125702144.0,2359206769783686.5,0.0
CN.SA,6398292774617088.0,358469269723745.1,0.0
CN.SD,1.4916218481803264e+16,2330577870597674.0,0.0
CN.SH,0.0,0.0,0.0
CN.SX,1.4185936602529792e+16,2546053256889195.5,0.0
CN.SC,1.512178528026624e+16,994222167702918.5,0.0
CN.TJ,1.7413555133349888e+16,8256918199906722.0,0.0
CN.XJ,9292982083649536.0,1752472778609238.5,0.0
CN.XZ,6363090685788160.0,1462476205656556.2,0.0
CN.YN,5409667001876480.0,1680101623287166.8,0.0
CN.ZJ,0.0,0.0,0.0
