HASC_1,Max,Mean,Min
CN.AH,1433650956599296.0,8335179980228.465,0.0
CN.BJ,0.0,0.0,0.0
CN.CQ,6172069867814912.0,85420022832670.12,0.0
CN.FJ,6644201664020480.0,228278659277529.97,0.0
CN.GS,7985960721580032.0,914588469021846.0,0.0
CN.GD,1.1007874478112768e+16,2028331355390075.2,0.0
CN.GX,8303580532441088.0,2257086187920680.5,0.0
CN.GZ,7006678650191872.0,2129432831263571.0,0.0
CN.HA,4911171085795328.0,2193168178668430.2,0.0
CN.HB,8458544563093504.0,705540164067170.0,0.0
CN.HL,9995310168276992.0,922632423135549.8,0.0
CN.HE,0.0,0.0,0.0
CN.HU,7890844375842816.0,1160680711640006.2,0.0
CN.HN,7890844375842816.0,2806038088522511.5,0.0
CN.JS,7485878351953920.0,615087971014536.6,0.0
CN.JX,6785870086537216.0,935019756174925.0,0.0
CN.JL,1.022786868871168e+16,2502101008336610.0,0.0
CN.LN,1.106352436936704e+16,4087388757533745.5,0.0
CN.NM,1.115305833136128e+16,1171032103121360.0,0.0
CN.NX,1.115305833136128e+16,2520692424214664.5,0.0
CN.QH,5596004158013440.0,1975475758021669.0,0.0
CN.SA,8949601058947072.0,977506374612347.6,0.0
CN.SD,7295891547357184.0,300902220069919.0,0.0
CN.SH,8383849176236032.0,755082753069428.4,0.0
CN.SX,1.4386644719239168e+16,707295479854333.2,0.0
CN.SC,4518682478772224.0,124979827898663.7,0.0
CN.TJ,0.0,0.0,0.0
CN.XJ,6626704504127488.0,1498044941662214.5,0.0
CN.XZ,6399529725198336.0,1177064347773968.8,0.0
CN.YN,4725223161069568.0,709970070904623.9,0.0
CN.ZJ,8589483083563008.0,2521177288009492.5,0.0
