HASC_1,Max,Mean,Min
CN.AH,1.0322362264190976e+16,544838778619273.0,0.0
CN.BJ,2.745450255037235e+16,6016310078148881.0,0.0
CN.CQ,0.0,0.0,0.0
CN.FJ,7454610990039040.0,2295063586290055.0,0.0
CN.GS,7108606277189632.0,655791788058982.0,0.0
CN.GD,7494665855041536.0,1628800759429396.8,0.0
CN.GX,7143121171251200.0,1084102812940417.1,0.0
CN.GZ,0.0,0.0,0.0
CN.HA,4348606068817920.0,1769921239836925.0,0.0
CN.HB,3.838972336170598e+16,5884858520524461.0,0.0
CN.HL,1.995837801706291e+16,1218584592754364.0,0.0
CN.HE,1.3320635983855616e+16,4228909807049709.5,0.0
CN.HU,8670455028252672.0,515825290392371.2,0.0
CN.HN,4628986902609920.0,613231347634424.9,0.0
CN.JS,0.0,0.0,0.0
CN.JX,6532324208410624.0,2003990109270950.2,0.0
CN.JL,6781086566711296.0,77181396012851.61,0.0
CN.LN,2.036845075706675e+16,2043742233663897.5,0.0
CN.NM,1.4974803983204352e+16,894452355774979.5,0.0
CN.NX,8078987028856832.0,2215850969737473.0,0.0
CN.QH,5196754198724608.0,2032228040952672.5,0.0
CN.SA,1.105599207047168e+16,2804959423139945.0,0.0
CN.SD,3.369911012084941e+16,4869907585673528.0,0.0
CN.SH,0.0,0.0,0.0
CN.SX,1.5961115305443328e+16,5981958042572774.0,0.0
CN.SC,5955513858654208.0,238184028159361.66,0.0
CN.TJ,3.838972336170598e+16,1.4549097847113352e+16,0.0
CN.XJ,7917780263239680.0,2101719605687831.0,0.0
CN.XZ,6383244282953728.0,1304976349696686.0,0.0
CN.YN,5571396142891008.0,972910170511733.9,0.0
CN.ZJ,1.1772475293564928e+16,2533793010412421.0,0.0
