HASC_1,Max,Mean,Min
CN.AH,9842752929923072.0,3955897870000277.0,0.0
CN.BJ,1.638580489289728e+16,5208709866542421.0,0.0
CN.CQ,0.0,0.0,0.0
CN.FJ,9847318480158720.0,2842327705121878.0,0.0
CN.GS,4526803188187136.0,430856270701506.06,0.0
CN.GD,6546024080343040.0,349141266819147.9,0.0
CN.GX,2824323249209344.0,15732826115120.762,0.0
CN.GZ,7509089965834240.0,321876810614011.4,0.0
CN.HA,0.0,0.0,0.0
CN.HB,2.7953597077520384e+16,5576627766417552.0,0.0
CN.HL,3204230017974272.0,611251460161686.2,0.0
CN.HE,1.840742237680435e+16,4682202683193228.0,0.0
CN.HU,8862433623932928.0,1303122198428615.8,0.0
CN.HN,0.0,0.0,0.0
CN.JS,1.983097210719437e+16,4946862734759728.0,0.0
CN.JX,9058515523993600.0,2516559485298719.5,0.0
CN.JL,1.664168830697472e+16,351307038387621.2,0.0
CN.LN,3.919958239503974e+16,7853239357446821.0,0.0
CN.NM,1.664168830697472e+16,644580419358610.9,0.0
CN.NX,0.0,0.0,0.0
CN.QH,3824733070032896.0,1661843471168701.8,0.0
CN.SA,9230479572074496.0,319799456978754.06,0.0
CN.SD,2.897251793895424e+16,8693889243221775.0,0.0
CN.SH,1.8111561407135744e+16,7341162660082726.0,0.0
CN.SX,1.5392595853180928e+16,4909142786116721.0,0.0
CN.SC,5955844034265088.0,1141946866702463.2,0.0
CN.TJ,1.994933925838848e+16,1.1245975588103648e+16,0.0
CN.XJ,4656601931710464.0,889974269955616.5,0.0
CN.XZ,3802223683305472.0,907436686319121.5,0.0
CN.YN,7717348098179072.0,1583230985864458.0,0.0
CN.ZJ,1.2505568228933632e+16,4301091912258451.5,0.0
