HASC_1,Max,Mean,Min
CN.AH,1.1814990101086208e+16,3500089186617450.5,0.0
CN.BJ,1.1297373527474176e+16,5408090898009657.0,0.0
CN.CQ,3754256951672832.0,42315949264774.82,0.0
CN.FJ,6700383594348544.0,1160305614254047.8,0.0
CN.GS,7343489448673280.0,614319786518868.4,0.0
CN.GD,8981377374486528.0,1813491568063894.0,0.0
CN.GX,4757705461858304.0,398594201635258.4,0.0
CN.GZ,5785574350782464.0,852564177699471.4,0.0
CN.HA,0.0,0.0,0.0
CN.HB,1.4691113877110784e+16,4827918195607407.0,0.0
CN.HL,1.115485684891648e+16,885019326536333.4,0.0
CN.HE,1.4068183631659008e+16,4642295631006885.0,0.0
CN.HU,1.4068183631659008e+16,2175879355123693.5,0.0
CN.HN,8181833241985024.0,984353784349854.4,0.0
CN.JS,1.897510108921856e+16,4776253116487526.0,0.0
CN.JX,6511510260023296.0,715364677187099.2,0.0
CN.JL,1.3366510529544192e+16,885770556807373.5,0.0
CN.LN,1.529006209892352e+16,4014102746412643.0,0.0
CN.NM,1.6349338473070592e+16,904219999833210.8,0.0
CN.NX,0.0,0.0,0.0
CN.QH,6499010831450112.0,2143895930078819.8,0.0
CN.SA,1.081848037900288e+16,1850135110672622.0,0.0
CN.SD,1.2644879788146688e+16,4678501853499151.0,0.0
CN.SH,1.897510108921856e+16,3637609365797601.5,0.0
CN.SX,1.809890843348173e+16,5775103668095618.0,0.0
CN.SC,1.055393723711488e+16,969088640261682.2,0.0
CN.TJ,1.2394071951671296e+16,7626977132519926.0,0.0
CN.XJ,7536749018349568.0,1814128422565499.8,0.0
CN.XZ,5225655033659392.0,513024590175924.25,0.0
CN.YN,6375600314908672.0,1731427343872363.5,0.0
CN.ZJ,0.0,0.0,0.0
