HASC_1,Max,Mean,Min
CN.AH,1.7602917020205056e+16,5070916943468964.0,0.0
CN.BJ,0.0,0.0,0.0
CN.CQ,3.265722192180019e+16,1953578764776856.5,0.0
CN.FJ,1.0213170236882944e+16,1353752786719344.8,0.0
CN.GS,9326504303394816.0,700279867540845.1,0.0
CN.GD,0.0,0.0,0.0
CN.GX,8935594096852992.0,1313333092841592.5,0.0
CN.GZ,1.054104159780864e+16,2546489166265583.0,0.0
CN.HA,4515719488208896.0,1353575257282758.2,0.0
CN.HB,2.5756989741072384e+16,3120383722443072.5,0.0
CN.HL,5358313151660032.0,324314873321334.4,0.0
CN.HE,1.8492662445244416e+16,1190066838539591.2,0.0
CN.HU,0.0,0.0,0.0
CN.HN,0.0,0.0,0.0
CN.JS,2.1556092966273024e+16,6139709309149914.0,0.0
CN.JX,0.0,0.0,0.0
CN.JL,8935563495211008.0,1258113676544236.0,0.0
CN.LN,2.028884568571904e+16,3605843096523167.5,0.0
CN.NM,7612664712790016.0,663358402171268.6,0.0
CN.NX,0.0,0.0,0.0
CN.QH,7026457511460864.0,1672811248101771.5,0.0
CN.SA,5465015708549120.0,32643168037744.746,0.0
CN.SD,2.8190483851247616e+16,7934780168403228.0,0.0
CN.SH,2.036317868471091e+16,7150290943092205.0,0.0
CN.SX,0.0,0.0,0.0
CN.SC,2.417696361467085e+16,2097642632128086.8,0.0
CN.TJ,0.0,0.0,0.0
CN.XJ,6702650263339008.0,985472019860932.4,0.0
CN.XZ,4400399616311296.0,797256025007133.5,0.0
CN.YN,6548161363443712.0,1915725085260900.8,0.0
CN.ZJ,2.036317868471091e+16,4711571785684358.0,0.0
