HASC_1,Max,Mean,Min
IN.AN,0.019036831334233284,0.017067905282601714,0.015516343526542187
IN.AP,0.01756531186401844,0.011949036831725133,0.006576998624950647
IN.AR,0.010692023672163486,0.007697769976762491,0.0034069062676280737
IN.AS,0.011138979345560074,0.009438745582222262,0.007786734029650688
IN.BR,0.01009454671293497,0.008734344282066044,0.005898380186408758
IN.CH,0.008651637472212315,0.008651637472212315,0.008651637472212315
IN.CT,0.01251322403550148,0.011469721885733917,0.00955826323479414
IN.DN,0.015233737416565418,0.013365092687308788,0.011496447958052158
IN.DD,0.015233737416565418,0.014736475888639688,0.014239214360713959
IN.GA,0.01811208575963974,0.01698321313597262,0.01477788109332323
IN.GJ,0.015275699086487293,0.010376327764242887,0.005341116338968277
IN.HR,0.00954936258494854,0.008614903748301523,0.007005674764513969
IN.HP,0.010832213796675205,0.005945502871327335,0.001801733043976128
IN.JK,0.011545403860509396,0.004462196142412722,0.001115375547669828
IN.JH,0.011682096868753433,0.009854850780573628,0.008015059866011143
IN.KA,0.018478931859135628,0.010526527477523837,0.0054420470260083675
IN.KL,0.019258402287960052,0.01728657890111208,0.014449499547481537
IN.LD,0.018929384648799896,0.018669985048472882,0.018088243901729584
IN.MP,0.012067540548741817,0.00790148637315724,0.004743480123579502
IN.MH,0.01811176724731922,0.009216695130787423,0.004905287642031908
IN.MN,0.009259604848921299,0.007269678668429454,0.006005668547004461
IN.ML,0.010738595388829708,0.009217230806825683,0.007803502958267927
IN.MZ,0.012356821447610855,0.008993365772766992,0.007024748716503382
IN.NL,0.010029696859419346,0.008361754340252705,0.006335003767162561
IN.DL,0.009145481511950493,0.008986324071884155,0.008710765279829502
IN.OR,0.015927376225590706,0.012397214496398674,0.010635916143655777
IN.PY,0.01854664273560047,0.01581741279611985,0.01377096027135849
IN.PB,0.011019770056009293,0.009583062147376713,0.008094930090010166
IN.RJ,0.010788344778120518,0.006321373868338538,0.004343295004218817
IN.SK,0.008401933126151562,0.0059962406230624765,0.002926889806985855
IN.TN,0.019509218633174896,0.01428272899497172,0.010525845922529697
IN.TG,0.012953025288879871,0.0101862363814515,0.0063554286025464535
IN.TR,0.013921800069510937,0.010604476183652877,0.009249749593436718
IN.UP,0.009950065053999424,0.008469786743937743,0.006367826368659735
IN.UT,0.009888393804430962,0.006874324134384681,0.001860066200606525
IN.WB,0.014218233525753021,0.009874286760083017,0.0078066023997962475
