HASC_1,Max,Mean,Min
CL.AI,284.0157165527344,278.29507647062604,271.18756103515625
CL.AN,295.066162109375,288.9940709527933,278.0028076171875
CL.AR,287.9759826660156,283.9284332275391,278.2316589355469
CL.AP,295.8890686035156,289.81626383463544,281.7508544921875
CL.AT,294.0264587402344,287.19375387052213,275.240478515625
CL.BI,288.8148498535156,285.5375380743118,278.2479553222656
CL.CO,293.901123046875,288.8492431640625,276.3623962402344
CL.LI,292.653564453125,289.7669143676758,284.3261413574219
CL.LL,287.4447326660156,281.79811096191406,275.4139404296875
CL.LR,287.2105407714844,282.73036193847656,277.3180236816406
CL.MA,281.5595703125,278.8597017176011,270.9394836425781
CL.ML,292.255126953125,287.3655588250411,280.298095703125
CL.NB,290.0741271972656,286.53358205159503,280.5943298339844
CL.RM,293.1180725097656,288.12000819614957,276.54931640625
CL.TA,295.4535217285156,290.4093127441406,280.853515625
CL.VS,295.8135681152344,290.9461252312911,274.5299987792969
