HASC_1,Max,Mean,Min
CL.AI,285.6494445800781,283.0921301590769,276.33941650390625
CL.AN,291.4770812988281,286.4126235674012,275.32708740234375
CL.AR,288.3191833496094,286.0698715209961,284.3950500488281
CL.AP,290.84442138671875,287.4637858072917,280.0093688964844
CL.AT,292.0830383300781,284.6735073182641,272.00726318359375
CL.BI,290.44891357421875,286.50375075567337,284.4251403808594
CL.CO,290.7703552246094,286.50968203337294,275.6999816894531
CL.LI,291.8061828613281,287.0029805501302,283.7757263183594
CL.LL,287.3760070800781,284.98332696211963,282.95623779296875
CL.LR,287.67010498046875,286.27958243233815,284.3950500488281
CL.MA,285.51727294921875,282.5844749643021,275.4141540527344
CL.ML,290.5493469238281,286.40660657380755,282.1064758300781
CL.NB,290.44891357421875,287.80588785807294,284.1214294433594
CL.RM,292.2763977050781,286.47134835379467,278.2320556640625
CL.TA,290.7578430175781,287.70655029296876,279.8518981933594
CL.VS,292.8395080566406,288.05529945775083,275.37017822265625
