HASC_1,Max,Mean,Min
CL.AI,285.452880859375,279.5330674020868,272.7684631347656
CL.AN,292.3607482910156,287.3145590728184,274.98883056640625
CL.AR,287.7207946777344,283.05581817626955,276.2671813964844
CL.AP,292.9952087402344,288.7821112738715,280.3609313964844
CL.AT,292.756591796875,285.07608106659677,271.67486572265625
CL.BI,288.4418029785156,284.04183523995533,276.2305603027344
CL.CO,290.980224609375,286.06784455672556,272.7899475097656
CL.LI,288.5870056152344,285.97535705566406,279.2001037597656
CL.LL,287.498779296875,282.23720911929485,275.4872131347656
CL.LR,287.642333984375,282.2268633161272,276.837158203125
CL.MA,283.9200134277344,278.8224938657103,273.0446472167969
CL.ML,288.3578186035156,283.4511012027138,274.0035095214844
CL.NB,287.9837951660156,283.47656504313153,276.5821228027344
CL.RM,287.9092712402344,283.378670828683,271.15875244140625
CL.TA,292.6859436035156,289.39044799804685,280.384521484375
CL.VS,296.1924743652344,288.62052194695724,270.6656799316406
