HASC_1,Max,Mean,Min
CL.AI,288.3696594238281,284.6565929212068,278.5596008300781
CL.AN,294.6078186035156,290.2019877883623,279.9429626464844
CL.AR,293.6025695800781,290.4270416259766,287.6540222167969
CL.AP,296.447998046875,290.0348883734809,281.7780456542969
CL.AT,294.1234130859375,288.9077118664253,279.0334167480469
CL.BI,296.9223937988281,291.24378458658856,287.6068115234375
CL.CO,294.2825927734375,290.68636288850206,281.1186828613281
CL.LI,298.3926696777344,292.6501235961914,288.2220458984375
CL.LL,290.6860656738281,287.0867518374794,282.1689147949219
CL.LR,291.6958312988281,289.5780770438058,286.6443176269531
CL.MA,289.1603698730469,286.1174098423549,278.4388427734375
CL.ML,298.4580383300781,292.5005171926398,286.4832763671875
CL.NB,298.4580383300781,293.7050094604492,287.4961242675781
CL.RM,297.3294677734375,291.63035365513394,282.6378173828125
CL.TA,296.1224670410156,291.2332568359375,283.3049621582031
CL.VS,296.508544921875,292.5335291812294,281.1515808105469
