HASC_1,Max,Mean,Min
CL.AI,287.1239013671875,281.92198100842927,276.9634094238281
CL.AN,292.6929016113281,284.4636973255086,271.9726867675781
CL.AR,286.3367919921875,284.3538345336914,281.3543701171875
CL.AP,293.2593078613281,287.09964328342016,276.0273742675781
CL.AT,290.3966979980469,283.41436246546306,268.5321350097656
CL.BI,287.3003234863281,285.62480090913317,283.4207763671875
CL.CO,290.0770263671875,286.2456638502038,273.8813781738281
CL.LI,290.1291198730469,287.4034169514974,283.3973388671875
CL.LL,286.8377685546875,283.2683450799239,278.2384948730469
CL.LR,286.1486511230469,283.64256504603793,280.3903503417969
CL.MA,285.2160339355469,281.0048038258272,276.4179992675781
CL.ML,290.0161437988281,286.0613499691612,280.7202453613281
CL.NB,288.4598388671875,286.27911885579425,283.5669250488281
CL.RM,290.1291198730469,285.7056339808873,276.1165771484375
CL.TA,293.1518859863281,287.3288049316406,276.5422058105469
CL.VS,296.2091979980469,289.3504044382196,274.1367492675781
