HASC_1,Max,Mean,Min
AT.BU,1.062076155953152e+16,4485676236712618.5,0.0
AT.KA,4956671432458240.0,2193964124197236.2,0.0
AT.NO,1.1674658487140352e+16,3506812233973760.0,0.0
AT.OO,6563694649540608.0,2060831260095283.2,0.0
AT.SZ,6806536932294656.0,1933406794917620.8,0.0
AT.ST,7670362229702656.0,3117830279893861.0,0.0
AT.TR,3312659688587264.0,1279437887145942.2,0.0
AT.VO,7094386177343488.0,3002021883936768.0,0.0
AT.WI,1.1674658487140352e+16,1.032160348663535e+16,8851917933379584.0
