HASC_1,Max,Mean,Min
AT.BU,1.394516288339968e+16,3669456858201547.0,0.0
AT.KA,7334056089878528.0,2900613510249006.5,0.0
AT.NO,1.394516288339968e+16,3268363201664718.0,0.0
AT.OO,1.1399223308189696e+16,3031555744322589.5,0.0
AT.SZ,7264024500633600.0,1981444746379264.0,0.0
AT.ST,8748228832919552.0,3281595940049765.0,0.0
AT.TR,6094274051440640.0,1415239847912118.2,0.0
AT.VO,7662828857065472.0,2328753033532757.5,0.0
AT.WI,1.05129525116928e+16,8982140804923392.0,8116352707461120.0
