HASC_1,Max,Mean,Min
AT.BU,0.0,0.0,0.0
AT.KA,1950669590233088.0,216741065581454.22,0.0
AT.NO,0.0,0.0,0.0
AT.OO,0.0,0.0,0.0
AT.SZ,8544076152438784.0,1106285967204742.1,0.0
AT.ST,0.0,0.0,0.0
AT.TR,1.975334916325376e+16,5980758792162123.0,0.0
AT.VO,1.032477388832768e+16,3451489680184661.5,0.0
AT.WI,0,0,0
