HASC_1,Max,Mean,Min
AT.BU,2.086182438777651e+16,9327718183439928.0,0.0
AT.KA,1.07174734856192e+16,6066135370349103.0,0.0
AT.NO,2.306967809608909e+16,8924233812371736.0,0.0
AT.OO,1.1454760456552448e+16,3941565929484639.0,0.0
AT.SZ,1.0125392916512768e+16,3341678746970794.5,0.0
AT.ST,1.881534763316019e+16,4283365149300405.5,0.0
AT.TR,1.010264354848768e+16,3276852847213599.0,0.0
AT.VO,0.0,0.0,0.0
AT.WI,2.250539026035507e+16,2.0264618669987156e+16,1.7789070566490112e+16
