HASC_1,Max,Mean,Min
AT.BU,1.3546920630812672e+16,5816571040279211.0,0.0
AT.KA,1.3935603359940608e+16,2619852230968785.5,0.0
AT.NO,1.99155486031872e+16,4179374866670842.5,0.0
AT.OO,8439110909820928.0,3372380982585402.5,0.0
AT.SZ,7025888965165056.0,2348723431888213.5,0.0
AT.ST,1.418003316998144e+16,5891806605193837.0,0.0
AT.TR,7544166426869760.0,3348263933759128.5,0.0
AT.VO,5674552667406336.0,1891517555802112.0,0.0
AT.WI,9611788916097024.0,6273491807152811.0,2779384469520384.0
