HASC_1,Max,Mean,Min
AT.BU,1.1520409031671808e+16,4506898036983945.0,0.0
AT.KA,7554282148593664.0,2138704384050641.5,0.0
AT.NO,1.9049343893897216e+16,4220977136366685.0,0.0
AT.OO,1.9049343893897216e+16,5881125504436517.0,0.0
AT.SZ,1.1718526209359872e+16,2538004333024597.5,0.0
AT.ST,1.6721250428649472e+16,4735300277911056.0,0.0
AT.TR,7126507700879360.0,1210368042152755.2,0.0
AT.VO,7589440750878720.0,2837938561176917.5,0.0
AT.WI,8934685174398976.0,7985717519056896.0,7318472874786816.0
