HASC_1,Max,Mean,Min
UA.CK,0.007423571776598692,0.006698841645725463,0.006034862715750933
UA.CH,0.007759105414152145,0.007522276286035776,0.007315408438444138
UA.CV,0.009400934912264347,0.008673428378712673,0.007798841688781977
UA.KR,0.008825551718473434,0.0075968473260714245,0.005777847021818161
UA.DP,0.007292282301932573,0.006704877059047039,0.006045909598469734
UA.DT,0.008649121969938278,0.007152391043269918,0.006845009047538042
UA.IF,0.009558132849633694,0.00901855155825615,0.008085579611361027
UA.KK,0.007096619810909033,0.006943698972463608,0.006717534735798836
UA.KS,0.008776119910180569,0.0073506114538758995,0.0059750196523964405
UA.KM,0.009400934912264347,0.008699896331462596,0.00829983875155449
UA.KV,0.008179198950529099,0.007468956658461441,0.006652446463704109
UA.KC,0.007566224783658981,0.0074508897960186005,0.007293791975826025
UA.KH,0.006898812483996153,0.006311360839754343,0.0060259620659053326
UA.LV,0.009558132849633694,0.009182151133084999,0.008970827795565128
UA.LH,0.007234505843371153,0.007071159716526216,0.006950072478502989
UA.MY,0.008270991034805775,0.006727753231596006,0.006047975737601519
UA.OD,0.009037108160555363,0.007189729459712218,0.006224723532795906
UA.PL,0.007669301237910986,0.006951184562322768,0.006045909598469734
UA.RV,0.009097825735807419,0.008581624715588987,0.008142005652189255
UA.SC,0.008299759589135647,0.008007756201550364,0.007173152640461922
UA.SM,0.0077061764895915985,0.007351908197795803,0.006978046149015427
UA.TP,0.009558132849633694,0.009099948818662338,0.008576404303312302
UA.ZK,0.009647936560213566,0.009100956966479619,0.008694421499967575
UA.VI,0.008632988668978214,0.007857866468839347,0.0066021401435136795
UA.VO,0.009536675177514553,0.009047335654031485,0.008611530996859074
UA.ZP,0.008649121969938278,0.007239620709283786,0.0064800698310136795
UA.ZT,0.008493434637784958,0.008159702876582742,0.007671923842281103
