HASC_1,Max,Mean,Min
UA.CK,0.00383576937019825,0.0036458038651433432,0.0035106854047626257
UA.CH,0.003767303191125393,0.0036572602950036524,0.0035676276311278343
UA.CV,0.003575376234948635,0.003440718793381865,0.0032600683625787497
UA.KR,0.006301773712038994,0.005687162258916281,0.004745852667838335
UA.DP,0.004457246977835894,0.004193039610981941,0.003917984198778868
UA.DT,0.0048156301490962505,0.004455680426742349,0.004154773894697428
UA.IF,0.0036304909735918045,0.0034322284773224965,0.0032600683625787497
UA.KK,0.004257969092577696,0.004071209624054886,0.0039126197807490826
UA.KS,0.0054336111061275005,0.004728641011752188,0.0040426370687782764
UA.KM,0.0036480939015746117,0.003569674044330087,0.003502300940454006
UA.KV,0.0036966914776712656,0.0036228596388051906,0.0035106854047626257
UA.KC,0.0036356167402118444,0.0036200599279254675,0.0036018805112689734
UA.KH,0.0040426370687782764,0.0037994004436768592,0.0035483157262206078
UA.LV,0.0037162022199481726,0.003535032190163346,0.003205112414434552
UA.LH,0.004682870581746101,0.004207772763699971,0.003892989596351981
UA.MY,0.004862518981099129,0.004100784107944683,0.003595721209421754
UA.OD,0.005585722159594297,0.004042613857971697,0.003552607260644436
UA.PL,0.004093857482075691,0.0038888806011527777,0.003689419711008668
UA.RV,0.0037297920789569616,0.003656922883237712,0.003612569533288479
UA.SC,0.006265534088015556,0.006129674962721765,0.005799583625048399
UA.SM,0.003963362891227007,0.003750783740542829,0.0035274543333798647
UA.TP,0.003654690459370613,0.00356636183070285,0.0033626279328018427
UA.ZK,0.0037535149604082108,0.003473955858498812,0.0030544716864824295
UA.VI,0.003582051955163479,0.003526403068099171,0.0034978503827005625
UA.VO,0.0038449878338724375,0.0037347342440625653,0.003654690459370613
UA.ZP,0.00487801618874073,0.0045611632945524025,0.004188628867268562
UA.ZT,0.0036806780844926834,0.003603952153670517,0.0035343682393431664
