HASC_1,Max,Mean,Min
UA.CK,0.003134462982416153,0.002702444326132536,0.0024293798487633467
UA.CH,0.003561589866876602,0.0032678629364818333,0.0029308137018233538
UA.CV,0.0029483374673873186,0.0026800983155576084,0.00235956278629601
UA.KR,0.004397604614496231,0.003574711027216505,0.0026730038225650787
UA.DP,0.0030595201533287764,0.0027669055942589273,0.002517515094950795
UA.DT,0.004047367721796036,0.002715536958671042,0.002394252922385931
UA.IF,0.003380709560588002,0.00299631679081358,0.0024513143580406904
UA.KK,0.0031587816774845123,0.002828637215619286,0.0025916434824466705
UA.KS,0.004405075218528509,0.0030538834747858346,0.0024858254473656416
UA.KM,0.0030007101595401764,0.0027507790623025764,0.0025462445337325335
UA.KV,0.003448301227763295,0.0030103429356434694,0.0026451486628502607
UA.KC,0.00311650219373405,0.0030139622977003455,0.0029042698442935944
UA.KH,0.0031155485194176435,0.002654140943195671,0.0024293798487633467
UA.LV,0.00385047378949821,0.0033360482193529606,0.0028910376131534576
UA.LH,0.002660367637872696,0.002457452715713192,0.0022779046557843685
UA.MY,0.0036263999063521624,0.0026671531438631447,0.0023283299524337053
UA.OD,0.004430426750332117,0.0026938504025597,0.002204292919486761
UA.PL,0.0032328900415450335,0.0030232804552228613,0.0026464201509952545
UA.RV,0.0032582420390099287,0.003050733357667923,0.002811207203194499
UA.SC,0.004420015960931778,0.0040317612583749,0.003212823299691081
UA.SM,0.003459228901192546,0.00317909061612392,0.0028866268694400787
UA.TP,0.003380709560588002,0.002943884232081473,0.0027283169329166412
UA.ZK,0.003693633945658803,0.003333423286676407,0.002807352691888809
UA.VI,0.00283413496799767,0.0025578198372386398,0.002376411110162735
UA.VO,0.003519270569086075,0.0031523344077868387,0.0028910376131534576
UA.ZP,0.00406469264999032,0.0029846376802941613,0.0024858254473656416
UA.ZT,0.003425333648920059,0.0029592686756090684,0.00262814131565392
