HASC_1,Max,Mean,Min
UA.CK,0.010699673555791378,0.009885553907799093,0.009455923922359943
UA.CH,0.013171120546758175,0.011760998554527759,0.010538025759160519
UA.CV,0.014522316865622997,0.013612144626677036,0.012142264284193516
UA.KR,0.017138561233878136,0.01376033125614578,0.010832869447767735
UA.DP,0.011402689851820469,0.010521568931066073,0.009692275896668434
UA.DT,0.01567499153316021,0.010559275347207273,0.008898659609258175
UA.IF,0.01437560934573412,0.013663165387697518,0.012699686922132969
UA.KK,0.011596285738050938,0.01063534604119403,0.009886348620057106
UA.KS,0.014517548494040966,0.011620469763875008,0.009692275896668434
UA.KM,0.014522316865622997,0.013645634210358063,0.012371146120131016
UA.KV,0.013111197389662266,0.011185623666582009,0.009817843325436115
UA.KC,0.011663519777357578,0.011148695135489106,0.010708891786634922
UA.KH,0.010487162508070469,0.009807598916813732,0.009455923922359943
UA.LV,0.013963145203888416,0.013516704332740867,0.012699686922132969
UA.LH,0.011735999025404453,0.010403821541165764,0.008469188585877419
UA.MY,0.013135039247572422,0.010423769145027587,0.009680991061031818
UA.OD,0.013135039247572422,0.010570511093427395,0.009539847262203693
UA.PL,0.010875784792006016,0.010294535366648977,0.009565119631588459
UA.RV,0.01442631334066391,0.013993047177791595,0.013552270829677582
UA.SC,0.016716403886675835,0.015352212125435472,0.013350728899240494
UA.SM,0.012227300554513931,0.01107044331729412,0.009886348620057106
UA.TP,0.01437560934573412,0.01395787757688335,0.013478361070156097
UA.ZK,0.015080533921718597,0.01407361285140117,0.012978953309357166
UA.VI,0.013810716569423676,0.011349308397620916,0.009743774309754372
UA.VO,0.014062486588954926,0.013576380792073905,0.01302886288613081
UA.ZP,0.015923263505101204,0.011603568934581497,0.009696726687252522
UA.ZT,0.014313779771327972,0.012792727952315048,0.0108250817283988
