HASC_1,Max,Mean,Min
UA.CK,0.0038897469639778137,0.003667093274232588,0.003370431484654546
UA.CH,0.00372662884183228,0.0035248822253197433,0.0032150617334991693
UA.CV,0.003978955093771219,0.003749165451154113,0.0035827031824737787
UA.KR,0.006223585922271013,0.005210659551349553,0.004189280327409506
UA.DP,0.0040401890873909,0.0038059657314219154,0.0034257443621754646
UA.DT,0.004557755775749683,0.0036807768046855927,0.0033738885540515184
UA.IF,0.004075673408806324,0.0037691492325393483,0.0035827031824737787
UA.KK,0.003966756165027618,0.0036033059448181163,0.0034675076603889465
UA.KS,0.004829950165003538,0.00399404700146988,0.0033794117625802755
UA.KM,0.003978955093771219,0.0034773203208007747,0.003225075313821435
UA.KV,0.003609883366152644,0.0033980963635258377,0.0032150617334991693
UA.KC,0.00334293395280838,0.003303068282548338,0.0032329431269317865
UA.KH,0.0039911940693855286,0.0038623149157501757,0.0036926541943103075
UA.LV,0.004101025406271219,0.003700524363118936,0.003383345901966095
UA.LH,0.0036429439205676317,0.0033841965910555286,0.002955225296318531
UA.MY,0.004363285843282938,0.0038850411993304364,0.0035043430980294943
UA.OD,0.005268878769129515,0.004127086999280186,0.0036935682874172926
UA.PL,0.0040401890873909,0.0037428955547511578,0.003528979839757085
UA.RV,0.0034673884510993958,0.0033523067831993103,0.0031651530880481005
UA.SC,0.006223585922271013,0.005926715210080147,0.0054112146608531475
UA.SM,0.003749437630176544,0.0036407927876677027,0.003469891846179962
UA.TP,0.003820843994617462,0.0036103657579847743,0.0033708687406033278
UA.ZK,0.004552629776299,0.0041299984945605194,0.003680415451526642
UA.VI,0.0038592293858528137,0.0035441274405457078,0.003258533775806427
UA.VO,0.0034673884510993958,0.0033949241042137146,0.0033344700932502747
UA.ZP,0.004952894989401102,0.0038959764430976725,0.003317900002002716
UA.ZT,0.0034767265897244215,0.0032773507250980897,0.003142185276374221
