HASC_1,Max,Mean,Min
UA.CK,0.014146807603538036,0.012305790362389464,0.011049115099012852
UA.CH,0.014618399553000927,0.014134423360228538,0.01345412340015173
UA.CV,0.013492747209966183,0.012529609295038076,0.011238101869821548
UA.KR,0.013312979601323605,0.011971781072630123,0.010627592913806438
UA.DP,0.012709303759038448,0.011967088095843792,0.010405226610600948
UA.DT,0.01435296144336462,0.011092689553541797,0.009107435122132301
UA.IF,0.014428776688873768,0.012910329969599843,0.011238101869821548
UA.KK,0.013115250505506992,0.01173700618424586,0.009565119631588459
UA.KS,0.013592883013188839,0.011933187488466501,0.010674163699150085
UA.KM,0.014604573138058186,0.013598101524015268,0.012911482714116573
UA.KV,0.014587722718715668,0.013666342051389316,0.012139641679823399
UA.KC,0.014179551042616367,0.013976577669382095,0.013710184954106808
UA.KH,0.013055328279733658,0.011669901618734001,0.011049115099012852
UA.LV,0.014796738512814045,0.014014163492795299,0.013037367723882198
UA.LH,0.012207988649606705,0.009914583060890436,0.008717303164303303
UA.MY,0.013271971605718136,0.011828217116233549,0.011279427446424961
UA.OD,0.013271971605718136,0.011691601465231386,0.010396802797913551
UA.PL,0.014514130540192127,0.013093280013311993,0.011905514635145664
UA.RV,0.01492405403405428,0.014452878793235868,0.01392205897718668
UA.SC,0.012900992296636105,0.012422128347679973,0.011369232088327408
UA.SM,0.014618399553000927,0.014070564838634296,0.01295169536024332
UA.TP,0.014428776688873768,0.013764566675360714,0.012789889238774776
UA.ZK,0.01356967631727457,0.012742501807709535,0.011690143495798111
UA.VI,0.01365105714648962,0.012841681437566876,0.01145506277680397
UA.VO,0.014965062029659748,0.014784360595513135,0.014427506364881992
UA.ZP,0.01435296144336462,0.01266620752655647,0.011378132738173008
UA.ZT,0.014299078844487667,0.01380708377639001,0.013460799120366573
