HASC_1,Max,Mean,Min
UA.CK,0.003406268311664462,0.002987199891848784,0.0026095930952578783
UA.CH,0.002949776826426387,0.0026616493705660105,0.0023082317784428596
UA.CV,0.00354769011028111,0.003305151449659696,0.003140392480418086
UA.KR,0.006560347508639097,0.005057678134603934,0.004067601636052132
UA.DP,0.0036535479594022036,0.003384469927718433,0.0031237024813890457
UA.DT,0.004300536587834358,0.0034643648901865596,0.0029718305449932814
UA.IF,0.003696820931509137,0.003382120979949832,0.00317373126745224
UA.KK,0.0032803036738187075,0.00298037552939994,0.002755425637587905
UA.KS,0.004893642384558916,0.00399212030461058,0.0033959373831748962
UA.KM,0.0033641476184129715,0.0032832754465440908,0.0032032157760113478
UA.KV,0.003136140527203679,0.002921123416551078,0.002574386540800333
UA.KC,0.0030000831466168165,0.0029588366742245853,0.0029167160391807556
UA.KH,0.003406268311664462,0.003180325299035758,0.002788247773423791
UA.LV,0.0037953276187181473,0.003421763190999627,0.0031972553115338087
UA.LH,0.00339983101002872,0.0029503780374811454,0.00253123277798295
UA.MY,0.004144054371863604,0.0035279684847122745,0.003233732655644417
UA.OD,0.005494775250554085,0.0038823394811358944,0.003312649205327034
UA.PL,0.0032639726996421814,0.0028461078393527055,0.0024728202261030674
UA.RV,0.0033560413867235184,0.003241908794734627,0.003023765981197357
UA.SC,0.006480477284640074,0.0059706587344408035,0.005090814549475908
UA.SM,0.0028015996795147657,0.002486430859955197,0.002140961354598403
UA.TP,0.003368121339008212,0.0033030330502827254,0.00320965307764709
UA.ZK,0.0038808006793260574,0.0036989032290875913,0.003434202866628766
UA.VI,0.003523927880451083,0.0033054809900932014,0.0030748669523745775
UA.VO,0.0033560413867235184,0.003298555384390056,0.0031972553115338087
UA.ZP,0.004465760663151741,0.0037839594402943144,0.0033898968249559402
UA.ZT,0.0032615885138511658,0.0031209161335771732,0.002986334264278412
