HASC_1,Max,Mean,Min
UA.CK,0.003908953163772821,0.0038760870964707514,0.003828407498076558
UA.CH,0.004041831940412521,0.003923560418188572,0.0038292817771434784
UA.CV,0.0038590840995311737,0.003575888677285268,0.0033382985275238752
UA.KR,0.005771995987743139,0.005038757469843735,0.004073303192853928
UA.DP,0.004140378441661596,0.0037140980936013735,0.003399611683562398
UA.DT,0.00401270529255271,0.0033905633082169863,0.0026950454339385033
UA.IF,0.0036634616553783417,0.003499680489767343,0.0033290002029389143
UA.KK,0.0036224934738129377,0.0034129481341335036,0.0030995223205536604
UA.KS,0.005117218475788832,0.0043821067665703595,0.0037328414618968964
UA.KM,0.003940662834793329,0.0037654385798507268,0.0036329838912934065
UA.KV,0.004050891846418381,0.003950035839807242,0.003864845959469676
UA.KC,0.004039885010570288,0.00396666070446372,0.003906251396983862
UA.KH,0.00413922592997551,0.0039026888902299107,0.0037267617881298065
UA.LV,0.0038160495460033417,0.0036113110836595297,0.0033290002029389143
UA.LH,0.0032229041680693626,0.0026182402031157503,0.002017082180827856
UA.MY,0.004685601685196161,0.004142030436349542,0.0038124334532767534
UA.OD,0.005158703308552504,0.0041198180506712406,0.0038075458724051714
UA.PL,0.003908953163772821,0.0037672947457229548,0.003492197720333934
UA.RV,0.004015049431473017,0.003927649289835244,0.0037854525726288557
UA.SC,0.005857826676219702,0.005654366104863584,0.005226772278547287
UA.SM,0.003912688698619604,0.0037445059067315674,0.003402671543881297
UA.TP,0.003837705822661519,0.0036818511185369323,0.0034832172095775604
UA.ZK,0.003933788742870092,0.0036024821146080892,0.00335582229308784
UA.VI,0.003883919445797801,0.003822476917412132,0.0037044696509838104
UA.VO,0.003985485527664423,0.003879789263010025,0.003769438713788986
UA.ZP,0.004318119492381811,0.0038480319357900457,0.003573538037016988
UA.ZT,0.004050891846418381,0.003957245668227022,0.0037846576888114214
