HASC_1,Max,Mean,Min
UA.CK,0.005773423705250025,0.005632823798805475,0.00552729656919837
UA.CH,0.005960026290267706,0.005511478148400783,0.00521131232380867
UA.CV,0.005480645690113306,0.00495065963612153,0.004485804587602615
UA.KR,0.009007095359265804,0.007594081954183904,0.006600418593734503
UA.DP,0.006645479705184698,0.005982443582839691,0.005571880843490362
UA.DT,0.008122640661895275,0.006902188173539582,0.006250022444874048
UA.IF,0.005146621260792017,0.0047973083856049925,0.004485804587602615
UA.KK,0.006439803633838892,0.006073702570228349,0.005713978316634893
UA.KS,0.007527310401201248,0.006478479248471558,0.0056573934853076935
UA.KM,0.005479851271957159,0.005313165589339203,0.005127547774463892
UA.KV,0.005725422408431768,0.005583533396323522,0.00545235350728035
UA.KC,0.005626557860523462,0.005582231911830604,0.0055276937782764435
UA.KH,0.005773423705250025,0.005653105885721743,0.00552729656919837
UA.LV,0.005158144980669022,0.004929875544108012,0.0047383694909513
UA.LH,0.007371543440967798,0.00662258051505143,0.006279665976762772
UA.MY,0.00667305663228035,0.0058882453871008595,0.005611299071460962
UA.OD,0.007433135062456131,0.0059372174136083705,0.005316057708114386
UA.PL,0.005952396895736456,0.00570025100288066,0.00548287108540535
UA.RV,0.005527614150196314,0.005378225177992135,0.005073665175586939
UA.SC,0.008582391776144505,0.008223810349591076,0.007400312926620245
UA.SM,0.006280540022999048,0.005832363830202005,0.005465784575790167
UA.TP,0.005376536399126053,0.005115292001781719,0.004783748183399439
UA.ZK,0.005159893538802862,0.004856889943281809,0.004514017608016729
UA.VI,0.005773423705250025,0.005588252074085176,0.005330998450517654
UA.VO,0.005405861884355545,0.0051929441979154944,0.004860916640609503
UA.ZP,0.008122640661895275,0.006671008315276016,0.00570277264341712
UA.ZT,0.005698481108993292,0.0055574527518315745,0.005384483840316534
