HASC_1,Max,Mean,Min
UA.CK,0.012823373079299927,0.011848265354178454,0.010138937272131443
UA.CH,0.013307839632034302,0.01241840448230505,0.01097022369503975
UA.CV,0.011695493943989277,0.011000826883201417,0.010147362016141415
UA.KR,0.013950139284133911,0.012888215651566332,0.011476944200694561
UA.DP,0.013297826051712036,0.012267875735862898,0.009829629212617874
UA.DT,0.014412513934075832,0.010935460483389241,0.00825821328908205
UA.IF,0.01228597667068243,0.011268972128164023,0.010147362016141415
UA.KK,0.012223034165799618,0.009771073325758889,0.007647066842764616
UA.KS,0.01370266079902649,0.012348387157544494,0.011568337678909302
UA.KM,0.012655049562454224,0.011898926148811976,0.011349626816809177
UA.KV,0.013307839632034302,0.012721826361181835,0.011566906236112118
UA.KC,0.01320404838770628,0.012967139482498169,0.012686838395893574
UA.KH,0.012911270372569561,0.011718397401273251,0.010138937272131443
UA.LV,0.012792378664016724,0.012141794075860697,0.011331983841955662
UA.LH,0.009902982972562313,0.007879839321090416,0.006855040788650513
UA.MY,0.012692402116954327,0.011310325886466,0.010138937272131443
UA.OD,0.011794199235737324,0.010678432432228121,0.010138937272131443
UA.PL,0.012823373079299927,0.012134213085201654,0.010391343384981155
UA.RV,0.01307291816920042,0.012704441789537668,0.012286134995520115
UA.SC,0.013286858797073364,0.012832432985305786,0.011683096177875996
UA.SM,0.012962768785655499,0.011254491369155321,0.009650497697293758
UA.TP,0.012333978898823261,0.011910853308758565,0.011036344803869724
UA.ZK,0.012782841920852661,0.011914870142936707,0.010462392121553421
UA.VI,0.012203165329992771,0.011256604129448533,0.010370362550020218
UA.VO,0.01290920376777649,0.012431621027644724,0.011003761552274227
UA.ZP,0.014412513934075832,0.01302953271872618,0.011952348984777927
UA.ZT,0.01324982475489378,0.012664434119043026,0.01178752351552248
