HASC_1,Max,Mean,Min
UA.CK,0.004000281449407339,0.0037893128066666818,0.003619726048782468
UA.CH,0.003882940160110593,0.003728619832545519,0.0035845593083649874
UA.CV,0.003534054383635521,0.003078445684737884,0.002505834447219968
UA.KR,0.007816926576197147,0.00684332229535688,0.005753810051828623
UA.DP,0.0059963613748550415,0.004991095880261407,0.003686721669510007
UA.DT,0.005637939553707838,0.0045207512808874955,0.00380608974955976
UA.IF,0.0035554326605051756,0.0029509993619285524,0.002505834447219968
UA.KK,0.0051847053691744804,0.004444400691205547,0.0040132757276296616
UA.KS,0.006724016275256872,0.005704062595032156,0.004010494332760572
UA.KM,0.0036873575299978256,0.003493878641165793,0.0032633699011057615
UA.KV,0.00397624121978879,0.0037896042922511697,0.003636574372649193
UA.KC,0.003894702298566699,0.0038492735475301743,0.0038140371907502413
UA.KH,0.004499093163758516,0.0038415606948547067,0.003582532750442624
UA.LV,0.0036476210225373507,0.003395304179695599,0.0028034208808094263
UA.LH,0.004309431184083223,0.0038625082763081246,0.003447349416092038
UA.MY,0.005803401116281748,0.004147400736416641,0.0035680688451975584
UA.OD,0.0050794039852917194,0.003690051324344401,0.003216878278180957
UA.PL,0.004951929673552513,0.004087483457458968,0.0037180737126618624
UA.RV,0.004087105859071016,0.003753985438379459,0.0036066926550120115
UA.SC,0.007816926576197147,0.007478849263861775,0.007068848703056574
UA.SM,0.004125968087464571,0.003837187351150946,0.0035845593083649874
UA.TP,0.0036190904211252928,0.003396052650974265,0.0027924934402108192
UA.ZK,0.0032933310139924288,0.0029384239421536523,0.002505834447219968
UA.VI,0.0038257993292063475,0.003558714804239571,0.003414129838347435
UA.VO,0.0037830027285963297,0.003680400986922905,0.0036080435384064913
UA.ZP,0.0063876863569021225,0.0056536872447891665,0.004602248780429363
UA.ZT,0.004087105859071016,0.0037476755678653717,0.0034601446241140366
