HASC_1,Max,Mean,Min
UA.CK,0.0031035433057695627,0.0027487846091389656,0.002488343743607402
UA.CH,0.003642647759988904,0.0032616690266877415,0.002932517556473613
UA.CV,0.003371525788679719,0.003182178703494943,0.0030185075011104345
UA.KR,0.005079834721982479,0.0038369695698334413,0.002953300019726157
UA.DP,0.00314518716186285,0.002797352588878801,0.002412347821518779
UA.DT,0.003981837537139654,0.003126505318851698,0.002821811707690358
UA.IF,0.0035991761833429337,0.0033399256208213046,0.0030185075011104345
UA.KK,0.0033404522109776735,0.0031435429451188873,0.002964465646073222
UA.KS,0.00358101655729115,0.0029344737762585283,0.002412347821518779
UA.KM,0.0034629199653863907,0.003235691252888905,0.0029817111790180206
UA.KV,0.0035465650726109743,0.0031117505277507007,0.0026640582364052534
UA.KC,0.0032006988767534494,0.003103076247498393,0.0029889431316405535
UA.KH,0.0029509153682738543,0.002617634064517915,0.0024173941928893328
UA.LV,0.0036927552428096533,0.0035038086695267875,0.0032933643087744713
UA.LH,0.0033687844406813383,0.0031109976539896293,0.002801109105348587
UA.MY,0.003493914380669594,0.002707732743338535,0.002412347821518779
UA.OD,0.003582606092095375,0.003016313545983927,0.002582419663667679
UA.PL,0.0031552009750157595,0.002965473601679233,0.002551564248278737
UA.RV,0.00364495231769979,0.003498233010759577,0.003301788354292512
UA.SC,0.004751055501401424,0.004238604451529682,0.003909596707671881
UA.SM,0.003375579370185733,0.003132919505746527,0.0029571540653705597
UA.TP,0.0035991761833429337,0.003360226600696998,0.0031945796217769384
UA.ZK,0.003707815194502473,0.0034416079055517913,0.003114709397777915
UA.VI,0.0032402367796748877,0.0029812522581778465,0.0027741678059101105
UA.VO,0.00364495231769979,0.0034998746268684044,0.0032933643087744713
UA.ZP,0.003981837537139654,0.002996413799172098,0.0026004400569945574
UA.ZT,0.003613441251218319,0.003338891451924362,0.0030841517727822065
