HASC_1,Max,Mean,Min
UA.CK,0.007799620274454355,0.006261489893260755,0.005767499562352896
UA.CH,0.009689484722912312,0.007621340565383434,0.006820435170084238
UA.CV,0.011734004132449627,0.01058713712084752,0.00871943961828947
UA.KR,0.012145992368459702,0.010403660718690266,0.00785056222230196
UA.DP,0.008508835919201374,0.007757591441846811,0.006734922528266907
UA.DT,0.012042676098644733,0.008564633760778676,0.007889981381595135
UA.IF,0.012366291135549545,0.011308645363897085,0.010242457501590252
UA.KK,0.009138897061347961,0.008257456012957153,0.007484987378120422
UA.KS,0.011488750576972961,0.009025771426968277,0.006936306599527597
UA.KM,0.012023127637803555,0.010770713341318898,0.008754407055675983
UA.KV,0.007994170300662518,0.006825773181238522,0.005851580295711756
UA.KC,0.007255708333104849,0.006869648932479322,0.006500954274088144
UA.KH,0.007610713597387075,0.006532922270707786,0.005767499562352896
UA.LV,0.012983317486941814,0.012294923941440442,0.011631960980594158
UA.LH,0.009107425808906555,0.008551762396977707,0.008097484707832336
UA.MY,0.010211939923465252,0.007322289735863083,0.006010209675878286
UA.OD,0.010384236462414265,0.007389129444571404,0.005799924489110708
UA.PL,0.007814958691596985,0.007280872118743983,0.006236866116523743
UA.RV,0.013664081692695618,0.012285262695513666,0.01049216091632843
UA.SC,0.011741315014660358,0.011195952538400888,0.009980435483157635
UA.SM,0.010173316113650799,0.008311678507280621,0.006820435170084238
UA.TP,0.012366291135549545,0.011718325183859893,0.010902558453381062
UA.ZK,0.012532229535281658,0.011608638490239779,0.010427787899971008
UA.VI,0.010307148098945618,0.007595442747697234,0.005767499562352896
UA.VO,0.013664081692695618,0.01305356138618663,0.012365655042231083
UA.ZP,0.012042676098644733,0.008928564842790365,0.007850800640881062
UA.ZT,0.011837159283459187,0.008926617891781709,0.006412500981241465
