HASC_1,Max,Mean,Min
UA.CK,0.005978947039693594,0.005680877764366175,0.005344436038285494
UA.CH,0.006321633700281382,0.006070776227861643,0.005955979693681002
UA.CV,0.006069227587431669,0.005599458021326707,0.005013352259993553
UA.KR,0.008474473841488361,0.007519776869395917,0.00656052865087986
UA.DP,0.007713600527495146,0.006605614657298877,0.005377972964197397
UA.DT,0.00889202393591404,0.007954267031025319,0.007533117663115263
UA.IF,0.0060709756799042225,0.0055539611203130335,0.005013352259993553
UA.KK,0.008284851908683777,0.007370750774585065,0.00643138587474823
UA.KS,0.007895116694271564,0.006567339901812375,0.005469764117151499
UA.KM,0.006391093134880066,0.006110169666094912,0.005903924349695444
UA.KV,0.006177231669425964,0.005969473180205871,0.005717957857996225
UA.KC,0.006020113825798035,0.0059583240654319525,0.005898043978959322
UA.KH,0.006064698100090027,0.005524143809452653,0.0051887487061321735
UA.LV,0.0061983708292245865,0.005984420915517737,0.005604153499007225
UA.LH,0.00927826203405857,0.00847201017578217,0.007684751879423857
UA.MY,0.006647631525993347,0.0056158524055622125,0.005139316897839308
UA.OD,0.0071886819787323475,0.005785394973795989,0.004987603053450584
UA.PL,0.006833041086792946,0.0061932237903502855,0.0056343525648117065
UA.RV,0.006528581026941538,0.006351450923830271,0.006116434931755066
UA.SC,0.00820394791662693,0.008004113333299756,0.007630789652466774
UA.SM,0.007009470835328102,0.006357757628641345,0.006011212710291147
UA.TP,0.006295090075582266,0.005992042632507426,0.005375192034989595
UA.ZK,0.006076460238546133,0.0056719699874520305,0.005183662753552198
UA.VI,0.006076539400964975,0.005909571168012917,0.005504494067281485
UA.VO,0.006528581026941538,0.006324300949927419,0.006110235583037138
UA.ZP,0.008546953089535236,0.007357731863686984,0.00628634775057435
UA.ZT,0.006314083468168974,0.006118894978003068,0.005969013553112745
