HASC_1,Max,Mean,Min
UA.CK,0.004964424762874842,0.004346766031200164,0.003213121322914958
UA.CH,0.00450968137010932,0.0039074152056127786,0.0033283967059105635
UA.CV,0.004973167087882757,0.004671717241693001,0.004284495022147894
UA.KR,0.006305133458226919,0.004857512582516806,0.003503038315102458
UA.DP,0.0032893356401473284,0.003076797557206681,0.002955589210614562
UA.DT,0.00495981564745307,0.0032408021590007202,0.002878341590985656
UA.IF,0.005313946399837732,0.004712915688287467,0.004284495022147894
UA.KK,0.0031893588602542877,0.0030725543564628986,0.0029620660934597254
UA.KS,0.005071793217211962,0.003703450923785567,0.0030937923584133387
UA.KM,0.005596075672656298,0.00517285806644294,0.004758153110742569
UA.KV,0.005079660564661026,0.00461050245212391,0.004139258060604334
UA.KC,0.004851493984460831,0.004632655531167984,0.004399213939905167
UA.KH,0.004799995571374893,0.00373851825715974,0.0030649437103420496
UA.LV,0.005620473995804787,0.00513815282679656,0.004576835781335831
UA.LH,0.0030719770584255457,0.002847878124818883,0.002601139945909381
UA.MY,0.0046413675881922245,0.0037128925813656104,0.0030937923584133387
UA.OD,0.005677058827131987,0.004490714680788846,0.003660553367808461
UA.PL,0.004213803913444281,0.0033472731540148907,0.003067884361371398
UA.RV,0.005857144016772509,0.005515529832337052,0.005037142429500818
UA.SC,0.0063485256396234035,0.00577749265357852,0.004717820789664984
UA.SM,0.0037366088945418596,0.0033399274001236668,0.003141873748973012
UA.TP,0.005414639133960009,0.005144629627466202,0.004557762295007706
UA.ZK,0.005192989483475685,0.004726893827319145,0.004386458545923233
UA.VI,0.005133940372616053,0.004927215678617358,0.004716787487268448
UA.VO,0.005916351452469826,0.005716492072679102,0.005414480343461037
UA.ZP,0.005091740284115076,0.003546441185542128,0.002955589210614562
UA.ZT,0.005562299862504005,0.005126361756331541,0.004676415119320154
