HASC_1,Max,Mean,Min
UA.CK,0.008765692822635174,0.007942458320605127,0.006961499806493521
UA.CH,0.008784289471805096,0.008098149076104164,0.007004494313150644
UA.CV,0.006426249165087938,0.005837489420977922,0.005320542957633734
UA.KR,0.009514962323009968,0.008984539192169905,0.008297279477119446
UA.DP,0.009008879773318768,0.008671425497875763,0.008321200497448444
UA.DT,0.009923453442752361,0.008693534969573929,0.008321200497448444
UA.IF,0.006019188556820154,0.0056651025952305645,0.005320542957633734
UA.KK,0.009201680310070515,0.008793069138413384,0.008480067364871502
UA.KS,0.009321525692939758,0.008885752223432065,0.00836228858679533
UA.KM,0.006329610478132963,0.0060215862726585734,0.0056499578058719635
UA.KV,0.008437946438789368,0.007473079604096711,0.00657462514936924
UA.KC,0.007688914891332388,0.007433330058120191,0.007148181553930044
UA.KH,0.009008879773318768,0.008299143216572703,0.006961499806493521
UA.LV,0.006112649571150541,0.005627588916789083,0.005376014858484268
UA.LH,0.009293709881603718,0.00895881877196106,0.008486106991767883
UA.MY,0.009008879773318768,0.008214795104178944,0.007015223149210215
UA.OD,0.008372937329113483,0.0070190349561644015,0.00612075487151742
UA.PL,0.008798912167549133,0.008657952685925093,0.008310233242809772
UA.RV,0.006250217091292143,0.005911061132792383,0.005583995953202248
UA.SC,0.009415621869266033,0.009157056687399745,0.008695279248058796
UA.SM,0.009015396237373352,0.008763528682968834,0.008466318249702454
UA.TP,0.0061397491954267025,0.005773839141641345,0.005498960148543119
UA.ZK,0.006619527470320463,0.00606954845910271,0.0054956222884356976
UA.VI,0.007356320973485708,0.006655008182860911,0.006096038967370987
UA.VO,0.0058864690363407135,0.005514794640475884,0.0052767531014978886
UA.ZP,0.009923453442752361,0.008857443928718567,0.008321200497448444
UA.ZT,0.007130379322916269,0.00649739560586485,0.006095482502132654
