HASC_1,Max,Mean,Min
UA.CK,0.008735792711377144,0.007985184189716452,0.007363694254308939
UA.CH,0.008457796648144722,0.008265287913382054,0.007910705171525478
UA.CV,0.008290505968034267,0.007177373143629386,0.006245194002985954
UA.KR,0.009303705766797066,0.008274777919392694,0.007095711771398783
UA.DP,0.008424577303230762,0.007754021789878607,0.00738372141495347
UA.DT,0.0090953279286623,0.008435767476579972,0.007571435999125242
UA.IF,0.007319189608097076,0.006701809674268588,0.00606582360342145
UA.KK,0.008943852968513966,0.008356109350210144,0.007685797289013863
UA.KS,0.008793966844677925,0.008009009505622089,0.007351614534854889
UA.KM,0.00784593541175127,0.007212607448713647,0.006665127817541361
UA.KV,0.008561747148633003,0.008222527258719007,0.007801668718457222
UA.KC,0.00851533468812704,0.008404510095715523,0.008247749879956245
UA.KH,0.008735792711377144,0.007715961360372603,0.007323799189180136
UA.LV,0.007146017625927925,0.006688581697423668,0.00606582360342145
UA.LH,0.009337561205029488,0.009079361080446026,0.008659101091325283
UA.MY,0.008529162965714931,0.00796022550447991,0.00738372141495347
UA.OD,0.0091868806630373,0.008468426828240526,0.007994072511792183
UA.PL,0.008254743181169033,0.007866392250765453,0.007437604013830423
UA.RV,0.007213887292891741,0.006721419747918844,0.006370920222252607
UA.SC,0.009303705766797066,0.008827742887660861,0.008037385530769825
UA.SM,0.008492049761116505,0.008294422137127682,0.007910705171525478
UA.TP,0.007499989587813616,0.006994139768981508,0.006485519465059042
UA.ZK,0.00731322867795825,0.006660926279922327,0.006174065638333559
UA.VI,0.008735792711377144,0.008227889589034022,0.007411536294966936
UA.VO,0.006925798952579498,0.00649018376134336,0.006188450381159782
UA.ZP,0.008807477541267872,0.007937910543246702,0.007518824655562639
UA.ZT,0.008561747148633003,0.0077180995351888914,0.006878592073917389
