HASC_1,Max,Mean,Min
UA.CK,0.003174537094309926,0.002902886389117492,0.0027934249956160784
UA.CH,0.003604843048378825,0.003054765220731497,0.002786431461572647
UA.CV,0.0044252811931073666,0.004208176450517315,0.003741377266123891
UA.KR,0.006236626300960779,0.004865782885727557,0.003889475017786026
UA.DP,0.002980027347803116,0.0025596672292942037,0.002081050304695964
UA.DT,0.004438711795955896,0.002387651896459006,0.0019047000678256154
UA.IF,0.0047322846949100494,0.004454512178199366,0.00409769406542182
UA.KK,0.0026148101314902306,0.0021956038849783085,0.00184326758608222
UA.KS,0.00529542937874794,0.003688349050935358,0.0027943390887230635
UA.KM,0.004563722759485245,0.004245456036490698,0.0036930975038558245
UA.KV,0.0038347977679222822,0.0032284462940879166,0.0028188962023705244
UA.KC,0.003372345119714737,0.0032201248104684055,0.0030805207788944244
UA.KH,0.0030406254809349775,0.0028431015787646176,0.0026922961696982384
UA.LV,0.004869216587394476,0.004730363349046777,0.004591379314661026
UA.LH,0.002024187473580241,0.0017323969514109194,0.001422736793756485
UA.MY,0.0042463080026209354,0.003100660862401128,0.0028189357835799456
UA.OD,0.005700343754142523,0.0037465663787362904,0.0028501686174422503
UA.PL,0.0029355622828006744,0.0027273217935792422,0.0023724972270429134
UA.RV,0.00488344207406044,0.004583218455081806,0.0042811171151697636
UA.SC,0.006236626300960779,0.005602313904091716,0.004612042102962732
UA.SM,0.0029144224245101213,0.002709411497397179,0.0023087202571332455
UA.TP,0.004721397068351507,0.004493394966370293,0.004322840366512537
UA.ZK,0.004933351185172796,0.004717863009621699,0.004215552005916834
UA.VI,0.004163656383752823,0.0035051581566222013,0.0029334959108382463
UA.VO,0.00524647394195199,0.0048624562623444945,0.0046354071237146854
UA.ZP,0.00486190477386117,0.0031750294464555654,0.0022630630992352962
UA.ZT,0.0044489637948572636,0.0038940465098924256,0.0032962497789412737
