HASC_1,Max,Mean,Min
UA.CK,0.01281067356467247,0.01198890780735957,0.010784751735627651
UA.CH,0.012876317836344242,0.011681002229452134,0.010327783413231373
UA.CV,0.011220264248549938,0.01070530404551671,0.009728717617690563
UA.KR,0.013792004436254501,0.012379418254237284,0.01048863586038351
UA.DP,0.012131180614233017,0.011669174875490941,0.010428395122289658
UA.DT,0.013496524654328823,0.010809339893360933,0.008812078274786472
UA.IF,0.011565494351089,0.01074640656588599,0.009728717617690563
UA.KK,0.011805661022663116,0.01027050640966211,0.008418130688369274
UA.KS,0.012650138698518276,0.011883917450904845,0.010921287350356579
UA.KM,0.012463536113500595,0.011512370573149787,0.01109660416841507
UA.KV,0.012876317836344242,0.012494583652975658,0.011662769131362438
UA.KC,0.012827839702367783,0.0127455850597471,0.012678907252848148
UA.KH,0.012472755275666714,0.011681150319054723,0.010784751735627651
UA.LV,0.01232731994241476,0.01161729117088458,0.01079031452536583
UA.LH,0.010238138027489185,0.008523410524834286,0.007624276448041201
UA.MY,0.012104477733373642,0.011380706766718313,0.010734524577856064
UA.OD,0.012600229121744633,0.011159814540939084,0.010627076961100101
UA.PL,0.01281067356467247,0.0119193425740708,0.010823693126440048
UA.RV,0.01303685363382101,0.012500451470259577,0.011696147732436657
UA.SC,0.013942048884928226,0.013171997154131532,0.011730320751667023
UA.SM,0.01239741500467062,0.011126247234642506,0.010290908627212048
UA.TP,0.011790559627115726,0.011324532330036163,0.01058304961770773
UA.ZK,0.012129750102758408,0.011312144560118515,0.010045336559414864
UA.VI,0.012483245693147182,0.011446348065510393,0.010869787074625492
UA.VO,0.013059264980256557,0.012557741487398744,0.011724281124770641
UA.ZP,0.013496524654328823,0.01195004087110812,0.011056709103286266
UA.ZT,0.012788262218236923,0.012445669240233574,0.011552460491657257
