HASC_1,Max,Mean,Min
UA.CK,0.013059514574706554,0.012506057116153994,0.012020327150821686
UA.CH,0.012799955904483795,0.012110964469611645,0.011290130205452442
UA.CV,0.013136285357177258,0.011798255002269378,0.009959276765584946
UA.KR,0.015253919176757336,0.014289248396049847,0.01315472275018692
UA.DP,0.01407295186072588,0.01264585808922465,0.01186662632972002
UA.DT,0.014054673723876476,0.012133398137631871,0.01117235142737627
UA.IF,0.012941735796630383,0.011624502309132367,0.009959276765584946
UA.KK,0.01267264038324356,0.011636109845269294,0.010938860476016998
UA.KS,0.015079555101692677,0.014097207365557552,0.013137715868651867
UA.KM,0.013013261370360851,0.012721781101491716,0.012536105699837208
UA.KV,0.013157743029296398,0.012420499968963364,0.012020327150821686
UA.KC,0.012405135668814182,0.012224136386066675,0.01208899263292551
UA.KH,0.013493436388671398,0.01277607437223196,0.012386061251163483
UA.LV,0.013008810579776764,0.012557479498140952,0.011752821505069733
UA.LH,0.01206642109900713,0.01089361094107682,0.00953997764736414
UA.MY,0.01427624374628067,0.013599268896015067,0.012425956316292286
UA.OD,0.014172929339110851,0.013565668675663143,0.013038692064583302
UA.PL,0.01290168147534132,0.012208294843069532,0.011698302812874317
UA.RV,0.013127543032169342,0.012837914109695703,0.012672004289925098
UA.SC,0.01367368083447218,0.01350046950392425,0.01315472275018692
UA.SM,0.012111403048038483,0.011610102670436556,0.010929006151854992
UA.TP,0.012941735796630383,0.012614307326397725,0.011512018740177155
UA.ZK,0.012729384005069733,0.01161908432841301,0.010374919511377811
UA.VI,0.013197002001106739,0.012815627921372651,0.012536105699837208
UA.VO,0.013199704699218273,0.012893664243165404,0.012770074419677258
UA.ZP,0.015079555101692677,0.013223033356056972,0.012016035616397858
UA.ZT,0.013185081072151661,0.012769806833768433,0.012045123614370823
