HASC_1,Max,Mean,Min
UA.CK,0.002829005243256688,0.0025422005595541314,0.002412528032436967
UA.CH,0.0024868750479072332,0.00213388261385262,0.001969883916899562
UA.CV,0.003492762567475438,0.0026342970713113365,0.0022869212552905083
UA.KR,0.006843219976872206,0.0058547128838571634,0.0045198705047369
UA.DP,0.003667285665869713,0.003331958781927824,0.0028820931911468506
UA.DT,0.004550030454993248,0.0037965026484536274,0.0033245186787098646
UA.IF,0.003492762567475438,0.0023750690234010108,0.0017634136602282524
UA.KK,0.003434588434174657,0.003162638217742954,0.0027453601360321045
UA.KS,0.005435358267277479,0.003968563163653016,0.003024190664291382
UA.KM,0.0026280584279447794,0.002291862865806454,0.0020933847408741713
UA.KV,0.0024868750479072332,0.002317485137609765,0.0019608044531196356
UA.KC,0.0024662120267748833,0.0023959381505846977,0.0023075842764228582
UA.KH,0.003095080843195319,0.0027823558892123403,0.0025192799512296915
UA.LV,0.0022156338673084974,0.001949889653855387,0.001694291946478188
UA.LH,0.00418060040101409,0.003493544994853437,0.0030743777751922607
UA.MY,0.003630648599937558,0.003099491305061077,0.002657105913385749
UA.OD,0.005031874403357506,0.0033158890597907633,0.002592772478237748
UA.PL,0.0032280385494232178,0.0027571854880079627,0.002308716531842947
UA.RV,0.002260377397760749,0.0020639649956137873,0.0018873712979257107
UA.SC,0.00669897673651576,0.006559104309417307,0.006187647581100464
UA.SM,0.0029556455556303263,0.002348021244291555,0.0019861957989633083
UA.TP,0.00250388216227293,0.0022127886352661464,0.001937121502123773
UA.ZK,0.003492762567475438,0.0025486782814065616,0.001686583273112774
UA.VI,0.0026398999616503716,0.0024360142881050704,0.002211819402873516
UA.VO,0.002176533220335841,0.0019547817137208767,0.0018095476552844048
UA.ZP,0.004651358351111412,0.003950006751851602,0.0033300823997706175
UA.ZT,0.002433707704767585,0.0022170519064688547,0.0019323728047311306
