HASC_1,Max,Mean,Min
UA.CK,0.00329184508882463,0.003046558324345633,0.002864161739125848
UA.CH,0.002921262988820672,0.002704488234594464,0.0025712645146995783
UA.CV,0.0028490619733929634,0.002400651663685074,0.0019722776487469673
UA.KR,0.0042817192152142525,0.003508954044346782,0.002932707080617547
UA.DP,0.0034922754857689142,0.003397548499588783,0.0032382009085267782
UA.DT,0.0038539962843060493,0.003495484779012345,0.00338872242718935
UA.IF,0.002653121715411544,0.0023149522166932,0.0019722776487469673
UA.KK,0.0034866726491600275,0.0033427038385222354,0.0031264619901776314
UA.KS,0.003626227146014571,0.003351368196308613,0.0031649665907025337
UA.KM,0.002821286441758275,0.002654538942604429,0.0025738077238202095
UA.KV,0.0030130145605653524,0.002821193639344225,0.002659717807546258
UA.KC,0.0027856428641825914,0.0027389226597733796,0.0026930170133709908
UA.KH,0.003425240283831954,0.0032295243814587592,0.003025769954547286
UA.LV,0.0026669499929994345,0.002516816329101429,0.0021932320669293404
UA.LH,0.0035504496190696955,0.0034778602738780055,0.0033491449430584908
UA.MY,0.003485162742435932,0.003267344356955666,0.0031219320371747017
UA.OD,0.003485162742435932,0.0031923573094837622,0.0029813842847943306
UA.PL,0.003448605304583907,0.0031834223561666227,0.0028421878814697266
UA.RV,0.002872109180316329,0.0027789322630269453,0.002594311721622944
UA.SC,0.0037322835996747017,0.0035480953520163894,0.003146290546283126
UA.SM,0.003135800128802657,0.002825503745539622,0.0025104281958192587
UA.TP,0.0027522246818989515,0.0025798022813562837,0.0021253821905702353
UA.ZK,0.0028224384877830744,0.0025342448924978575,0.001992106204852462
UA.VI,0.0030565655324608088,0.002822025353088975,0.0025831854436546564
UA.VO,0.002825259929522872,0.0026278493169229478,0.002472241409122944
UA.ZP,0.0038539962843060493,0.003491878192025152,0.0033117926213890314
UA.ZT,0.0028708374593406916,0.0027724159669808364,0.0025831854436546564
