HASC_1,Max,Mean,Min
UA.CK,0.015693288296461105,0.01520940720250732,0.014819245785474777
UA.CH,0.01587512157857418,0.015332576893270016,0.014818928204476833
UA.CV,0.015756547451019287,0.014332884134581456,0.012529473751783371
UA.KR,0.015390019863843918,0.014055107042870739,0.013089439831674099
UA.DP,0.015735885128378868,0.014748961199074984,0.013742388226091862
UA.DT,0.015561680309474468,0.014357410016514006,0.013378720730543137
UA.IF,0.014952919445931911,0.013955266564153135,0.012529473751783371
UA.KK,0.01535791251808405,0.014224523811468057,0.012960375286638737
UA.KS,0.014653465710580349,0.014072280516847968,0.013707897625863552
UA.KM,0.015795966610312462,0.01531920949411061,0.014852624386548996
UA.KV,0.01554324384778738,0.015168721050334474,0.014819245785474777
UA.KC,0.01524839922785759,0.015183946816250682,0.015079916454851627
UA.KH,0.015866221860051155,0.014908223645761609,0.013744454830884933
UA.LV,0.015263817273080349,0.014786428224076243,0.01395410392433405
UA.LH,0.014234484173357487,0.013167814139954069,0.012021641246974468
UA.MY,0.01524426694959402,0.014289714003864088,0.013742388226091862
UA.OD,0.015471399761736393,0.014605622770714349,0.013531149365007877
UA.PL,0.015866221860051155,0.01526747237552296,0.014567158184945583
UA.RV,0.015387158840894699,0.014760137884877622,0.014308235608041286
UA.SC,0.014021656475961208,0.013722282135859132,0.013089439831674099
UA.SM,0.015411636792123318,0.014857558999210596,0.014558415859937668
UA.TP,0.015489678829908371,0.014838080919746841,0.013633351773023605
UA.ZK,0.01512982603162527,0.013870096144576868,0.012887578457593918
UA.VI,0.015795966610312462,0.01548407576046884,0.01512362714856863
UA.VO,0.015149693936109543,0.014672221033833921,0.014097950421273708
UA.ZP,0.015561680309474468,0.014579526741396297,0.01404788251966238
UA.ZT,0.015795966610312462,0.015273216307501902,0.014697334729135036
