HASC_1,Max,Mean,Min
BR.AC,0.4532327353954315,0.118921325322898,0.0
BR.AL,0.2864193320274353,0.0519760046090596,0.0
BR.AP,0.43731141090393066,0.11260226283291852,0.0
BR.AM,0.46199196577072144,0.10645362426015184,0.0
BR.BA,0.45806604623794556,0.15045589146841515,0.0
BR.CE,0.3515181541442871,0.14392093997396507,0.0
BR.DF,0.38188958168029785,0.25670374035835264,0.0
BR.ES,0.45141762495040894,0.033721177848114535,0.0
BR.GO,0.4477105438709259,0.15064226994547994,0.0
BR.MA,0.4577125906944275,0.12810831437370793,0.0
BR.MT,0.4436447024345398,0.06491754979772676,0.0
BR.MS,0.4035566449165344,0.04122483389390714,0.0
BR.MG,0.5173133611679077,0.15845254311593393,0.0
BR.PA,0.45903289318084717,0.14300575956471015,0.0
BR.PB,0.39741966128349304,0.022433315951107147,0.0
BR.PR,0.4334014654159546,0.11087745454065347,0.0
BR.PE,0.36202093958854675,0.11353034789855673,0.0
BR.PI,0.45657265186309814,0.14041516832683398,0.0
BR.RJ,0.5156121253967285,0.16845999813494197,0.0
BR.RN,0.2875214219093323,0.014611319523062227,0.0
BR.RS,0.36533671617507935,0.01617682287594937,0.0
BR.RO,0.36982986330986023,0.10611686924316464,0.0
BR.RR,0.26238998770713806,0.0031132080881246206,0.0
BR.SC,0.416429340839386,0.006946949098786019,0.0
BR.SP,0.48569586873054504,0.12577903423837886,0.0
BR.SE,0.2877250015735626,0.1419023997360556,0.0
BR.TO,0.42312997579574585,0.12845577411770986,0.0
