HASC_1,Max,Mean,Min
BR.AC,0.36780065298080444,0.01692658744423705,0.0
BR.AL,0.4192790985107422,0.12473966299484555,0.0
BR.AP,0.32787472009658813,0.06854891946563868,0.0
BR.AM,0.46163299679756165,0.1295058200103947,0.0
BR.BA,0.44761091470718384,0.09480327537927272,0.0
BR.CE,0.43389445543289185,0.188758373291803,0.0
BR.DF,0.28254434466362,0.1203354419519504,0.0
BR.ES,0.4200711250305176,0.022734420080233582,0.0
BR.GO,0.40979287028312683,0.10959285779962849,0.0
BR.MA,0.3852274417877197,0.04200577360361108,0.0
BR.MT,0.4600209593772888,0.16557224032561865,0.0
BR.MS,0.5133545994758606,0.19438459725900628,0.0
BR.MG,0.39113301038742065,0.036267824944658016,0.0
BR.PA,0.45703405141830444,0.13373419509662748,0.0
BR.PB,0.41815185546875,0.05113823342082255,0.0
BR.PR,0.4628715515136719,0.2009610764698525,0.0
BR.PE,0.4457320272922516,0.17002033590005688,0.0
BR.PI,0.439777672290802,0.07913365519764173,0.0
BR.RJ,0.058090582489967346,0.000310644826149558,0.0
BR.RN,0.41815185546875,0.053949189223569526,0.0
BR.RS,0.7860041856765747,0.21334756193337617,0.0
BR.RO,0.44399282336235046,0.13800147554432432,0.0
BR.RR,0.4666692912578583,0.10486920751374343,0.0
BR.SC,0.4491209387779236,0.010610548698841923,0.0
BR.SP,0.4402048587799072,0.1017751532108086,0.0
BR.SE,0.4230180084705353,0.19314119768225485,0.0
BR.TO,0.29131925106048584,0.03929595303458885,0.0
