HASC_1,Max,Mean,Min
BR.AC,0.4559444189071655,0.12933952799614737,0.0
BR.AL,0.3086254596710205,0.033191665503601635,0.0
BR.AP,0.4688646197319031,0.13305328714258305,0.0
BR.AM,0.4526035487651825,0.08672258672774791,0.0
BR.BA,0.44369351863861084,0.08070795048684215,0.0
BR.CE,0.0,0.0,0.0
BR.DF,0.4220070242881775,0.2749079942703247,0.0
BR.ES,0.40211212635040283,0.02611013297577324,0.0
BR.GO,0.4844430088996887,0.16406682398878825,0.0
BR.MA,0.44298434257507324,0.10959932292573249,0.0
BR.MT,0.4416373372077942,0.14026386087080375,0.0
BR.MS,0.45068174600601196,0.15832295957877468,0.0
BR.MG,0.5084011554718018,0.1454592660350451,0.0
BR.PA,0.46134644746780396,0.161458182665393,0.0
BR.PB,0.36606311798095703,0.02565690752279264,0.0
BR.PR,0.6406956315040588,0.2123339578388794,0.0
BR.PE,0.36606311798095703,0.03951502349151015,0.0
BR.PI,0.396289587020874,0.07534809511579464,0.0
BR.RJ,0.42818158864974976,0.13022999537182364,0.0
BR.RN,0.42037540674209595,0.03894037139855502,0.0
BR.RS,0.5142772197723389,0.11487565513885992,0.0
BR.RO,0.291673481464386,0.006377622858827248,0.0
BR.RR,0.4344559907913208,0.10437422232004884,0.0
BR.SC,0.7013073563575745,0.012993953951098397,0.0
BR.SP,0.5698025822639465,0.15721460149646896,0.0
BR.SE,0.0,0.0,0.0
BR.TO,0.4585181474685669,0.17571820743402847,0.0
