HASC_1,Max,Mean,Min
BR.AC,0.33647119998931885,0.04755822963117823,0.0
BR.AL,0.4219413995742798,0.13101618998021317,0.0
BR.AP,0.43098512291908264,0.12289415182657618,0.0
BR.AM,0.4432936906814575,0.09964820576514907,0.0
BR.BA,0.39985817670822144,0.047434847456062065,0.0
BR.CE,0.42592141032218933,0.15379042158023645,0.0
BR.DF,0.29031902551651,0.21477810740470887,0.0
BR.ES,0.4720644950866699,0.0015633682409922282,0.0
BR.GO,0.45709148049354553,0.15901265067936182,0.0
BR.MA,0.28766825795173645,0.020862187775748914,0.0
BR.MT,0.45821231603622437,0.16855878850834252,0.0
BR.MS,0.5169662237167358,0.1965324912263059,0.0
BR.MG,0.42554721236228943,0.0727626201090785,0.0
BR.PA,0.464439332485199,0.16308090456552338,0.0
BR.PB,0.4458622634410858,0.05720594350885436,0.0
BR.PR,0.6495392918586731,0.25028782298946695,0.0
BR.PE,0.4458622634410858,0.18011381057240888,0.0
BR.PI,0.3539506196975708,0.022082138008384756,0.0
BR.RJ,0.30243706703186035,0.04195535959885082,0.0
BR.RN,0.43556252121925354,0.07608292356909103,0.0
BR.RS,0.7801567316055298,0.21264167628825253,0.0
BR.RO,0.4440227150917053,0.1134525550923977,0.0
BR.RR,0.4457939565181732,0.11759685662799868,0.0
BR.SC,0.7014679312705994,0.013390998964508375,0.0
BR.SP,0.46959614753723145,0.1312309824083708,0.0
BR.SE,0.39985817670822144,0.12905947804377624,0.0
BR.TO,0.402692973613739,0.13885449406270886,0.0
