HASC_1,Max,Mean,Min
BR.AC,0.37574607133865356,0.01743058185999033,0.0
BR.AL,0.42421644926071167,0.12582930198942238,0.0
BR.AP,0.31901800632476807,0.04989503127779632,0.0
BR.AM,0.46220800280570984,0.12441220120888112,0.0
BR.BA,0.44232532382011414,0.09483624986736638,0.0
BR.CE,0.4422153830528259,0.18816233305286625,0.0
BR.DF,0.28609710931777954,0.11005413892368475,0.0
BR.ES,0.42064279317855835,0.022871687566808793,0.0
BR.GO,0.4112856388092041,0.1102867551589517,0.0
BR.MA,0.41378363966941833,0.0425479146152643,0.0
BR.MT,0.4586464464664459,0.1664461369033564,0.0
BR.MS,0.5236350297927856,0.19416299806586626,0.0
BR.MG,0.38613906502723694,0.03593425346511851,0.0
BR.PA,0.4627233147621155,0.13400759225518835,0.0
BR.PB,0.41956692934036255,0.0522148739272619,0.0
BR.PR,0.4622265696525574,0.19622575918618085,0.0
BR.PE,0.4308403730392456,0.170202710529705,0.0
BR.PI,0.4422153830528259,0.07891844811158191,0.0
BR.RJ,0.06396880745887756,0.00034207918427207255,0.0
BR.RN,0.4117470383644104,0.05351891713051577,0.0
BR.RS,0.7711790204048157,0.21246155161581992,0.0
BR.RO,0.43805718421936035,0.1382193271711003,0.0
BR.RR,0.4521462619304657,0.10351807998172168,0.0
BR.SC,0.4566698372364044,0.01075660685848708,0.0
BR.SP,0.4616010785102844,0.09797206482233574,0.0
BR.SE,0.4194610118865967,0.19200734607875347,0.0
BR.TO,0.3123427629470825,0.03812163489136577,0.0
