HASC_1,Max,Mean,Min
BR.AC,0.44163405895233154,0.11569482956958167,0.0
BR.AL,0.3593904972076416,0.12693607377318236,0.0
BR.AP,0.4456608295440674,0.11565818586918239,0.0
BR.AM,0.46292591094970703,0.13845586290998058,0.0
BR.BA,0.4583151936531067,0.15338947154262936,0.0
BR.CE,0.4522952437400818,0.18397196367675184,0.0
BR.DF,0.42090415954589844,0.17321960987367976,0.0
BR.ES,0.5069736838340759,0.0352002204963996,0.0
BR.GO,0.44544899463653564,0.11122853671242594,0.0
BR.MA,0.44105419516563416,0.09748784195084105,0.0
BR.MT,0.37244755029678345,0.06374018354419579,0.0
BR.MS,0.30691516399383545,0.03947246133441998,0.0
BR.MG,0.5069736838340759,0.14451373914868743,0.0
BR.PA,0.446425199508667,0.0973410287679551,0.0
BR.PB,0.39517179131507874,0.05648039052842044,0.0
BR.PR,0.35797810554504395,0.012439866434612305,0.0
BR.PE,0.45096585154533386,0.1916254614728959,0.0
BR.PI,0.464237242937088,0.1267090126719621,0.0
BR.RJ,0.5068227052688599,0.16799129203041607,0.0
BR.RN,0.3672204613685608,0.06550250552903265,0.0
BR.RS,0.33369022607803345,0.04691586975561189,0.0
BR.RO,0.45774561166763306,0.14769958018528662,0.0
BR.RR,0.3323356509208679,0.07078570575908741,0.0
BR.SC,0.326790452003479,0.0003667703622612853,0.0
BR.SP,0.4478349983692169,0.0848142750524791,0.0
BR.SE,0.3803490400314331,0.17771283143924343,0.0
BR.TO,0.44783326983451843,0.1620869163764045,0.0
