HASC_1,Max,Mean,Min
BR.AC,0.29004213213920593,0.019522943849191433,0.0
BR.AL,0.4467319846153259,0.15346389973106292,0.0
BR.AP,0.3918783366680145,0.10823524906830265,0.0
BR.AM,0.4456864595413208,0.11370901370258638,0.0
BR.BA,0.4467319846153259,0.06727733425171084,0.0
BR.CE,0.44640034437179565,0.15619083161375744,0.0
BR.DF,0.28464043140411377,0.20232680439949036,0.0
BR.ES,0.3750777840614319,0.00430541578241889,0.0
BR.GO,0.4605233371257782,0.14227814797324453,0.0
BR.MA,0.3674834072589874,0.013510640900467033,0.0
BR.MT,0.4566601514816284,0.16550491567488537,0.0
BR.MS,0.5220510363578796,0.19941874202126744,0.0
BR.MG,0.41025310754776,0.047326124588273934,0.0
BR.PA,0.4659990966320038,0.15652404876055281,0.0
BR.PB,0.42516380548477173,0.059263985478827934,0.0
BR.PR,0.5966297388076782,0.2231835012764453,0.0
BR.PE,0.44105303287506104,0.18703931556052122,0.0
BR.PI,0.39452964067459106,0.0641370216518427,0.0
BR.RJ,0.2576521039009094,0.006411595459290367,0.0
BR.RN,0.4218638837337494,0.07111024689039536,0.0
BR.RS,0.7781829833984375,0.2291284988669043,0.0
BR.RO,0.4451756477355957,0.13673921574019035,0.0
BR.RR,0.41819489002227783,0.09523997116191633,0.0
BR.SC,0.60015469789505,0.012131329957734454,0.0
BR.SP,0.45015162229537964,0.11969123541183548,0.0
BR.SE,0.4467319846153259,0.2030778406187892,0.0
BR.TO,0.36976712942123413,0.09281260801801401,0.0
