HASC_1,Max,Mean,Min
BR.AC,0.4504624009132385,0.11837207164396257,0.0
BR.AL,0.2788081467151642,0.05246618713359707,0.0
BR.AP,0.4300673007965088,0.11296447963448045,0.0
BR.AM,0.45720165967941284,0.10586805366856455,0.0
BR.BA,0.4572460353374481,0.15056450148848327,0.0
BR.CE,0.35201454162597656,0.14440114956697403,0.0
BR.DF,0.390678733587265,0.25709840655326843,0.0
BR.ES,0.44955554604530334,0.033862576730036446,0.0
BR.GO,0.4464987814426422,0.15060543098535326,0.0
BR.MA,0.4582287073135376,0.12788892340104344,0.0
BR.MT,0.4369887113571167,0.06455059354198012,0.0
BR.MS,0.40269601345062256,0.04058492501343576,0.0
BR.MG,0.517742931842804,0.15806607268059275,0.0
BR.PA,0.4494512379169464,0.14278862152067243,0.0
BR.PB,0.40045759081840515,0.0229877081076077,0.0
BR.PR,0.4168224334716797,0.11028608747439414,0.0
BR.PE,0.3674349784851074,0.11425335095638894,0.0
BR.PI,0.4578971266746521,0.14074647347526173,0.0
BR.RJ,0.5162577629089355,0.16833003853412873,0.0
BR.RN,0.2843262255191803,0.01526742326591671,0.0
BR.RS,0.36875924468040466,0.01605225946661712,0.0
BR.RO,0.3629228472709656,0.10639600401846737,0.0
BR.RR,0.28658798336982727,0.0034920013663840704,0.0
BR.SC,0.401353657245636,0.0069622728245502166,0.0
BR.SP,0.48868897557258606,0.12551022929873973,0.0
BR.SE,0.2919885218143463,0.14122549588015923,0.0
BR.TO,0.42493972182273865,0.1282268340571546,0.0
