HASC_1,Max,Mean,Min
BR.AC,0.43477222323417664,0.11458164115576401,0.0
BR.AL,0.4307330250740051,0.1599950513157707,0.0
BR.AP,0.3280881643295288,0.01968988646920886,0.0
BR.AM,0.46869006752967834,0.1541192825147196,0.0
BR.BA,0.4435749351978302,0.1378025939509682,0.0
BR.CE,0.43554094433784485,0.1353055615739829,0.0
BR.DF,0.0,0.0,0.0
BR.ES,0.44055479764938354,0.03486803889087161,0.0
BR.GO,0.35906657576560974,0.027206515834894706,0.0
BR.MA,0.44308212399482727,0.11594114103462795,0.0
BR.MT,0.45879441499710083,0.13145065357558122,0.0
BR.MS,0.4421811103820801,0.15520190473902842,0.0
BR.MG,0.44956979155540466,0.09500094070704394,0.0
BR.PA,0.41383910179138184,0.07318724770919653,0.0
BR.PB,0.45765411853790283,0.0715065342569802,0.0
BR.PR,0.3545546531677246,0.11749995729332072,0.0
BR.PE,0.45765411853790283,0.18003983098109072,0.0
BR.PI,0.4434733986854553,0.11353026305088926,0.0
BR.RJ,0.43603968620300293,0.11243290528076089,0.0
BR.RN,0.4543205499649048,0.0877421027898083,0.0
BR.RS,0.4375723898410797,0.13541200049597807,0.0
BR.RO,0.45811381936073303,0.13314675588171457,0.0
BR.RR,0.45894908905029297,0.14053227643514501,0.0
BR.SC,0.3701091706752777,0.0059781056720848115,0.0
BR.SP,0.34687045216560364,0.01623918210088647,0.0
BR.SE,0.44125035405158997,0.18855498058514464,0.0
BR.TO,0.38663339614868164,0.07991450532208368,0.0
