HASC_1,Max,Mean,Min
BR.AC,0.4486193358898163,0.1122905406699169,0.0
BR.AL,0.30132967233657837,0.11247697448393759,0.0
BR.AP,0.44270551204681396,0.12972561299123458,0.0
BR.AM,0.46246492862701416,0.1228387134327614,0.0
BR.BA,0.45853954553604126,0.15176324511167447,0.0
BR.CE,0.41487449407577515,0.16266210832181766,0.0
BR.DF,0.4244697690010071,0.25083230435848236,0.0
BR.ES,0.45730385184288025,0.03468470645588149,0.0
BR.GO,0.4476304352283478,0.1413672239702055,0.0
BR.MA,0.45565760135650635,0.109691834758406,0.0
BR.MT,0.4241088032722473,0.05676455769069055,0.0
BR.MS,0.3800339102745056,0.01750589119131281,0.0
BR.MG,0.5203258991241455,0.15503819311241668,0.0
BR.PA,0.4430178999900818,0.1202667068836194,0.0
BR.PB,0.4221608638763428,0.04509832744463151,0.0
BR.PR,0.4122663736343384,0.059677492850966574,0.0
BR.PE,0.41487449407577515,0.15969778062323484,0.0
BR.PI,0.46065178513526917,0.13760115064518608,0.0
BR.RJ,0.5092289447784424,0.1732746110482012,0.0
BR.RN,0.33513134717941284,0.04635974550454398,0.0
BR.RS,0.29604077339172363,0.016580960010457994,0.0
BR.RO,0.4463655650615692,0.13322889073698344,0.0
BR.RR,0.29156267642974854,0.02931683103206712,0.0
BR.SC,0.379626989364624,0.0036878950516502943,0.0
BR.SP,0.45969563722610474,0.1104076907213936,0.0
BR.SE,0.3522832691669464,0.15764032324983013,0.0
BR.TO,0.44729185104370117,0.15419731382296892,0.0
