HASC_1,Max,Mean,Min
BR.AC,0.45593583583831787,0.13055065673063784,0.0
BR.AL,0.24614614248275757,0.029218949687604506,0.0
BR.AP,0.45985326170921326,0.1320192701613249,0.0
BR.AM,0.4401189088821411,0.08696765246422808,0.0
BR.BA,0.44912853837013245,0.08231059899275064,0.0
BR.CE,0.0,0.0,0.0
BR.DF,0.4471920430660248,0.2851560483376185,0.0
BR.ES,0.43680721521377563,0.026471070439185736,0.0
BR.GO,0.48856741189956665,0.16438072774812032,0.0
BR.MA,0.4551783502101898,0.10989505643052085,0.0
BR.MT,0.44633516669273376,0.1398014347792128,0.0
BR.MS,0.4498603940010071,0.1576840618473596,0.0
BR.MG,0.5247032046318054,0.1471080334254221,0.0
BR.PA,0.4672267735004425,0.1609797286368708,0.0
BR.PB,0.3376864790916443,0.024532100202138106,0.0
BR.PR,0.6398857831954956,0.21020144651796616,0.0
BR.PE,0.3376864790916443,0.03833532982904449,0.0
BR.PI,0.4025444984436035,0.07724526980171299,0.0
BR.RJ,0.42756107449531555,0.13233942781540162,0.0
BR.RN,0.41801583766937256,0.038024951871236536,0.0
BR.RS,0.513343870639801,0.11377421001677725,0.0
BR.RO,0.33058542013168335,0.006839662434403777,0.0
BR.RR,0.4443064332008362,0.10332599641521656,0.0
BR.SC,0.6870521306991577,0.012754839404573054,0.0
BR.SP,0.581020712852478,0.15708409744214685,0.0
BR.SE,0.0,0.0,0.0
BR.TO,0.45646217465400696,0.17862603268703492,0.0
