HASC_1,Max,Mean,Min
BR.AC,0.4586993455886841,0.1295962258589034,0.0
BR.AL,0.24476632475852966,0.0313317648204667,0.0
BR.AP,0.46210935711860657,0.13275922846442423,0.0
BR.AM,0.45126694440841675,0.08657487309754251,0.0
BR.BA,0.4359152019023895,0.08100915068046705,0.0
BR.CE,0.0,0.0,0.0
BR.DF,0.44579002261161804,0.28362231254577636,0.0
BR.ES,0.3996652662754059,0.026270961442833425,0.0
BR.GO,0.501579761505127,0.16427398865858095,0.0
BR.MA,0.45454519987106323,0.10946514630882904,0.0
BR.MT,0.44802480936050415,0.1406326150445237,0.0
BR.MS,0.44840049743652344,0.15846680887458342,0.0
BR.MG,0.5183918476104736,0.1450855368846726,0.0
BR.PA,0.4592949450016022,0.16132729697086165,0.0
BR.PB,0.3551369309425354,0.025185957003165695,0.0
BR.PR,0.6152083873748779,0.21157094516917202,0.0
BR.PE,0.31880202889442444,0.039072638776137994,0.0
BR.PI,0.3849893808364868,0.0755946465251048,0.0
BR.RJ,0.4127552807331085,0.13098932149257253,0.0
BR.RN,0.41354021430015564,0.03877269156062259,0.0
BR.RS,0.5182957053184509,0.1147427911747266,0.0
BR.RO,0.30672842264175415,0.006856117335848872,0.0
BR.RR,0.4460979104042053,0.10460636777717998,0.0
BR.SC,0.6893137693405151,0.012935312702837917,0.0
BR.SP,0.5689772367477417,0.1567424162114103,0.0
BR.SE,0.0,0.0,0.0
BR.TO,0.4606199562549591,0.17829573534282983,0.0
