HASC_1,Max,Mean,Min
BR.AC,0.45520514249801636,0.14155848559503462,0.0
BR.AL,0.0,0.0,0.0
BR.AP,0.4445125460624695,0.1002947560224227,0.0
BR.AM,0.461494117975235,0.0914705435298024,0.0
BR.BA,0.4562358856201172,0.11642622740085866,0.0
BR.CE,0.28835275769233704,0.018255459387324938,0.0
BR.DF,0.41465482115745544,0.2410518318414688,0.0
BR.ES,0.3830406665802002,0.02710213506559156,0.0
BR.GO,0.4887261986732483,0.1605006848172895,0.0
BR.MA,0.45652449131011963,0.12436706844561762,0.0
BR.MT,0.4455246925354004,0.11739797925089752,0.0
BR.MS,0.4498347043991089,0.12498340423666503,0.0
BR.MG,0.514646589756012,0.15448635826697169,0.0
BR.PA,0.4615649878978729,0.15731510934412785,0.0
BR.PB,0.28048861026763916,0.005783558474273882,0.0
BR.PR,0.5011880397796631,0.18362416895164768,0.0
BR.PE,0.28579580783843994,0.030175338540179033,0.0
BR.PI,0.4500976800918579,0.11794811460996985,0.0
BR.RJ,0.45990490913391113,0.1462418430629261,0.0
BR.RN,0.3192555904388428,0.008007089877273811,0.0
BR.RS,0.4451395273208618,0.0785293446828042,0.0
BR.RO,0.28985756635665894,0.023645673758521255,0.0
BR.RR,0.4026591181755066,0.019934922478980675,0.0
BR.SC,0.49674785137176514,0.010563786666755942,0.0
BR.SP,0.5276582837104797,0.15389307651667988,0.0
BR.SE,0.0,0.0,0.0
BR.TO,0.4549572765827179,0.16564926310737177,0.0
