HASC_1,Max,Mean,Min
BR.AC,0.45748230814933777,0.12984098175577088,0.0
BR.AL,0.35389935970306396,0.03792945433479662,0.0
BR.AP,0.46409425139427185,0.13186813771385336,0.0
BR.AM,0.45748230814933777,0.08739273193607247,0.0
BR.BA,0.43887490034103394,0.0814935080756856,0.0
BR.CE,0.0,0.0,0.0
BR.DF,0.415458083152771,0.2690384969115257,0.0
BR.ES,0.429002046585083,0.025809231475464205,0.0
BR.GO,0.48488885164260864,0.16410829140923844,0.0
BR.MA,0.4366915822029114,0.10959878695043591,0.0
BR.MT,0.4429011344909668,0.1404656787440971,0.0
BR.MS,0.4536394476890564,0.1580985819087215,0.0
BR.MG,0.5182589292526245,0.14673558219756644,0.0
BR.PA,0.4591805934906006,0.1613256938732444,0.0
BR.PB,0.38094013929367065,0.025323910687603996,0.0
BR.PR,0.6205121874809265,0.21188730346662862,0.0
BR.PE,0.38094013929367065,0.03980737948721206,0.0
BR.PI,0.38163748383522034,0.07532184064963504,0.0
BR.RJ,0.45696818828582764,0.1311110317069579,0.0
BR.RN,0.4182560443878174,0.03844628219611387,0.0
BR.RS,0.5039912462234497,0.11502521668649356,0.0
BR.RO,0.27963316440582275,0.006262299410855644,0.0
BR.RR,0.43968331813812256,0.10455719694932511,0.0
BR.SC,0.6985118985176086,0.012939862491788738,0.0
BR.SP,0.5520678758621216,0.1581818292714502,0.0
BR.SE,0.0,0.0,0.0
BR.TO,0.4606511890888214,0.1787255375909538,0.0
