HASC_1,Max,Mean,Min
BR.AC,0.2875990867614746,0.01937037673822345,0.0
BR.AL,0.439572811126709,0.15855211198616487,0.0
BR.AP,0.39057400822639465,0.11072999285244793,0.0
BR.AM,0.4578070044517517,0.11400557454563416,0.0
BR.BA,0.44034862518310547,0.06887218238251808,0.0
BR.CE,0.43971267342567444,0.15555366050489983,0.0
BR.DF,0.30440565943717957,0.19903248449166616,0.0
BR.ES,0.4193485975265503,0.00538454682926088,0.0
BR.GO,0.4493807554244995,0.1401252106635741,0.0
BR.MA,0.3236831724643707,0.013177592997567981,0.0
BR.MT,0.4591103196144104,0.16549578302213833,0.0
BR.MS,0.5369926691055298,0.19595652627705157,0.0
BR.MG,0.43910491466522217,0.046066807016485,0.0
BR.PA,0.4622707962989807,0.15558344986124983,0.0
BR.PB,0.42244094610214233,0.060630086214602495,0.0
BR.PR,0.6002746820449829,0.2271822333206019,0.0
BR.PE,0.4361203908920288,0.18286557751824506,0.0
BR.PI,0.40164458751678467,0.06554071899995331,0.0
BR.RJ,0.25323137640953064,0.007476577125639121,0.0
BR.RN,0.4220370650291443,0.07346437040429848,0.0
BR.RS,0.7704519629478455,0.22915290775484123,0.0
BR.RO,0.44136351346969604,0.13665992839035415,0.0
BR.RR,0.4226675033569336,0.09509254442977494,0.0
BR.SC,0.5911659002304077,0.011971389733330168,0.0
BR.SP,0.45413678884506226,0.11692197907697921,0.0
BR.SE,0.44198065996170044,0.20209712462706697,0.0
BR.TO,0.3502369523048401,0.09031280601939776,0.0
