HASC_1,Max,Mean,Min
BR.AC,0.43443456292152405,0.11241441766854704,0.0
BR.AL,0.39541417360305786,0.11889449253570862,0.0
BR.AP,0.4651736915111542,0.14211608986244934,0.0
BR.AM,0.44104158878326416,0.08875744945966343,0.0
BR.BA,0.377095103263855,0.04968994717484006,0.0
BR.CE,0.3512115478515625,0.025162108490696805,0.0
BR.DF,0.4487341046333313,0.301933690905571,0.0
BR.ES,0.41155630350112915,0.012144170015019442,0.0
BR.GO,0.5170658826828003,0.17110914040825126,0.0
BR.MA,0.3964737057685852,0.08315589680931064,0.0
BR.MT,0.44370031356811523,0.1556908671979878,0.0
BR.MS,0.5170658826828003,0.16792228813925855,0.0
BR.MG,0.5169164538383484,0.1294589688756308,0.0
BR.PA,0.4651736915111542,0.16046779974733183,0.0
BR.PB,0.37638235092163086,0.044217894915083676,0.0
BR.PR,0.6595798134803772,0.25092310739847506,0.0
BR.PE,0.408782422542572,0.08022490104968587,0.0
BR.PI,0.32127508521080017,0.04335465491782958,0.0
BR.RJ,0.3538086712360382,0.11845044070546003,0.0
BR.RN,0.4206264019012451,0.06137377323604123,0.0
BR.RS,0.6863225102424622,0.14264601309377153,0.0
BR.RO,0.3888782858848572,0.039045305389726274,0.0
BR.RR,0.4396067261695862,0.12277991825128616,0.0
BR.SC,0.6904386281967163,0.016054139779974715,0.0
BR.SP,0.5509397983551025,0.15048051865460263,0.0
BR.SE,0.3246297240257263,0.06116904401116901,0.0
BR.TO,0.45880579948425293,0.17332382261210463,0.0
