HASC_1,Max,Mean,Min
BR.AC,0.4339141845703125,0.11607513325106279,0.0
BR.AL,0.3657386302947998,0.1294277086137579,0.0
BR.AP,0.44706329703330994,0.11872867248190688,0.0
BR.AM,0.4673842787742615,0.1368415319072922,0.0
BR.BA,0.4592575132846832,0.1525562451380354,0.0
BR.CE,0.44893449544906616,0.18358546553873548,0.0
BR.DF,0.4005187153816223,0.19236947322885195,0.0
BR.ES,0.4986596405506134,0.03466639006100361,0.0
BR.GO,0.4418994188308716,0.11329112791975794,0.0
BR.MA,0.44837334752082825,0.09825075701548432,0.0
BR.MT,0.4007030725479126,0.06348592622289043,0.0
BR.MS,0.2958011329174042,0.03787072877202127,0.0
BR.MG,0.5099071860313416,0.14467058458919915,0.0
BR.PA,0.4433176517486572,0.09788396869909807,0.0
BR.PB,0.3684307336807251,0.05518861357592234,0.0
BR.PR,0.3279852867126465,0.01301975166579188,0.0
BR.PE,0.4546389579772949,0.19782809361263556,0.0
BR.PI,0.45842522382736206,0.1265141334994446,0.0
BR.RJ,0.5192768573760986,0.1634308619295212,0.0
BR.RN,0.3627204895019531,0.06491382226083406,0.0
BR.RS,0.33770692348480225,0.04535804617693905,0.0
BR.RO,0.45619696378707886,0.14614764108568773,0.0
BR.RR,0.3203479051589966,0.06822054957392915,0.0
BR.SC,0.2995065450668335,0.0003615339384461292,0.0
BR.SP,0.4405249357223511,0.08496458568842104,0.0
BR.SE,0.4135964512825012,0.17926273970968193,0.0
BR.TO,0.4464654326438904,0.16043925016719968,0.0
