HASC_1,Max,Mean,Min
BR.AC,0.44199609756469727,0.11382459863753848,0.0
BR.AL,0.43783265352249146,0.15299545880407095,0.0
BR.AP,0.3527432084083557,0.018107360577690183,0.0
BR.AM,0.4651733636856079,0.1542529656357819,0.0
BR.BA,0.4468565881252289,0.1379937139393214,0.0
BR.CE,0.4294300079345703,0.1334286610379356,0.0
BR.DF,0.0,0.0,0.0
BR.ES,0.4455277919769287,0.035065857841158815,0.0
BR.GO,0.3666836619377136,0.02645913040829,0.0
BR.MA,0.4433136582374573,0.11628873745952471,0.0
BR.MT,0.4577696919441223,0.1311429853107946,0.0
BR.MS,0.44755804538726807,0.15485394597692473,0.0
BR.MG,0.44928058981895447,0.09488350638014748,0.0
BR.PA,0.4420354664325714,0.07309540674258902,0.0
BR.PB,0.46116334199905396,0.07076238058194392,0.0
BR.PR,0.3703385889530182,0.1161501815776931,0.0
BR.PE,0.46116334199905396,0.18326444407242806,0.0
BR.PI,0.4403267502784729,0.1142727889722306,0.0
BR.RJ,0.44545042514801025,0.11145309617853474,0.0
BR.RN,0.45603692531585693,0.08630482257294232,0.0
BR.RS,0.4543457627296448,0.13597891396946377,0.0
BR.RO,0.4478597939014435,0.1330140610680455,0.0
BR.RR,0.4692292809486389,0.13999615903558402,0.0
BR.SC,0.380837619304657,0.006015456351874904,0.0
BR.SP,0.3612637519836426,0.016139751431873923,0.0
BR.SE,0.43927356600761414,0.18853906966331932,0.0
BR.TO,0.3769369125366211,0.08051077912069421,0.0
