HASC_1,Max,Mean,Min
BR.AC,0.45142048597335815,0.12982585364404847,0.0
BR.AL,0.3272269666194916,0.03521642058442991,0.0
BR.AP,0.4625074565410614,0.1321906854184518,0.0
BR.AM,0.4513384699821472,0.08751440261914949,0.0
BR.BA,0.4513508081436157,0.0826193524628599,0.0
BR.CE,0.0,0.0,0.0
BR.DF,0.41354677081108093,0.2629844531416893,0.0
BR.ES,0.3994245231151581,0.026138330546190153,0.0
BR.GO,0.4822932779788971,0.16398469748201305,0.0
BR.MA,0.44871699810028076,0.11006651616599512,0.0
BR.MT,0.4475419819355011,0.14023474392951601,0.0
BR.MS,0.45601892471313477,0.1574654031594115,0.0
BR.MG,0.505815863609314,0.14689249670749377,0.0
BR.PA,0.46337077021598816,0.1615900041956339,0.0
BR.PB,0.38800448179244995,0.024853534983302773,0.0
BR.PR,0.6366854906082153,0.2111788568471993,0.0
BR.PE,0.38800448179244995,0.03868783128264824,0.0
BR.PI,0.3752599358558655,0.07619248435165926,0.0
BR.RJ,0.4540655314922333,0.13066991741325765,0.0
BR.RN,0.41535696387290955,0.037443331718312566,0.0
BR.RS,0.506385326385498,0.11428316323489537,0.0
BR.RO,0.2721974551677704,0.0059918077781678705,0.0
BR.RR,0.4432689845561981,0.10365357285460583,0.0
BR.SC,0.7007499933242798,0.012846582101153832,0.0
BR.SP,0.5516923069953918,0.15866529909165009,0.0
BR.SE,0.0,0.0,0.0
BR.TO,0.45730894804000854,0.1784778615611107,0.0
