HASC_1,Max,Mean,Min
BR.AC,0.4408886432647705,0.11445633811426174,0.0
BR.AL,0.4574638605117798,0.16569691581221727,0.0
BR.AP,0.3204907178878784,0.01691927193405153,0.0
BR.AM,0.4601686894893646,0.15429093348136128,0.0
BR.BA,0.4457189738750458,0.1383628183165504,0.0
BR.CE,0.44309377670288086,0.13602107498763488,0.0
BR.DF,0.0,0.0,0.0
BR.ES,0.44452527165412903,0.03566819989831193,0.0
BR.GO,0.35625797510147095,0.026559760598118754,0.0
BR.MA,0.44484710693359375,0.11589233868077117,0.0
BR.MT,0.4601686894893646,0.13100187235155614,0.0
BR.MS,0.4450863003730774,0.15501971134551984,0.0
BR.MG,0.4451367259025574,0.09446925122375138,0.0
BR.PA,0.43391281366348267,0.07273868204396391,0.0
BR.PB,0.45329439640045166,0.06816501351965576,0.0
BR.PR,0.3508169949054718,0.11821169331317265,0.0
BR.PE,0.4574638605117798,0.1862218995260481,0.0
BR.PI,0.4420046806335449,0.11474694803413993,0.0
BR.RJ,0.44452527165412903,0.11345812695737141,0.0
BR.RN,0.456463098526001,0.08953335191283,0.0
BR.RS,0.4821068346500397,0.13631962341759207,0.0
BR.RO,0.4546370804309845,0.13351370369073476,0.0
BR.RR,0.46392127871513367,0.14059316747147463,0.0
BR.SC,0.36771494150161743,0.006025550470104196,0.0
BR.SP,0.35553401708602905,0.016797504828682325,0.0
BR.SE,0.4477255940437317,0.1933993390864796,0.0
BR.TO,0.3987329602241516,0.0804188762864222,0.0
