HASC_1,Max,Mean,Min
BR.AC,0.31955090165138245,0.04774448568110957,0.0
BR.AL,0.43520522117614746,0.13278557746245775,0.0
BR.AP,0.4289701581001282,0.12267351452855096,0.0
BR.AM,0.44307851791381836,0.09957522596277346,0.0
BR.BA,0.39836573600769043,0.047103160770754916,0.0
BR.CE,0.4335940480232239,0.15459223032324035,0.0
BR.DF,0.3105586767196655,0.21081537306308745,0.0
BR.ES,0.48863857984542847,0.0016164158875087522,0.0
BR.GO,0.4558858871459961,0.15861941237537164,0.0
BR.MA,0.2892838716506958,0.020841267148243654,0.0
BR.MT,0.4573727250099182,0.16864691403058557,0.0
BR.MS,0.5178537368774414,0.19674328395176208,0.0
BR.MG,0.4266212582588196,0.07242965755095794,0.0
BR.PA,0.46232205629348755,0.16290689913497508,0.0
BR.PB,0.4377649426460266,0.05697150619313152,0.0
BR.PR,0.6715530753135681,0.25050415585633196,0.0
BR.PE,0.4377649426460266,0.17968692166380199,0.0
BR.PI,0.3546436131000519,0.022462578790644637,0.0
BR.RJ,0.29358869791030884,0.040642133973698244,0.0
BR.RN,0.4201366901397705,0.07585114317384035,0.0
BR.RS,0.773649275302887,0.21237776452043017,0.0
BR.RO,0.437126100063324,0.11325933890961078,0.0
BR.RR,0.4407581090927124,0.11745662206719662,0.0
BR.SC,0.7019606828689575,0.013451830744743347,0.0
BR.SP,0.4531308114528656,0.13171202339896895,0.0
BR.SE,0.3977208137512207,0.12725259144048728,0.0
BR.TO,0.40268564224243164,0.13871358296408706,0.0
