HASC_1,Max,Mean,Min
BR.AC,0.4556427597999573,0.1293969728929155,0.0
BR.AL,0.30040180683135986,0.031210543395830497,0.0
BR.AP,0.46992430090904236,0.13224674051330573,0.0
BR.AM,0.4556427597999573,0.08741423904422253,0.0
BR.BA,0.43944302201271057,0.08227790651962048,0.0
BR.CE,0.0,0.0,0.0
BR.DF,0.42893362045288086,0.26006686786810557,0.0
BR.ES,0.3841329514980316,0.02635867085846715,0.0
BR.GO,0.48304611444473267,0.16416400527629227,0.0
BR.MA,0.44008907675743103,0.11002144028268714,0.0
BR.MT,0.4433826506137848,0.14010302313477171,0.0
BR.MS,0.4494301378726959,0.15750134984295094,0.0
BR.MG,0.516960620880127,0.1462830479328795,0.0
BR.PA,0.4635218381881714,0.16143765600663673,0.0
BR.PB,0.3636321425437927,0.02492603657868918,0.0
BR.PR,0.6306503415107727,0.20604451093245713,0.0
BR.PE,0.3636321425437927,0.03777216785441732,0.0
BR.PI,0.3868199586868286,0.07647104912852544,0.0
BR.RJ,0.42372506856918335,0.13016871864942306,0.0
BR.RN,0.4128965139389038,0.037427848338606885,0.0
BR.RS,0.515923261642456,0.11349638282583806,0.0
BR.RO,0.28638917207717896,0.005945578437457771,0.0
BR.RR,0.4375624656677246,0.1028604907926437,0.0
BR.SC,0.694176971912384,0.012071311228451169,0.0
BR.SP,0.5614744424819946,0.15779618508005577,0.0
BR.SE,0.0,0.0,0.0
BR.TO,0.45861998200416565,0.1783610937767336,0.0
