HASC_1,Max,Mean,Min
BR.AC,0.43765562772750854,0.11645406866263525,0.0
BR.AL,0.3513740301132202,0.13038774243054482,0.0
BR.AP,0.4421079456806183,0.11834971860420275,0.0
BR.AM,0.4662044942378998,0.13764952870212735,0.0
BR.BA,0.45862796902656555,0.15252457391593213,0.0
BR.CE,0.44956475496292114,0.1837872227116459,0.0
BR.DF,0.391918420791626,0.18519305728065472,0.0
BR.ES,0.5210399627685547,0.036017523284228345,0.0
BR.GO,0.4458986222743988,0.11261223000095504,0.0
BR.MA,0.4473191797733307,0.09832978050499992,0.0
BR.MT,0.4050394892692566,0.06347188051821298,0.0
BR.MS,0.290770947933197,0.03828950698966503,0.0
BR.MG,0.4982203245162964,0.14512881672088981,0.0
BR.PA,0.44472503662109375,0.09750507929737913,0.0
BR.PB,0.3649691939353943,0.055405275489227114,0.0
BR.PR,0.34186989068984985,0.012356041790613162,0.0
BR.PE,0.45634013414382935,0.19767812427915174,0.0
BR.PI,0.4617639183998108,0.1261706142221837,0.0
BR.RJ,0.5210399627685547,0.16674238351736476,0.0
BR.RN,0.3649691939353943,0.06487736372640852,0.0
BR.RS,0.3357357978820801,0.04573207956505678,0.0
BR.RO,0.454942911863327,0.14622154553560004,0.0
BR.RR,0.3205341696739197,0.06937757034076514,0.0
BR.SC,0.2832484841346741,0.00031020039718538154,0.0
BR.SP,0.4439736008644104,0.08469381527054136,0.0
BR.SE,0.4050599932670593,0.17939263892670473,0.0
BR.TO,0.4448068141937256,0.16060031430161292,0.0
