HASC_1,Max,Mean,Min
BR.AC,0.4548739194869995,0.1369261156146725,0.0
BR.AL,0.014197001233696938,0.00013650962724708594,0.0
BR.AP,0.40646061301231384,0.08368119782542591,0.0
BR.AM,0.461313396692276,0.09779771963783379,0.0
BR.BA,0.45658737421035767,0.14231453443246306,0.0
BR.CE,0.297249972820282,0.09234928491194204,0.0
BR.DF,0.2445579320192337,0.19095729490121205,0.0
BR.ES,0.40107232332229614,0.030845205945038947,0.0
BR.GO,0.4376786947250366,0.15260634634253725,0.0
BR.MA,0.45631080865859985,0.13345874213155515,0.0
BR.MT,0.44340240955352783,0.09084524729363794,0.0
BR.MS,0.416713148355484,0.07811366500233932,0.0
BR.MG,0.5242976546287537,0.15987088255908177,0.0
BR.PA,0.4570288062095642,0.1551384190532573,0.0
BR.PB,0.3472682237625122,0.0033101632471094614,0.0
BR.PR,0.44626492261886597,0.15760624832801928,0.0
BR.PE,0.3134443461894989,0.06844114660143608,0.0
BR.PI,0.4545844495296478,0.12975405554865937,0.0
BR.RJ,0.5068747401237488,0.15816521923491025,0.0
BR.RN,0.20300447940826416,0.0011595049817886578,0.0
BR.RS,0.4057753384113312,0.04364932821875419,0.0
BR.RO,0.3185439109802246,0.061011454322344914,0.0
BR.RR,0.33465710282325745,0.02511300486737284,0.0
BR.SC,0.4493083357810974,0.008647417657877228,0.0
BR.SP,0.5080629587173462,0.14242484313719564,0.0
BR.SE,0.20214277505874634,0.013906574478217712,0.0
BR.TO,0.45182403922080994,0.1406053554538001,0.0
