HASC_1,Max,Mean,Min
IT.AB,2802821032312832.0,903776163244714.6,0.0
IT.SD,2552992448380928.0,402879623974010.4,0.0
IT.PU,1491109834391552.0,456063186685132.8,0.0
IT.LB,1750701952729088.0,485671377279005.7,0.0
IT.CM,3001225435938816.0,771001108128446.1,0.0
IT.ER,7788966677839872.0,1225184641370030.0,0.0
IT.FV,4317141406842880.0,2007737135761287.5,0.0
IT.LZ,2280590053212160.0,636828692978801.8,0.0
IT.LG,1161519010152448.0,282767075550964.9,0.0
IT.LM,1.0599240552153088e+16,2408881238550650.5,0.0
IT.MH,3703118923563008.0,1054516150734935.1,0.0
IT.ML,2547225649479680.0,1050122229804877.9,0.0
IT.PM,2785164153323520.0,684406679658270.5,0.0
IT.SC,1355440810098688.0,459259394461969.06,0.0
IT.TT,2160998567903232.0,338454937369418.5,0.0
IT.TC,3703118923563008.0,759172992064688.5,0.0
IT.BC,1.0400270823456768e+16,2022776308350678.0,0.0
IT.UM,3703118923563008.0,1023047420672449.5,0.0
IT.VB,1295534337818624.0,351988854991530.7,0.0
IT.VN,1.0599240552153088e+16,2230617423239109.5,0.0
