HASC_1,Max,Mean,Min
IT.AB,0.0,0.0,0.0
IT.SD,0.0,0.0,0.0
IT.PU,0.0,0.0,0.0
IT.LB,0.0,0.0,0.0
IT.CM,0.0,0.0,0.0
IT.ER,1.1000101661048832e+16,2034797966786560.0,0.0
IT.FV,0.0,0.0,0.0
IT.LZ,4552417836269568.0,1084253102737673.0,0.0
IT.LG,1.2217161175007232e+16,2461942471983104.0,0.0
IT.LM,1.7641656551473152e+16,4588907542293539.0,0.0
IT.MH,3319036641280000.0,336273418954859.8,0.0
IT.ML,0.0,0.0,0.0
IT.PM,1.5915832391499776e+16,4487544743423925.5,0.0
IT.SC,2480143897460736.0,672451587525836.8,0.0
IT.TT,5969906294063104.0,344157907975206.5,0.0
IT.TC,5244888970952704.0,1356629454736136.8,0.0
IT.BC,1.7641656551473152e+16,3777343618914713.5,0.0
IT.UM,4777380707041280.0,1613265293947276.5,0.0
IT.VB,7768763688550400.0,2909341954268013.5,0.0
IT.VN,1.0032047171043328e+16,2182395777231976.5,0.0
