HASC_1,Max,Mean,Min
IT.AB,1.045543216218112e+16,2810427523567794.0,0.0
IT.SD,7154818514681856.0,682452750055651.5,0.0
IT.PU,3798102662184960.0,918200029105179.6,0.0
IT.LB,5133936007053312.0,1058712531623389.9,0.0
IT.CM,5918617942097920.0,1385684250132480.0,0.0
IT.ER,1.1218542623981568e+16,3436924461564054.5,0.0
IT.FV,8374359982866432.0,3135081460380268.5,0.0
IT.LZ,5492324184358912.0,1186928151531726.8,0.0
IT.LG,8603733785051136.0,2349661622894592.0,0.0
IT.LM,1.0457079282139136e+16,3055053805977600.0,0.0
IT.MH,6934274091515904.0,1470975506598731.2,0.0
IT.ML,1.045543216218112e+16,3906784320989866.5,0.0
IT.PM,7958689289863168.0,1372790304307021.0,0.0
IT.SC,3384043118788608.0,1277754200393240.5,0.0
IT.TT,5133936007053312.0,432094019673146.6,0.0
IT.TC,8351322315161600.0,1746086617672733.8,0.0
IT.BC,6152444014755840.0,751183310694730.4,0.0
IT.UM,3141523763888128.0,428267979319978.7,0.0
IT.VB,2546092583419904.0,594384599458962.2,0.0
IT.VN,1.1218542623981568e+16,3630298167151523.0,0.0
