HASC_1,Max,Mean,Min
SE.BL,290.3522644042969,289.3661865234375,288.3076477050781
SE.KO,287.5462646484375,284.0296374905494,278.2702331542969
SE.GV,287.4866943359375,285.0327425870028,282.2721862792969
SE.GT,289.2204284667969,288.90325249565973,288.4228820800781
SE.HA,288.9892883300781,288.0382568359375,286.3193664550781
SE.JA,283.6566162109375,279.2018756103516,275.4614562988281
SE.JO,287.4179992675781,286.20753389246323,285.4245300292969
SE.KA,289.5058898925781,287.5123100280762,285.4245300292969
SE.KR,289.0882568359375,287.11871555873324,285.7419128417969
SE.NB,283.6761474609375,276.3074158947877,271.7316589355469
SE.OR,287.8958740234375,287.04689025878906,284.9886474609375
SE.OG,287.8958740234375,286.87139892578125,285.4245300292969
SE.SN,290.1777648925781,288.9398921086238,286.7864990234375
SE.SD,287.8958740234375,287.62283664279516,287.3323974609375
SE.ST,288.1556396484375,287.65709635416664,287.1673583984375
SE.UP,287.9310302734375,287.55920664469403,286.9066162109375
SE.VR,287.8812255859375,285.9649543762207,283.3877258300781
SE.VB,284.5446472167969,278.8824013157895,273.6535339355469
SE.VN,284.7392883300781,282.01125277005707,279.0874328613281
SE.VM,287.9310302734375,287.4352666681463,286.3981628417969
SE.VG,288.5823974609375,287.19975716727123,285.6077880859375
