HASC_1,Max,Mean,Min
SE.BL,294.0625915527344,293.8331604003906,293.558349609375
SE.KO,295.4541931152344,291.73262565366684,288.6387023925781
SE.GV,295.278076171875,292.49683172052556,290.6546630859375
SE.GT,294.1048889160156,293.88604058159723,293.706787109375
SE.HA,293.443115234375,292.8970245361328,292.3148498535156
SE.JA,291.7705383300781,289.48304260253906,285.5335693359375
SE.JO,294.048583984375,292.68504064223345,291.5159912109375
SE.KA,294.6537170410156,293.97849464416504,292.914794921875
SE.KR,294.5931701660156,293.1597006661551,292.1038818359375
SE.NB,289.9707336425781,285.2400176693695,279.6631164550781
SE.OR,295.485107421875,294.1389421735491,292.6631774902344
SE.OG,295.5088806152344,294.1812438964844,292.3395690917969
SE.SN,293.898193359375,293.5076927771935,292.3226318359375
SE.SD,295.8441467285156,295.14880710177954,293.9727478027344
SE.ST,295.7562561035156,294.3373209635417,292.9112243652344
SE.UP,295.8868103027344,295.2441660563151,294.6224670410156
SE.VR,294.5433654785156,292.4020029703776,290.4844055175781
SE.VB,291.1806945800781,288.3724766781456,283.2087097167969
SE.VN,292.1282958984375,291.0747856727013,289.2204284667969
SE.VM,295.8868103027344,295.1158752441406,293.8900451660156
SE.VG,294.5433654785156,292.40519169398715,290.9326477050781
