HASC_1,Max,Mean,Min
SE.BL,289.588623046875,289.0052917480469,288.2178649902344
SE.KO,287.5870056152344,284.793695265247,280.6685485839844
SE.GV,288.2989196777344,286.3376478715376,284.1009826660156
SE.GT,290.682373046875,290.1702236599392,289.765380859375
SE.HA,289.005615234375,288.3233581542969,287.0570373535156
SE.JA,285.8780212402344,282.5499578857422,279.6766662597656
SE.JO,287.8731384277344,287.081060072955,286.2647399902344
SE.KA,289.906982421875,288.57568168640137,286.8509826660156
SE.KR,288.8750915527344,287.6707240513393,286.746826171875
SE.NB,290.9424743652344,284.908808852687,276.832763671875
SE.OR,287.863037109375,286.99227251325334,285.6944274902344
SE.OG,289.321044921875,287.7876708984375,286.5873107910156
SE.SN,289.6084899902344,288.6833989070012,287.231201171875
SE.SD,289.3780212402344,288.2112053765191,287.050537109375
SE.ST,290.0147399902344,289.2970011393229,288.3448181152344
SE.UP,289.5248107910156,288.629638671875,287.9707946777344
SE.VR,288.0228576660156,286.0000826517741,283.7393493652344
SE.VB,289.5560607910156,284.2325546532347,279.3345642089844
SE.VN,287.6087951660156,285.27728975736176,283.3399353027344
SE.VM,288.500732421875,287.61537863991475,286.6524353027344
SE.VG,288.945068359375,287.5672694614955,286.2647399902344
