HASC_1,Max,Mean,Min
SE.BL,292.1015319824219,291.73004150390625,291.1161804199219
SE.KO,290.1575012207031,287.85247999621976,284.9866027832031
SE.GV,290.3567199707031,288.7431543523615,286.5650634765625
SE.GT,292.1617431640625,291.8692457411024,291.4804382324219
SE.HA,291.8791809082031,290.91213073730466,289.3502197265625
SE.JA,289.3821105957031,286.20494873046874,281.8183288574219
SE.JO,290.2912902832031,289.2627312155331,288.6324462890625
SE.KA,292.1523132324219,290.48767471313477,288.6324462890625
SE.KR,291.6051025390625,290.00335475376676,288.8537902832031
SE.NB,290.2662353515625,286.0930730646307,282.3215637207031
SE.OR,291.1174621582031,289.93882751464844,288.5689697265625
SE.OG,290.7297668457031,289.7646728515625,288.6324462890625
SE.SN,292.1750793457031,291.4989318847656,289.6646728515625
SE.SD,291.1998291015625,290.4238925509983,289.9443054199219
SE.ST,291.8170166015625,290.8035583496094,290.1353759765625
SE.UP,290.8020324707031,290.43921915690106,290.0608215332031
SE.VR,291.4019775390625,290.03343454996747,287.8092041015625
SE.VB,290.5295715332031,287.9355061848958,284.9482116699219
SE.VN,290.1454772949219,288.68215120755707,286.7548522949219
SE.VM,290.4755554199219,290.11794489080256,289.2411804199219
SE.VG,291.7135009765625,290.4894256591797,288.8121337890625
