HASC_1,Max,Mean,Min
SE.BL,277.2980651855469,275.4565185546875,273.3345642089844
SE.KO,268.6037902832031,263.9454581968246,256.3414611816406
SE.GV,272.91754150390625,266.85238508744675,260.8527526855469
SE.GT,276.92901611328125,276.06509738498266,274.96954345703125
SE.HA,275.3092346191406,272.83466186523435,270.3349304199219
SE.JA,266.4194641113281,258.02250030517575,254.22068786621094
SE.JO,272.64739990234375,270.80746639476104,269.3581237792969
SE.KA,276.7711486816406,273.70913314819336,270.7979431152344
SE.KR,274.7805480957031,272.0353349958147,270.2635803222656
SE.NB,270.8498840332031,256.73709445529516,252.75144958496094
SE.OR,270.0470275878906,268.2492915562221,266.00286865234375
SE.OG,275.1175842285156,271.244677734375,269.08197021484375
SE.SN,276.5614929199219,274.20469782902643,271.32427978515625
SE.SD,275.7201843261719,270.97935994466144,268.8954772949219
SE.ST,277.0160827636719,273.51714884440105,269.4380187988281
SE.UP,272.9105529785156,270.6287384033203,268.88372802734375
SE.VR,268.66949462890625,265.6691487630208,261.0910339355469
SE.VB,273.45916748046875,259.8422187671327,254.19544982910156
SE.VN,272.2225036621094,263.69479604867786,257.29034423828125
SE.VM,270.6784362792969,269.00674715909093,268.1088562011719
SE.VG,275.0868835449219,270.23517063685824,266.9427185058594
