HASC_1,Max,Mean,Min
SE.BL,287.476806640625,286.04796142578124,284.596923828125
SE.KO,287.965087890625,286.3464522823211,285.3091735839844
SE.GV,286.2010803222656,285.3602849786932,283.7925720214844
SE.GT,284.3355407714844,284.14083523220484,283.803955078125
SE.HA,287.785400390625,287.54429016113284,287.2535095214844
SE.JA,287.9364318847656,285.93054260253905,283.3179626464844
SE.JO,287.7977600097656,286.9957598517923,285.7603454589844
SE.KA,287.0936584472656,285.7620449066162,284.2710876464844
SE.KR,287.7977600097656,287.1871861049107,285.7603454589844
SE.NB,287.7730407714844,284.1374320598564,275.6363220214844
SE.OR,289.185791015625,287.1542401994978,286.1695251464844
SE.OG,287.2789001464844,286.11688639322915,284.6372985839844
SE.SN,287.7977600097656,286.6808565579928,285.1444396972656
SE.SD,286.8326110839844,285.80102199978296,284.075439453125
SE.ST,285.9966735839844,284.3188212076823,282.739501953125
SE.UP,286.404541015625,285.2428436279297,283.5044860839844
SE.VR,289.803955078125,288.33811060587567,286.620361328125
SE.VB,287.7730407714844,285.86876156455594,280.6914978027344
SE.VN,287.310791015625,286.09279104379505,284.0923767089844
SE.VM,286.8326110839844,286.1578258167614,285.6024475097656
SE.VG,289.803955078125,287.88001142229353,286.5438537597656
