HASC_1,Max,Mean,Min
SE.BL,288.874755859375,288.666552734375,288.5306701660156
SE.KO,289.1908264160156,286.5885196808846,282.1954040527344
SE.GV,289.0580139160156,287.7178095037287,285.649169921875
SE.GT,290.3470764160156,290.0367940266927,289.5664978027344
SE.HA,288.309326171875,287.8765441894531,287.268310546875
SE.JA,287.4668884277344,283.4652575683594,280.324951171875
SE.JO,289.040771484375,287.8943822524127,287.2090759277344
SE.KA,290.5355529785156,289.2856025695801,287.8382873535156
SE.KR,289.731201171875,288.2068328857422,287.268310546875
SE.NB,287.931396484375,283.3396110149345,276.981201171875
SE.OR,290.156005859375,288.96962193080356,287.771240234375
SE.OG,290.114013671875,289.14185587565106,287.613037109375
SE.SN,288.988037109375,288.47105994591345,287.717529296875
SE.SD,289.894287109375,289.53878106011285,289.0303649902344
SE.ST,289.894287109375,289.63719278971354,289.184326171875
SE.UP,289.8311462402344,289.37915293375653,288.9496154785156
SE.VR,290.3067321777344,288.20171610514325,285.6214904785156
SE.VB,288.5362243652344,284.794822291324,280.0625915527344
SE.VN,288.6221618652344,286.5746248685397,284.433349609375
SE.VM,289.6742248535156,289.13093983043325,288.3158264160156
SE.VG,290.3067321777344,288.2421875,287.2090759277344
