HASC_1,Max,Mean,Min
DK.HS,8271535781445632.0,813632017879879.0,0.0
DK.MJ,1.2857185390297088e+16,6004467036900557.0,0.0
DK.ND,1.0807384330993664e+16,3262673121430043.0,0.0
DK.SL,6902413487243264.0,805266464989574.1,0.0
DK.SD,1.6492458594533376e+16,7631583699169952.0,0.0
