HASC_1,Max,Mean,Min
DK.HS,2.727942894596915e+16,2362217938035332.5,0.0
DK.MJ,1.9918668896927744e+16,4557417794869658.0,0.0
DK.ND,2.1439890478596096e+16,5203339365736669.0,0.0
DK.SL,3.5992337041588224e+16,1.4777535987899246e+16,0.0
DK.SD,2.9968022638690304e+16,9401695800424568.0,0.0
