HASC_1,Max,Mean,Min
DK.HS,8869400060887040.0,1334937510279617.5,0.0
DK.MJ,1.2083867938717696e+16,4023287364289240.0,0.0
DK.ND,6889198409744384.0,2394735013231800.0,0.0
DK.SL,1.0379756985909248e+16,5216757146077477.0,0.0
DK.SD,2.1238467249831936e+16,7889269017630037.0,0.0
