HASC_1,Max,Mean,Min
DK.HS,4166628841357312.0,824739390901673.8,0.0
DK.MJ,1.846840017498931e+16,7483357400535464.0,0.0
DK.ND,1.203078321668096e+16,3469466218911901.5,0.0
DK.SL,3739152625434624.0,971521147182035.5,0.0
DK.SD,2.481804976062464e+16,1.1846555931647518e+16,0.0
