HASC_1,Max,Mean,Min
DK.HS,1.3017060179181568e+16,1679693073502117.0,0.0
DK.MJ,1.1883822320713728e+16,4849257388884332.0,0.0
DK.ND,1.0844653909704704e+16,3813213721679189.5,0.0
DK.SL,1.961905412584243e+16,5337374006893422.0,0.0
DK.SD,1.7276003436986368e+16,6869131189143324.0,0.0
