HASC_1,Max,Mean,Min
DK.HS,7438025973825536.0,1306728135107834.2,0.0
DK.MJ,1.7720381154525184e+16,4129461572346402.0,0.0
DK.ND,1.7720381154525184e+16,4097303478265278.5,0.0
DK.SL,1.271700087898112e+16,4090900457343268.5,0.0
DK.SD,1.271700087898112e+16,4807899462121700.0,0.0
