HASC_1,Max,Mean,Min
DK.HS,8359822592311296.0,1133733488745949.8,0.0
DK.MJ,7612278702604288.0,3321391461491598.0,0.0
DK.ND,7787534306246656.0,2485843394775092.5,0.0
DK.SL,1.1348169031942144e+16,3854583605643556.5,0.0
DK.SD,1.0505272036425728e+16,5199882157788729.0,0.0
