HASC_1,Max,Mean,Min
DK.HS,1.3068283032895488e+16,1181752787895376.5,0.0
DK.MJ,1.1149040389455872e+16,3059797807304249.0,0.0
DK.ND,9108610948792320.0,2214121885263117.5,0.0
DK.SL,1.8164655792848896e+16,4969449628720070.0,0.0
DK.SD,1.1868075896864768e+16,2624462325145054.0,0.0
