HASC_1,Max,Mean,Min
HT.CE,0.017692316323518753,0.01680527999997139,0.016126859933137894
HT.GR,0.020474819466471672,0.019561200269630978,0.018198717385530472
HT.AR,0.019864467903971672,0.018371831625699997,0.01719084195792675
HT.NI,0.02041156031191349,0.01931394450366497,0.018198717385530472
HT.ND,0.018975643441081047,0.01780177652835846,0.01719084195792675
HT.NE,0.0173001978546381,0.01696418598294258,0.016126859933137894
HT.NO,0.019960789009928703,0.01949755772948265,0.018975643441081047
HT.OU,0.01948840357363224,0.018158007645979524,0.016211101785302162
HT.SD,0.020474819466471672,0.019276146963238715,0.016126859933137894
HT.SE,0.01948840357363224,0.01850707270205021,0.017415115609765053
