HASC_1,Max,Mean,Min
HT.CE,0.01834062486886978,0.017810063902288675,0.0173999834805727
HT.GR,0.020651059225201607,0.01968008279800415,0.0184808149933815
HT.AR,0.018835581839084625,0.0181582687156541,0.017071126028895378
HT.NI,0.020597653463482857,0.019552045315504075,0.0184808149933815
HT.ND,0.017897801473736763,0.017591513693332672,0.017071126028895378
HT.NE,0.017805613577365875,0.01739001041278243,0.017071126028895378
HT.NO,0.01925933174788952,0.018675809353590013,0.017897801473736763
HT.OU,0.020022906363010406,0.018738505896180868,0.017694033682346344
HT.SD,0.020651059225201607,0.019768211245536804,0.0173999834805727
HT.SE,0.020022906363010406,0.019335095460216205,0.0186461191624403
