HASC_1,Max,Mean,Min
HT.CE,0.01660512387752533,0.015551075339317322,0.014559810049831867
HT.GR,0.01914396695792675,0.01825995503791741,0.016801103949546814
HT.AR,0.018313633278012276,0.017179850222808973,0.015706762671470642
HT.NI,0.01893574744462967,0.01789878457784653,0.016801103949546814
HT.ND,0.017746197059750557,0.016557864844799042,0.015706762671470642
HT.NE,0.016220634803175926,0.015470529673621058,0.014559810049831867
HT.NO,0.018313633278012276,0.017873226106166838,0.01715777814388275
HT.OU,0.0182564128190279,0.016940580098889768,0.014818732626736164
HT.SD,0.01914396695792675,0.01784032490104437,0.014559810049831867
HT.SE,0.018169311806559563,0.01721102682252725,0.015989050269126892
