HASC_1,Max,Mean,Min
HT.CE,0.01796390861272812,0.0162750706076622,0.014751933515071869
HT.GR,0.019777478650212288,0.019121306017041206,0.018069131299853325
HT.AR,0.019701821729540825,0.018160229282719747,0.016701243817806244
HT.NI,0.019313039258122444,0.01883569434285164,0.018069131299853325
HT.ND,0.018768174573779106,0.017405373354752857,0.016701243817806244
HT.NE,0.016746701672673225,0.016209703870117664,0.014751933515071869
HT.NO,0.01985536329448223,0.01945151388645172,0.018768174573779106
HT.OU,0.019313039258122444,0.018065017880871892,0.01563773863017559
HT.SD,0.019777478650212288,0.018480800092220306,0.014751933515071869
HT.SE,0.019313039258122444,0.018536536643902462,0.017555736005306244
