HASC_1,Max,Mean,Min
HT.CE,0.01792059652507305,0.016225401544943452,0.014470045454800129
HT.GR,0.02048725262284279,0.019481671175786426,0.0181545652449131
HT.AR,0.018415872007608414,0.017262198696179048,0.014907305128872395
HT.NI,0.02043861523270607,0.019375141337513925,0.0181545652449131
HT.ND,0.017355704680085182,0.016050442742804687,0.014907305128872395
HT.NE,0.015888318419456482,0.014906431082636118,0.014360055327415466
HT.NO,0.018730584532022476,0.0180935300886631,0.017355704680085182
HT.OU,0.01983621157705784,0.018393222242593765,0.016622645780444145
HT.SD,0.02048725262284279,0.01904126014560461,0.014470045454800129
HT.SE,0.01983621157705784,0.019297703479727108,0.018709922209382057
