HASC_1,Max,Mean,Min
HT.CE,0.014938429929316044,0.0127217723056674,0.010589197278022766
HT.GR,0.018654264509677887,0.0177378739629473,0.015944238752126694
HT.AR,0.017314987257122993,0.015542173758149147,0.012956216931343079
HT.NI,0.01860244758427143,0.017420972511172295,0.015944238752126694
HT.ND,0.0164360161870718,0.014371204810837904,0.012956216931343079
HT.NE,0.013721381314098835,0.012651994824409485,0.010589197278022766
HT.NO,0.017514623701572418,0.01710015647113323,0.0164360161870718
HT.OU,0.017924068495631218,0.015953020891174674,0.012403245083987713
HT.SD,0.018654264509677887,0.016787192225456236,0.010589197278022766
HT.SE,0.017924068495631218,0.016970022891958553,0.015779731795191765
