HASC_1,Max,Mean,Min
HT.CE,0.014632736332714558,0.013999059796333313,0.013563032262027264
HT.GR,0.016352370381355286,0.015451602238629545,0.014450743794441223
HT.AR,0.016607796773314476,0.015229237398930959,0.014001245610415936
HT.NI,0.01543175708502531,0.015119523927569389,0.014450743794441223
HT.ND,0.016395127400755882,0.015471069452663263,0.014632736332714558
HT.NE,0.015548422932624817,0.014841432217508554,0.013799224980175495
HT.NO,0.016990378499031067,0.016636597365140914,0.016395127400755882
HT.OU,0.015408073551952839,0.014716103789396584,0.013563032262027264
HT.SD,0.01583261787891388,0.015167684480547904,0.013799224980175495
HT.SE,0.015406484715640545,0.015377132532497248,0.015352125279605389
