HASC_1,Max,Mean,Min
HT.CE,0.015972459688782692,0.01566835562698543,0.015234313905239105
HT.GR,0.018555643036961555,0.01751554837184293,0.016172731295228004
HT.AR,0.01856931298971176,0.016873635085565702,0.015930814668536186
HT.NI,0.017914773896336555,0.017247457057237625,0.016172731295228004
HT.ND,0.01784960739314556,0.016726285219192505,0.015972459688782692
HT.NE,0.01635678857564926,0.015932602807879448,0.015234313905239105
HT.NO,0.018768630921840668,0.018371203169226646,0.01784960739314556
HT.OU,0.017666183412075043,0.016649308730848134,0.01553583424538374
HT.SD,0.017914773896336555,0.017302260920405387,0.015234313905239105
HT.SE,0.017666183412075043,0.017372875784834225,0.017078403383493423
