HASC_1,Max,Mean,Min
HT.CE,0.014735125005245209,0.013807279989123344,0.013063017278909683
HT.GR,0.018452230840921402,0.017663882779223577,0.015804830938577652
HT.AR,0.017689291387796402,0.015956191878233637,0.014317415654659271
HT.NI,0.018161995336413383,0.017167536169290544,0.015804830938577652
HT.ND,0.01693318597972393,0.015319515640536943,0.014317415654659271
HT.NE,0.014899316243827343,0.014259559800848365,0.013113562017679214
HT.NO,0.017689291387796402,0.01716117821633816,0.016730530187487602
HT.OU,0.017423374578356743,0.015784704126417637,0.013063017278909683
HT.SD,0.01834573782980442,0.016958586126565933,0.013113562017679214
HT.SE,0.01734120026230812,0.01645475998520851,0.01563475839793682
