HASC_1,Max,Mean,Min
HT.CE,0.01438208669424057,0.013798081083223224,0.01318665686994791
HT.GR,0.01712755672633648,0.01645392192793744,0.015153133310377598
HT.AR,0.016499720513820648,0.015210785370852267,0.014119827188551426
HT.NI,0.01694476790726185,0.016102389059960844,0.015153133310377598
HT.ND,0.015887463465332985,0.0147469745328029,0.014119827188551426
HT.NE,0.014233632944524288,0.013933781534433365,0.01318665686994791
HT.NO,0.016805849969387054,0.016263750568032264,0.015887463465332985
HT.OU,0.01613065041601658,0.015139603172428906,0.013503753580152988
HT.SD,0.01712755672633648,0.01598492804914713,0.01318665686994791
HT.SE,0.01613065041601658,0.015575028335054716,0.01509781926870346
