HASC_1,Max,Mean,Min
HT.CE,0.014653577469289303,0.014068617252632976,0.013546202331781387
HT.GR,0.01686975732445717,0.016140786797872612,0.015116744674742222
HT.AR,0.016206953674554825,0.015167880271162306,0.014275445602834225
HT.NI,0.016824934631586075,0.016028361953794958,0.015116744674742222
HT.ND,0.015680843964219093,0.01478481354812781,0.014275445602834225
HT.NE,0.014484458602964878,0.01417606440372765,0.013546202331781387
HT.NO,0.016318533569574356,0.015921391919255255,0.015680843964219093
HT.OU,0.0162514578551054,0.015195959596894681,0.0136765381321311
HT.SD,0.01686975732445717,0.016012848913669588,0.013546202331781387
HT.SE,0.0162514578551054,0.015720208796362083,0.015176349319517612
