HASC_1,Max,Mean,Min
HT.CE,0.015184108167886734,0.014260514173656702,0.013468924909830093
HT.GR,0.017863618209958076,0.01730276457965374,0.01637302152812481
HT.AR,0.017334962263703346,0.0158963892608881,0.014543079771101475
HT.NI,0.01745607890188694,0.016886162757873534,0.01637302152812481
HT.ND,0.016697270795702934,0.015349464491009712,0.014543079771101475
HT.NE,0.01483283843845129,0.014413221506401896,0.013468924909830093
HT.NO,0.01741507090628147,0.01703563518822193,0.016697270795702934
HT.OU,0.016808373853564262,0.015778763685375452,0.013845943845808506
HT.SD,0.01769290678203106,0.01645246334373951,0.013468924909830093
HT.SE,0.016623202711343765,0.016039925006528694,0.015527590177953243
