HASC_1,Max,Mean,Min
HT.CE,0.014619521796703339,0.01385876745916903,0.013058197684586048
HT.GR,0.018526090309023857,0.017602274726544107,0.015793494880199432
HT.AR,0.01798885315656662,0.01617271626102073,0.014583121985197067
HT.NI,0.018091849982738495,0.017035719379782675,0.015793494880199432
HT.ND,0.01726183481514454,0.01572890921185414,0.014583121985197067
HT.NE,0.01537467259913683,0.014618448447436094,0.013174228370189667
HT.NO,0.017992349341511726,0.017499173060059547,0.017117513343691826
HT.OU,0.017522187903523445,0.01568163651973009,0.013058197684586048
HT.SD,0.018262876197695732,0.016852232441306115,0.013174228370189667
HT.SE,0.017066331580281258,0.01618932218601306,0.015457323752343655
