HASC_1,Max,Mean,Min
HT.CE,0.013742290437221527,0.013101065764203668,0.01257022749632597
HT.GR,0.015703044831752777,0.014836722585771765,0.013761204667389393
HT.AR,0.015438240952789783,0.01430657080241612,0.01337131392210722
HT.NI,0.015703044831752777,0.014868643321096896,0.013761204667389393
HT.ND,0.015004160813987255,0.014155072470506033,0.013718766160309315
HT.NE,0.013742290437221527,0.013473632978275418,0.012720431201159954
HT.NO,0.015004160813987255,0.014727467857301235,0.014351052232086658
HT.OU,0.015438240952789783,0.014148020069114864,0.01257022749632597
HT.SD,0.015703044831752777,0.014952153898775578,0.012720431201159954
HT.SE,0.015402478165924549,0.014676097159584364,0.014293037354946136
