HASC_1,Max,Mean,Min
HT.CE,0.017060251906514168,0.01611611433327198,0.01511269062757492
HT.GR,0.020005514845252037,0.01902927059148039,0.017564427107572556
HT.AR,0.018980633467435837,0.017681888171604702,0.016389500349760056
HT.NI,0.020005514845252037,0.01881914436817169,0.017564427107572556
HT.ND,0.018344532698392868,0.017160228143135708,0.016389500349760056
HT.NE,0.016746651381254196,0.016225230414420366,0.01511269062757492
HT.NO,0.019522638991475105,0.019037282094359398,0.018344532698392868
HT.OU,0.01908712647855282,0.017782957758754492,0.015902014449238777
HT.SD,0.020005514845252037,0.018725398182868957,0.01511269062757492
HT.SE,0.01908712647855282,0.01849510706961155,0.01791665144264698
