HASC_1,Max,Mean,Min
HT.CE,0.014500758610665798,0.014146905392408371,0.013823808170855045
HT.GR,0.01680833287537098,0.01583656096564872,0.014559567905962467
HT.AR,0.015529931522905827,0.014617038491581167,0.013812682591378689
HT.NI,0.016775907948613167,0.01567266546189785,0.014559567905962467
HT.ND,0.014715652912855148,0.01420162245631218,0.013812682591378689
HT.NE,0.014583569951355457,0.014074148144572973,0.013812682591378689
HT.NO,0.015763264149427414,0.015130405873060226,0.01448104903101921
HT.OU,0.01601487584412098,0.014923137030564249,0.014186522923409939
HT.SD,0.01680833287537098,0.015970720537006856,0.013823808170855045
HT.SE,0.01601487584412098,0.015484844955305258,0.014861565083265305
