HASC_1,Max,Mean,Min
CN.AH,9410295894114304.0,3056785512482380.0,0.0
CN.BJ,1.996407314369741e+16,5875389735662023.0,0.0
CN.CQ,4422620166488064.0,623626228635487.8,0.0
CN.FJ,4778510283440128.0,946998313843243.0,0.0
CN.GS,3354742583459840.0,126297784287439.2,0.0
CN.GD,1.8632807228112896e+16,1416167822866398.2,0.0
CN.GX,6990670770208768.0,675826096584475.4,0.0
CN.GZ,1199073398882304.0,18545121761397.402,0.0
CN.HA,2099866553548800.0,175549679158340.28,0.0
CN.HB,2.3591778615558144e+16,3979518819649446.5,0.0
CN.HL,2342503885832192.0,196941026650712.88,0.0
CN.HE,1.173681418010624e+16,3098572876017563.5,0.0
CN.HU,8876797068312576.0,1951152195754760.2,0.0
CN.HN,5281543832469504.0,1681622695216728.8,0.0
CN.JS,2.2365236887552e+16,4378225790113742.5,0.0
CN.JX,6656665659113472.0,1585088141441979.8,0.0
CN.JL,1469027662692352.0,40836504450667.12,0.0
CN.LN,2.0596532847837184e+16,1339028265823832.2,0.0
CN.NM,9173891230466048.0,300466481184009.94,0.0
CN.NX,3131626280189952.0,192040616482579.16,0.0
CN.QH,1704778954440704.0,288546432821567.3,0.0
CN.SA,7473348321738752.0,1288153879479366.0,0.0
CN.SD,2.017209558971187e+16,4538311909819332.0,0.0
CN.SH,1.81131655774208e+16,5623426579703277.0,0.0
CN.SX,1.504606500683776e+16,3337400620810798.0,0.0
CN.SC,2767165555998720.0,172453259992591.5,0.0
CN.TJ,1.7498761915793408e+16,8639530025631410.0,0.0
CN.XJ,6196200067825664.0,446889534604687.06,0.0
CN.XZ,5238547451740160.0,258552835024756.9,0.0
CN.YN,2478454633136128.0,256363207725854.8,0.0
CN.ZJ,1.0669935713845248e+16,1989763625442214.2,0.0
