HASC_1,Max,Mean,Min
CN.AH,5.65898448470016e+16,7453433635621679.0,0.0
CN.BJ,0.0,0.0,0.0
CN.CQ,7641449583607808.0,2014775127283271.0,0.0
CN.FJ,1.0566646045343744e+16,1196543423855909.5,0.0
CN.GS,4861870766817280.0,271372589135727.12,0.0
CN.GD,2.9045998386937856e+16,2303537293486332.0,0.0
CN.GX,6144562749767680.0,1278463922781750.2,0.0
CN.GZ,6868131058286592.0,2052724725785203.2,0.0
CN.HA,1598404559896576.0,440161647218802.8,0.0
CN.HB,9.09481916455977e+16,5521567586428892.0,0.0
CN.HL,2.671963794099405e+16,2461095221109168.5,0.0
CN.HE,9.97632856031232e+16,1.5341657195609242e+16,0.0
CN.HU,2.237803589009408e+16,4070980068532924.5,0.0
CN.HN,1.1007905616625664e+16,2524093362488991.0,0.0
CN.JS,0.0,0.0,0.0
CN.JX,1.2518017191641088e+16,2019758292111945.2,0.0
CN.JL,3.939095325284762e+16,3978916574656548.5,0.0
CN.LN,2.124573433449677e+16,1444793134372444.5,0.0
CN.NM,4.6402289795072e+16,673322874011501.0,0.0
CN.NX,5723790172487680.0,1039114776912522.1,0.0
CN.QH,2507636251557888.0,135559656603066.31,0.0
CN.SA,1.5710231233298432e+16,1608826084483482.2,0.0
CN.SD,9.270384542718362e+16,4921966838766348.0,0.0
CN.SH,0.0,0.0,0.0
CN.SX,7.059966738930074e+16,1.2920894306469716e+16,0.0
CN.SC,6868131058286592.0,841346932396804.2,0.0
CN.TJ,0.0,0.0,0.0
CN.XJ,1.1741834996875264e+16,521106608885449.2,0.0
CN.XZ,2508643958259712.0,190832852685901.8,0.0
CN.YN,3499909793710080.0,71344709053563.03,0.0
CN.ZJ,0.0,0.0,0.0
