HASC_1,Max,Mean,Min
CN.AH,1.7037406192533504e+16,2621895073571898.0,0.0
CN.BJ,3.104609593720832e+16,6359113848061952.0,0.0
CN.CQ,4699808228966400.0,1026724033245067.0,0.0
CN.FJ,5833566315347968.0,1355833614817221.5,0.0
CN.GS,5106804161773568.0,201173060750814.62,0.0
CN.GD,3852523924357120.0,858467567741235.0,0.0
CN.GX,4464077338312704.0,989198309952548.6,0.0
CN.GZ,5513268592377856.0,1578791735688919.0,0.0
CN.HA,2203516328214528.0,665770631626752.0,0.0
CN.HB,3.104609593720832e+16,3950656083302809.5,0.0
CN.HL,7962680925093888.0,870231906063789.8,0.0
CN.HE,1.0539953897340928e+16,2639645523953549.0,0.0
CN.HU,5414884850270208.0,1226992846781375.8,0.0
CN.HN,4677804574638080.0,1373610403967024.2,0.0
CN.JS,1.7037406192533504e+16,3387472360992548.0,0.0
CN.JX,3634934170255360.0,947398383386144.1,0.0
CN.JL,4973739095621632.0,322858344938634.4,0.0
CN.LN,8815287231053824.0,841233227035922.8,0.0
CN.NM,1.0049162615717888e+16,349085383231542.7,0.0
CN.NX,6302754448343040.0,1310228156206388.8,0.0
CN.QH,1902881502396416.0,268142337147297.44,0.0
CN.SA,8397871707586560.0,1464049818363816.5,0.0
CN.SD,1.4259179753570304e+16,2458857716946521.5,0.0
CN.SH,7847765316993024.0,2236558080805243.2,0.0
CN.SX,1.3625156681334784e+16,3951823673018433.0,0.0
CN.SC,5693308789587968.0,397656806589133.0,0.0
CN.TJ,1.531725461061632e+16,7305426401318229.0,0.0
CN.XJ,4551824057040896.0,495697010269862.6,0.0
CN.XZ,3031920225026048.0,306857917869905.06,0.0
CN.YN,2349625746915328.0,203946304784037.97,0.0
CN.ZJ,9402451136348160.0,1963193668303739.5,0.0
