HASC_1,Max,Mean,Min
CN.AH,4908544713293824.0,503881049229819.3,0.0
CN.BJ,0.0,0.0,0.0
CN.CQ,3246561752514560.0,648654254831375.5,0.0
CN.FJ,5031771619983360.0,648263444631463.6,0.0
CN.GS,3091657314533376.0,313265676713509.5,0.0
CN.GD,1.2298167479435264e+16,1335335845402039.2,0.0
CN.GX,3791856437559296.0,726998115625224.4,0.0
CN.GZ,3322984789966848.0,834833889040018.5,0.0
CN.HA,1701462971252736.0,441728268065005.1,0.0
CN.HB,8216546241413120.0,408015608693559.75,0.0
CN.HL,1.2498089617129472e+16,877678238162021.0,0.0
CN.HE,9932014161494016.0,1639357046624102.5,0.0
CN.HU,6194949158600704.0,936827451336175.2,0.0
CN.HN,5837792563167232.0,1068027828366213.1,0.0
CN.JS,0.0,0.0,0.0
CN.JX,4934553961496576.0,872416396805688.2,0.0
CN.JL,5436097693745152.0,761338807491013.4,0.0
CN.LN,5641913063440384.0,1165134473270289.5,0.0
CN.NM,1.5216002904096768e+16,391106334162379.2,0.0
CN.NX,5178777076236288.0,1122030130923032.4,0.0
CN.QH,2429948883107840.0,344238521498671.06,0.0
CN.SA,5630906672873472.0,796569339798005.5,0.0
CN.SD,4709253398921216.0,308110410574396.1,0.0
CN.SH,0.0,0.0,0.0
CN.SX,7232626679087104.0,1265780589372151.0,0.0
CN.SC,4885540868456448.0,579283549981300.4,0.0
CN.TJ,0.0,0.0,0.0
CN.XJ,4330051541663744.0,358819006887785.94,0.0
CN.XZ,2568848125460480.0,302871480762847.1,0.0
CN.YN,3002932953874432.0,393842820026405.2,0.0
CN.ZJ,0.0,0.0,0.0
