HASC_1,Max,Mean,Min
CN.AH,9002871001448448.0,52342273264235.164,0.0
CN.BJ,0.0,0.0,0.0
CN.CQ,1.2078887924137984e+16,1987715998939628.2,0.0
CN.FJ,8551176270249984.0,666780122853219.1,0.0
CN.GS,8820988800139264.0,266589147972292.75,0.0
CN.GD,3.989565056483328e+16,4113464478629487.0,0.0
CN.GX,7374857742319616.0,1289846258027966.8,0.0
CN.GZ,1.4156128455753728e+16,2400504505167348.5,0.0
CN.HA,5058869105524736.0,1168730826939505.8,0.0
CN.HB,1.6733330024169472e+16,186915279093409.28,0.0
CN.HL,6.871156540624077e+16,4404637242697407.0,0.0
CN.HE,5.699284592335258e+16,7060860392662157.0,0.0
CN.HU,4.358757438770381e+16,5191129876075479.0,0.0
CN.HN,4.16972604964864e+16,5287049008822374.0,0.0
CN.JS,0.0,0.0,0.0
CN.JX,2.201944048061645e+16,4059893192278950.0,0.0
CN.JL,7728563868401664.0,1091708580564266.0,0.0
CN.LN,1.5071328004472832e+16,3622335054551078.5,0.0
CN.NM,3.729154317379174e+16,469870616194512.94,0.0
CN.NX,3.416503891053773e+16,4181416503327230.0,0.0
CN.QH,4583059206701056.0,180101108224047.1,0.0
CN.SA,5.707256051636634e+16,3927442346146299.0,0.0
CN.SD,0.0,0.0,0.0
CN.SH,0.0,0.0,0.0
CN.SX,2.436049615716352e+17,1.6465186358852322e+16,0.0
CN.SC,1.662218915545088e+16,1322527929233176.2,0.0
CN.TJ,0.0,0.0,0.0
CN.XJ,6016134637682688.0,237632977184306.44,0.0
CN.XZ,3060307811368960.0,137244243222227.77,0.0
CN.YN,1.5887145231187968e+16,636214305182525.2,0.0
CN.ZJ,0.0,0.0,0.0
