HASC_1,Max,Mean,Min
CN.AH,1.874343055327232e+16,3614594968884466.0,0.0
CN.BJ,2.771701095150387e+16,6796951175860809.0,0.0
CN.CQ,9833393122443264.0,1821888490151653.5,0.0
CN.FJ,6825803081842688.0,2106344168898404.0,0.0
CN.GS,4803860254162944.0,234024258630051.97,0.0
CN.GD,1.8876600309252096e+16,2740901114109625.0,0.0
CN.GX,7785930672832512.0,1790161922093757.0,0.0
CN.GZ,7136499942293504.0,2064736504468295.0,0.0
CN.HA,3068361680355328.0,671036170305536.0,0.0
CN.HB,2.771701095150387e+16,4587755087328710.0,0.0
CN.HL,7933456893870080.0,761443058325511.4,0.0
CN.HE,1.3185341292806144e+16,3255974520933244.5,0.0
CN.HU,1.3410668162056192e+16,3030403590126219.0,0.0
CN.HN,6857270159736832.0,3115543821025280.0,0.0
CN.JS,2.7349024596033536e+16,5019001846431427.0,0.0
CN.JX,8036220965748736.0,2957384547757807.0,0.0
CN.JL,3395159299457024.0,376750813482384.1,0.0
CN.LN,1.6273197292847104e+16,729345259191343.5,0.0
CN.NM,9769748149567488.0,351239958912883.8,0.0
CN.NX,6265250257043456.0,1412903851037257.2,0.0
CN.QH,1582498551169024.0,234498155530197.94,0.0
CN.SA,1.0900744035106816e+16,1811700716293932.8,0.0
CN.SD,1.7867907912433664e+16,3995824484184376.5,0.0
CN.SH,2.7349024596033536e+16,6512373811914221.0,0.0
CN.SX,1.403332782456832e+16,4148459955360753.0,0.0
CN.SC,7456252204417024.0,645877283220771.0,0.0
CN.TJ,2.3119976458092544e+16,1.1289393357716166e+16,0.0
CN.XJ,6420552516370432.0,483434372779141.06,0.0
CN.XZ,2156599716085760.0,217510662893611.97,0.0
CN.YN,1.113834806837248e+16,419603224411182.1,0.0
CN.ZJ,1.5789136224976896e+16,3916183713291035.0,0.0
