HASC_1,Max,Mean,Min
CN.AH,0.0,0.0,0.0
CN.BJ,0.0,0.0,0.0
CN.CQ,6307558906134528.0,993121791136069.1,0.0
CN.FJ,3289409151565824.0,81068600390483.64,0.0
CN.GS,4105678155153408.0,266421609738427.12,0.0
CN.GD,1.1395739015970816e+16,1337772789603214.8,0.0
CN.GX,4098996528218112.0,531078016166074.2,0.0
CN.GZ,3075028274905088.0,678172671991646.0,0.0
CN.HA,3040645719523328.0,539497343866549.7,0.0
CN.HB,0.0,0.0,0.0
CN.HL,8425325138542592.0,874998463156131.0,0.0
CN.HE,8964344071061504.0,1320848636407832.2,0.0
CN.HU,9393430631284736.0,1496511882164087.5,0.0
CN.HN,5680561863524352.0,1187080433900996.5,0.0
CN.JS,0.0,0.0,0.0
CN.JX,6522934873030656.0,691715352661916.1,0.0
CN.JL,4489426503729152.0,733418340151942.8,0.0
CN.LN,3269137979670528.0,1055951127907856.9,0.0
CN.NM,9913720822038528.0,268269611692441.9,0.0
CN.NX,9913720822038528.0,1044757937047732.2,0.0
CN.QH,2436133367578624.0,285179503583904.06,0.0
CN.SA,8532908163727360.0,1285800240156530.0,0.0
CN.SD,1496426064379904.0,31355823626358.33,0.0
CN.SH,0.0,0.0,0.0
CN.SX,1.0197773852868608e+16,1652811797473209.5,0.0
CN.SC,7612224478642176.0,621420614727404.5,0.0
CN.TJ,0.0,0.0,0.0
CN.XJ,4411982337802240.0,281486788128789.9,0.0
CN.XZ,3189718665658368.0,239168099586558.4,0.0
CN.YN,1791488170131456.0,291747090146110.6,0.0
CN.ZJ,6738099312787456.0,730251201473269.5,0.0
