HASC_1,Max,Mean,Min
CN.AH,4.189170655087821e+16,9433575057946884.0,0.0
CN.BJ,5.189729672337818e+16,1.2129389722934386e+16,0.0
CN.CQ,0.0,0.0,0.0
CN.FJ,9560805506809856.0,2633235583039581.0,0.0
CN.GS,5839819250860032.0,65419195987330.734,0.0
CN.GD,1.1422666313433088e+16,1351165358608166.8,0.0
CN.GX,0.0,0.0,0.0
CN.GZ,0.0,0.0,0.0
CN.HA,0.0,0.0,0.0
CN.HB,1.8372863351953818e+17,1.2051284112786914e+16,0.0
CN.HL,9.289539237865062e+16,4073112795138128.0,0.0
CN.HE,1.4263119097574195e+17,1.146169554041746e+16,0.0
CN.HU,4.231517744136192e+16,4613942065033764.0,0.0
CN.HN,1.8852464740532224e+16,602314841382036.1,0.0
CN.JS,9.547205492867072e+16,1.5200662371515546e+16,0.0
CN.JX,2.7894184794914816e+16,6274300263282271.0,0.0
CN.JL,4150546604752896.0,69201516649668.69,0.0
CN.LN,8.256071322199654e+16,8258418705564247.0,0.0
CN.NM,8.256071322199654e+16,348825134709870.7,0.0
CN.NX,0.0,0.0,0.0
CN.QH,1582306754035712.0,183573111801997.62,0.0
CN.SA,2.781293260360909e+16,2193339493081941.8,0.0
CN.SD,1.8372863351953818e+17,1.6383762723781692e+16,0.0
CN.SH,1.1634994249413427e+17,3.7315005943838344e+16,0.0
CN.SX,9.468582680539955e+16,1.1721102421763188e+16,0.0
CN.SC,5895522829205504.0,241141979371922.8,0.0
CN.TJ,3.4126697737486336e+16,2.1073666374503028e+16,0.0
CN.XJ,6.359756502676275e+16,1330537578129836.2,0.0
CN.XZ,2375683850371072.0,140376395458181.58,0.0
CN.YN,5895522829205504.0,408611563999785.75,0.0
CN.ZJ,8.249780913097933e+16,1.427212104689815e+16,0.0
