HASC_1,Max,Mean,Min
CN.AH,8.150145402771866e+16,1.3195123218626796e+16,0.0
CN.BJ,2.927303680065536e+16,4335044083717699.0,0.0
CN.CQ,8972646779715584.0,680723398025828.2,0.0
CN.FJ,2.048674489381683e+16,1789748467019955.8,0.0
CN.GS,5643491463921664.0,90585973008409.88,0.0
CN.GD,2.155011437179699e+16,2880946746926837.0,0.0
CN.GX,9184097146503168.0,1600762093450035.2,0.0
CN.GZ,1.0181833081749504e+16,1026120288311571.9,0.0
CN.HA,3155900361605120.0,806713622101254.0,0.0
CN.HB,2.154866696781824e+17,2.485962499176892e+16,0.0
CN.HL,5.701533866708173e+16,1724381343072453.5,0.0
CN.HE,1.8878734907998208e+17,2.188442558322939e+16,0.0
CN.HU,6.349388451623731e+16,5522803565736009.0,0.0
CN.HN,2.718351588379853e+16,4171644000639385.5,0.0
CN.JS,4.193662331885978e+16,1497136699911461.2,0.0
CN.JX,6.349388451623731e+16,5929153298469290.0,0.0
CN.JL,4284880028434432.0,598510609303500.5,0.0
CN.LN,2330748291907584.0,23929491030016.0,0.0
CN.NM,1.170499878036439e+17,1633992557524119.0,0.0
CN.NX,1.34627897376768e+16,899680691618790.0,0.0
CN.QH,1491163387265024.0,62297158950233.96,0.0
CN.SA,1.7506475677057024e+16,2131635991532610.0,0.0
CN.SD,1.8572615408943104e+17,1.0840982968049774e+16,0.0
CN.SH,0.0,0.0,0.0
CN.SX,9.815362634986291e+16,1.4374751102828544e+16,0.0
CN.SC,6400668428402688.0,143918649161141.72,0.0
CN.TJ,1.2292471279058944e+16,4775286105178112.0,0.0
CN.XJ,1.8725191974649856e+16,548701665982942.4,0.0
CN.XZ,2324540453552128.0,125519660325964.25,0.0
CN.YN,0.0,0.0,0.0
CN.ZJ,3.765619878212403e+16,4392770767865568.5,0.0
