HASC_1,Max,Mean,Min
CN.AH,2.288699166215373e+16,6140226198769143.0,0.0
CN.BJ,5.905476523288166e+16,1.6799380857276188e+16,0.0
CN.CQ,0.0,0.0,0.0
CN.FJ,6524154106871808.0,1779905539716827.5,0.0
CN.GS,1808226328772608.0,52856322892369.16,0.0
CN.GD,1.0638131481018368e+16,1070755027000314.8,0.0
CN.GX,0.0,0.0,0.0
CN.GZ,0.0,0.0,0.0
CN.HA,0.0,0.0,0.0
CN.HB,5.597788502176563e+16,1.0773601042670232e+16,0.0
CN.HL,8550128835100672.0,1058593012200036.5,0.0
CN.HE,4.455528205910016e+16,6718082256349026.0,0.0
CN.HU,2.1371763707346944e+16,3709512815129541.0,0.0
CN.HN,1.331443619856384e+16,3127027325846159.5,0.0
CN.JS,3.80892689245143e+16,6515687021701407.0,0.0
CN.JX,1.0979687681490944e+16,3604898763925094.5,0.0
CN.JL,1767704922947584.0,101931718911397.64,0.0
CN.LN,3.716462259522765e+16,4842280255985554.0,0.0
CN.NM,1.4696419235463168e+16,511728070262108.56,0.0
CN.NX,0.0,0.0,0.0
CN.QH,1553336931188736.0,272132578556556.28,0.0
CN.SA,6900630002073600.0,792963799162761.2,0.0
CN.SD,4.551384574512333e+16,1.159314802342394e+16,0.0
CN.SH,3.088445269553971e+16,6109210831700575.0,0.0
CN.SX,3.231640982441165e+16,5887626245029716.0,0.0
CN.SC,1517354768924672.0,59095867549831.195,0.0
CN.TJ,3.64190635172823e+16,1.8221503717021572e+16,0.0
CN.XJ,6206936412323840.0,542698382268859.3,0.0
CN.XZ,1621516584222720.0,224558846936689.34,0.0
CN.YN,1872555409408000.0,191264813184598.94,0.0
CN.ZJ,3.088445269553971e+16,6253235042214755.0,0.0
