HASC_1,Max,Mean,Min
CN.AH,9427643267022848.0,2598649185061156.5,0.0
CN.BJ,1.4449210581581824e+16,2923258282891421.5,0.0
CN.CQ,5429510824525824.0,1298221690960570.8,0.0
CN.FJ,3589141765816320.0,715644999978367.6,0.0
CN.GS,4689999060533248.0,357367881467111.5,0.0
CN.GD,5631000088412160.0,677691759861250.2,0.0
CN.GX,3369595385675776.0,667275757594110.5,0.0
CN.GZ,3240524907544576.0,1007884917982531.6,0.0
CN.HA,2019770782187520.0,515255885103104.0,0.0
CN.HB,1.475479106224128e+16,2219547045468927.0,0.0
CN.HL,1.0966808148312064e+16,1033863879964668.5,0.0
CN.HE,1.5391968787955712e+16,2801497523085312.0,0.0
CN.HU,8296291972939776.0,2087078521051454.0,0.0
CN.HN,5963277012041728.0,1387095973954540.5,0.0
CN.JS,8893901775568896.0,1553728708262843.8,0.0
CN.JX,5193910393503744.0,994334357906070.4,0.0
CN.JL,2.0629013538013184e+16,1627602255762966.8,0.0
CN.LN,2.0629013538013184e+16,1988614108045158.2,0.0
CN.NM,1.6403208100380672e+16,370765151680466.7,0.0
CN.NX,4996773005230080.0,1464685436908235.2,0.0
CN.QH,4622278700564480.0,398497222247760.94,0.0
CN.SA,5971614080434176.0,1005261429725619.4,0.0
CN.SD,1.3219626942988288e+16,2762543738708878.0,0.0
CN.SH,0.0,0.0,0.0
CN.SX,1.4054764006342656e+16,2996948972185750.0,0.0
CN.SC,5375989089566720.0,685617054525844.4,0.0
CN.TJ,1.174051322068992e+16,3175150255894983.0,0.0
CN.XJ,5330299764342784.0,571818272571445.8,0.0
CN.XZ,3259086950891520.0,310926626986356.7,0.0
CN.YN,3369595385675776.0,347630407088003.3,0.0
CN.ZJ,5845152526499840.0,758261755796867.4,0.0
