HASC_1,Max,Mean,Min
CN.AH,7310829443612672.0,1524716592310578.0,0.0
CN.BJ,9062040618401792.0,4042422674667747.5,0.0
CN.CQ,4085143379640320.0,105186882342611.16,0.0
CN.FJ,4309594343997440.0,1096403479095014.9,0.0
CN.GS,7039346708316160.0,274489516113838.5,0.0
CN.GD,8481973072822272.0,731137442801061.6,0.0
CN.GX,2869311152586752.0,240329263591315.94,0.0
CN.GZ,3755238083264512.0,624548659897456.1,0.0
CN.HA,782589480665088.0,50343459978464.78,0.0
CN.HB,9402243904176128.0,2911819588908474.5,0.0
CN.HL,4418354727092224.0,105265496572441.36,0.0
CN.HE,8175337640820736.0,2002201170615972.0,0.0
CN.HU,7697508570497024.0,1214681803329137.0,0.0
CN.HN,2.220911267885875e+16,1670440107220992.0,0.0
CN.JS,1.4808908723912704e+16,3090885946305274.0,0.0
CN.JX,2.220911267885875e+16,1790136864855550.8,0.0
CN.JL,7275957530394624.0,494291458100352.6,0.0
CN.LN,9763336837136384.0,1581182488243876.0,0.0
CN.NM,1.2576712214708224e+16,414962265925861.06,0.0
CN.NX,0.0,0.0,0.0
CN.QH,3411597213040640.0,396292821529615.06,0.0
CN.SA,6912436867170304.0,373783898314863.7,0.0
CN.SD,9361919529975808.0,2901511305882140.5,0.0
CN.SH,1.3126983424671744e+16,5088526799198739.0,0.0
CN.SX,9536352110510080.0,2808883973616288.5,0.0
CN.SC,5782623171379200.0,401834579139030.7,0.0
CN.TJ,1.320203690442752e+16,6465035262567570.0,0.0
CN.XJ,3726373487116288.0,510544644944368.56,0.0
CN.XZ,3691568145891328.0,329922464251603.1,0.0
CN.YN,3416933978341376.0,318953848398033.25,0.0
CN.ZJ,9049578770792448.0,2767049950716771.5,0.0
