HASC_1,Max,Mean,Min
CN.AH,5463350334980096.0,250756276899305.75,0.0
CN.BJ,4203958549610496.0,501925118023493.8,0.0
CN.CQ,7426362453262336.0,1152668469649854.8,0.0
CN.FJ,1.9399448153030656e+16,126623911486925.6,0.0
CN.GS,1.0961904369401856e+16,433747568694346.94,0.0
CN.GD,1.1322246756827136e+16,1044199070823777.9,0.0
CN.GX,7946963492274176.0,776026659966523.5,0.0
CN.GZ,3951183349678080.0,1057756168274946.2,0.0
CN.HA,2794688511737856.0,793527150073585.5,0.0
CN.HB,1.1430268405547008e+16,1117445617100136.0,0.0
CN.HL,7695032521850880.0,638943408232574.8,0.0
CN.HE,5816205520666624.0,521554627767917.3,0.0
CN.HU,6263766345842688.0,752178096807167.4,0.0
CN.HN,5754822921814016.0,1298203005642827.8,0.0
CN.JS,1.4546773984935936e+16,2204538634889118.5,0.0
CN.JX,6704343554195456.0,587825568405304.6,0.0
CN.JL,6526149119180800.0,1049531088124918.8,0.0
CN.LN,7025223245234176.0,2042609402224809.5,0.0
CN.NM,8810141860233216.0,404717976417842.06,0.0
CN.NX,1.066113425211392e+16,1119178620064017.1,0.0
CN.QH,2507820398280704.0,401699946222445.5,0.0
CN.SA,8933779473170432.0,1120559664145207.5,0.0
CN.SD,9048863658737664.0,2045287417136286.2,0.0
CN.SH,1.1213571199336448e+16,2997744883025838.0,0.0
CN.SX,8690740695662592.0,1204159055740659.5,0.0
CN.SC,4719888811687936.0,648589425426923.2,0.0
CN.TJ,5889041723555840.0,2294646642311168.0,0.0
CN.XJ,4037726940692480.0,318125748753021.0,0.0
CN.XZ,4267682710945792.0,296744315713071.56,0.0
CN.YN,3216992244858880.0,471349901005837.6,0.0
CN.ZJ,1.9399448153030656e+16,2010009901686461.5,0.0
