HASC_1,Max,Mean,Min
CN.AH,1.0069918045175808e+16,2523204465019108.5,0.0
CN.BJ,1.9196448671268864e+16,2003259129943381.2,0.0
CN.CQ,1.2653828352507904e+16,1749260947813676.0,0.0
CN.FJ,5144403379224576.0,766798065492159.5,0.0
CN.GS,5544891899707392.0,477955017800991.94,0.0
CN.GD,1.1913757169025024e+16,1431573039058608.2,0.0
CN.GX,5311392244563968.0,1490800451328145.2,0.0
CN.GZ,4849340199731200.0,1459410031956754.8,0.0
CN.HA,1720831260491776.0,572044323518084.8,0.0
CN.HB,6.018256781023642e+16,3743044067948690.0,0.0
CN.HL,1.2073114414350336e+16,1283155168929715.2,0.0
CN.HE,2.655990595977216e+16,4489047349955272.5,0.0
CN.HU,7682093396000768.0,2222267222429241.0,0.0
CN.HN,5345306916945920.0,1833453470864746.0,0.0
CN.JS,1.1239031765467136e+16,2822723920118155.5,0.0
CN.JX,5025094019579904.0,1264485805624052.8,0.0
CN.JL,1.1966587414249472e+16,1837048804786349.8,0.0
CN.LN,1.4009236279263232e+16,322301024606200.3,0.0
CN.NM,5436729053937664.0,205262992005901.47,0.0
CN.NX,4256827449540608.0,1114016145639976.6,0.0
CN.QH,4486328490131456.0,321690554168050.94,0.0
CN.SA,1.031304325890048e+16,1900667216837475.2,0.0
CN.SD,7.328901270129869e+16,8820372830846756.0,0.0
CN.SH,9784808452390912.0,746570225501649.5,0.0
CN.SX,1.4525904738844672e+16,3593438065834643.5,0.0
CN.SC,8599343791603712.0,970452328830283.5,0.0
CN.TJ,3.268915500364595e+16,9548364005512422.0,0.0
CN.XJ,5984813051805696.0,378612828472443.6,0.0
CN.XZ,4510341652283392.0,276071960979344.62,0.0
CN.YN,4167275770806272.0,396030533286949.0,0.0
CN.ZJ,1.0186213948391424e+16,1396161046599791.8,0.0
