HASC_1,Max,Mean,Min
CN.AH,0.0,0.0,0.0
CN.BJ,0.0,0.0,0.0
CN.CQ,4048602066321408.0,721836857446461.1,0.0
CN.FJ,0.0,0.0,0.0
CN.GS,4878840719474688.0,301574690178873.7,0.0
CN.GD,2.035202250715955e+16,2204530713405369.5,0.0
CN.GX,4626800227385344.0,1070750356756747.1,0.0
CN.GZ,3533650519916544.0,788337382275360.9,0.0
CN.HA,3098953927098368.0,788349255505237.4,0.0
CN.HB,0.0,0.0,0.0
CN.HL,7.752401366391194e+16,2426824620325072.0,0.0
CN.HE,1.5013062478135296e+16,874197967761929.2,0.0
CN.HU,1.1385471896649728e+16,1054427583997197.5,0.0
CN.HN,5911557552734208.0,1163914600616540.0,0.0
CN.JS,0.0,0.0,0.0
CN.JX,8063778012790784.0,773749480461391.4,0.0
CN.JL,1.2982582329212928e+16,2016318638818318.5,0.0
CN.LN,1.284164082991104e+16,3931916203538925.5,0.0
CN.NM,2.383365399379968e+16,535008687478474.56,0.0
CN.NX,1.754554806829056e+16,1488497921320342.2,0.0
CN.QH,3125367439097856.0,219458865500578.7,0.0
CN.SA,1.4706592939245568e+16,1241737650064825.8,0.0
CN.SD,4552340526858240.0,129819870343929.2,0.0
CN.SH,0.0,0.0,0.0
CN.SX,6.016807659057971e+16,2614203207813558.0,0.0
CN.SC,3718214928302080.0,466563180695533.1,0.0
CN.TJ,0.0,0.0,0.0
CN.XJ,3938545139974144.0,287329034736518.25,0.0
CN.XZ,2575400366505984.0,171455805196337.4,0.0
CN.YN,7688137488728064.0,864376140027221.4,0.0
CN.ZJ,0.0,0.0,0.0
