HASC_1,Max,Mean,Min
CN.AH,0.0,0.0,0.0
CN.BJ,0.0,0.0,0.0
CN.CQ,4397568427556864.0,903915569462861.0,0.0
CN.FJ,2458912800374784.0,83559106750657.6,0.0
CN.GS,2884230526795776.0,197940037577467.0,0.0
CN.GD,1.2839732790689792e+16,1332261258539882.0,0.0
CN.GX,4245398810001408.0,934879602580435.5,0.0
CN.GZ,3928541355835392.0,981880183117118.2,0.0
CN.HA,2162750109253632.0,757480314643949.0,0.0
CN.HB,4340341209563136.0,146859336836777.66,0.0
CN.HL,6820932588929024.0,825518535731803.2,0.0
CN.HE,1.1937449282371584e+16,552552598702003.7,0.0
CN.HU,6372508475326464.0,814300657709719.1,0.0
CN.HN,4353897468526592.0,1217522313119530.2,0.0
CN.JS,1.0838764435800064e+16,602735884755885.2,0.0
CN.JX,2390599466483712.0,556841869177807.25,0.0
CN.JL,1.1372843619057664e+16,1284382496502285.0,0.0
CN.LN,1.6622995535560704e+16,2354668938261500.5,0.0
CN.NM,6845260894306304.0,240185936882104.88,0.0
CN.NX,6845260894306304.0,766180668739969.1,0.0
CN.QH,2051475693895680.0,247086722893730.3,0.0
CN.SA,4574441891692544.0,606156061777732.0,0.0
CN.SD,9377665953824768.0,1416572001265771.8,0.0
CN.SH,1.233440519225344e+16,4698482255895946.0,0.0
CN.SX,1.0077004741214208e+16,691769850286012.9,0.0
CN.SC,4530993465655296.0,593950418990886.0,0.0
CN.TJ,0.0,0.0,0.0
CN.XJ,3395328950665216.0,258519917696735.5,0.0
CN.XZ,3519869312040960.0,212504647144436.0,0.0
CN.YN,1.0916554883465216e+16,1126305453125531.5,0.0
CN.ZJ,1.1369499987017728e+16,1281631535902046.0,0.0
