HASC_1,Max,Mean,Min
HR.BB,0.39984673261642456,0.17356155663728715,0.0
HR.SP,0.35780107975006104,0.2562646269798279,0.0
HR.DN,0.6231288909912109,0.16472409597852014,0.0
HR.GZ,0.49362096190452576,0.31514332360691494,0.0
HR.IS,0.7507069110870361,0.4544422086328268,0.0
HR.KA,0.5772679448127747,0.31138025283813475,0.0
HR.KK,0.37190955877304077,0.21395673950513203,0.0
HR.KZ,0.524168074131012,0.3234943879975213,0.0
HR.LS,0.712347149848938,0.3074952353324209,0.0
HR.ME,0.34588858485221863,0.24527666221062341,0.0
HR.OB,0.3514159321784973,0.19500384666025639,0.0
HR.PS,0.3737199902534485,0.19477861788537768,0.0
HR.PG,0.7625857591629028,0.3851424515247345,0.0
HR.SB,0.6057772636413574,0.3286829099059105,0.0
HR.SM,0.4995023310184479,0.3395050631629096,0.0
HR.SD,0.5302093625068665,0.2172827161848545,0.0
HR.VA,0.5007528066635132,0.30862188190221784,0.0
HR.VP,0.3585916757583618,0.16695237557093304,0.0
HR.VS,0.36363017559051514,0.209694837530454,0.0
HR.ZD,0.7625857591629028,0.268659371137619,0.0
HR.ZG,0.5359833836555481,0.3132624361250136,0.0
