HASC_1,Max,Mean,Min
HR.BB,0.8276326656341553,0.35113960355520246,0.0
HR.SP,0.7977586984634399,0.46677909791469574,0.0
HR.DN,0.8952195644378662,0.287891684608026,0.0
HR.GZ,0.7431475520133972,0.5007432169384427,0.0
HR.IS,0.49037840962409973,0.2791447201743722,0.0
HR.KA,0.86879563331604,0.4576009166240692,0.0
HR.KK,0.7396022081375122,0.4374515285094579,0.0
HR.KZ,0.745271623134613,0.516899499628279,0.0
HR.LS,0.8537606596946716,0.4366395803434508,0.0
HR.ME,0.6305654644966125,0.4328262110551198,0.0
HR.OB,0.5670895576477051,0.35669128969311714,0.0
HR.PS,0.8276326656341553,0.37272316382990944,0.0
HR.PG,0.9492999315261841,0.4442860608299573,0.0
HR.SB,0.8075906038284302,0.4549845904111862,0.0
HR.SM,0.7977586984634399,0.5390243232250214,0.0
HR.SD,0.8772489428520203,0.3424494914710522,0.0
HR.VA,0.745271623134613,0.470187796652317,0.0
HR.VP,0.7396022081375122,0.31919727524121605,0.0
HR.VS,0.5483601689338684,0.3662787079811096,0.0
HR.ZD,0.8423633575439453,0.3843751566750663,0.0
HR.ZG,0.8248744010925293,0.4567390489909384,0.0
