HASC_1,Max,Mean,Min
HR.BB,0.3779110908508301,0.15165058951824903,0.0
HR.SP,0.46605178713798523,0.263044391891786,0.0
HR.DN,0.374981552362442,0.07535294424319132,0.0
HR.GZ,0.3786602318286896,0.20521455920404857,0.0
HR.IS,0.08667860925197601,0.02394517554421327,0.0
HR.KA,0.190745010972023,0.04765304230153561,0.0
HR.KK,0.3779110908508301,0.17162816276152928,0.0
HR.KZ,0.3786602318286896,0.23585934274726444,0.0
HR.LS,0.0968896746635437,0.05189557699486613,0.0
HR.ME,0.23560211062431335,0.1187364049255848,0.0
HR.OB,0.46849530935287476,0.2741126933445533,0.0
HR.PS,0.46605178713798523,0.17153698433604506,0.0
HR.PG,0.09729798138141632,0.05349278735617797,0.0
HR.SB,0.09649946540594101,0.05346640255302191,0.0
HR.SM,0.37621456384658813,0.25157555751502514,0.0
HR.SD,0.17995236814022064,0.041772512393072246,0.0
HR.VA,0.37808743119239807,0.2475639119744301,0.0
HR.VP,0.46849530935287476,0.18358027264475824,0.0
HR.VS,0.45475924015045166,0.26875123878320056,0.0
HR.ZD,0.09649946540594101,0.04449735528656414,0.0
HR.ZG,0.3786602318286896,0.19249461353239086,0.0
