HASC_1,Max,Mean,Min
HR.BB,0.3091689348220825,0.1538609780371189,0.0
HR.SP,0.2983928322792053,0.09359719358118516,0.0
HR.DN,0.3586365282535553,0.12241296944293109,0.0
HR.GZ,0.3216528296470642,0.18906787203417885,0.0
HR.IS,0.39366140961647034,0.2227748455479741,0.0
HR.KA,0.34800806641578674,0.1782594722509384,0.0
HR.KK,0.30857062339782715,0.17236781964699427,0.0
HR.KZ,0.3578537106513977,0.19390368130471972,0.0
HR.LS,0.36124974489212036,0.17657897248864174,0.0
HR.ME,0.30230408906936646,0.1921233187119166,0.0
HR.OB,0.0,0.0,0.0
HR.PS,0.3091689348220825,0.10995688429102302,0.0
HR.PG,0.39303159713745117,0.20223062634468078,0.0
HR.SB,0.30409491062164307,0.18168187290430068,0.0
HR.SM,0.3293740749359131,0.2164608852730857,0.0
HR.SD,0.3722259998321533,0.14359807521104812,0.0
HR.VA,0.30230408906936646,0.19797934740781784,0.0
HR.VP,0.3091689348220825,0.0617674579222997,0.0
HR.VS,0.0,0.0,0.0
HR.ZD,0.36124974489212036,0.14672701273645675,0.0
HR.ZG,0.3216528296470642,0.18040205289920172,0.0
