HASC_1,Max,Mean,Min
HR.BB,0.37894946336746216,0.158668802306056,0.0
HR.SP,0.4709675908088684,0.26859831118157934,0.0
HR.DN,0.3659459352493286,0.07452888477762992,0.0
HR.GZ,0.37894946336746216,0.1951652823223008,0.0
HR.IS,0.06629166752099991,0.021050073230071575,0.0
HR.KA,0.1548604965209961,0.043759143128991124,0.0
HR.KK,0.37085404992103577,0.172209000090758,0.0
HR.KZ,0.3814970850944519,0.2341995487610499,0.0
HR.LS,0.09743432700634003,0.05320048764614122,0.0
HR.ME,0.2648558020591736,0.12620306635896364,0.0
HR.OB,0.47189900279045105,0.28053178420911234,0.0
HR.PS,0.46218547224998474,0.17147548662291634,0.0
HR.PG,0.09743432700634003,0.05320132396494349,0.0
HR.SB,0.09604790806770325,0.05252358857542276,0.0
HR.SM,0.37894946336746216,0.24903442027668157,0.0
HR.SD,0.17873124778270721,0.04055699682794511,0.0
HR.VA,0.3814970850944519,0.25457525700330735,0.0
HR.VP,0.47189900279045105,0.18666452318429946,0.0
HR.VS,0.4709675908088684,0.27536547382672627,0.0
HR.ZD,0.09627407789230347,0.04430044708507402,0.0
HR.ZG,0.37894946336746216,0.19075034662253326,0.0
