HASC_1,Max,Mean,Min
HR.BB,0.4673401713371277,0.19981170631945133,0.0
HR.SP,0.5074865818023682,0.29615435749292374,0.0
HR.DN,0.46994549036026,0.13404987265609883,0.0
HR.GZ,0.45633769035339355,0.19038800398508707,0.0
HR.IS,0.09105908870697021,0.04651522671338171,0.0
HR.KA,0.382284015417099,0.18738456308841706,0.0
HR.KK,0.4673927128314972,0.23060959229866665,0.0
HR.KZ,0.4775652289390564,0.24443284587727654,0.0
HR.LS,0.382284015417099,0.19723409773515804,0.0
HR.ME,0.33061671257019043,0.16787931571404138,0.0
HR.OB,0.8598034977912903,0.36522121758510667,0.0
HR.PS,0.48103633522987366,0.2186172968811459,0.0
HR.PG,0.382284015417099,0.12747387029230595,0.0
HR.SB,0.3760868310928345,0.20622879043221473,0.0
HR.SM,0.4646575152873993,0.2865848731663492,0.0
HR.SD,0.3704369366168976,0.12859351201914251,0.0
HR.VA,0.4775652289390564,0.3204995959997177,0.0
HR.VP,0.48103633522987366,0.23406648288170498,0.0
HR.VS,0.9027444124221802,0.4333251764376958,0.0
HR.ZD,0.3716261684894562,0.11471581730459418,0.0
HR.ZG,0.4673401713371277,0.23828833591606882,0.0
