HASC_1,Max,Mean,Min
HR.BB,0.46657469868659973,0.19732404164969922,0.0
HR.SP,0.47864222526550293,0.300366535782814,0.0
HR.DN,0.6430820226669312,0.14286531203172423,0.0
HR.GZ,0.438414990901947,0.17995182673136392,0.0
HR.IS,0.09436756372451782,0.04835568671114743,0.0
HR.KA,0.37758320569992065,0.2035055547952652,0.0
HR.KK,0.4603818356990814,0.21963252276182174,0.0
HR.KZ,0.4761395752429962,0.22407794660992092,0.0
HR.LS,0.37758320569992065,0.19451028933482511,0.0
HR.ME,0.38295629620552063,0.17174600809812546,0.0
HR.OB,0.8994393944740295,0.3703959273795287,0.0
HR.PS,0.47864222526550293,0.22068127575847837,0.0
HR.PG,0.3773905634880066,0.12318816514064869,0.0
HR.SB,0.3790208697319031,0.20959591418504714,0.0
HR.SM,0.4681423306465149,0.2836159374564886,0.0
HR.SD,0.3719210922718048,0.1331300945021212,0.0
HR.VA,0.4761395752429962,0.30721136033535,0.0
HR.VP,0.5006799697875977,0.22537662933270136,0.0
HR.VS,0.8879166841506958,0.43552438318729403,0.0
HR.ZD,0.3790208697319031,0.1110893841566784,0.0
HR.ZG,0.4761395752429962,0.2406238073276149,0.0
