HASC_1,Max,Mean,Min
HR.BB,0.49593210220336914,0.19108860567212105,0.0
HR.SP,0.30422356724739075,0.21662287414073944,0.0
HR.DN,0.4679356813430786,0.16125008294528181,0.0
HR.GZ,0.6126108169555664,0.3578292826811473,0.0
HR.IS,0.8069624304771423,0.41592867858707905,0.0
HR.KA,0.5883342623710632,0.30665238976478576,0.0
HR.KK,0.5315514206886292,0.25643117129802706,0.0
HR.KZ,0.6126108169555664,0.3457396427790324,0.0
HR.LS,0.5863901972770691,0.30207995006016325,0.0
HR.ME,0.4076513946056366,0.2850826332966487,0.0
HR.OB,0.36045384407043457,0.2109974715858698,0.0
HR.PS,0.2810668647289276,0.17080526798963547,0.0
HR.PG,0.8069624304771423,0.3937795639038086,0.0
HR.SB,0.6030223965644836,0.34535875767469404,0.0
HR.SM,0.5162147879600525,0.3264483834306399,0.0
HR.SD,0.6199349164962769,0.2263078149408102,0.0
HR.VA,0.5732954740524292,0.3645831361413002,0.0
HR.VP,0.32078003883361816,0.15949718455473583,0.0
HR.VS,0.34258678555488586,0.1973617931207021,0.0
HR.ZD,0.5520187020301819,0.2546972181115832,0.0
HR.ZG,0.6126108169555664,0.33847590618663365,0.0
