HASC_1,Max,Mean,Min
HR.BB,0.5589575171470642,0.25732656195759773,0.0
HR.SP,0.5956667065620422,0.3653480304139001,0.0
HR.DN,0.7211567759513855,0.23210571401498534,0.0
HR.GZ,0.7155048847198486,0.4226643376880222,0.0
HR.IS,0.9045576453208923,0.4458867013454437,0.0
HR.KA,0.8410194516181946,0.4425362706184387,0.0
HR.KK,0.5589575171470642,0.317698672413826,0.0
HR.KZ,0.6429475545883179,0.45532025231255424,0.0
HR.LS,0.8247841596603394,0.3910975732973644,0.0
HR.ME,0.4820246994495392,0.338833083709081,0.0
HR.OB,0.4725361764431,0.2414286769926548,0.0
HR.PS,0.5956667065620422,0.31691648728317684,0.0
HR.PG,0.9045576453208923,0.45803960859775544,0.0
HR.SB,0.8225311040878296,0.4157654657959938,0.0
HR.SM,0.8410194516181946,0.44072166581948596,0.0
HR.SD,0.7280382513999939,0.27982776463031767,0.0
HR.VA,0.6154168844223022,0.3948128312826157,0.0
HR.VP,0.5956667065620422,0.2982701341311137,0.0
HR.VS,0.3061249256134033,0.2037135402361552,0.0
HR.ZD,0.8279304504394531,0.33641982334000725,0.0
HR.ZG,0.7422351837158203,0.39047227385971284,0.0
