HASC_1,Max,Mean,Min
HR.BB,0.5817421078681946,0.27499219626188276,0.0
HR.SP,0.4924536347389221,0.3501811698079109,0.0
HR.DN,0.5853365063667297,0.22040053829550743,0.0
HR.GZ,0.5739914774894714,0.38295723001162213,0.0
HR.IS,0.8347136974334717,0.4066011365503073,0.0
HR.KA,0.8107847571372986,0.4218663477897644,0.0
HR.KK,0.562767505645752,0.3251620868841807,0.0
HR.KZ,0.789223313331604,0.4846814407242669,0.0
HR.LS,0.8246601223945618,0.4136429162962096,0.0
HR.ME,0.4156907796859741,0.2748491217692693,0.0
HR.OB,0.41688430309295654,0.23648904946943125,0.0
HR.PS,0.5817421078681946,0.30268368621667224,0.0
HR.PG,0.8788493275642395,0.4755574276049932,0.0
HR.SB,0.7847259044647217,0.4403867706656456,0.0
HR.SM,0.6373537182807922,0.4283594836791356,0.0
HR.SD,0.8010125756263733,0.28857197239995,0.0
HR.VA,0.789223313331604,0.40698109567165375,0.0
HR.VP,0.5150105953216553,0.26182719866434734,0.0
HR.VS,0.41688430309295654,0.25092884798844656,0.0
HR.ZD,0.8102648854255676,0.33641015802110946,0.0
HR.ZG,0.8107847571372986,0.392860256963306,0.0
