HASC_1,Max,Mean,Min
HR.BB,0.300728976726532,0.056426712311804295,0.0
HR.SP,0.37381070852279663,0.19595986139029264,0.0
HR.DN,0.09641551971435547,0.025274316981350155,0.0
HR.GZ,0.09718625247478485,0.06796967817677392,0.0
HR.IS,0.0,0.0,0.0
HR.KA,0.08690116554498672,0.030161648062057792,0.0
HR.KK,0.3524136245250702,0.10121486534674963,0.0
HR.KZ,0.0959029495716095,0.06698843091726303,0.0
HR.LS,0.05648413673043251,0.008513907992726237,0.0
HR.ME,0.22254975140094757,0.07583486381918192,0.0
HR.OB,0.38028591871261597,0.21809965123732886,0.0
HR.PS,0.38028591871261597,0.12611319300615126,0.0
HR.PG,0.03210126608610153,0.0016172821051441133,0.0
HR.SB,0.0656738430261612,0.010751847759820521,0.0
HR.SM,0.09718625247478485,0.06904514558199379,0.0
HR.SD,0.09330248832702637,0.017664341061845334,0.0
HR.VA,0.22254975140094757,0.06707482133060694,0.0
HR.VP,0.38028591871261597,0.18735122084617614,0.0
HR.VS,0.37381070852279663,0.2145748943090439,0.0
HR.ZD,0.042196497321128845,0.0027915755547419556,0.0
HR.ZG,0.0959029495716095,0.05797526198956701,0.0
