HASC_1,Max,Mean,Min
HR.BB,0.37859147787094116,0.15822647847235202,0.0
HR.SP,0.4572419822216034,0.26337161660194397,0.0
HR.DN,0.378680020570755,0.07251770798624917,0.0
HR.GZ,0.356487900018692,0.19270390934414333,0.0
HR.IS,0.07781527936458588,0.02117694149228555,0.0
HR.KA,0.15423524379730225,0.04544981062412262,0.0
HR.KK,0.37859147787094116,0.17564584414164225,0.0
HR.KZ,0.38291722536087036,0.2259469528992971,0.0
HR.LS,0.09656087309122086,0.053660846049232144,0.0
HR.ME,0.2293194979429245,0.12495763786137104,0.0
HR.OB,0.47634097933769226,0.2779726966594656,0.0
HR.PS,0.43078893423080444,0.16843916268812287,0.0
HR.PG,0.09799958765506744,0.05298603841414054,0.0
HR.SB,0.0955762267112732,0.053477924596518275,0.0
HR.SM,0.3749285340309143,0.2470471521632539,0.0
HR.SD,0.16395366191864014,0.040074799628928306,0.0
HR.VA,0.38291722536087036,0.2540174350142479,0.0
HR.VP,0.47634097933769226,0.17778493811686832,0.0
HR.VS,0.4572419822216034,0.2735169783234596,0.0
HR.ZD,0.09567489475011826,0.044183617617402755,0.0
HR.ZG,0.37859147787094116,0.18717075584249365,0.0
