HASC_1,Max,Mean,Min
HR.BB,0.8775702714920044,0.39206203669309614,0.0
HR.SP,0.8946126103401184,0.5682786809546607,0.0
HR.DN,0.9130461812019348,0.3210268257693811,0.0
HR.GZ,0.8722668886184692,0.5831545326444838,0.0
HR.IS,0.46388643980026245,0.2885852176696062,0.0
HR.KA,0.7251530885696411,0.26303255319595337,0.0
HR.KK,0.7322838306427002,0.47603331605593363,0.0
HR.KZ,0.8561863899230957,0.5453366637229919,0.0
HR.LS,0.5207626223564148,0.26854890318853514,0.0
HR.ME,0.7999013066291809,0.504489541053772,0.0
HR.OB,0.8288533091545105,0.4576727549235026,0.0
HR.PS,0.8946126103401184,0.45450178616576725,0.0
HR.PG,0.5000191330909729,0.2419303519030412,0.0
HR.SB,0.8132047653198242,0.4219299964606762,0.0
HR.SM,0.8946126103401184,0.6077574921978844,0.0
HR.SD,0.887137770652771,0.34130962397903203,0.0
HR.VA,0.8561863899230957,0.5790345430374145,0.0
HR.VP,0.7322838306427002,0.38277048667271935,0.0
HR.VS,0.8288533091545105,0.4825010319550832,0.0
HR.ZD,0.631756067276001,0.1959551391857011,0.0
HR.ZG,0.849910318851471,0.42244403643740547,0.0
