HASC_1,Max,Mean,Min
HR.BB,0.8737242221832275,0.39792666435241697,0.0
HR.SP,0.8889567852020264,0.5647080987691879,0.0
HR.DN,0.9088611602783203,0.3274491828950969,0.0
HR.GZ,0.8823235034942627,0.5794646210140653,0.0
HR.IS,0.46780312061309814,0.2897943891584873,0.0
HR.KA,0.7332282066345215,0.2691996014118195,0.0
HR.KK,0.7285063862800598,0.4774013876914978,0.0
HR.KZ,0.8476825952529907,0.5424423813819885,0.0
HR.LS,0.5449689030647278,0.2754595609647887,0.0
HR.ME,0.7965074777603149,0.48901231090227765,0.0
HR.OB,0.8013789653778076,0.4594179230431716,0.0
HR.PS,0.8889567852020264,0.45841991239123875,0.0
HR.PG,0.49626317620277405,0.24359342381358146,0.0
HR.SB,0.832597553730011,0.4440623328089714,0.0
HR.SM,0.8889567852020264,0.6129626399940915,0.0
HR.SD,0.8832308053970337,0.3641986854374409,0.0
HR.VA,0.8258006572723389,0.568630388379097,0.0
HR.VP,0.711320698261261,0.3816148996353149,0.0
HR.VS,0.8013789653778076,0.478678556283315,0.0
HR.ZD,0.6002068519592285,0.20799693294933863,0.0
HR.ZG,0.8476825952529907,0.4218449427021874,0.0
