HASC_1,Max,Mean,Min
HR.BB,0.2937040328979492,0.05506803020834923,0.0
HR.SP,0.37735721468925476,0.19444112785692727,0.0
HR.DN,0.09599326550960541,0.025025456402958793,0.0
HR.GZ,0.09647072851657867,0.0684790089726448,0.0
HR.IS,0.0,0.0,0.0
HR.KA,0.08753439038991928,0.029565637314226477,0.0
HR.KK,0.35386568307876587,0.09958068852623304,0.0
HR.KZ,0.09655969589948654,0.06723040176762475,0.0
HR.LS,0.05616205185651779,0.008074036813923158,0.0
HR.ME,0.21484871208667755,0.07269725141425927,0.0
HR.OB,0.382251113653183,0.21899689299364886,0.0
HR.PS,0.382251113653183,0.12338165835373932,0.0
HR.PG,0.0309112798422575,0.0014950270124245435,0.0
HR.SB,0.06633782386779785,0.010416949990030844,0.0
HR.SM,0.09647072851657867,0.06977891094154781,0.0
HR.SD,0.09183967858552933,0.017236706720973417,0.0
HR.VA,0.21484871208667755,0.0667548643425107,0.0
HR.VP,0.382251113653183,0.18525811831156414,0.0
HR.VS,0.37735721468925476,0.2171000525355339,0.0
HR.ZD,0.04086917266249657,0.002602149623479428,0.0
HR.ZG,0.09452643990516663,0.05822885926398966,0.0
