HASC_1,Max,Mean,Min
HR.BB,0.0,0.0,0.0
HR.SP,0.0,0.0,0.0
HR.DN,0.34012579917907715,0.043890651992776177,0.0
HR.GZ,0.234083890914917,0.08429428603914049,0.0
HR.IS,0.3328719735145569,0.18602544721215963,0.0
HR.KA,0.33371710777282715,0.1626300272345543,0.0
HR.KK,0.0,0.0,0.0
HR.KZ,0.32931429147720337,0.09454584038919872,0.0
HR.LS,0.32158076763153076,0.16086601146629878,0.0
HR.ME,0.0,0.0,0.0
HR.OB,0.0,0.0,0.0
HR.PS,0.0,0.0,0.0
HR.PG,0.354205846786499,0.17951722244421642,0.0
HR.SB,0.32604023814201355,0.17376122027635574,0.0
HR.SM,0.2614951729774475,0.054504610442866884,0.0
HR.SD,0.30556708574295044,0.09980182487634011,0.0
HR.VA,0.06144072860479355,0.006144072860479355,0.0
HR.VP,0.0,0.0,0.0
HR.VS,0.0,0.0,0.0
HR.ZD,0.32604023814201355,0.13688995582716806,0.0
HR.ZG,0.2753334939479828,0.06938900674382846,0.0
