HASC_1,Max,Mean,Min
HR.BB,0.09615828096866608,0.035971549554960805,0.0
HR.SP,0.09712184220552444,0.06894384830125741,0.0
HR.DN,3.140243052257574e-06,7.136916027858123e-08,0.0
HR.GZ,0.001200104714371264,0.00017306447585320307,0.0
HR.IS,0.0,0.0,0.0
HR.KA,0.0,0.0,0.0
HR.KK,0.09339947998523712,0.05523119854430358,0.0
HR.KZ,0.011818557977676392,0.0019199562852413186,0.0
HR.LS,0.0,0.0,0.0
HR.ME,0.09134801477193832,0.06690862029790878,0.0
HR.OB,0.27713894844055176,0.07181125545563798,0.0
HR.PS,0.09712184220552444,0.05490368128650718,0.0
HR.PG,0.0,0.0,0.0
HR.SB,0.0,0.0,0.0
HR.SM,0.06103871390223503,0.011733523304832892,0.0
HR.SD,0.0,0.0,0.0
HR.VA,0.08966101706027985,0.037373622116138,0.0
HR.VP,0.09615828096866608,0.05622974286476771,0.0
HR.VS,0.2468297779560089,0.07233565226197243,0.0
HR.ZD,0.0,0.0,0.0
HR.ZG,0.048576466739177704,0.007631127882632427,0.0
