HASC_1,Max,Mean,Min
HR.BB,0.0,0.0,0.0
HR.SP,0.0,0.0,0.0
HR.DN,0.3263758420944214,0.04782518086986701,0.0
HR.GZ,0.21079951524734497,0.08678493007189697,0.0
HR.IS,0.3501451015472412,0.165204007178545,0.0
HR.KA,0.343959778547287,0.16818527460098268,0.0
HR.KK,0.0,0.0,0.0
HR.KZ,0.1661122441291809,0.06034647573768678,0.0
HR.LS,0.3309803009033203,0.16304059592740877,0.0
HR.ME,0.0,0.0,0.0
HR.OB,0.0,0.0,0.0
HR.PS,0.0,0.0,0.0
HR.PG,0.343959778547287,0.1773035705089569,0.0
HR.SB,0.3196064829826355,0.16522950530052186,0.0
HR.SM,0.3112938404083252,0.06008360946240524,0.0
HR.SD,0.3196064829826355,0.0979784327559173,0.0
HR.VA,0.068996861577034,0.007039074448402971,0.0
HR.VP,0.0,0.0,0.0
HR.VS,0.0,0.0,0.0
HR.ZD,0.3540918231010437,0.13589943562235152,0.0
HR.ZG,0.33386051654815674,0.07860879155082835,0.0
