HASC_1,Max,Mean,Min
HR.BB,0.4653266966342926,0.19012546464800834,0.0
HR.SP,0.337249755859375,0.24196010189396994,0.0
HR.DN,0.6163368225097656,0.16290386258201164,0.0
HR.GZ,0.5864872932434082,0.3319158719645606,0.0
HR.IS,0.7259476184844971,0.45017662458121777,0.0
HR.KA,0.6264591217041016,0.3024838161468506,0.0
HR.KK,0.39622747898101807,0.23300553659598033,0.0
HR.KZ,0.480030357837677,0.32174722022480434,0.0
HR.LS,0.7734311819076538,0.30392794630357195,0.0
HR.ME,0.35784411430358887,0.2530382772286733,0.0
HR.OB,0.37516409158706665,0.20053708677490553,0.0
HR.PS,0.4017972946166992,0.1924133391843902,0.0
HR.PG,0.7786613702774048,0.4004309316476186,0.0
HR.SB,0.5955745577812195,0.31800446212291716,0.0
HR.SM,0.5864872932434082,0.35413868311378693,0.0
HR.SD,0.5777953863143921,0.22311613261699675,0.0
HR.VA,0.4292795658111572,0.3068459123373032,0.0
HR.VP,0.3886927664279938,0.18112902144591014,0.0
HR.VS,0.33853840827941895,0.2154979040225347,0.0
HR.ZD,0.7437894344329834,0.2680644018309457,0.0
HR.ZG,0.5314741134643555,0.3211941189236111,0.0
