HASC_1,Max,Mean,Min
HR.BB,0.5953468084335327,0.26607453525066377,0.0
HR.SP,0.5602060556411743,0.3443403052432196,0.0
HR.DN,0.672481119632721,0.2247122207825834,0.0
HR.GZ,0.6714209318161011,0.4194122619099087,0.0
HR.IS,0.8767552971839905,0.4322840962558985,0.0
HR.KA,0.8226719498634338,0.4186220622062683,0.0
HR.KK,0.5970838069915771,0.32030581633249916,0.0
HR.KZ,0.801084041595459,0.5040905872980753,0.0
HR.LS,0.8273326754570007,0.40035974766526905,0.0
HR.ME,0.38147732615470886,0.28528182208538055,0.0
HR.OB,0.4511825442314148,0.22687257764240107,0.0
HR.PS,0.5602060556411743,0.30368536214033764,0.0
HR.PG,0.8767552971839905,0.47661521335442864,0.0
HR.SB,0.7742823362350464,0.4362715154886246,0.0
HR.SM,0.7090759873390198,0.44587068921989864,0.0
HR.SD,0.8318617939949036,0.2906597092747688,0.0
HR.VA,0.801084041595459,0.4187534421682358,0.0
HR.VP,0.5953468084335327,0.27769004901250205,0.0
HR.VS,0.37559252977371216,0.24367664953072865,0.0
HR.ZD,0.8642712235450745,0.34428882939474925,0.0
HR.ZG,0.8226719498634338,0.39358880122502643,0.0
