HASC_1,Max,Mean,Min
HR.BB,0.2421451359987259,0.0501238371245563,0.0
HR.SP,0.3799445331096649,0.19384262205234595,0.0
HR.DN,0.09372498840093613,0.025074125616811216,0.0
HR.GZ,0.09736251085996628,0.06639316264126036,0.0
HR.IS,0.0,0.0,0.0
HR.KA,0.08935464918613434,0.028147466296795754,0.0
HR.KK,0.262027770280838,0.08941725765665372,0.0
HR.KZ,0.09736251085996628,0.06603586259815428,0.0
HR.LS,0.05543830990791321,0.007886179841339722,0.0
HR.ME,0.17289158701896667,0.07375736037890117,0.0
HR.OB,0.3799445331096649,0.21508968683580557,0.0
HR.PS,0.3799445331096649,0.11953422168476714,0.0
HR.PG,0.02792382426559925,0.0013561302582578113,0.0
HR.SB,0.06611255556344986,0.01027141702506924,0.0
HR.SM,0.09518194943666458,0.06874873716798094,0.0
HR.SD,0.08710362017154694,0.016940913812140933,0.0
HR.VA,0.17289158701896667,0.061136390641331674,0.0
HR.VP,0.3732546865940094,0.17893622269233067,0.0
HR.VS,0.375158429145813,0.20808529059092204,0.0
HR.ZD,0.03236725926399231,0.0024978550624967155,0.0
HR.ZG,0.09736251085996628,0.05815012401176824,0.0
