HASC_1,Max,Mean,Min
SE.BL,0.01916666515171528,0.00034476101225461916,0.0
SE.KO,0.5914583802223206,-16.33266876741528,-9999.904296875
SE.GV,1.1024999618530273,0.12358793931872986,0.0
SE.GT,0.011062879115343094,0.0006199932166055077,0.0
SE.HA,0.014583331532776356,0.002660079186964304,0.0
SE.JA,1.2110416889190674,-48.966071129746226,-9999.904296875
SE.JO,0.01127039734274149,0.0005649821513249889,0.0
SE.KA,0.01374999899417162,0.00040334199293283745,0.0
SE.KR,0.01127039734274149,0.0008740491619578395,0.0
SE.NB,3.4202091693878174,-405.44318668781824,-9999.904296875
SE.OR,0.14466960728168488,0.013222869649098357,0.0
SE.OG,0.17041665315628052,0.008012635339879608,0.0
SE.SN,0.020625000819563866,0.0026560908327322927,0.0
SE.SD,0.37220120429992676,0.029651450035826126,0.0
SE.ST,2.9295835494995117,0.17588144260819308,0.0
SE.UP,2.3533332347869873,0.20895201039696937,0.0
SE.VR,0.06458333134651184,0.0014325456937839245,0.0
SE.VB,0.8606250286102295,-117.06500096897288,-9999.904296875
SE.VN,1.2110416889190674,0.07136775157692761,0.0
SE.VM,1.3679314851760864,0.12031459493381488,0.0
SE.VG,0.17041665315628052,0.0005800659836289642,0.0
