HASC_1,Max,Mean,Min
SE.BL,0.08403470367193222,0.014012108465951516,0.0
SE.KO,0.055000003427267075,-3109.62625960535,-9999.904296875
SE.GV,0.009999999776482582,-3494.284725896662,-9999.904296875
SE.GT,0.2408463954925537,0.005601440756917478,0.0
SE.HA,0.1371094286441803,0.010113168930202894,0.0
SE.JA,0.016874998807907104,-5855.063781190428,-9999.904296875
SE.JO,0.6108482480049133,0.01568396365279335,0.0
SE.KA,0.2932446300983429,0.015846324896122043,0.0
SE.KR,0.3908368647098541,0.03885241897320607,0.0
SE.NB,0.0,-6530.493817334373,-9999.904296875
SE.OR,0.6026594638824463,-39.059534502037195,-9999.904296875
SE.OG,0.6955700516700745,0.027192082681944976,0.0
SE.SN,0.06847918033599854,0.0019527856983241145,0.0
SE.SD,0.16250817477703094,0.004236328486287735,0.0
SE.ST,0.07318533957004547,0.0023686518290792174,0.0
SE.UP,0.012916666455566883,-340.13265304004096,-9999.904296875
SE.VR,0.15489403903484344,-1213.7752434416761,-9999.904296875
SE.VB,0.003124999813735485,-5563.0098189634955,-9999.904296875
SE.VN,0.0,-5467.338979704484,-9999.904296875
SE.VM,0.0003002055163960904,1.797716640072712e-05,0.0
SE.VG,0.6955700516700745,0.021454099053733355,0.0
