HASC_1,Max,Mean,Min
SE.BL,0.02615875005722046,0.0016887099784505019,0.0
SE.KO,0.05189232900738716,-3404.2204175552956,-9999.904296875
SE.GV,0.13083334267139435,-3963.023737448295,-9999.904296875
SE.GT,0.0067853559739887714,0.0005347893720383468,0.0
SE.HA,0.02807755582034588,0.002553932152172512,0.0
SE.JA,0.6301941275596619,-5855.063268988627,-9999.904296875
SE.JO,0.16957753896713257,0.01676099475951851,0.0
SE.KA,0.02749999798834324,0.0021708355357830554,0.0
SE.KR,0.029726913198828697,0.0022842291329203735,0.0
SE.NB,0.0018749999580904841,-6516.791563741779,-9999.904296875
SE.OR,0.172938272356987,0.021071158743056095,0.0
SE.OG,0.20726121962070465,0.021045314791435583,0.0
SE.SN,0.13166262209415436,0.027383340510390777,0.0
SE.SD,0.06721651554107666,0.00800484519915759,0.0
SE.ST,0.1575000137090683,0.01768843661938927,0.0
SE.UP,0.21645833551883698,0.03887146948615,0.0
SE.VR,0.11751142144203186,-1241.3536159049029,-9999.904296875
SE.VB,0.10687500238418579,-5558.505198784723,-9999.904296875
SE.VN,0.08208129554986954,-5369.513307979925,-9999.904296875
SE.VM,0.0924999937415123,0.01910057840942745,0.0
SE.VG,0.2288394719362259,0.02327059933298673,0.0
