HASC_1,Max,Mean,Min
SE.BL,0.01479166466742754,0.0010821744516323196,0.0
SE.KO,0.04899095371365547,-1669.3773427237554,-9999.904296875
SE.GV,0.1068749949336052,-2556.7873908851916,-9999.904296875
SE.GT,0.02348972111940384,0.0011259270521141692,0.0
SE.HA,0.01822839491069317,0.00040429551008120806,0.0
SE.JA,0.296875,-5827.830296018334,-9999.904296875
SE.JO,0.00663914205506444,0.0003820355153892244,0.0
SE.KA,0.054196279495954514,0.001700316098315966,0.0
SE.KR,0.054196279495954514,0.0011529281891075969,0.0
SE.NB,0.02812500111758709,-6497.608371949653,-9999.904296875
SE.OR,0.010328985750675201,0.0013669613718816365,0.0
SE.OG,0.0072190300561487675,0.00035550008008256934,0.0
SE.SN,0.012965166009962559,0.0006756097336315681,0.0
SE.SD,0.013333332724869251,0.0005321367737036694,0.0
SE.ST,0.05519488453865051,0.0021867972944958226,0.0
SE.UP,0.01562545821070671,0.0013592636771157967,0.0
SE.VR,0.019374998286366463,-82.75650124050911,-9999.904296875
SE.VB,0.31915298104286194,-5432.378829699318,-9999.904296875
SE.VN,0.3739583194255829,-5141.250571610107,-9999.904296875
SE.VM,0.03362756222486496,0.0021807069210501777,0.0
SE.VG,0.011738106608390808,0.000448920769136949,0.0
