HASC_1,Max,Mean,Min
SE.BL,0.814868152141571,0.17571903365077796,0.0
SE.KO,0.31312498450279236,0.0007912939758864635,0.0
SE.GV,0.0,0.0,0.0
SE.GT,0.02041666768491268,0.0031342947098892183,0.0
SE.HA,2.307525873184204,0.2690525193579663,0.0
SE.JA,0.026666665449738503,-239.6490352101518,-9999.904296875
SE.JO,4.802873134613037,0.7440368320273049,0.0
SE.KA,0.4456315040588379,0.02347323860045435,0.0
SE.KR,4.802873134613037,0.8517217163744835,0.0
SE.NB,0.046666666865348816,-882.4245799220084,-9999.904296875
SE.OR,0.3300459086894989,0.012229800908016841,0.0
SE.OG,0.44589364528656006,0.016382054412337758,0.0
SE.SN,0.814868152141571,0.07675372463468787,0.0
SE.SD,0.00890557561069727,6.921535496376763e-05,0.0
SE.ST,0.00890557561069727,0.00018529009442621222,0.0
SE.UP,0.0007183621055446565,3.6651127833911044e-05,0.0
SE.VR,8.6598539352417,0.6170242746887279,0.0
SE.VB,0.11500000208616257,-486.4815084928657,-9999.904296875
SE.VN,0.029999999329447746,5.502717205039833e-05,0.0
SE.VM,0.0007183621055446565,5.071347723493264e-05,0.0
SE.VG,11.459025382995605,1.4829129995560169,0.0
