HASC_1,Max,Mean,Min
SE.BL,0.06020835041999817,0.010732748233109575,0.0
SE.KO,0.04333333298563957,-4459.858937299662,-9999.904296875
SE.GV,0.10583331435918808,-5340.856056509644,-9999.904296875
SE.GT,0.49959567189216614,0.017810560477058365,0.0
SE.HA,0.8090166449546814,0.009489143875404457,0.0
SE.JA,0.017500000074505806,-5838.724054216595,-9999.904296875
SE.JO,0.013210982084274292,0.0002986660022581716,0.0
SE.KA,0.1513298898935318,0.007133830228995066,0.0
SE.KR,0.02189999632537365,0.0004419604273778563,0.0
SE.NB,0.05249999836087227,-6492.127433065281,-9999.904296875
SE.OR,0.029999999329447746,-156.24764515382822,-9999.904296875
SE.OG,0.04709238186478615,0.0019382392578224928,0.0
SE.SN,0.024000925943255424,0.001828036328111787,0.0
SE.SD,0.05392196774482727,0.004138513770549027,0.0
SE.ST,0.1357242614030838,0.008589799049992044,0.0
SE.UP,0.06353332847356796,-952.3689420285988,-9999.904296875
SE.VR,0.359541654586792,-1682.7357907642595,-9999.904296875
SE.VB,0.03416666015982628,-5572.0186306423675,-9999.904296875
SE.VN,0.07229166477918625,-5391.252114469045,-9999.904296875
SE.VM,0.054199978709220886,-1269.8273418938213,-9999.904296875
SE.VG,0.8090166449546814,0.020278652543306113,0.0
