HASC_1,Max,Mean,Min
SE.BL,0.0,0.0,0.0
SE.KO,0.00833333283662796,7.912311104694823e-05,0.0
SE.GV,0.042500000447034836,0.00027787642201556906,0.0
SE.GT,0.012104314751923084,0.0003768377103369858,0.0
SE.HA,0.030699430033564568,0.00046651376968449246,0.0
SE.JA,0.051249999552965164,0.0008939270068097998,0.0
SE.JO,0.002291666576638818,6.062609991107984e-06,0.0
SE.KA,0.00782813411206007,0.00010367521230364218,0.0
SE.KR,0.0,0.0,0.0
SE.NB,0.3747917115688324,-5.473865530348748,-9999.904296875
SE.OR,0.005624999757856131,0.00010015436600951944,0.0
SE.OG,0.007902714423835278,5.523651500935761e-05,0.0
SE.SN,0.07031181454658508,0.00027910846419458004,0.0
SE.SD,0.0,0.0,0.0
SE.ST,0.00479166628792882,4.24921551408867e-05,0.0
SE.UP,0.01374999899417162,0.00019616650126012816,0.0
SE.VR,0.04788149520754814,0.0007052154676860262,0.0
SE.VB,0.050208330154418945,0.0010971691135260322,0.0
SE.VN,0.014791666530072689,0.0003694519835888692,0.0
SE.VM,0.008043118752539158,0.00021240528717282272,0.0
SE.VG,0.17831845581531525,0.0012277372356233214,0.0
