HASC_1,Max,Mean,Min
SE.BL,0.0,0.0,0.0
SE.KO,0.00014425930567085743,-1734.8437706054501,-9999.9013671875
SE.GV,0.015263157896697521,-2542.5885257031014,-9999.9013671875
SE.GT,0.022840075194835663,0.0023178836852215073,0.0
SE.HA,0.011527957394719124,0.00022582311876454298,0.0
SE.JA,0.0,-5849.615505642361,-9999.9013671875
SE.JO,0.0,0.0,0.0
SE.KA,0.013684210367500782,0.00047956330701708793,0.0
SE.KR,0.0009865084430202842,4.215848047095232e-06,0.0
SE.NB,0.0,-6497.60650633093,-9999.9013671875
SE.OR,0.00014425930567085743,5.635129127767868e-06,0.0
SE.OG,0.012631578370928764,0.00028249625964755457,0.0
SE.SN,0.0177262332290411,0.002189613208657498,0.0
SE.SD,0.005789473652839661,0.00023488634196687337,0.0
SE.ST,0.01631578989326954,0.00012983043801368158,0.0
SE.UP,0.00014425930567085743,7.360168656676399e-06,0.0
SE.VR,0.008813552558422089,-124.13662600405382,-9999.9013671875
SE.VB,0.006315789185464382,-5432.378843903877,-9999.9013671875
SE.VN,0.0,-5065.167431640625,-9999.9013671875
SE.VM,0.00014425930567085743,1.030423611934696e-05,0.0
SE.VG,0.010502520017325878,0.0001586954949845206,0.0
