HASC_1,Max,Mean,Min
SE.BL,0.015909090638160706,0.0010845302411460714,0.0
SE.KO,0.022727273404598236,-1137.4683664825804,-9999.90234375
SE.GV,0.05409090593457222,-127.8387534906241,-9999.90234375
SE.GT,0.03272727131843567,0.0016272656159064998,0.0
SE.HA,0.0,0.0,0.0
SE.JA,0.0,-5310.405656403186,-9999.90234375
SE.JO,0.029399197548627853,0.0009278954886313942,0.0
SE.KA,0.12275978922843933,0.006439809200965101,0.0
SE.KR,0.07454545050859451,0.0013073029685128704,0.0
SE.NB,0.048181816935539246,-6481.164383163133,-9999.90234375
SE.OR,3.839339842670597e-05,1.499742126043202e-06,0.0
SE.OG,0.04735608026385307,0.002504491689733743,0.0
SE.SN,0.04363636299967766,0.0007889403606902023,0.0
SE.SD,0.1295454502105713,0.006847716979528508,0.0
SE.ST,0.0479896180331707,0.00311008758224973,0.0
SE.UP,0.10499999672174454,0.002444263785129843,0.0
SE.VR,0.03185657784342766,-55.17177229777394,-9999.90234375
SE.VB,0.04363636299967766,-5108.0579131222175,-9999.90234375
SE.VN,0.03272727131843567,-2989.1002173758916,-9999.90234375
SE.VM,0.1295454502105713,0.004842208424013243,0.0
SE.VG,0.03454545512795448,0.0005740243401648341,0.0
