HASC_1,Max,Mean,Min
SE.BL,0.07709569483995438,0.0032257962138533846,0.0
SE.KO,0.035624999552965164,-3486.054558006187,-9999.904296875
SE.GV,0.03312499821186066,-4247.116928526015,-9999.904296875
SE.GT,0.0014583333395421505,6.684027660715704e-05,0.0
SE.HA,0.3928333520889282,0.01582400762513624,0.0
SE.JA,0.0,-5855.063790381604,-9999.904296875
SE.JO,0.3501916825771332,0.005274419921349926,0.0
SE.KA,0.015772471204400063,0.00016085114119164247,0.0
SE.KR,0.01023333240300417,0.00026749454714341,0.0
SE.NB,0.0,-6527.753366718622,-9999.904296875
SE.OR,0.08090085536241531,0.0009519352433455808,0.0
SE.OG,0.097381092607975,0.004482578320787478,0.0
SE.SN,0.4804832935333252,0.02324127592613007,0.0
SE.SD,0.04580318555235863,0.0011694929504782454,0.0
SE.ST,0.016458332538604736,0.00026712323714866,0.0
SE.UP,0.008750000037252903,-136.0530720937099,-9999.904296875
SE.VR,0.15079165995121002,-1517.2240705057377,-9999.904296875
SE.VB,0.02916666679084301,-5558.505316746435,-9999.904296875
SE.VN,0.01874999888241291,-5412.991576596473,-9999.904296875
SE.VM,0.021250000223517418,-39.68157961046797,-9999.904296875
SE.VG,0.29829996824264526,0.008415687456241305,0.0
