HASC_1,Max,Mean,Min
SE.BL,0.0,0.0,0.0
SE.KO,0.06437499821186066,0.00027272204652288774,0.0
SE.GV,0.0572916679084301,0.0001529947899557142,0.0
SE.GT,0.5304621458053589,0.00795308558845136,0.0
SE.HA,0.04838946834206581,0.0008888153124712687,0.0
SE.JA,2.287834882736206,-408.4460918845785,-9999.904296875
SE.JO,0.1044091060757637,0.0027994518143632423,0.0
SE.KA,0.13789953291416168,0.004889072163496167,0.0
SE.KR,0.042271584272384644,0.0019657231596672637,0.0
SE.NB,3.3606245517730713,-1041.1211356510312,-9999.904296875
SE.OR,0.00018997867300640792,7.421041914312809e-06,0.0
SE.OG,0.21449482440948486,0.003115400460510686,0.0
SE.SN,0.1549999862909317,0.010200717137584518,0.0
SE.SD,0.08507148176431656,0.0010447919384137657,0.0
SE.ST,0.027120037004351616,0.00022116705029510936,0.0
SE.UP,0.08507148176431656,0.0014954688783977966,0.0
SE.VR,0.10028225928544998,0.00039229324952586844,0.0
SE.VB,3.693209648132324,-598.7157669828737,-9999.904296875
SE.VN,1.9572399854660034,0.05917201089981498,0.0
SE.VM,0.08507148176431656,0.0016955287250138575,0.0
SE.VG,0.08629102259874344,0.00127753921459484,0.0
