HASC_1,Max,Mean,Min
SE.BL,0.6020510196685791,0.134581993325372,0.0
SE.KO,0.17020833492279053,0.008075978346290936,0.0
SE.GV,0.1431250125169754,0.00723719317490825,0.0
SE.GT,0.14564967155456543,0.006154513764431613,0.0
SE.HA,0.13541245460510254,0.02206069672186124,0.0
SE.JA,0.5491666197776794,-38.10021491197061,-9999.904296875
SE.JO,0.25435277819633484,0.025160023918067088,0.0
SE.KA,0.2965052127838135,0.016179738572755013,0.0
SE.KR,0.43948110938072205,0.07997708204878956,0.0
SE.NB,0.07541666179895401,-57.54889981990257,-9999.904296875
SE.OR,0.11248991638422012,0.007977260443922773,0.0
SE.OG,0.2965052127838135,0.009900670483073888,0.0
SE.SN,1.15138578414917,0.23848322293344248,0.0
SE.SD,0.04574168846011162,0.00398230593246575,0.0
SE.ST,0.0970466360449791,0.0065066564150708705,0.0
SE.UP,0.04884100332856178,0.005569796767291696,0.0
SE.VR,0.1409124881029129,0.009529563046375627,0.0
SE.VB,0.5843749642372131,-4.497369852122066,-9999.904296875
SE.VN,0.5843749642372131,0.0304687164703627,0.0
SE.VM,0.03375000134110451,0.0021145021129476455,0.0
SE.VG,0.1663065105676651,0.013662918866021504,0.0
