HASC_1,Max,Mean,Min
SE.BL,0.1347285360097885,0.03742152873504286,0.0
SE.KO,0.018541665747761726,-2225.8377481963007,-9999.904296875
SE.GV,0.18895834684371948,-397.71627212567086,-9999.904296875
SE.GT,0.30196860432624817,0.04681815697501103,0.0
SE.HA,0.008918718434870243,0.00033065345737018755,0.0
SE.JA,0.08833333104848862,-4384.488948791988,-9999.904296875
SE.JO,0.008750000037252903,0.00015362849454124454,0.0
SE.KA,0.19012486934661865,0.015838877587138995,0.0
SE.KR,0.021188104525208473,0.002204123633916432,0.0
SE.NB,0.05979166552424431,-6070.097737311902,-9999.904296875
SE.OR,0.01249999925494194,5.3666949611397285e-05,0.0
SE.OG,0.06894934177398682,0.003671548443630205,0.0
SE.SN,0.20333997905254364,0.030393690466784556,0.0
SE.SD,0.09657696634531021,0.009418295817603627,0.0
SE.ST,0.10007241368293762,0.023473520087553004,0.0
SE.UP,0.037015918642282486,0.0022490985096750233,0.0
SE.VR,0.011967036873102188,-993.0938724720163,-9999.904296875
SE.VB,0.023749999701976776,-3756.720640507697,-9999.904296875
SE.VN,0.10270833224058151,-902.162848765438,-9999.904296875
SE.VM,0.05395833030343056,0.00022175382839613743,0.0
SE.VG,0.01249999925494194,0.000447146987766775,0.0
