HASC_1,Max,Mean,Min
SE.BL,0.05651012435555458,0.005802492371609939,0.0
SE.KO,0.01374999899417162,-90.01515830967698,-9999.904296875
SE.GV,0.016458332538604736,-85.22600362819404,-9999.904296875
SE.GT,0.034040551632642746,0.0010458541460441968,0.0
SE.HA,0.05895833298563957,0.0017554076015041805,0.0
SE.JA,0.010416666977107525,-217.86278016067618,-9999.904296875
SE.JO,0.010778925381600857,0.0005620955266100022,0.0
SE.KA,0.039374999701976776,0.0009771816437205416,0.0
SE.KR,0.00721408287063241,0.00029942740366095677,0.0
SE.NB,0.12354166060686111,-515.203784245282,-9999.904296875
SE.OR,0.016875000670552254,0.0006512694890261628,0.0
SE.OG,0.039374999701976776,0.00024914652032971297,0.0
SE.SN,0.15911255776882172,0.010201449352800325,0.0
SE.SD,0.025208331644535065,0.0009282442882045149,0.0
SE.ST,0.007708332967013121,0.0005025271864581679,0.0
SE.UP,0.0393444187939167,0.001356601652326569,0.0
SE.VR,0.03994791582226753,-27.58415222605345,-9999.904296875
SE.VB,0.18979166448116302,-234.22930710404626,-9999.904296875
SE.VN,0.05104166641831398,0.0020154938329537604,0.0
SE.VM,0.0393444187939167,0.0032562140504957086,0.0
SE.VG,0.02971343696117401,0.0007232078795992653,0.0
