HASC_1,Max,Mean,Min
SE.BL,0.012291666120290756,0.0008429783758603864,0.0
SE.KO,0.05583333596587181,-1988.5242531367383,-9999.904296875
SE.GV,0.11895833164453506,-610.7863411459214,-9999.904296875
SE.GT,0.03673404082655907,0.003959311538104278,0.0
SE.HA,0.007945883087813854,2.987174093163103e-05,0.0
SE.JA,0.005624999757856131,-5185.135558278867,-9999.904296875
SE.JO,0.12333333492279053,0.00245307710775662,0.0
SE.KA,0.07495091110467911,0.004586081769666635,0.0
SE.KR,0.04124999791383743,0.0006932534205798919,0.0
SE.NB,0.15562500059604645,-6445.539159958219,-9999.904296875
SE.OR,0.05867885425686836,0.001507745527973725,0.0
SE.OG,0.17291665077209473,0.009084342546494944,0.0
SE.SN,0.011968131177127361,0.00017332615810493164,0.0
SE.SD,0.13166667520999908,0.009926356713880192,0.0
SE.ST,0.09041666239500046,0.008525669115817222,0.0
SE.UP,0.07874999940395355,0.007346453141941484,0.0
SE.VR,0.02604166604578495,-482.75337143274186,-9999.904296875
SE.VB,0.1029166653752327,-5279.226869190525,-9999.904296875
SE.VN,0.07104167342185974,-2423.8874592674297,-9999.904296875
SE.VM,0.11895833164453506,0.0058102358484214325,0.0
SE.VG,0.1388709992170334,0.0013996053958434192,0.0
