HASC_1,Max,Mean,Min
SE.BL,0.3730173408985138,0.1212029669571806,0.0
SE.KO,0.29916661977767944,-16.334152449984042,-9999.904296875
SE.GV,0.20411455631256104,0.02470710451780178,0.0
SE.GT,1.4651923179626465,0.3263562786082427,0.0
SE.HA,0.4614851772785187,0.14773035225899597,0.0
SE.JA,0.4662499725818634,0.007077362519117733,0.0
SE.JO,0.44246241450309753,0.054235652794386385,0.0
SE.KA,0.20448972284793854,0.046142467030440455,0.0
SE.KR,0.3569977283477783,0.09980315116033134,0.0
SE.NB,0.08999999612569809,-35.625068018167134,-9999.904296875
SE.OR,0.5520763993263245,0.12891699279862223,0.0
SE.OG,0.48698458075523376,0.07120164459849214,0.0
SE.SN,0.6453610062599182,0.221810426749912,0.0
SE.SD,0.3162148892879486,0.07659807457580917,0.0
SE.ST,1.0450886487960815,0.2547734821142227,0.0
SE.UP,0.4037500321865082,0.07457682283810613,0.0
SE.VR,0.2798307240009308,0.03375067556345161,0.0
SE.VB,0.3647916615009308,0.004774759587756283,0.0
SE.VN,0.06187499687075615,0.0023799818130614964,0.0
SE.VM,0.26664862036705017,0.07181271152304751,0.0
SE.VG,0.47216498851776123,0.07298582276109286,0.0
