HASC_1,Max,Mean,Min
SE.BL,0.38252678513526917,0.08216288979531748,0.0
SE.KO,0.19895832240581512,-2405.849702717081,-9999.904296875
SE.GV,0.26249998807907104,-2528.356097325335,-9999.904296875
SE.GT,0.5419252514839172,0.07591325656200448,0.0
SE.HA,0.3788645565509796,0.0726332310657192,0.0
SE.JA,0.14083333313465118,-5800.597818131013,-9999.904296875
SE.JO,0.23252497613430023,0.01469541846883448,0.0
SE.KA,1.1877304315567017,0.12555634044284944,0.0
SE.KR,0.19763736426830292,0.021028127062922255,0.0
SE.NB,0.33520832657814026,-6525.012690413187,-9999.904296875
SE.OR,0.15064704418182373,0.03268709852409302,0.0
SE.OG,0.21812500059604645,0.039607817681473756,0.0
SE.SN,0.4630770683288574,0.1367067681656594,0.0
SE.SD,0.18822740018367767,0.027968422057568183,0.0
SE.ST,0.25729167461395264,0.02844969294114979,0.0
SE.UP,0.21645832061767578,0.038696733323166616,0.0
SE.VR,0.4127980172634125,-275.82851302950087,-9999.904296875
SE.VB,0.30812498927116394,-5463.910430838988,-9999.904296875
SE.VN,0.51583331823349,-4793.4281900944525,-9999.904296875
SE.VM,0.18458332121372223,0.023482807535892502,0.0
SE.VG,0.21314102411270142,0.019784590683568685,0.0
