HASC_1,Max,Mean,Min
SE.BL,0.020423075184226036,0.0021841111115800567,0.0
SE.KO,0.12023544311523438,-4459.858808811961,-9999.904296875
SE.GV,0.0352083295583725,-5624.945997425437,-9999.904296875
SE.GT,0.213666632771492,0.015920093231155383,0.0
SE.HA,0.2356666773557663,0.010965149953212551,0.0
SE.JA,0.015416666865348816,-5860.510352952523,-9999.904296875
SE.JO,0.07320833206176758,0.0016902030057087392,0.0
SE.KA,0.18953333795070648,0.00953930493539417,0.0
SE.KR,0.01916666515171528,0.0009721767269456127,0.0
SE.NB,0.19854165613651276,-6527.75326646285,-9999.904296875
SE.OR,0.04145833104848862,-156.2478760007885,-9999.904296875
SE.OG,0.07312499731779099,0.003988984924108406,0.0
SE.SN,0.055808331817388535,0.002905947497715548,0.0
SE.SD,0.059224992990493774,0.003998986862066239,0.0
SE.ST,0.14789165556430817,-245.08368062451407,-9999.904296875
SE.UP,0.04632499814033508,-2585.006820804403,-9999.904296875
SE.VR,0.08830520510673523,-1696.5312132998254,-9999.904296875
SE.VB,0.0,-5635.081205130912,-9999.904296875
SE.VN,0.018333332613110542,-5467.33891584579,-9999.904296875
SE.VM,0.01976666785776615,-1388.8747734612862,-9999.904296875
SE.VG,0.17989997565746307,0.012648842857070406,0.0
