HASC_1,Max,Mean,Min
AU.AS,0.0,0.0,0.0
AU.AC,0.0,0.0,0.0
AU.CR,0.3299907445907593,0.004583065469323853,0.0
AU.JB,0.0,0.0,0.0
AU.NS,0.44780057668685913,0.06296341000880745,0.0
AU.NT,0.6312008500099182,0.24906609634039445,0.0
AU.QL,0.45630791783332825,0.07667502913117752,0.0
AU.SA,0.8332184553146362,0.24176214942152516,0.0
AU.TS,0.5445391535758972,0.011603325222058675,0.0
AU.VI,0.6251509189605713,0.1485061152913683,0.0
AU.WA,0.6628578305244446,0.10662610623135171,0.0
