HASC_1,Max,Mean,Min
AU.AS,0.13930532336235046,0.012649177806451917,0.0
AU.AC,0.3978272080421448,0.19598571707805,0.0
AU.CR,0.0,0.0,0.0
AU.JB,0.18468886613845825,0.17968158423900604,0.17467430233955383
AU.NS,0.7919260263442993,0.13471289699647598,0.0
AU.NT,0.4728877544403076,0.19194572838938823,0.0
AU.QL,0.6180950999259949,0.13273451544793358,0.0
AU.SA,0.7720886468887329,0.15453758352350963,0.0
AU.TS,0.85989910364151,0.025089639662042692,0.0
AU.VI,0.858088493347168,0.2668137221210419,0.0
AU.WA,0.828407347202301,0.1522186023818565,0.0
