HASC_1,Max,Mean,Min
AU.AS,0.0,0.0,0.0
AU.AC,0.0,0.0,0.0
AU.CR,0.37221425771713257,0.005655214581408619,0.0
AU.JB,0.0,0.0,0.0
AU.NS,0.4629175662994385,0.06182774746746054,0.0
AU.NT,0.6569452285766602,0.24910200617273837,0.0
AU.QL,0.4559836983680725,0.07577423666780403,0.0
AU.SA,0.8286405205726624,0.24174043243219934,0.0
AU.TS,0.43551936745643616,0.011378838508982978,0.0
AU.VI,0.639256477355957,0.1492481888969788,0.0
AU.WA,0.6192240118980408,0.10622035654099021,0.0
