HASC_1,Max,Mean,Min
AU.AS,0.3050490617752075,0.07386383910973866,0.0
AU.AC,0.5604898929595947,0.31610411902268726,0.0
AU.CR,0.2820230722427368,0.003096475746528602,0.0
AU.JB,0.42427635192871094,0.30289237201213837,0.1815083920955658
AU.NS,0.8361467719078064,0.1708142270060735,0.0
AU.NT,0.44976145029067993,0.1114106819479664,0.0
AU.QL,0.6941425800323486,0.153016053383908,0.0
AU.SA,0.4517056345939636,0.08383137606463291,0.0
AU.TS,0.8797335624694824,0.026178440162242585,0.0
AU.VI,0.8531101942062378,0.22086856093878973,0.0
AU.WA,0.7910599708557129,0.18801643474961818,0.0
