HASC_1,Max,Mean,Min
AU.AS,0.3497215509414673,0.07658705239494641,0.0
AU.AC,0.8018653392791748,0.4061944621304671,0.0
AU.CR,0.4094013571739197,0.005689964949348827,0.0
AU.JB,0.49871188402175903,0.44712989032268524,0.39554789662361145
AU.NS,0.8381875157356262,0.1684093776913462,0.0
AU.NT,0.4003089666366577,0.06965195138285539,0.0
AU.QL,0.6885526180267334,0.1473952803309489,0.0
AU.SA,0.3992089033126831,0.05969035100937246,0.0
AU.TS,0.7636944055557251,0.017088888658851872,0.0
AU.VI,0.766477644443512,0.15266429080778526,0.0
AU.WA,0.7898080348968506,0.20154751225419268,0.0
