HASC_1,Max,Mean,Min
AU.AS,0.22523334622383118,0.056766718005140625,0.0
AU.AC,0.43439632654190063,0.1959450734235967,0.0
AU.CR,0.43606847524642944,0.006218153679812396,0.0
AU.JB,0.3995065689086914,0.31021516025066376,0.2209237515926361
AU.NS,0.7804946899414062,0.10124475694080746,0.0
AU.NT,0.463594913482666,0.15162975218707878,0.0
AU.QL,0.696234405040741,0.10856639937694329,0.0
AU.SA,0.604731559753418,0.11147845877853566,0.0
AU.TS,0.721739649772644,0.0024056364268635272,0.0
AU.VI,0.42321640253067017,0.03195144618013898,0.0
AU.WA,0.7824144959449768,0.15402217895242226,0.0
