HASC_1,Max,Mean,Min
AU.AS,0.4166790843009949,0.07502955632905166,0.0
AU.AC,0.26249420642852783,0.13317683415516512,0.0
AU.CR,0.43656426668167114,0.006239916770546525,0.0
AU.JB,0.31889861822128296,0.2866375148296356,0.2543764114379883
AU.NS,0.5249550938606262,0.05213995614213708,0.0
AU.NT,0.6047614216804504,0.2322478016813183,0.0
AU.QL,0.5112819671630859,0.07094852419421585,0.0
AU.SA,0.7745421528816223,0.18990722493479775,0.0
AU.TS,0.4980296194553375,0.00045457824331815124,0.0
AU.VI,0.33363255858421326,0.035202583898040776,0.0
AU.WA,0.6516821980476379,0.11916889742290421,0.0
