HASC_1,Max,Mean,Min
AU.AS,0.3706415295600891,0.07810717945297559,0.0
AU.AC,0.803408145904541,0.41571158915758133,0.0
AU.CR,0.42017561197280884,0.005702031468167717,0.0
AU.JB,0.49475064873695374,0.46470630168914795,0.43466195464134216
AU.NS,0.8318314552307129,0.16830945805617775,0.0
AU.NT,0.38679617643356323,0.06944984367323634,0.0
AU.QL,0.6922817230224609,0.1473606763341148,0.0
AU.SA,0.39145320653915405,0.05948228110744599,0.0
AU.TS,0.7804203033447266,0.01669442717169152,0.0
AU.VI,0.776681125164032,0.15236572783065078,0.0
AU.WA,0.788227915763855,0.2015816849865085,0.0
