HASC_1,Max,Mean,Min
AU.AS,0.24451307952404022,0.07190100351969402,0.0
AU.AC,0.7621334195137024,0.3826574881871541,0.0
AU.CR,0.3082194924354553,0.005605057047473059,0.0
AU.JB,0.48940524458885193,0.42701026797294617,0.3646152913570404
AU.NS,0.8366603851318359,0.1685135873163582,0.0
AU.NT,0.40892988443374634,0.07021729320674173,0.0
AU.QL,0.6895357370376587,0.14718292137557057,0.0
AU.SA,0.40853139758110046,0.06037013756924984,0.0
AU.TS,0.8683453798294067,0.017172839214924306,0.0
AU.VI,0.7841469049453735,0.15459777046274165,0.0
AU.WA,0.7703759670257568,0.2012425350939489,0.0
