HASC_1,Max,Mean,Min
AU.AS,0.0,0.0,0.0
AU.AC,0.2886136770248413,0.16655598084131876,0.0
AU.CR,0.39194267988204956,0.0036118531484662752,0.0
AU.JB,0.0,0.0,0.0
AU.NS,0.6506543159484863,0.08230458769485179,0.0
AU.NT,0.6454886794090271,0.2382064682879063,0.0
AU.QL,0.5964555144309998,0.09438220281354051,0.0
AU.SA,0.8373517394065857,0.22884602228100764,0.0
AU.TS,0.6294092535972595,0.015271993804327241,0.0
AU.VI,0.8029723167419434,0.1882708866689217,0.0
AU.WA,0.7871336340904236,0.11436772634607524,0.0
