HASC_1,Max,Mean,Min
AU.AS,0.4159383773803711,0.07517525181174278,0.0
AU.AC,0.30660903453826904,0.1481141472007342,0.0
AU.CR,0.4368933439254761,0.006431589551545955,0.0
AU.JB,0.36715513467788696,0.31266921758651733,0.2581833004951477
AU.NS,0.516653299331665,0.052487872256337546,0.0
AU.NT,0.5987091660499573,0.2315731600300798,0.0
AU.QL,0.5098388195037842,0.07097400354457814,0.0
AU.SA,0.7711317539215088,0.18877591625421442,0.0
AU.TS,0.43915897607803345,0.00038090982623539235,0.0
AU.VI,0.30674096941947937,0.03579467797003451,0.0
AU.WA,0.673048198223114,0.11911685140851457,0.0
