HASC_1,Max,Mean,Min
AU.AS,0.17047980427742004,0.017088408678925287,0.0
AU.AC,0.2971249222755432,0.1927373098830382,0.0
AU.CR,0.0,0.0,0.0
AU.JB,0.24135960638523102,0.23066731542348862,0.21997502446174622
AU.NS,0.8114298582077026,0.13587018892418126,0.0
AU.NT,0.4770256280899048,0.19144825758277872,0.0
AU.QL,0.6298141479492188,0.13275948989336517,0.0
AU.SA,0.7590431571006775,0.15332140795815946,0.0
AU.TS,0.9091581106185913,0.025179126990247346,0.0
AU.VI,0.8728948831558228,0.26708365400168466,0.0
AU.WA,0.8122035264968872,0.15242827788987912,0.0
