HASC_1,Max,Mean,Min
AU.AS,0.3469502031803131,0.07875514961779118,0.0
AU.AC,0.0,0.0,0.0
AU.CR,0.43276989459991455,0.00663491146363042,0.0
AU.JB,0.0,0.0,0.0
AU.NS,0.7147281765937805,0.045114712319450384,0.0
AU.NT,0.629549503326416,0.2552782937283531,0.0
AU.QL,0.4494013786315918,0.05546210166222973,0.0
AU.SA,0.8058032989501953,0.22536040982991762,0.0
AU.TS,0.3351718783378601,0.006485330493513537,0.0
AU.VI,0.41766148805618286,0.08801467960450972,0.0
AU.WA,0.44991153478622437,0.10727046506125713,0.0
