HASC_1,Max,Mean,Min
AU.AS,0.2692974805831909,0.07920717323819797,0.0
AU.AC,0.38042205572128296,0.22319726894299188,0.0
AU.CR,0.2516794204711914,0.0016395206804628725,0.0
AU.JB,0.2745998799800873,0.2661023885011673,0.2576048970222473
AU.NS,0.8414283990859985,0.15902622230302565,0.0
AU.NT,0.4491754472255707,0.15302687209419238,0.0
AU.QL,0.696425199508667,0.14772001421796635,0.0
AU.SA,0.5282782912254333,0.10691260637253906,0.0
AU.TS,0.8824132084846497,0.02820819543409167,0.0
AU.VI,0.8414283990859985,0.2532704284767041,0.0
AU.WA,0.7761685848236084,0.17403490097775887,0.0
