HASC_1,Max,Mean,Min
AU.AS,0.28672343492507935,0.07273536920547485,0.0
AU.AC,0.41720959544181824,0.22482204313079515,0.0
AU.CR,0.28814834356307983,0.0016137749048662775,0.0
AU.JB,0.3142167031764984,0.24143318831920624,0.16864967346191406
AU.NS,0.8085294961929321,0.1581963500084145,0.0
AU.NT,0.4487389922142029,0.1541600339638385,0.0
AU.QL,0.6974578499794006,0.14758192306123452,0.0
AU.SA,0.5180060863494873,0.10760174173284844,0.0
AU.TS,0.8777755498886108,0.028099466734395503,0.0
AU.VI,0.8348742127418518,0.25416086086458745,0.0
AU.WA,0.78279048204422,0.17379892501963878,0.0
