HASC_1,Max,Mean,Min
AU.AS,0.2777674198150635,0.07366376991073291,0.0
AU.AC,0.0,0.0,0.0
AU.CR,0.4517030119895935,0.004346657852524745,0.0
AU.JB,0.0,0.0,0.0
AU.NS,0.7544171810150146,0.05167471360832234,0.0
AU.NT,0.6605141162872314,0.25637912303687965,0.0
AU.QL,0.43893206119537354,0.06250721152477784,0.0
AU.SA,0.8006782531738281,0.23438914434054972,0.0
AU.TS,0.37987667322158813,0.010146246365686082,0.0
AU.VI,0.5553253293037415,0.11377822588748786,0.0
AU.WA,0.46235567331314087,0.10527307202956837,0.0
