HASC_1,Max,Mean,Min
AU.AS,0.2896655797958374,0.07191638648509979,0.0
AU.AC,0.7963676452636719,0.4080659970641136,0.0
AU.CR,0.2988016903400421,0.005647777995945495,0.0
AU.JB,0.4912149906158447,0.45433422923088074,0.41745346784591675
AU.NS,0.836868405342102,0.16883126635777548,0.0
AU.NT,0.4093063771724701,0.06976864404112885,0.0
AU.QL,0.6976739168167114,0.14714904691731273,0.0
AU.SA,0.41786545515060425,0.060079951118526397,0.0
AU.TS,0.8422651886940002,0.017081674662844982,0.0
AU.VI,0.7869157791137695,0.1531401850493094,0.0
AU.WA,0.7777290344238281,0.2010679670906632,0.0
