HASC_1,Max,Mean,Min
AU.AS,0.3872666656970978,0.0675314882149299,0.0
AU.AC,0.5033528804779053,0.3301631857951482,0.0
AU.CR,0.4325934052467346,0.0069892904824680755,0.0
AU.JB,0.7117555737495422,0.5341341346502304,0.3565126955509186
AU.NS,0.7717363834381104,0.13008533246671414,0.0
AU.NT,0.429316908121109,0.1057431635683112,0.0
AU.QL,0.6880662441253662,0.1287572021750231,0.0
AU.SA,0.4606913626194,0.08105018951102132,0.0
AU.TS,0.8242689371109009,0.0063790559267709185,0.0
AU.VI,0.4594689607620239,0.05633555892973275,0.0
AU.WA,0.7716557383537292,0.17290829216274053,0.0
