HASC_1,Max,Mean,Min
AU.AS,0.38899850845336914,0.06565120133260886,0.0
AU.AC,0.4773440659046173,0.3233502383033435,0.0
AU.CR,0.43754297494888306,0.0069961019136287545,0.0
AU.JB,0.7452715635299683,0.5397439152002335,0.33421626687049866
AU.NS,0.7624567747116089,0.12973818195019093,0.0
AU.NT,0.4436969757080078,0.10579517051945538,0.0
AU.QL,0.6893053650856018,0.12839819499357,0.0
AU.SA,0.46376490592956543,0.08117498918562498,0.0
AU.TS,0.7426841259002686,0.006296982912847028,0.0
AU.VI,0.46211785078048706,0.05637440588449686,0.0
AU.WA,0.766575038433075,0.17268890061434233,0.0
