HASC_1,Max,Mean,Min
AU.AS,0.0,0.0,0.0
AU.AC,0.0,0.0,0.0
AU.CR,0.35544800758361816,0.0055260193706662564,0.0
AU.JB,0.0,0.0,0.0
AU.NS,0.45823928713798523,0.06206704004269534,0.0
AU.NT,0.6629062294960022,0.24914480386543836,0.0
AU.QL,0.45748573541641235,0.07594783121304577,0.0
AU.SA,0.8282601237297058,0.2419493876619274,0.0
AU.TS,0.45896363258361816,0.011376120958096744,0.0
AU.VI,0.6386867761611938,0.14949841799868926,0.0
AU.WA,0.6128496527671814,0.10626469659769758,0.0
