HASC_1,Max,Mean,Min
AU.AS,0.0,0.0,0.0
AU.AC,0.2979295253753662,0.1700065415352583,0.0
AU.CR,0.36685609817504883,0.0017878894222739302,0.0
AU.JB,0.19215278327465057,0.16262859851121902,0.13310441374778748
AU.NS,0.6832165718078613,0.10811762547296108,0.0
AU.NT,0.5162590146064758,0.22189955164085406,0.0
AU.QL,0.6390073895454407,0.1144000282021973,0.0
AU.SA,0.8408896923065186,0.1979367804592558,0.0
AU.TS,0.8462433218955994,0.02078971871812587,0.0
AU.VI,0.8683002591133118,0.2351911250474412,0.0
AU.WA,0.7999430894851685,0.13030475582657727,0.0
