HASC_1,Max,Mean,Min
AU.AS,0.3248409628868103,0.07647280891736348,0.0
AU.AC,0.0,0.0,0.0
AU.CR,0.4393831491470337,0.006743295094642191,0.0
AU.JB,0.0,0.0,0.0
AU.NS,0.7388482093811035,0.04516466437256875,0.0
AU.NT,0.6370786428451538,0.2555227606240817,0.0
AU.QL,0.4498246908187866,0.05430850754099288,0.0
AU.SA,0.811281681060791,0.22574921353813973,0.0
AU.TS,0.35395997762680054,0.006454910057911609,0.0
AU.VI,0.3989725112915039,0.08830128141841337,0.0
AU.WA,0.44801759719848633,0.10738836816422402,0.0
