HASC_1,Max,Mean,Min
AU.AS,0.2845403850078583,0.06893458465735118,0.0
AU.AC,0.42962178587913513,0.23043883219361305,0.0
AU.CR,0.26081612706184387,0.0010494257104985507,0.0
AU.JB,0.23314088582992554,0.229066900908947,0.22499291598796844
AU.NS,0.8455358743667603,0.15841298717850522,0.0
AU.NT,0.44710198044776917,0.15395850800365468,0.0
AU.QL,0.6950792074203491,0.14712420990462655,0.0
AU.SA,0.528161883354187,0.1075340768197321,0.0
AU.TS,0.8910016417503357,0.027783884632331876,0.0
AU.VI,0.8714768886566162,0.25446534315147035,0.0
AU.WA,0.776914119720459,0.17362680645528877,0.0
