HASC_1,Max,Mean,Min
AU.AS,0.356388121843338,0.07639869550863902,0.0
AU.AC,0.8056768774986267,0.40911511207620305,0.0
AU.CR,0.40410125255584717,0.005694579471040655,0.0
AU.JB,0.49494802951812744,0.4464866518974304,0.3980252742767334
AU.NS,0.8391401767730713,0.16778941108560355,0.0
AU.NT,0.3991459608078003,0.06959788623797472,0.0
AU.QL,0.6907346248626709,0.1473983134184597,0.0
AU.SA,0.3972896337509155,0.05964545663802561,0.0
AU.TS,0.7634266018867493,0.01672530256841252,0.0
AU.VI,0.7689837217330933,0.15236273821882665,0.0
AU.WA,0.7907193899154663,0.20153510579426057,0.0
