HASC_1,Max,Mean,Min
AU.AS,0.0,0.0,0.0
AU.AC,0.0,0.0,0.0
AU.CR,0.355366051197052,0.00534162727403052,0.0
AU.JB,0.0,0.0,0.0
AU.NS,0.4621022343635559,0.062491922504737916,0.0
AU.NT,0.6531463861465454,0.24816171373374624,0.0
AU.QL,0.45888176560401917,0.07624509344391356,0.0
AU.SA,0.8318652510643005,0.24202512572037635,0.0
AU.TS,0.5096381306648254,0.01159783225191797,0.0
AU.VI,0.6469836831092834,0.15030155338562054,0.0
AU.WA,0.6238571405410767,0.10594870663730721,0.0
