HASC_1,Max,Mean,Min
AU.AS,0.4407966434955597,0.11853429178396861,0.0
AU.AC,0.756725549697876,0.5154677256941795,0.0
AU.CR,0.4609223008155823,0.007153402747195444,0.0
AU.JB,0.4121190309524536,0.318577378988266,0.22503572702407837
AU.NS,0.8345007300376892,0.15706139533590516,0.0
AU.NT,0.3765309154987335,0.07431283457836642,0.0
AU.QL,0.7005077600479126,0.14301484642311238,0.0
AU.SA,0.41643622517585754,0.06203350121663956,0.0
AU.TS,0.5104056000709534,0.012212903845629465,0.0
AU.VI,0.7766039967536926,0.09436202403449703,0.0
AU.WA,0.7720978260040283,0.18881476996459065,0.0
