HASC_1,Max,Mean,Min
AU.AS,0.26993176341056824,0.06592576143642266,0.0
AU.AC,0.0,0.0,0.0
AU.CR,0.4290475845336914,0.00690380795945034,0.0
AU.JB,0.0,0.0,0.0
AU.NS,0.7442460656166077,0.04508697458592766,0.0
AU.NT,0.6366256475448608,0.25642090709364196,0.0
AU.QL,0.4422752857208252,0.05531744882265555,0.0
AU.SA,0.8089603781700134,0.2251584469965108,0.0
AU.TS,0.32677915692329407,0.006301690103964173,0.0
AU.VI,0.40059491991996765,0.08735840602910046,0.0
AU.WA,0.45087212324142456,0.1064776673650179,0.0
