HASC_1,Max,Mean,Min
BR.AC,4490533263114240.0,1253366279560669.8,0.0
BR.AL,3815690821697536.0,1453596291932320.8,0.0
BR.AP,3179280284516352.0,1155761183664286.2,0.0
BR.AM,8663770985398272.0,1351398067577842.5,0.0
BR.BA,7980186674921472.0,2060821521362901.0,0.0
BR.CE,4153706895376384.0,1710083675540850.0,0.0
BR.DF,7655898390462464.0,5392724715966737.0,0.0
BR.ES,5898552391761920.0,480011444649653.0,0.0
BR.GO,1.0324293925732352e+16,2952981588192886.5,0.0
BR.MA,9352737963638784.0,1825273245465789.2,0.0
BR.MT,5.433947955239322e+16,2412093379288927.5,0.0
BR.MS,1.4173734600441856e+16,1153317347427317.5,0.0
BR.MG,1.2229590810361856e+16,2578964679627669.5,0.0
BR.PA,2.6745401302319104e+16,1807466803979802.0,0.0
BR.PB,3896945965793280.0,516384848877147.7,0.0
BR.PR,7862152383692800.0,2235270882622431.0,0.0
BR.PE,4147550865063936.0,1838853268433266.0,0.0
BR.PI,1.0836060753887232e+16,2091857873864672.5,0.0
BR.RJ,7600553441886208.0,2836209068781721.5,0.0
BR.RN,3209509874958336.0,551978952307757.6,0.0
BR.RS,5164214452748288.0,496727783252514.1,0.0
BR.RO,1.5181111663525888e+16,2043034987437569.5,0.0
BR.RR,3383516179988480.0,566672169771554.1,0.0
BR.SC,6816162490875904.0,55408106690836.57,0.0
BR.SP,1.6608521495773184e+16,2622479843408355.0,0.0
BR.SE,4299759674195968.0,2186854377280853.2,0.0
BR.TO,1.4650919425671168e+16,3110074233026995.0,0.0
