HASC_1,Max,Mean,Min
BR.AC,7677579922243584.0,498611168801304.56,0.0
BR.AL,3633837074546688.0,1469138895634432.0,0.0
BR.AP,3312612443947008.0,1116022520234560.6,0.0
BR.AM,1.5607259392376832e+16,1499704060511324.5,0.0
BR.BA,4417007181103104.0,918425027910559.1,0.0
BR.CE,3876585404891136.0,1552231927256373.0,0.0
BR.DF,4191090290720768.0,1968196633703219.2,0.0
BR.ES,4365399122509824.0,59464603150347.44,0.0
BR.GO,5815084534202368.0,1370014746065701.0,0.0
BR.MA,7139399582089216.0,357308801398929.2,0.0
BR.MT,8897160582004736.0,1939517833844281.0,0.0
BR.MS,7495158702538752.0,2272800952760899.0,0.0
BR.MG,1.7263908809080832e+16,921209331723128.8,0.0
BR.PA,1.7180280427118592e+16,2025784033226191.5,0.0
BR.PB,3408216536907776.0,552028306705112.94,0.0
BR.PR,7780159847399424.0,2356265541415974.0,0.0
BR.PE,4129963779293184.0,1934766103326391.8,0.0
BR.PI,5560496589635584.0,941298878532440.1,0.0
BR.RJ,1.7263908809080832e+16,637972201118502.8,0.0
BR.RN,3732131159212032.0,765039085970813.8,0.0
BR.RS,5299158567092224.0,1644946217007016.5,0.0
BR.RO,1.0293304662949888e+16,1809719996558286.0,0.0
BR.RR,2631246484078592.0,1003495783520552.6,0.0
BR.SC,5896665290506240.0,130998383582679.25,0.0
BR.SP,1.7263908809080832e+16,1891373061109083.8,0.0
BR.SE,4092773657477120.0,1865241421239637.2,0.0
BR.TO,6766112163233792.0,1601648036419536.2,0.0
