HASC_1,Max,Mean,Min
BR.AC,4512534233088000.0,1220896113999124.2,0.0
BR.AL,2866817655635968.0,1344677349747790.8,0.0
BR.AP,3535137383907328.0,376112919173320.0,0.0
BR.AM,6217049986564096.0,1537299972450313.2,0.0
BR.BA,8886825280077824.0,1625927328979429.8,0.0
BR.CE,3352194862546944.0,1794924042083090.0,0.0
BR.DF,0.0,0.0,0.0
BR.ES,5148941549043712.0,409198622654690.7,0.0
BR.GO,1.0893949396844544e+16,886016313056572.0,0.0
BR.MA,7298616704106496.0,1585683572294360.2,0.0
BR.MT,2.612434044138291e+16,3097144319557605.5,0.0
BR.MS,1.6317548198887424e+16,2468656989937483.0,0.0
BR.MG,6506804586479616.0,1556339218250112.8,0.0
BR.PA,3.3006248144142336e+16,1527609043698868.2,0.0
BR.PB,3929576711389184.0,668499492263712.2,0.0
BR.PR,5608436477722624.0,1894358254968419.2,0.0
BR.PE,3521410131558400.0,1906422952173736.5,0.0
BR.PI,8886825280077824.0,1460967945897171.8,0.0
BR.RJ,6469599432278016.0,1805903128858578.0,0.0
BR.RN,3870268850176000.0,839866546646482.5,0.0
BR.RS,6279020459065344.0,1785397583388975.5,0.0
BR.RO,9682180208852992.0,2483130838753374.0,0.0
BR.RR,4386517476704256.0,1146684915296004.5,0.0
BR.SC,6203258846576640.0,86916642948923.7,0.0
BR.SP,5559918916534272.0,422738461920066.06,0.0
BR.SE,3178428538814464.0,1813252998925881.0,0.0
BR.TO,1.181758640881664e+16,1842286109533779.5,0.0
