HASC_1,Max,Mean,Min
BR.AC,6555635680280576.0,1462059202583980.5,0.0
BR.AL,0.0,0.0,0.0
BR.AP,3432467532873728.0,1253290764595903.8,0.0
BR.AM,2.9734698540335104e+16,1583028197505385.5,0.0
BR.BA,6358306629091328.0,1632576196381749.2,0.0
BR.CE,4408378591805440.0,739636541082443.2,0.0
BR.DF,4880079280668672.0,3948647475716642.0,0.0
BR.ES,4832833029799936.0,320807022099820.5,0.0
BR.GO,6943569474486272.0,2078286375732008.2,0.0
BR.MA,6147766795370496.0,1487018282747818.5,0.0
BR.MT,1.1513152684425216e+16,1922392840203169.5,0.0
BR.MS,1.1248929517600768e+16,1717755609241644.5,0.0
BR.MG,7609569115111424.0,1682576334966950.5,0.0
BR.PA,2.7431790763311104e+16,2171892043846425.0,0.0
BR.PB,3551036010659840.0,79851783574956.72,0.0
BR.PR,8051341398114304.0,2347139842842212.5,0.0
BR.PE,3769118880694272.0,1047969127444795.1,0.0
BR.PI,6016344017338368.0,1548994724186955.2,0.0
BR.RJ,7442902372319232.0,1898251575022290.8,0.0
BR.RN,2384026019037184.0,68488405347991.555,0.0
BR.RS,7170928937009152.0,1141728169509726.2,0.0
BR.RO,2.003405748830208e+16,787622677752923.2,0.0
BR.RR,5534864224813056.0,877334953294242.0,0.0
BR.SC,5215970956148736.0,107896137591858.42,0.0
BR.SP,8145556874461184.0,1851665641471429.2,0.0
BR.SE,0.0,0.0,0.0
BR.TO,8053353053421568.0,2359230869061678.0,0.0
