HASC_1,Max,Mean,Min
BR.AC,3573062482001920.0,667522797762446.5,0.0
BR.AL,2910030126907392.0,1095681448337656.2,0.0
BR.AP,4250101530755072.0,1159321196037452.8,0.0
BR.AM,3769686353248256.0,1196697968631825.2,0.0
BR.BA,5594623326027776.0,816329603493383.2,0.0
BR.CE,4655916347555840.0,1580632076649397.8,0.0
BR.DF,4424942401617920.0,2777717270590259.0,0.0
BR.ES,2507340972556288.0,9956872373713.455,0.0
BR.GO,6332654936915968.0,1483489782520404.0,0.0
BR.MA,5063848583233536.0,494718976173058.9,0.0
BR.MT,7822542047805440.0,1647621304406261.5,0.0
BR.MS,4431205269241856.0,1668984727001987.2,0.0
BR.MG,8747094424682496.0,1144636969714889.0,0.0
BR.PA,5194993799004160.0,1610265610810662.0,0.0
BR.PB,4629440021659648.0,610212851184963.8,0.0
BR.PR,7921443333472256.0,2228121764301464.8,0.0
BR.PE,4655916347555840.0,1815434973925072.0,0.0
BR.PI,4285942227533824.0,303106686396583.0,0.0
BR.RJ,8747094424682496.0,1424506315624133.0,0.0
BR.RN,4629440021659648.0,733220463845400.5,0.0
BR.RS,4188826574520320.0,1290567260362032.0,0.0
BR.RO,5075502976991232.0,1149853814767895.5,0.0
BR.RR,2927126781100032.0,1120619621102342.0,0.0
BR.SC,7921443333472256.0,112894116498272.72,0.0
BR.SP,1.910063009837875e+16,1823263537748532.5,0.0
BR.SE,3334482954289152.0,1503491929407488.0,0.0
BR.TO,1.6857217282080768e+16,1585114017103779.2,0.0
