HASC_1,Max,Mean,Min
ZA.EC,4719259598979072.0,1299947637531556.0,0.0
ZA.FS,1.843979569279795e+16,2390506846261075.5,0.0
ZA.GT,2.1809955598237696e+16,5521617542136564.0,0.0
ZA.NL,7043744754827264.0,2437322529269035.0,0.0
ZA.NP,1.103851155357696e+16,3469932559000223.5,0.0
ZA.MP,2.4968968468955136e+16,5605718548239368.0,0.0
ZA.NW,1.6291811681107968e+16,1982526811982953.2,0.0
ZA.NC,4704126281711616.0,836721204415587.8,0.0
ZA.WC,6262286192738304.0,1271958006216876.0,0.0
