HASC_1,Max,Mean,Min
ZA.EC,5841088950566912.0,574521771665162.9,0.0
ZA.FS,1.2183466082828288e+16,914189832500458.5,0.0
ZA.GT,2.5684960992034816e+16,6778836874772116.0,0.0
ZA.NL,9952711608893440.0,2015066900478824.8,0.0
ZA.NP,1.725133743980544e+16,3260520169427990.5,0.0
ZA.MP,2.6747516573712384e+16,4291793033101312.0,0.0
ZA.NW,1.5873011567558656e+16,498464948390818.94,0.0
ZA.NC,6648752181870592.0,1384483976996770.8,0.0
ZA.WC,6648752181870592.0,1408957275784366.8,0.0
