HASC_1,Max,Mean,Min
ZA.EC,5032147966492672.0,338204221053094.9,0.0
ZA.FS,6391361771143168.0,499241626795303.8,0.0
ZA.GT,1.612983557947392e+16,4676845210721559.0,0.0
ZA.NL,9719553940520960.0,2283674888546362.5,0.0
ZA.NP,7342092510560256.0,1965800109501776.2,0.0
ZA.MP,2.3768342573613056e+16,4533100435241616.0,0.0
ZA.NW,7342092510560256.0,183217323974456.2,0.0
ZA.NC,4547064159535104.0,1044693033960844.2,0.0
ZA.WC,4820020605485056.0,985449302610883.2,0.0
