HASC_1,Max,Mean,Min
ZA.EC,9312137637789696.0,1892175479021178.0,0.0
ZA.FS,1.3347090834915328e+16,2124637034221441.0,0.0
ZA.GT,1.3347090834915328e+16,3975860130414592.0,0.0
ZA.NL,6143441226432512.0,565491220978073.6,0.0
ZA.NP,1.1323578196688896e+16,1776906721949174.0,0.0
ZA.MP,8868774606274560.0,919035350103525.0,0.0
ZA.NW,8998891177377792.0,2187311900411140.0,0.0
ZA.NC,9312137637789696.0,1479585246259088.2,0.0
ZA.WC,4946679727915008.0,1965361543641544.0,0.0
