HASC_1,Max,Mean,Min
ZA.EC,8959968573128704.0,888827382765149.2,0.0
ZA.FS,7758996932919296.0,951574044654126.5,0.0
ZA.GT,6715617306476544.0,2553111537567408.0,0.0
ZA.NL,1.5399184333012992e+16,2998133711202705.0,0.0
ZA.NP,8555641962496000.0,2173256801921131.8,0.0
ZA.MP,1.4049177327632384e+16,2659674371173384.0,0.0
ZA.NW,5796078230175744.0,782502139820769.2,0.0
ZA.NC,5522617125568512.0,849195876441129.0,0.0
ZA.WC,6966733843726336.0,1007695314880628.9,0.0
