HASC_1,Max,Mean,Min
ZA.EC,1.0115587506176e+16,2228120939748234.0,0.0
ZA.FS,9787184643047424.0,2535014188613540.0,0.0
ZA.GT,1.3435598299725824e+16,5947108958113337.0,0.0
ZA.NL,5026988637028352.0,2283721607020110.0,0.0
ZA.NP,9607750573096960.0,3060104558210690.5,0.0
ZA.MP,1.3060175208382464e+16,3224702553963580.0,0.0
ZA.NW,9277135801810944.0,2398495600136712.0,0.0
ZA.NC,7072682096984064.0,1171965187043144.2,0.0
ZA.WC,6064392353349632.0,388807194729523.0,0.0
