HASC_1,Max,Mean,Min
ZA.EC,4503434002694144.0,1878644238975855.8,0.0
ZA.FS,1.3734386289606656e+16,2652091109269831.5,0.0
ZA.GT,1.6756473455443968e+16,4759835625583839.0,0.0
ZA.NL,8704874359291904.0,1166295355868732.5,0.0
ZA.NP,6059740366897152.0,2127484066751053.8,0.0
ZA.MP,1.6756473455443968e+16,3018652785195680.0,0.0
ZA.NW,7646755478831104.0,2381378106646596.5,0.0
ZA.NC,4794464476332032.0,1632189968724476.8,0.0
ZA.WC,4468435119505408.0,1261981566114165.5,0.0
