HASC_1,Max,Mean,Min
ZA.EC,6475326234296320.0,1320848104244265.2,0.0
ZA.FS,7867958642606080.0,2252705716036405.5,0.0
ZA.GT,1.0156414391549952e+16,4163878254076814.0,0.0
ZA.NL,5813406812602368.0,2400928894619001.5,0.0
ZA.NP,5525692859023360.0,2749255544041701.0,0.0
ZA.MP,1.1567569920065536e+16,3760522589511198.0,0.0
ZA.NW,6179004092514304.0,1797055388223066.8,0.0
ZA.NC,4954712927371264.0,344656311070442.0,0.0
ZA.WC,6475326234296320.0,518345268048470.3,0.0
