HASC_1,Max,Mean,Min
ZA.EC,4822129971298304.0,2157143965510834.8,0.0
ZA.FS,8935893670821888.0,2716232171625464.0,0.0
ZA.GT,1.080803823976448e+16,2899027098847771.0,0.0
ZA.NL,4700530320343040.0,880245169631898.8,0.0
ZA.NP,4429561102073856.0,1138718479848892.5,0.0
ZA.MP,1.080803823976448e+16,1135585679938390.5,0.0
ZA.NW,7494878455922688.0,2007095107765297.5,0.0
ZA.NC,4843704128897024.0,1342266055797955.2,0.0
ZA.WC,4736695018717184.0,941184470882172.5,0.0
