HASC_1,Max,Mean,Min
ZA.EC,5388437515403264.0,1782286825313663.8,0.0
ZA.FS,6030161464000512.0,1626459819197379.8,0.0
ZA.GT,9852599142449152.0,3415429028511744.0,0.0
ZA.NL,1.6244879499722752e+16,2253094651363756.5,0.0
ZA.NP,8208407815258112.0,2328990343953211.0,0.0
ZA.MP,2.647461649920819e+16,4697379857960719.0,0.0
ZA.NW,5315519171264512.0,1445671885177560.2,0.0
ZA.NC,4277459398688768.0,1213342679336005.2,0.0
ZA.WC,4415056997515264.0,591761449568297.2,0.0
