HASC_1,Max,Mean,Min
ZA.EC,7560258595586048.0,1482400111798352.8,0.0
ZA.FS,9510647804985344.0,2228648712746180.8,0.0
ZA.GT,9510647804985344.0,2897398832292542.0,0.0
ZA.NL,1.526110328193024e+16,2850543615451100.0,0.0
ZA.NP,6461849163792384.0,1420327244972724.2,0.0
ZA.MP,1.0667773197811712e+16,1767581596956556.0,0.0
ZA.NW,6016751502360576.0,1618403470198556.5,0.0
ZA.NC,6871501533872128.0,1284327953112708.5,0.0
ZA.WC,6871501533872128.0,1332500047803187.2,0.0
