HASC_1,Max,Mean,Min
ZA.EC,8193011431243776.0,2050015461180808.2,0.0
ZA.FS,3.1956450762817536e+16,3957477227931944.0,0.0
ZA.GT,1.7464020999077888e+16,4234741767089122.5,0.0
ZA.NL,1.3690425151848448e+16,2731627022930927.0,0.0
ZA.NP,5666493698146304.0,1380054802246156.2,0.0
ZA.MP,3.1956450762817536e+16,3305111023044654.0,0.0
ZA.NW,1.7346678197583872e+16,1423413653006499.5,0.0
ZA.NC,5696287349407744.0,1395398255049852.0,0.0
ZA.WC,7403026822201344.0,1532381400986658.0,0.0
