HASC_1,Max,Mean,Min
ZA.EC,5741960568504320.0,1447365159039651.2,0.0
ZA.FS,4789444733304832.0,1931885395897422.8,0.0
ZA.GT,1.1777069834829824e+16,3794821936605678.5,0.0
ZA.NL,4186177653440512.0,737212866641264.6,0.0
ZA.NP,1.0142859474763776e+16,2455472684224917.0,0.0
ZA.MP,1.079725787185152e+16,1758595929118170.5,0.0
ZA.NW,9141763801350144.0,2015701822939425.2,0.0
ZA.NC,4416929066385408.0,1713664964625235.0,0.0
ZA.WC,4418055689994240.0,1739799889156614.2,0.0
