HASC_1,Max,Mean,Min
IT.AB,0.0,0.0,0.0
IT.SD,0.0,0.0,0.0
IT.PU,0.0,0.0,0.0
IT.LB,0.0,0.0,0.0
IT.CM,0.0,0.0,0.0
IT.ER,7455839350685696.0,2097634798443165.2,0.0
IT.FV,0.0,0.0,0.0
IT.LZ,5183096739594240.0,1640460817949707.8,0.0
IT.LG,8179370615111680.0,2212548101974698.8,0.0
IT.LM,7675361034764288.0,2565478627936803.5,0.0
IT.MH,4092941429637120.0,506076895746457.6,0.0
IT.ML,0.0,0.0,0.0
IT.PM,1.080817245749248e+16,2645330647708069.0,0.0
IT.SC,5576321933508608.0,2714288886692398.5,0.0
IT.TT,7409168625434624.0,538642147138933.8,0.0
IT.TC,5293237417803776.0,2039651785403280.2,0.0
IT.BC,7132154509131776.0,1379742352461004.8,0.0
IT.UM,5375087683305472.0,2225457906843648.0,0.0
IT.VB,1.080817245749248e+16,3173111977755716.5,0.0
IT.VN,7463518752210944.0,2073212965180757.2,0.0
