HASC_1,Max,Mean,Min
IT.AB,3296570204225536.0,420965921112844.2,0.0
IT.SD,5649875395936256.0,1478742017266172.8,0.0
IT.PU,4677447018610688.0,1995864733771678.5,0.0
IT.LB,6570635853561856.0,2359353257477283.0,0.0
IT.CM,5899883831623680.0,1518541915472437.0,0.0
IT.ER,8628558696022016.0,1946446884857004.5,0.0
IT.FV,1.5922645283373056e+16,3868809796098457.5,0.0
IT.LZ,5961321191309312.0,1471873306383955.2,0.0
IT.LG,5975632559210496.0,1794027722936905.2,0.0
IT.LM,1.1636029551280128e+16,2704861183769379.5,0.0
IT.MH,6751104473759744.0,2128891733379208.5,0.0
IT.ML,5899883831623680.0,1916341482509653.2,0.0
IT.PM,6368156062842880.0,1155690257342160.5,0.0
IT.SC,4503590769000448.0,1759580837211158.8,0.0
IT.TT,5631105851981824.0,868779133918860.9,0.0
IT.TC,6751104473759744.0,1670452029622845.5,0.0
IT.BC,1.1636029551280128e+16,1352012397193898.8,0.0
IT.UM,5216060076720128.0,2002369762033664.0,0.0
IT.VB,0.0,0.0,0.0
IT.VN,1.9165909306310656e+16,4542351219721322.0,0.0
