HASC_1,Max,Mean,Min
IT.AB,0.0,0.0,0.0
IT.SD,0.0,0.0,0.0
IT.PU,0.0,0.0,0.0
IT.LB,0.0,0.0,0.0
IT.CM,0.0,0.0,0.0
IT.ER,1.281929089384448e+16,3059259497577820.5,0.0
IT.FV,0.0,0.0,0.0
IT.LZ,9214889914531840.0,1763090267751543.0,0.0
IT.LG,8233654169894912.0,2561284299987923.5,0.0
IT.LM,1.281929089384448e+16,3152007850640452.5,0.0
IT.MH,5193916835954688.0,534858465514549.9,0.0
IT.ML,0.0,0.0,0.0
IT.PM,2.075011228840755e+16,3682056539797953.5,0.0
IT.SC,7665572804296704.0,1668677539420271.8,0.0
IT.TT,5384707873177600.0,607293734945133.5,0.0
IT.TC,7120046459453440.0,1824806661983404.2,0.0
IT.BC,2236541271277568.0,863803521598433.0,0.0
IT.UM,5263342297939968.0,2160819356929123.0,0.0
IT.VB,0.0,0.0,0.0
IT.VN,1.281929089384448e+16,2010767074988977.2,0.0
