HASC_1,Max,Mean,Min
IT.AB,3863093570437120.0,1868694096794965.2,0.0
IT.SD,4179129612107776.0,1139187281803092.2,0.0
IT.PU,3587052801097728.0,1733403067572614.0,0.0
IT.LB,3866913138540544.0,1659085923075633.5,0.0
IT.CM,4646053492031488.0,1797771893699015.0,0.0
IT.ER,1.037416064352256e+16,2479580153825369.0,0.0
IT.FV,7827460859101184.0,2226611234187946.8,0.0
IT.LZ,3942705352671232.0,1453254276274523.8,0.0
IT.LG,4511158769811456.0,661337861647237.1,0.0
IT.LM,1.084972089737216e+16,3433980474196286.0,0.0
IT.MH,3863093570437120.0,1635432339618435.8,0.0
IT.ML,3627213429669888.0,2425256262238208.0,0.0
IT.PM,1.084972089737216e+16,655211119643146.0,0.0
IT.SC,0.0,0.0,0.0
IT.TT,3996362110664704.0,656604945618466.6,0.0
IT.TC,4511158769811456.0,866335920540876.8,0.0
IT.BC,9914923412881408.0,1725045077192899.0,0.0
IT.UM,3859873150271488.0,1207048707201750.8,0.0
IT.VB,0.0,0.0,0.0
IT.VN,9896406735126528.0,2930678898010794.5,0.0
