HASC_1,Max,Mean,Min
IT.AB,2.349792499020595e+16,3155376513647528.0,0.0
IT.SD,7771299329867776.0,1729636928271155.2,0.0
IT.PU,6403285674098688.0,3314190090252483.0,0.0
IT.LB,5772886480519168.0,2430377923497165.0,0.0
IT.CM,6573489322459136.0,2557581326403356.5,0.0
IT.ER,8814939338702848.0,2701598592512996.5,0.0
IT.FV,1.3442070815440896e+16,4757742213830295.0,0.0
IT.LZ,9076270918795264.0,1178055943881697.0,0.0
IT.LG,7040174026391552.0,1932023487112613.8,0.0
IT.LM,9773498729758720.0,2959581014405315.0,0.0
IT.MH,7396178496847872.0,2035450612851119.2,0.0
IT.ML,2.349792499020595e+16,4900659620182639.0,0.0
IT.PM,7095093236334592.0,1150536967777050.0,0.0
IT.SC,0.0,0.0,0.0
IT.TT,6090558904729600.0,969297669760210.4,0.0
IT.TC,1.0169696577912832e+16,1846388297255332.8,0.0
IT.BC,1.1788989442818048e+16,2345778811553993.0,0.0
IT.UM,6540655908093952.0,514279861241628.44,0.0
IT.VB,0.0,0.0,0.0
IT.VN,1.3442070815440896e+16,3701763287760116.0,0.0
