HASC_1,Max,Mean,Min
IT.AB,6293605631131648.0,2437752140752486.5,0.0
IT.SD,6163638847012864.0,232128427468642.47,0.0
IT.PU,6347785569828864.0,1848245949778763.2,0.0
IT.LB,6347785569828864.0,2033378098145846.5,0.0
IT.CM,4000307843432448.0,133343594781081.6,0.0
IT.ER,1.3446707232636928e+16,3186199480793633.0,0.0
IT.FV,1.1855160930205696e+16,4491963466574927.0,0.0
IT.LZ,6991622642335744.0,2118522267881075.5,0.0
IT.LG,1.6610604554911744e+16,4929851095340373.0,0.0
IT.LM,1.903234441333965e+16,4064903439957088.5,0.0
IT.MH,7893993660612608.0,2623793069373351.0,0.0
IT.ML,6293605631131648.0,2841037356033638.5,0.0
IT.PM,1.8226022285574144e+16,4618763589890363.0,0.0
IT.SC,5528719200354304.0,1888507902813267.0,0.0
IT.TT,8645979620245504.0,816152055378013.8,0.0
IT.TC,7320616600338432.0,2769350697387650.0,0.0
IT.BC,1.7095334563938304e+16,2253668189082358.5,0.0
IT.UM,8140164543021056.0,2891185479950136.0,0.0
IT.VB,3746539432312832.0,2584597358933879.5,0.0
IT.VN,1.7095334563938304e+16,4449856914873133.5,0.0
