HASC_1,Max,Mean,Min
IT.AB,9466145501347840.0,2531065892550363.5,0.0
IT.SD,9331228767420416.0,1957522538923014.5,0.0
IT.PU,6730992215654400.0,3775735642119021.5,0.0
IT.LB,5662827943559168.0,2802981207749427.0,0.0
IT.CM,7693873417551872.0,2965835227542323.0,0.0
IT.ER,8941917362454528.0,3251502788828013.5,0.0
IT.FV,4623135009669120.0,1642005237643822.5,0.0
IT.LZ,7956050032459776.0,2371873347126508.5,0.0
IT.LG,7462563658858496.0,3413221269919061.5,0.0
IT.LM,1.1587838944477184e+16,3910713130517693.5,0.0
IT.MH,5829599913050112.0,2589302111722121.5,0.0
IT.ML,9466145501347840.0,5311693563363328.0,0.0
IT.PM,1.0337242178387968e+16,3777785309629942.5,0.0
IT.SC,6858642938658816.0,3370412739610065.5,0.0
IT.TT,5665964343427072.0,1192032764578584.0,0.0
IT.TC,7956050032459776.0,3148588989563972.5,0.0
IT.BC,7084582914490368.0,2161448405329510.5,0.0
IT.UM,6846186459758592.0,3027894322091973.5,0.0
IT.VB,7354200023367680.0,3240566264500497.0,0.0
IT.VN,9195357477011456.0,3733083600261914.5,0.0
