HASC_1,Max,Mean,Min
IT.AB,2006506044129280.0,211211148411742.3,0.0
IT.SD,8603481455722496.0,1181812077171854.0,0.0
IT.PU,6087463843921920.0,2331500401451918.0,0.0
IT.LB,7227113014820864.0,2229231380883426.2,0.0
IT.CM,5439185238360064.0,989626109211443.2,0.0
IT.ER,2.1373790931910656e+16,3504042247912549.0,0.0
IT.FV,4407526309232640.0,1763110471161173.2,0.0
IT.LZ,3593895757742080.0,70468544269452.55,0.0
IT.LG,1.2608951312973824e+16,3312424589912894.5,0.0
IT.LM,2.4781407247138816e+16,6726833831673856.0,0.0
IT.MH,0.0,0.0,0.0
IT.ML,2006505909911552.0,668835280934229.4,0.0
IT.PM,1.7283806318821376e+16,4355294426709556.5,0.0
IT.SC,6842301124968448.0,2835561245048832.0,0.0
IT.TT,5011799485186048.0,992132525848876.4,0.0
IT.TC,8452191769591808.0,433415532720205.3,0.0
IT.BC,5904985179029504.0,2193328679210188.8,0.0
IT.UM,0.0,0.0,0.0
IT.VB,4099931757346816.0,2451364950118673.0,0.0
IT.VN,1.175588383490048e+16,2841023344103485.0,0.0
