HASC_1,Max,Mean,Min
IT.AB,8862908217819136.0,2574123585797151.0,0.0
IT.SD,8864806056493056.0,670171247700938.1,0.0
IT.PU,7214400448495616.0,2782423031055896.5,0.0
IT.LB,6711126918168576.0,2198076609349327.0,0.0
IT.CM,7334852269441024.0,2766228031552349.0,0.0
IT.ER,8851187252068352.0,2108479424342698.8,0.0
IT.FV,8704113613209600.0,2170991829372108.8,0.0
IT.LZ,6292123330543616.0,1895595293133192.2,0.0
IT.LG,6573295512059904.0,2410023841226396.0,0.0
IT.LM,2.069162771873792e+16,3345991410162471.0,0.0
IT.MH,9659635925516288.0,2739278214467233.0,0.0
IT.ML,7894639516319744.0,4237236329695321.0,0.0
IT.PM,1.371880736948224e+16,3125684192935936.0,0.0
IT.SC,5596076635586560.0,3081802499871092.5,0.0
IT.TT,5870820861673472.0,1135820823166539.0,0.0
IT.TC,7495881330786304.0,2273693190751421.5,0.0
IT.BC,1.0993282326724608e+16,1431944243970048.0,0.0
IT.UM,6480239140012032.0,2674714174088078.0,0.0
IT.VB,3518462978686976.0,2617076332401225.0,0.0
IT.VN,1.0993282326724608e+16,3725073200040578.0,0.0
