HASC_1,Max,Mean,Min
HU.BK,0.0025315836537629366,0.0024194038240239026,0.0022984102834016085
HU.BA,0.0023915127385407686,0.002311728661879897,0.0022284742444753647
HU.BE,0.0024507201742380857,0.002241912588942796,0.002081687794998288
HU.BZ,0.0023687437642365694,0.002235659889669882,0.0021334246266633272
HU.BU,0.0025315836537629366,0.0024893637746572495,0.0024471438955515623
HU.CS,0.0024507201742380857,0.0023677663411945105,0.0022056654561311007
HU.FE,0.002549663884565234,0.002478966062578062,0.0023729559034109116
HU.GS,0.0031514521688222885,0.002914844446682504,0.002493595704436302
HU.HB,0.0023528889287263155,0.002156568325257727,0.0019082184880971909
HU.HE,0.0024340308737009764,0.002340656782810887,0.0022487398236989975
HU.JN,0.002470230683684349,0.0023850953730288893,0.0022775486577302217
HU.KE,0.0028301235288381577,0.0025605754461139442,0.0024471438955515623
HU.NO,0.0024471438955515623,0.002334578474983573,0.0022487398236989975
HU.PE,0.002549663884565234,0.002451540140265768,0.0023374713491648436
HU.SO,0.0024634755682200193,0.0023508936698947635,0.0022284742444753647
HU.SZ,0.0023528889287263155,0.0021606639929814264,0.0019284641603007913
HU.TO,0.002443647012114525,0.002356763269441823,0.0022936419118195772
HU.VA,0.0030313488095998764,0.0027919368352741004,0.0024634755682200193
HU.VE,0.0027684923261404037,0.0024868802477916083,0.0023404117673635483
HU.ZA,0.0027684923261404037,0.0025417642202228306,0.002330278977751732
