HASC_1,Max,Mean,Min
HU.BK,0.006962377578020096,0.0064434435218572615,0.00615517096593976
HU.BA,0.007379172835499048,0.006887229314694802,0.00649440148845315
HU.BE,0.006720422301441431,0.006571778387296945,0.0063936300575733185
HU.BZ,0.006084479857236147,0.005272493076821168,0.004568417090922594
HU.BU,0.006299693137407303,0.006261843955144286,0.0062239947728812695
HU.CS,0.006526429206132889,0.006372800096869469,0.00615517096593976
HU.FE,0.0067651658318936825,0.006491096767907341,0.006214298773556948
HU.GS,0.007110038306564093,0.00674518956137555,0.006406067404896021
HU.HB,0.006716528441756964,0.006396803007061992,0.005984384100884199
HU.HE,0.0064046368934214115,0.005905103404074907,0.005277870688587427
HU.JN,0.00658015301451087,0.006313908554147929,0.006037511397153139
HU.KE,0.006717044860124588,0.006412011850625276,0.006214298773556948
HU.NO,0.0062239947728812695,0.005778676737099886,0.005277870688587427
HU.PE,0.006498653441667557,0.006258981048383496,0.005765396635979414
HU.SO,0.008169292472302914,0.0072881879418024,0.0067651658318936825
HU.SZ,0.00629015639424324,0.005777253187261522,0.00522975018247962
HU.TO,0.00714444974437356,0.006776887845868866,0.00645172456279397
HU.VA,0.007330337073653936,0.007135151606053114,0.006867526564747095
HU.VE,0.007112899329513311,0.006800749649604161,0.006498653441667557
HU.ZA,0.007817704230546951,0.007346318941563368,0.006867526564747095
