HASC_1,Max,Mean,Min
HU.BK,0.0055734626948833466,0.0054687808733433485,0.0053828065283596516
HU.BA,0.005467366427183151,0.005424689268693328,0.0053828065283596516
HU.BE,0.00572199746966362,0.005595099239144474,0.005496056284755468
HU.BZ,0.005923938006162643,0.005798556272768312,0.005691321101039648
HU.BU,0.00558919832110405,0.0055561375338584185,0.005523076746612787
HU.CS,0.0055270507000386715,0.005479446332901716,0.005429378245025873
HU.FE,0.005528719630092382,0.005448862134168546,0.005371600855141878
HU.GS,0.005501301493495703,0.005340232247752803,0.005128732416778803
HU.HB,0.005805125925689936,0.005732703554843154,0.0056497566401958466
HU.HE,0.005731216166168451,0.0056677572429180145,0.0055734626948833466
HU.JN,0.005731216166168451,0.0056129308650270104,0.005496056284755468
HU.KE,0.00558919832110405,0.005498376674950123,0.005409827455878258
HU.NO,0.005691321101039648,0.005644670408219099,0.00558919832110405
HU.PE,0.005639743059873581,0.005531219172884117,0.005397111643105745
HU.SO,0.005602788180112839,0.005415549767868859,0.005284101236611605
HU.SZ,0.005950561258941889,0.005806298286188394,0.005731216166168451
HU.TO,0.0054231793619692326,0.005389482559015353,0.005341480951756239
HU.VA,0.00529554532840848,0.005144340544939041,0.004868935327976942
HU.VE,0.0054628364741802216,0.005360898716996114,0.005284101236611605
HU.ZA,0.00544416019693017,0.005318831279873848,0.005136759020388126
