HASC_1,Max,Mean,Min
HU.BK,0.005734582897275686,0.005640844535082579,0.005537251476198435
HU.BA,0.006173829082399607,0.005836228529612224,0.00564342737197876
HU.BE,0.0055792927742004395,0.005350391089450568,0.005080759525299072
HU.BZ,0.0055580735206604,0.004899133565939135,0.004497786983847618
HU.BU,0.00562673807144165,0.005601227283477783,0.005575716495513916
HU.CS,0.005687534809112549,0.00556629104539752,0.005332688335329294
HU.FE,0.00566186523064971,0.0055667494889348745,0.005432348232716322
HU.GS,0.005445778835564852,0.0050432262276964525,0.004604479297995567
HU.HB,0.0054228901863098145,0.005191170211349215,0.004832049831748009
HU.HE,0.00558239221572876,0.0054399503860622644,0.005174220073968172
HU.JN,0.005599796772003174,0.005504190921783447,0.00537194823846221
HU.KE,0.005575716495513916,0.005494908802211285,0.005432348232716322
HU.NO,0.00558239221572876,0.00545248594135046,0.005174220073968172
HU.PE,0.005682369228452444,0.0055809400721707125,0.005482812877744436
HU.SO,0.006469944957643747,0.005931641440838575,0.005592247471213341
HU.SZ,0.005411604885011911,0.004867340670898557,0.004628559574484825
HU.TO,0.005921026226133108,0.005722410200784604,0.00564342737197876
HU.VA,0.005592247471213341,0.005038353428244591,0.004602492321282625
HU.VE,0.005714714527130127,0.005537424158925812,0.00528850220143795
HU.ZA,0.005990882869809866,0.005491555295884609,0.00510404584929347
