HASC_1,Max,Mean,Min
HU.BK,0.007245227228850126,0.006568634649738669,0.006113532930612564
HU.BA,0.007443511392921209,0.007144376014669736,0.006873771082609892
HU.BE,0.006653789430856705,0.006293628364801407,0.0060478090308606625
HU.BZ,0.005787614732980728,0.0051632496114406325,0.004477901849895716
HU.BU,0.006132686045020819,0.00594218960031867,0.005751693155616522
HU.CS,0.006845081225037575,0.0065510948188602924,0.00635099783539772
HU.FE,0.00672229565680027,0.006128593347966671,0.0056625246070325375
HU.GS,0.00584745779633522,0.005541646187858922,0.00504963006824255
HU.HB,0.0061918930150568485,0.005981585343501398,0.005787614732980728
HU.HE,0.006113532930612564,0.0056617828862120705,0.005211913958191872
HU.JN,0.00635099783539772,0.006037775427103043,0.0057699717581272125
HU.KE,0.0059584020636975765,0.005743634514510631,0.00560156861320138
HU.NO,0.005770448595285416,0.005503102112561465,0.005211913958191872
HU.PE,0.006551667582243681,0.006031892770393329,0.00546423951163888
HU.SO,0.007515831384807825,0.007150744952793632,0.00672229565680027
HU.SZ,0.005966746713966131,0.005654845561366528,0.005205794237554073
HU.TO,0.007443511392921209,0.006963177816942334,0.006551667582243681
HU.VA,0.006804311648011208,0.006266629695892334,0.005652113351970911
HU.VE,0.006837610621005297,0.006319010319809119,0.005743984133005142
HU.ZA,0.0074842809699475765,0.006833795923739672,0.00584745779633522
