HASC_1,Max,Mean,Min
HU.BK,0.005017179064452648,0.004811193374916911,0.0046334839425981045
HU.BA,0.004916646052151918,0.0047867872441808386,0.0046334839425981045
HU.BE,0.004877147730439901,0.00471158605068922,0.004549004603177309
HU.BZ,0.005039510782808065,0.00478465027279324,0.004575627855956554
HU.BU,0.005232709925621748,0.005124944495037198,0.005017179064452648
HU.CS,0.004798072390258312,0.0047038176096975805,0.004562991671264172
HU.FE,0.005250273272395134,0.005051034580295284,0.004808404017239809
HU.GS,0.005562840029597282,0.005368324528847422,0.005230722948908806
HU.HB,0.004954633768647909,0.00485315832442471,0.004681167658418417
HU.HE,0.0051370239816606045,0.004964713705703616,0.004795290995389223
HU.JN,0.0051370239816606045,0.004917669051792473,0.004710095934569836
HU.KE,0.005294698756188154,0.0052215040661394594,0.005099115427583456
HU.NO,0.005232709925621748,0.005069186259061098,0.004795290995389223
HU.PE,0.005250273272395134,0.005013718481429599,0.004773356486111879
HU.SO,0.005248445551842451,0.005043325679642814,0.0049005127511918545
HU.SZ,0.004954633768647909,0.004838653141632676,0.004687843378633261
HU.TO,0.004961309488862753,0.00485565047711134,0.004685061983764172
HU.VA,0.00557754235342145,0.005416291952133179,0.005178588442504406
HU.VE,0.005321560427546501,0.005115301581099629,0.0049005127511918545
HU.ZA,0.005470810458064079,0.005318842269480229,0.005178588442504406
