HASC_1,Max,Mean,Min
HU.BK,0.010628574527800083,0.009903750102967023,0.009458733722567558
HU.BA,0.011245124973356724,0.01045161485671997,0.009572061710059643
HU.BE,0.010227554477751255,0.009883595979772508,0.00952819362282753
HU.BZ,0.010432436130940914,0.010103135162757503,0.009387844242155552
HU.BU,0.010501259006559849,0.010218573734164238,0.009935888461768627
HU.CS,0.010065112262964249,0.00965728871524334,0.009458733722567558
HU.FE,0.011734201572835445,0.01056865214680632,0.009737524203956127
HU.GS,0.013538871891796589,0.012687944674066134,0.011734201572835445
HU.HB,0.010432436130940914,0.00997816864401102,0.00961481872946024
HU.HE,0.010432436130940914,0.010265595590074858,0.010140928439795971
HU.JN,0.010432436130940914,0.01019429531879723,0.009973241947591305
HU.KE,0.011885199695825577,0.0111160296946764,0.010501259006559849
HU.NO,0.010501259006559849,0.010320283472537994,0.010175102390348911
HU.PE,0.010812475346028805,0.010200345973399553,0.009614977054297924
HU.SO,0.012272869236767292,0.011488971034330981,0.010544810444116592
HU.SZ,0.010432436130940914,0.009752525249496102,0.009173903614282608
HU.TO,0.011353685520589352,0.01048247686897715,0.009572061710059643
HU.VA,0.013538871891796589,0.013015877269208432,0.012272869236767292
HU.VE,0.012850637547671795,0.011567202862352133,0.010544810444116592
HU.ZA,0.01306950580328703,0.012586787529289722,0.012033338658511639
