HASC_1,Max,Mean,Min
HU.BK,0.004593327641487122,0.004432927491143346,0.003996287472546101
HU.BA,0.004400169011205435,0.004119132878258824,0.003832017071545124
HU.BE,0.004651342984288931,0.004520585178397596,0.004361584782600403
HU.BZ,0.004827613476663828,0.0045250470543073285,0.004283462651073933
HU.BU,0.0046113282442092896,0.004602327942848206,0.004593327641487122
HU.CS,0.004572585225105286,0.004435097146779299,0.004333332180976868
HU.FE,0.004752591252326965,0.00459721521474421,0.004506900906562805
HU.GS,0.004782751202583313,0.004708500911614725,0.004586254712194204
HU.HB,0.004827613476663828,0.004677177273801395,0.004546438809484243
HU.HE,0.004827613476663828,0.004480038847153385,0.004283462651073933
HU.JN,0.004827613476663828,0.004507889214437455,0.004283462651073933
HU.KE,0.004752591252326965,0.004622088931500912,0.004506900906562805
HU.NO,0.0046113282442092896,0.004467966966331005,0.004362339619547129
HU.PE,0.004653369542211294,0.004536164924502373,0.004362339619547129
HU.SO,0.004519298672676086,0.004329880766038384,0.004027441143989563
HU.SZ,0.00490279495716095,0.004711439192760736,0.004452303051948547
HU.TO,0.004557803273200989,0.0043821682532628374,0.004115139599889517
HU.VA,0.004782751202583313,0.004585873056203127,0.004402711987495422
HU.VE,0.004752591252326965,0.004571717620516817,0.004356855992227793
HU.ZA,0.004646733403205872,0.004538888670504093,0.004411692265421152
