HASC_1,Max,Mean,Min
HU.BK,0.0051220194436609745,0.0047026169020682575,0.0044358898885548115
HU.BA,0.0051220194436609745,0.004970159692068894,0.0047949086874723434
HU.BE,0.005138549488037825,0.004868317046202719,0.004593564663082361
HU.BZ,0.004322402644902468,0.003958801402606898,0.003611240303143859
HU.BU,0.0044358898885548115,0.004330330062657595,0.004224770236760378
HU.CS,0.005022439640015364,0.0048448177985847,0.00468460051342845
HU.FE,0.004578583408147097,0.0044179754331707954,0.004212134052067995
HU.GS,0.004415425937622786,0.0042757524310478145,0.004055453930050135
HU.HB,0.004953775089234114,0.004603118103529725,0.004322402644902468
HU.HE,0.004547469783574343,0.004227207585548361,0.003964337985962629
HU.JN,0.00485737482085824,0.0045170021476224065,0.004248135257512331
HU.KE,0.004373543430119753,0.004286624118685722,0.004212134052067995
HU.NO,0.004248135257512331,0.004071650095283985,0.003949317615479231
HU.PE,0.0047771865501999855,0.004410209430550987,0.003949317615479231
HU.SO,0.0052128564566373825,0.004835428537002632,0.004539005924016237
HU.SZ,0.004739754367619753,0.004319720610510558,0.003954085987061262
HU.TO,0.004881851840764284,0.004700018015379707,0.004539005924016237
HU.VA,0.0046345326118171215,0.004494382068514824,0.004376762080937624
HU.VE,0.0046345326118171215,0.004490276022503774,0.004368695896118879
HU.ZA,0.004862619563937187,0.0046671004965901375,0.004415425937622786
