HASC_1,Max,Mean,Min
HU.BK,0.00923649501055479,0.008628408703953028,0.008228064514696598
HU.BA,0.008637746796011925,0.008266688014070192,0.007945617660880089
HU.BE,0.009296895004808903,0.009214223129674792,0.00901413056999445
HU.BZ,0.01010227296501398,0.009717871331506304,0.009351572021842003
HU.BU,0.009121895767748356,0.008698941208422184,0.008275986649096012
HU.CS,0.009247303940355778,0.008952252753078937,0.00842324923723936
HU.FE,0.008616686798632145,0.008351604919880629,0.008208037354052067
HU.GS,0.008372148498892784,0.008208650164306164,0.008039554581046104
HU.HB,0.00976435374468565,0.009365672644759928,0.0092506418004632
HU.HE,0.01010227296501398,0.009794659757365784,0.00923649501055479
HU.JN,0.009899617172777653,0.009366751299239695,0.008776823990046978
HU.KE,0.009121895767748356,0.008537102490663528,0.00826446246355772
HU.NO,0.01010227296501398,0.00978053491562605,0.009121895767748356
HU.PE,0.009913286194205284,0.008882335387170315,0.008275986649096012
HU.SO,0.008489688858389854,0.00813853248421635,0.00788172148168087
HU.SZ,0.009806315414607525,0.009564221370965242,0.009304682724177837
HU.TO,0.00845066737383604,0.008173426613211632,0.00788172148168087
HU.VA,0.00880940817296505,0.00834406279027462,0.008020640350878239
HU.VE,0.008357128128409386,0.008149783592671156,0.00788172148168087
HU.ZA,0.008868695236742496,0.008340852148830891,0.008020640350878239
