HASC_1,Max,Mean,Min
HU.BK,0.0058404854498803616,0.005199306225404143,0.004671995993703604
HU.BA,0.006116892676800489,0.005907123597959678,0.005616927985101938
HU.BE,0.005270188208669424,0.00489199161529541,0.004612430930137634
HU.BZ,0.004518295172601938,0.004175065292252434,0.0039522103033959866
HU.BU,0.004840875510126352,0.004756078124046326,0.004671280737966299
HU.CS,0.005483651999384165,0.005152377486228943,0.004958733916282654
HU.FE,0.0052385577000677586,0.004963436008741458,0.0047381967306137085
HU.GS,0.0050974139012396336,0.004838854806231601,0.004439935088157654
HU.HB,0.004822000861167908,0.004541257263294288,0.004321361426264048
HU.HE,0.004671995993703604,0.004449842808147271,0.004157011862844229
HU.JN,0.004958733916282654,0.004685332416556776,0.004501765128225088
HU.KE,0.00501309335231781,0.004822501540184021,0.004671280737966299
HU.NO,0.004671280737966299,0.004413613770157099,0.004157011862844229
HU.PE,0.005032246466726065,0.004773558583110571,0.004389787558466196
HU.SO,0.0064035505056381226,0.005872603838465044,0.0052385577000677586
HU.SZ,0.004501765128225088,0.004258831264451146,0.004113420844078064
HU.TO,0.006116892676800489,0.005535428800309698,0.005032246466726065
HU.VA,0.005701725836843252,0.005418055225163698,0.005068962927907705
HU.VE,0.005590463522821665,0.005207192463179429,0.0049176462925970554
HU.ZA,0.006437723990529776,0.005829804111272097,0.0050974139012396336
