HASC_1,Max,Mean,Min
HU.BK,0.005338659044355154,0.004785913089290261,0.004555454012006521
HU.BA,0.005726406816393137,0.005308366303021709,0.004931201227009296
HU.BE,0.004735976457595825,0.004653081181459129,0.00457349419593811
HU.BZ,0.005008687265217304,0.0048234980139467455,0.0045014917850494385
HU.BU,0.004874696023762226,0.004787832265719771,0.004700968507677317
HU.CS,0.0046892063692212105,0.00461299205198884,0.004555454012006521
HU.FE,0.0053443810902535915,0.004978500849877794,0.004700968507677317
HU.GS,0.006498962175101042,0.005838701701057809,0.00515602994710207
HU.HB,0.0049691894091665745,0.0047486635324146065,0.004596699960529804
HU.HE,0.0049691894091665745,0.004702061337108414,0.0045014917850494385
HU.JN,0.0049691894091665745,0.004639317572582513,0.0045014917850494385
HU.KE,0.0053443810902535915,0.005078909546136856,0.004874696023762226
HU.NO,0.005034992936998606,0.004808463528752327,0.004568050149828196
HU.PE,0.00504468847066164,0.004755103960633278,0.004555454012006521
HU.SO,0.006271828431636095,0.005670412310532161,0.005029826890677214
HU.SZ,0.0049691894091665745,0.004844918614253402,0.004612197168171406
HU.TO,0.005442927125841379,0.005130850399533908,0.004776387941092253
HU.VA,0.007014503236860037,0.006275198515504598,0.005657583475112915
HU.VE,0.005808740388602018,0.005346897368629773,0.004974752198904753
HU.ZA,0.006655443925410509,0.006141668092459441,0.005657583475112915
