HASC_1,Max,Mean,Min
HU.BK,0.006209975574165583,0.005990694044157863,0.005752450320869684
HU.BA,0.0062408908270299435,0.0061446356897552805,0.005992696154862642
HU.BE,0.005889620631933212,0.0058166347444057465,0.0057663582265377045
HU.BZ,0.005691017955541611,0.005363280729701121,0.004860447254031897
HU.BU,0.006095295771956444,0.0059558607172220945,0.005816425662487745
HU.CS,0.005892958492040634,0.005818571895360947,0.0057663582265377045
HU.FE,0.0062073529697954655,0.006028392895435293,0.005665665492415428
HU.GS,0.006000563967972994,0.0054728928953409195,0.0049077728763222694
HU.HB,0.005889620631933212,0.005809364374727011,0.005691017955541611
HU.HE,0.0057587288320064545,0.0056119689252227545,0.00539037212729454
HU.JN,0.005871739238500595,0.0057756167952902615,0.0056807659566402435
HU.KE,0.006085997447371483,0.005827424675226211,0.005568470805883408
HU.NO,0.005816425662487745,0.005550637003034353,0.005389180034399033
HU.PE,0.006115481723099947,0.005838555410843004,0.005389180034399033
HU.SO,0.006318615283817053,0.00619803202737655,0.005992696154862642
HU.SZ,0.005797273013740778,0.005570835142862052,0.0052741034887731075
HU.TO,0.0062408908270299435,0.006192372335741918,0.006115481723099947
HU.VA,0.006184624042361975,0.005956139042973518,0.005703574046492577
HU.VE,0.006220704410225153,0.006106316267202298,0.005938654765486717
HU.ZA,0.006221340503543615,0.006132426019757986,0.005938654765486717
