HASC_1,Max,Mean,Min
HU.BK,0.007842102088034153,0.007611241331323982,0.007426776457577944
HU.BA,0.008321164175868034,0.007825121516361833,0.007568953558802605
HU.BE,0.008324025198817253,0.008020608162041754,0.007735370192676783
HU.BZ,0.008006610907614231,0.00754196812502212,0.006970443297177553
HU.BU,0.007486619520932436,0.00745669798925519,0.007426776457577944
HU.CS,0.008045949973165989,0.0077202065847814085,0.007509507704526186
HU.FE,0.007494725752621889,0.0074281408451497555,0.007310269400477409
HU.GS,0.00815117172896862,0.007483792757349355,0.007167695090174675
HU.HB,0.008225081488490105,0.00803523271211556,0.007893203757703304
HU.HE,0.007952489890158176,0.00764439992296199,0.007454353850334883
HU.JN,0.00805254653096199,0.007788537535816431,0.007518488448113203
HU.KE,0.007486619520932436,0.0073852122761309145,0.007269102614372969
HU.NO,0.0075269122608006,0.007491086050868035,0.007454353850334883
HU.PE,0.007842102088034153,0.007532410619949753,0.007310269400477409
HU.SO,0.009285488165915012,0.008161162891026055,0.007477003615349531
HU.SZ,0.008301852270960808,0.007962116098497063,0.007573086302727461
HU.TO,0.00797355081886053,0.007626425940543413,0.007477003615349531
HU.VA,0.008996524848043919,0.00821977285668254,0.007549959700554609
HU.VE,0.00794406607747078,0.007570092799142003,0.007386245299130678
HU.ZA,0.00929430965334177,0.008356577437371015,0.007549959700554609
