HASC_1,Max,Mean,Min
HU.BK,0.003506287233904004,0.003334983577951789,0.0031957074534147978
HU.BA,0.0035648588091135025,0.0034035620046779513,0.0031957074534147978
HU.BE,0.0032549146562814713,0.0030763143149670213,0.0029234730172902346
HU.BZ,0.0032754186540842056,0.002941568796005514,0.002662444720044732
HU.BU,0.003454947844147682,0.0034331325441598892,0.0034113172441720963
HU.CS,0.003330771578475833,0.0032096707727760077,0.003066524164751172
HU.FE,0.003500843420624733,0.0034294768314187727,0.0033761903177946806
HU.GS,0.003633762476965785,0.003414785788793649,0.0032908364664763212
HU.HB,0.0031473084818571806,0.002963462345568197,0.0027369109448045492
HU.HE,0.003368878737092018,0.0032430003629997373,0.0031413082033395767
HU.JN,0.003368878737092018,0.003244558349251747,0.0031343542505055666
HU.KE,0.003454947844147682,0.003427354898303747,0.0033761903177946806
HU.NO,0.003454947844147682,0.003316299477592111,0.0031413082033395767
HU.PE,0.003454947844147682,0.003373058301142671,0.0032549146562814713
HU.SO,0.0036332060117274523,0.003521194215863943,0.0034197811037302017
HU.SZ,0.0031473084818571806,0.0028490197437349707,0.0025811244267970324
HU.TO,0.0035648588091135025,0.0034768690820783377,0.003358030691742897
HU.VA,0.0034197811037302017,0.003279320802539587,0.0030723658856004477
HU.VE,0.0035099827218800783,0.00342819862999022,0.0033453151118010283
HU.ZA,0.003562991274520755,0.0034053646959364414,0.0032683054450899363
