HASC_1,Max,Mean,Min
HU.BK,0.014423541724681854,0.01338354405015707,0.012385857291519642
HU.BA,0.013368618674576283,0.012869423410544792,0.012385857291519642
HU.BE,0.013349863700568676,0.01271197444293648,0.011763903312385082
HU.BZ,0.015541407279670238,0.01516903243545029,0.014799130149185658
HU.BU,0.014467728324234486,0.014253390021622181,0.014039051719009876
HU.CS,0.013470661826431751,0.012822099961340427,0.01233817357569933
HU.FE,0.014114233665168285,0.01387560274451971,0.013518345542252064
HU.GS,0.01445008534938097,0.014015278246785914,0.013323160819709301
HU.HB,0.014869225211441517,0.013465893853987967,0.012430679984390736
HU.HE,0.015150082297623158,0.014839661618073782,0.014105173759162426
HU.JN,0.01502101868391037,0.014088663039729,0.012850773520767689
HU.KE,0.014467728324234486,0.014189223758876324,0.01387788075953722
HU.NO,0.015150082297623158,0.014827422797679901,0.014467728324234486
HU.PE,0.014933916740119457,0.014080247926441107,0.013155790977180004
HU.SO,0.013663145713508129,0.013318255809800965,0.012837422080338001
HU.SZ,0.015541407279670238,0.014549228246323764,0.013288351707160473
HU.TO,0.01366791408509016,0.013376354395101467,0.012822799384593964
HU.VA,0.013959579169750214,0.013480103574693203,0.012919120490550995
HU.VE,0.014036190696060658,0.01377835450693965,0.013518345542252064
HU.ZA,0.013959579169750214,0.01342030819505453,0.013050568290054798
