HASC_1,Max,Mean,Min
AU.AS,302.8149108886719,302.6519266764323,302.5017395019531
AU.AC,288.0798645019531,287.56825764973956,286.7224426269531
AU.CR,302.2790832519531,301.06256612141925,299.7778015136719
AU.JB,294.2361145019531,292.0378723144531,289.8396301269531
AU.NS,300.1420593261719,293.9180696927584,286.3922119140625
AU.NT,306.1228332519531,301.70327120891943,299.6443176269531
AU.QL,305.4340515136719,299.7486827541752,289.9154968261719
AU.SA,303.7100830078125,299.12761167098915,289.1911926269531
AU.TS,290.2485046386719,286.5097489267025,279.8995361328125
AU.VI,297.3477783203125,291.90561436244417,286.3922119140625
AU.WA,308.0258483886719,301.6350625174386,291.4151611328125
