HASC_1,Max,Mean,Min
AU.AS,302.8233947753906,302.70859781901044,302.6114807128906
AU.AC,290.7052307128906,288.68004353841144,287.0651550292969
AU.CR,300.5782775878906,299.4012044270833,297.7169494628906
AU.JB,292.9405822753906,292.7799377441406,292.6192932128906
AU.NS,305.94970703125,297.0359083705124,286.8638000488281
AU.NT,311.5001525878906,305.21514675113195,300.79541015625
AU.QL,312.70458984375,305.0523196826088,296.3028869628906
AU.SA,309.2784729003906,299.0509710259776,287.3327331542969
AU.TS,288.1960144042969,285.4224882305793,276.3330993652344
AU.VI,297.02001953125,290.5224042619978,286.8638000488281
AU.WA,309.9930114746094,303.08837414696103,289.0780029296875
