HASC_1,Max,Mean,Min
AU.AS,300.4226379394531,300.21864827473956,300.0216064453125
AU.AC,280.5928955078125,279.09458414713544,277.4653015136719
AU.CR,296.3321533203125,295.05982971191406,293.8425598144531
AU.JB,289.1186218261719,286.6218719482422,284.1251220703125
AU.NS,294.0268249511719,283.066197934358,277.4653015136719
AU.NT,299.2514343261719,290.12050442004715,285.0151062011719
AU.QL,299.6218566894531,287.68393012619674,282.1840515136719
AU.SA,290.3549499511719,285.3491227613772,280.0456848144531
AU.TS,286.1964111328125,281.61585566682635,274.9005126953125
AU.VI,287.5727233886719,282.4323186965216,278.5351257324219
AU.WA,300.3686218261719,291.26678804670064,286.4425048828125
