HASC_1,Max,Mean,Min
AU.AS,301.79522705078125,301.7153625488281,301.67218017578125
AU.AC,300.7362976074219,298.778076171875,296.6601257324219
AU.CR,300.8150939941406,299.3356526692708,297.8111877441406
AU.JB,299.33135986328125,297.52488708496094,295.7184143066406
AU.NS,312.5204772949219,306.17476273858824,293.6513366699219
AU.NT,312.17413330078125,307.44612893582524,301.2164611816406
AU.QL,312.7411804199219,305.5313427083053,297.0282897949219
AU.SA,312.8290710449219,302.99061692868423,291.4208679199219
AU.TS,293.3017272949219,289.1182769199587,277.16412353515625
AU.VI,305.3482971191406,299.3959007626488,290.0331726074219
AU.WA,307.4892272949219,297.81777172996885,286.71514892578125
