HASC_1,Max,Mean,Min
AU.AS,302.4930114746094,302.4263916015625,302.3143005371094
AU.AC,291.8847961425781,289.769287109375,287.86053466796875
AU.CR,300.2752380371094,299.04439544677734,297.19256591796875
AU.JB,293.2415466308594,293.1841735839844,293.1268005371094
AU.NS,309.9477844238281,299.9449662938963,287.7251281738281
AU.NT,311.94647216796875,306.56440463032123,298.93670654296875
AU.QL,312.2817687988281,305.4531669157097,296.0464172363281
AU.SA,312.2049255371094,303.32753274219283,288.94061279296875
AU.TS,288.5312805175781,285.17961667618664,275.9421081542969
AU.VI,300.7039489746094,292.19689098539806,287.71844482421875
AU.WA,310.6658630371094,301.78320185343426,288.9990539550781
