HASC_1,Max,Mean,Min
AU.AS,303.12615966796875,302.95949300130206,302.8305969238281
AU.AC,288.7610778808594,286.34604899088544,284.28680419921875
AU.CR,302.1157531738281,300.53048451741535,298.38201904296875
AU.JB,293.6050109863281,292.66864013671875,291.7322692871094
AU.NS,301.2010192871094,294.25082836342494,284.21990966796875
AU.NT,309.86053466796875,304.20365525198093,297.3572692871094
AU.QL,308.91912841796875,302.5227794023471,295.9370422363281
AU.SA,304.9731750488281,294.3683675964022,287.2807922363281
AU.TS,288.70330810546875,285.16706243551005,279.4505310058594
AU.VI,291.44549560546875,287.9242030552455,283.0413513183594
AU.WA,313.19244384765625,301.23577041625975,289.5877380371094
