HASC_1,Max,Mean,Min
AU.AS,301.9747314453125,301.7963460286458,301.6309814453125
AU.AC,287.2634582519531,286.53858439127606,285.2991027832031
AU.CR,302.0509033203125,301.06148020426434,299.6895751953125
AU.JB,292.0899658203125,290.1897430419922,288.2895202636719
AU.NS,302.7501220703125,295.4447943135647,285.2991027832031
AU.NT,305.6260986328125,301.7671117352193,297.2764892578125
AU.QL,305.8044738769531,301.13266274851077,289.9493408203125
AU.SA,303.9936218261719,297.1778109190894,288.6485595703125
AU.TS,291.0216064453125,287.50883397516213,279.0689697265625
AU.VI,299.4610595703125,292.600442359561,285.6150207519531
AU.WA,308.2169189453125,301.5505190894717,290.9965515136719
