HASC_1,Max,Mean,Min
AU.AS,303.8916015625,303.78460693359375,303.7027893066406
AU.AC,297.6331481933594,296.37293497721356,294.9371643066406
AU.CR,300.6780700683594,300.06854756673175,298.7594299316406
AU.JB,297.564453125,297.0126953125,296.4609375
AU.NS,308.4938049316406,301.20400551888457,291.2096252441406
AU.NT,309.6748046875,305.53930250879137,299.7565002441406
AU.QL,308.8570861816406,302.52231880227384,293.9879455566406
AU.SA,309.1591796875,301.06213528992697,288.0270080566406
AU.TS,292.7314453125,288.72509247401973,280.8409729003906
AU.VI,303.5263671875,295.357328578404,288.3645935058594
AU.WA,311.6910705566406,304.07741252354214,289.3040466308594
