HASC_1,Max,Mean,Min
ZA.EC,0.12080295383930206,0.0009567301881959697,0.0
ZA.FS,0.5834775567054749,0.012158969462012554,0.0
ZA.GT,0.27468931674957275,0.0017727673409306016,0.0
ZA.NL,0.187201127409935,0.0013401073169361775,0.0
ZA.NP,0.0,0.0,0.0
ZA.MP,0.020423436537384987,1.9596139403714128e-05,0.0
ZA.NW,0.4882211983203888,0.006370917635710657,0.0
ZA.NC,0.5834775567054749,0.007296468455563143,0.0
ZA.WC,0.049262940883636475,0.000539770440055325,0.0
