HASC_1,Max,Mean,Min
ZA.EC,2.1418769359588623,0.06590036465975142,0.0
ZA.FS,0.0032352940179407597,2.562000320592363e-06,0.0
ZA.GT,0.036046259105205536,0.00012692678750394598,0.0
ZA.NL,0.0035294117406010628,7.065280212580893e-06,0.0
ZA.NP,0.0032352940179407597,1.0363508026632129e-05,0.0
ZA.MP,0.036046259105205536,2.9311008955202093e-05,0.0
ZA.NW,0.0,0.0,0.0
ZA.NC,1.8995145559310913,0.039059233053075154,0.0
ZA.WC,2.453601837158203,0.06033279256975344,0.0
