HASC_1,Max,Mean,Min
ZA.EC,0.9517414569854736,0.06968176280933229,0.0
ZA.FS,0.1955915093421936,0.004108239887270923,0.0
ZA.GT,0.07120916247367859,0.0029527086266446195,0.0
ZA.NL,0.5483747720718384,0.020576729624287193,0.0
ZA.NP,0.0016013496788218617,9.204981364853345e-07,0.0
ZA.MP,0.061480749398469925,0.00015223421799268869,0.0
ZA.NW,0.15346209704875946,0.0017280201449621933,0.0
ZA.NC,0.585578978061676,0.008752368944070861,0.0
ZA.WC,0.9193425178527832,0.10620155099039086,0.0
