HASC_1,Max,Mean,Min
ZA.EC,0.09980326890945435,0.0008168890251855043,0.0
ZA.FS,1.114377737045288,0.05009126565104585,0.0
ZA.GT,0.25515878200531006,0.025564766963419205,0.0
ZA.NL,0.1143813282251358,0.0018996465540294491,0.0
ZA.NP,0.25659576058387756,0.005081592758534731,0.0
ZA.MP,0.2961284816265106,0.014877985439705813,0.0
ZA.NW,1.487085223197937,0.0881368212901277,0.0
ZA.NC,0.5265213251113892,0.006032398246637651,0.0
ZA.WC,0.0018529677763581276,1.3872740704100766e-06,0.0
