HASC_1,Max,Mean,Min
ZA.EC,0.8757467865943909,0.013768281206214221,0.0
ZA.FS,0.0016600978560745716,2.89215659438746e-06,0.0
ZA.GT,0.0,0.0,0.0
ZA.NL,0.06844533234834671,0.0002702204113855445,0.0
ZA.NP,0.00833333283662796,9.701076597601426e-06,0.0
ZA.MP,0.00833333283662796,4.5959937898309484e-05,0.0
ZA.NW,0.0,0.0,0.0
ZA.NC,0.6651933193206787,0.0014951592897688801,0.0
ZA.WC,1.132739543914795,0.029255465102929194,0.0
