HASC_1,Max,Mean,Min
ZA.EC,0.0,0.0,0.0
ZA.FS,0.0,0.0,0.0
ZA.GT,0.0,0.0,0.0
ZA.NL,0.21080857515335083,0.002452995464482067,0.0
ZA.NP,0.0045501054264605045,2.3897612533931223e-06,0.0
ZA.MP,0.0,0.0,0.0
ZA.NW,0.06598415225744247,3.1601605487280876e-05,0.0
ZA.NC,0.0,0.0,0.0
ZA.WC,0.0,0.0,0.0
