HASC_1,Max,Mean,Min
ZA.EC,2.3620617389678955,0.0441532056469581,0.0
ZA.FS,2.4818203449249268,0.3712564719824748,0.0
ZA.GT,1.9461750984191895,0.3097035921129741,0.0
ZA.NL,2.5040688514709473,0.17277138040249973,0.0
ZA.NP,2.2960212230682373,0.12190505769803082,0.0
ZA.MP,2.867565155029297,0.3698058345027385,0.0
ZA.NW,3.013590097427368,0.4244018880595985,0.0
ZA.NC,2.9672391414642334,0.07309761139734272,0.0
ZA.WC,0.32612308859825134,0.0014221820698496121,0.0
