HASC_1,Max,Mean,Min
ZA.EC,3.0854644775390625,0.3942597213650758,0.0
ZA.FS,2.884286642074585,0.2536839639398726,0.0
ZA.GT,0.06866780668497086,0.0007917476554499253,0.0
ZA.NL,1.9689916372299194,0.047181569076921344,0.0
ZA.NP,0.0,0.0,0.0
ZA.MP,0.0,0.0,0.0
ZA.NW,2.2075753211975098,0.014596920061897969,0.0
ZA.NC,2.601625919342041,0.06677589123786562,0.0
ZA.WC,0.2398279756307602,0.0006368876480607865,0.0
