HASC_1,Max,Mean,Min
ZA.EC,1.5659950971603394,0.02648347056443644,0.0
ZA.FS,0.997015655040741,0.0046223409287556765,0.0
ZA.GT,0.2629063129425049,0.00617709840300545,0.0
ZA.NL,0.853364884853363,0.005764678276434805,0.0
ZA.NP,0.7817460894584656,0.0151950047394833,0.0
ZA.MP,0.7817460894584656,0.014129483634084125,0.0
ZA.NW,0.15405701100826263,0.0010490810108007337,0.0
ZA.NC,1.0082910060882568,0.013252793196814005,0.0
ZA.WC,0.024329980835318565,5.930565255253803e-05,0.0
