HASC_1,Max,Mean,Min
ZA.EC,0.902333676815033,0.004944587372883993,0.0
ZA.FS,1.4718894958496094,0.019174926966011314,0.0
ZA.GT,0.48975226283073425,0.07962660201234077,0.0
ZA.NL,3.749382972717285,0.0702767300030777,0.0
ZA.NP,2.9975392818450928,0.16927219637829097,0.0
ZA.MP,0.6687900424003601,0.0881538695233799,0.0
ZA.NW,0.4239346981048584,0.010074930023382863,0.0
ZA.NC,0.15326841175556183,0.00019876917236662846,0.0
ZA.WC,0.000581679109018296,1.9886465265582768e-07,0.0
