HASC_1,Max,Mean,Min
ZA.EC,1.2309099435806274,0.05118223823493201,0.0
ZA.FS,0.6716858744621277,0.046966949757867825,0.0
ZA.GT,2.038154125213623,0.21959709612358558,0.0
ZA.NL,0.553474485874176,0.004747915169190957,0.0
ZA.NP,1.7551136016845703,0.20201301821639095,0.0
ZA.MP,1.0814577341079712,0.05028796764581836,0.0
ZA.NW,2.3985564708709717,0.24232529280646747,0.0
ZA.NC,2.6658835411071777,0.07729477015430108,0.0
ZA.WC,0.1041073128581047,0.0006337336594593098,0.0
