HASC_1,Max,Mean,Min
ZA.EC,0.042500000447034836,4.44160295143308e-05,0.0
ZA.FS,0.03012729436159134,2.3178433356903985e-05,0.0
ZA.GT,0.02343234233558178,0.0001958133983670881,0.0
ZA.NL,0.02155371569097042,2.564297003578343e-05,0.0
ZA.NP,0.00020833332382608205,2.188375250273971e-07,0.0
ZA.MP,0.0008333332953043282,1.869208456854206e-06,0.0
ZA.NW,0.0,0.0,0.0
ZA.NC,0.02736862190067768,4.679018731192392e-05,0.0
ZA.WC,0.4451535940170288,0.001483330097492935,0.0
