HASC_1,Max,Mean,Min
ZA.EC,0.0012451250804588199,2.2422974524852404e-06,0.0
ZA.FS,0.00810911599546671,2.2647482113229623e-05,0.0
ZA.GT,0.06757596880197525,0.0018389453879555612,0.0
ZA.NL,0.00810911599546671,2.862324751132713e-05,0.0
ZA.NP,0.06441610306501389,0.000993664095250945,0.0
ZA.MP,0.01621823199093342,6.743554253806258e-05,0.0
ZA.NW,0.03311222419142723,9.393986205033373e-05,0.0
ZA.NC,0.03440960869193077,5.022285645918186e-05,0.0
ZA.WC,0.011826018802821636,2.7657524507869046e-05,0.0
