HASC_1,Max,Mean,Min
ZA.EC,1.7579067945480347,0.08160564854798331,0.0
ZA.FS,1.8888806104660034,0.08369946206446592,0.0
ZA.GT,0.055271752178668976,0.0019099465176718935,0.0
ZA.NL,0.3667970299720764,0.002729177099767681,0.0
ZA.NP,0.0641012117266655,0.00010825712241271772,0.0
ZA.MP,0.03915884345769882,0.0003770695757520507,0.0
ZA.NW,1.8975881338119507,0.15368277812818124,0.0
ZA.NC,2.30761456489563,0.11021713983064015,0.0
ZA.WC,0.12861348688602448,0.0013335782494152196,0.0
