HASC_1,Max,Mean,Min
ZA.EC,0.27174994349479675,0.0024439095413314473,0.0
ZA.FS,0.09670186042785645,0.00019130165312878904,0.0
ZA.GT,0.701019823551178,0.006686514047415633,0.0
ZA.NL,0.06761861592531204,0.00041184593627644823,0.0
ZA.NP,0.04068182781338692,2.1366506204509935e-05,0.0
ZA.MP,0.03120797872543335,3.7511618293163786e-05,0.0
ZA.NW,0.30236756801605225,0.00017423598966436369,0.0
ZA.NC,0.07350941002368927,0.00026794350248311017,0.0
ZA.WC,0.12059336155653,0.0025164648271979824,0.0
