HASC_1,Max,Mean,Min
ZA.EC,2.17370343208313,0.09227814810641144,0.0
ZA.FS,0.5398741364479065,0.04902446737953509,0.0
ZA.GT,1.28628408908844,0.011570490288278577,0.0
ZA.NL,0.564994752407074,0.028648599846130367,0.0
ZA.NP,0.014999999664723873,2.069297515310395e-05,0.0
ZA.MP,0.49791666865348816,0.002542160998667277,0.0
ZA.NW,0.12247560173273087,0.0013656923547217246,0.0
ZA.NC,4.249769687652588,0.09554549357645441,0.0
ZA.WC,1.3877654075622559,0.0192991583722056,0.0
