HASC_1,Max,Mean,Min
ZA.EC,3.4432361125946045,0.20738438172583526,0.0
ZA.FS,2.2530977725982666,0.11922752495475351,0.0
ZA.GT,0.09641679376363754,0.0026363428875559917,0.0
ZA.NL,0.3713853359222412,0.005966196844288091,0.0
ZA.NP,0.3083302080631256,0.016786426429274904,0.0
ZA.MP,0.11921616643667221,0.002828690351488177,0.0
ZA.NW,0.3451661169528961,0.021340433821898555,0.0
ZA.NC,1.631257176399231,0.03725578500378399,0.0
ZA.WC,1.7065749168395996,0.03842025919965247,0.0
