HASC_1,Max,Mean,Min
ZA.EC,0.16062499582767487,0.0013195540463933613,0.0
ZA.FS,0.01635686308145523,1.1052038812221317e-05,0.0
ZA.GT,0.0,0.0,0.0
ZA.NL,0.0,0.0,0.0
ZA.NP,0.0,0.0,0.0
ZA.MP,0.0,0.0,0.0
ZA.NW,0.0,0.0,0.0
ZA.NC,0.12517601251602173,0.0007964233863956958,0.0
ZA.WC,1.5042591094970703,0.08806050123112788,0.0
