HASC_1,Max,Mean,Min
ZA.EC,0.007142160087823868,1.374018077845879e-05,0.0
ZA.FS,0.0345599539577961,5.5516185167972455e-05,0.0
ZA.GT,0.031896937638521194,0.0002483207003311499,0.0
ZA.NL,0.07964910566806793,0.00038673896017648874,0.0
ZA.NP,0.012916666455566883,2.3087612822839693e-05,0.0
ZA.MP,0.013333332724869251,2.7745262707833683e-05,0.0
ZA.NW,0.0,0.0,0.0
ZA.NC,0.03791666403412819,0.00010669218424874684,0.0
ZA.WC,0.00957213994115591,3.118164654777377e-05,0.0
