HASC_1,Max,Mean,Min
ZA.EC,0.0,0.0,0.0
ZA.FS,0.003333333181217313,1.451800166035415e-06,0.0
ZA.GT,0.0,0.0,0.0
ZA.NL,0.0,0.0,0.0
ZA.NP,0.0,0.0,0.0
ZA.MP,0.0,0.0,0.0
ZA.NW,0.0,0.0,0.0
ZA.NC,0.014166667126119137,4.180122162248252e-05,0.0
ZA.WC,0.0,0.0,0.0
