HASC_1,Max,Mean,Min
ZA.EC,0.2558169662952423,0.003757980244247901,0.0
ZA.FS,0.0008369814604520798,3.063409059480456e-06,0.0
ZA.GT,0.0,0.0,0.0
ZA.NL,0.05643343925476074,0.00046637055419787853,0.0
ZA.NP,0.006046887021511793,4.5983299610308695e-06,0.0
ZA.MP,0.04792877659201622,0.00040929236328574243,0.0
ZA.NW,0.0,0.0,0.0
ZA.NC,0.05060800909996033,7.898652027363279e-05,0.0
ZA.WC,0.3448580205440521,0.0050708750294945325,0.0
