HASC_1,Max,Mean,Min
JP.AI,0.0,0.0,0.0
JP.AK,0.23428739607334137,-968.0555037549367,-3333.2998046875
JP.AO,1.0401713848114014,-541.9961864187936,-3333.270263671875
JP.CH,0.0,0.0,0.0
JP.EH,0.0,0.0,0.0
JP.FI,0.0914379358291626,-43.28595270010036,-3333.2998046875
JP.FO,0.0,0.0,0.0
JP.FS,0.034953176975250244,-1012.1351533844652,-3333.2998046875
JP.GF,0.03967657685279846,-281.47813021482705,-3333.2998046875
JP.GM,0.0,-436.5035458519345,-3333.2998046875
JP.HS,0.0,-34.72187296549479,-3333.2998046875
JP.HK,0.9138948321342468,-902.2475569246187,-3333.2998046875
JP.HG,0.0,-80.12739915114183,-3333.2998046875
JP.IB,0.0,0.0,0.0
JP.IS,0.33275654911994934,-80.95866232030758,-3333.2998046875
JP.IW,0.07231990247964859,-1444.3074492354237,-3333.2998046875
JP.KG,0.0,0.0,0.0
JP.KS,0.9018983840942383,0.019662687341748086,0.0
JP.KN,0.0012499999720603228,3.571428450024022e-05,0.0
JP.KC,0.000140955628012307,5.706705587542793e-07,0.0
JP.KM,0.0,0.0,0.0
JP.KY,0.0012499999720603228,-23.1479066297745,-3333.2998046875
JP.ME,0.0,0.0,0.0
JP.MG,0.1270110011100769,-529.906785807737,-3333.2998046875
JP.MZ,0.05390997603535652,0.0010360669153249966,0.0
JP.NN,0.05825528874993324,-374.26450708131387,-3333.2998046875
JP.NS,0.003333333181217313,5.4112551643138195e-06,0.0
JP.NR,0.0,0.0,0.0
JP.NI,0.5970073342323303,-635.9465950703119,-3333.2998046875
JP.OT,0.0,-43.28960785308441,-3333.2998046875
JP.OY,0.0,-151.51362748579547,-3333.2998046875
JP.ON,0.7502074241638184,0.005916824349573932,0.0
JP.OS,0.0,0.0,0.0
JP.SG,0.0,0.0,0.0
JP.ST,0.0,0.0,0.0
JP.SH,0.0008333332953043282,1.0416666191304102e-05,0.0
JP.SM,0.005877969320863485,-30.863829457781847,-3333.2998046875
JP.SZ,0.18971990048885345,3.501213805880759e-05,0.0
JP.TC,0.0,-247.93139043130165,-3333.2998046875
JP.TS,0.0,0.0,0.0
JP.TK,0.0012499999720603228,3.0303029449317945e-05,0.0
JP.TT,0.0,-185.18332248263889,-3333.2998046875
JP.TY,0.454416424036026,-1060.5762400346139,-3333.2998046875
JP.WK,0.043990690261125565,0.001074462340594354,0.0
JP.YT,0.5970073342323303,-1777.732712486319,-3333.2998046875
JP.YC,0.0,-14.619735985471491,-3333.2998046875
JP.YN,0.0,0.0,0.0
