HASC_1,Max,Mean,Min
JP.AI,0.003913043532520533,3.6231884560375304e-05,0.0
JP.AK,0.8896521925926208,0.06162137485936161,0.0
JP.AO,0.8896521925926208,0.04477599356734815,0.0
JP.CH,0.0,0.0,0.0
JP.EH,0.0,0.0,0.0
JP.FI,0.041431911289691925,0.00045255051363356317,0.0
JP.FO,0.0,0.0,0.0
JP.FS,0.3490086793899536,0.020504577061338614,0.0
JP.GF,0.11111468076705933,0.001819825602772956,0.0
JP.GM,0.40986084938049316,0.007744225292775636,0.0
JP.HS,0.005217391066253185,2.9438404453685507e-05,0.0
JP.HK,2.0594778060913086,0.11604653324316948,0.0
JP.HG,0.0017391303554177284,8.361203631816003e-06,0.0
JP.IB,0.0,0.0,0.0
JP.IS,0.18826086819171906,0.0037380495874082993,0.0
JP.IW,0.7471652030944824,0.024069467508902393,0.0
JP.KG,0.0,0.0,0.0
JP.KS,0.9299144148826599,0.01701105317500698,0.0
JP.KN,0.0,0.0,0.0
JP.KC,0.0,0.0,0.0
JP.KM,0.0,0.0,0.0
JP.KY,0.021739130839705467,0.0002475845410824857,0.0
JP.ME,0.0,0.0,0.0
JP.MG,0.23611578345298767,0.011957917090069551,0.0
JP.MZ,0.018355967476963997,0.00011191277261763715,0.0
JP.NN,0.06396520882844925,0.0008303382566449918,0.0
JP.NS,0.0016467642271891236,4.084950332626603e-06,0.0
JP.NR,0.0,0.0,0.0
JP.NI,0.40986084938049316,0.016465803486378144,0.0
JP.OT,0.002360901329666376,3.066105622943345e-05,0.0
JP.OY,0.0,0.0,0.0
JP.ON,0.8070250153541565,0.01043487504545791,0.0
JP.OS,0.0,0.0,0.0
JP.SG,0.0,0.0,0.0
JP.ST,0.0,0.0,0.0
JP.SH,0.04565217345952988,0.0005706521682441234,0.0
JP.SM,0.005217391066253185,1.2077294134845337e-05,0.0
JP.SZ,2.271176815032959,0.0004228948832832515,0.0
JP.TC,0.09566636383533478,0.004473667940094082,0.0
JP.TS,0.0,0.0,0.0
JP.TK,0.0,0.0,0.0
JP.TT,0.0,0.0,0.0
JP.TY,0.11111468076705933,0.008167996127833083,0.0
JP.WK,0.0,0.0,0.0
JP.YT,0.37267163395881653,0.054425082276995655,0.0
JP.YC,0.0,0.0,0.0
JP.YN,0.0004347825888544321,4.830917653938135e-06,0.0
