HASC_1,Max,Mean,Min
US.AL,0.0,0.0,0.0
US.AK,1773874777686016.0,1631173412703.396,0.0
US.AZ,0.0,0.0,0.0
US.AR,3893380874502144.0,1021958417466873.1,0.0
US.CA,3.105511322104627e+16,1040140928115462.6,0.0
US.CO,3912207863644160.0,986332637879543.9,0.0
US.CT,0.0,0.0,0.0
US.DE,0.0,0.0,0.0
US.DC,0,0,0
US.FL,0.0,0.0,0.0
US.GA,0.0,0.0,0.0
US.HI,2136019843416064.0,54983991286708.195,0.0
US.ID,0.0,0.0,0.0
US.IL,0.0,0.0,0.0
US.IN,0.0,0.0,0.0
US.IA,3337469567172608.0,710156482771078.5,0.0
US.KS,3676432144269312.0,1372485434095704.2,0.0
US.KY,0.0,0.0,0.0
US.LA,5673470335647744.0,1432900975431225.0,0.0
US.ME,0.0,0.0,0.0
US.MD,0.0,0.0,0.0
US.MA,0.0,0.0,0.0
US.MI,0.0,0.0,0.0
US.MN,983706156138496.0,26225411110557.01,0.0
US.MS,2172190984241152.0,46838047498124.62,0.0
US.MO,4625855871451136.0,480914636660825.4,0.0
US.MT,1727303373553664.0,368472187160222.9,0.0
US.NE,3065590352707584.0,867847716888935.6,0.0
US.NV,2847244147490816.0,221938849303955.4,0.0
US.NH,0.0,0.0,0.0
US.NJ,0.0,0.0,0.0
US.NM,3502923518574592.0,918308684485330.9,0.0
US.NY,0.0,0.0,0.0
US.NC,3968288325369856.0,327902349514534.1,0.0
US.ND,1096125717151744.0,412036929711343.7,0.0
US.OH,0.0,0.0,0.0
US.OK,4351863264641024.0,1082050538434083.8,0.0
US.OR,3021131535613952.0,488671620210716.94,0.0
US.PA,0.0,0.0,0.0
US.RI,0.0,0.0,0.0
US.SC,4563919758688256.0,729619297897724.2,0.0
US.SD,1331089821925376.0,391592903888910.5,0.0
US.TN,0.0,0.0,0.0
US.TX,1.09709302431744e+16,1224235557077106.5,0.0
US.UT,570547280805888.0,77211217113907.2,0.0
US.VT,0.0,0.0,0.0
US.VA,0.0,0.0,0.0
US.WA,8390428529262592.0,696308098548601.0,0.0
US.WV,0.0,0.0,0.0
US.WI,0.0,0.0,0.0
US.WY,1702602479763456.0,470428237166975.56,0.0
