HASC_1,Max,Mean,Min
US.AL,3870623184977920.0,1000786690121916.0,0.0
US.AK,1881630004215808.0,1582744711985.4045,0.0
US.AZ,3954218817814528.0,832599494969157.0,0.0
US.AR,6197943287676928.0,1059661625644971.9,0.0
US.CA,2.004700896218317e+16,863039219849683.1,0.0
US.CO,0.0,0.0,0.0
US.CT,0.0,0.0,0.0
US.DE,0.0,0.0,0.0
US.DC,0,0,0
US.FL,3751797009154048.0,126945959479631.12,0.0
US.GA,3513616913399808.0,604271337204257.5,0.0
US.HI,1615004876931072.0,51177442184240.766,0.0
US.ID,3811380553580544.0,401413718808322.9,0.0
US.IL,1.5587571262291968e+16,1428741676297218.5,0.0
US.IN,1.5587571262291968e+16,2046097318862301.8,0.0
US.IA,6044375658266624.0,1447569526148898.2,0.0
US.KS,5805227584258048.0,3644197647812139.0,0.0
US.KY,6744570754760704.0,998437077422665.1,0.0
US.LA,4689818135035904.0,615011178237935.2,0.0
US.ME,7684281681838080.0,2176426978520759.0,0.0
US.MD,0.0,0.0,0.0
US.MA,7943550067015680.0,120356819197207.27,0.0
US.MI,7416834068316160.0,197373926900585.8,0.0
US.MN,7843237347721216.0,1041050571486744.0,0.0
US.MS,4689818135035904.0,670220622658915.2,0.0
US.MO,5837834439098368.0,1121826683876876.1,0.0
US.MT,2072026441318400.0,368748560875441.06,0.0
US.NE,6536874189389824.0,2246540726894592.0,0.0
US.NV,2055952660430848.0,360534057288952.56,0.0
US.NH,9005977336545280.0,204681303103301.8,0.0
US.NJ,0.0,0.0,0.0
US.NM,2230761050603520.0,207875502251905.97,0.0
US.NY,2800988155019264.0,62071754462897.29,0.0
US.NC,0.0,0.0,0.0
US.ND,3146086629769216.0,920390446205874.9,0.0
US.OH,0.0,0.0,0.0
US.OK,0.0,0.0,0.0
US.OR,2807906810462208.0,564918538552556.2,0.0
US.PA,0.0,0.0,0.0
US.RI,0.0,0.0,0.0
US.SC,0.0,0.0,0.0
US.SD,5924940133957632.0,838109497825305.8,0.0
US.TN,5358879550472192.0,1537302303152409.0,0.0
US.TX,0.0,0.0,0.0
US.UT,1.2649657939263488e+16,1148051588480087.8,0.0
US.VT,0.0,0.0,0.0
US.VA,0.0,0.0,0.0
US.WA,4949620706770944.0,1006836706069307.5,0.0
US.WV,0.0,0.0,0.0
US.WI,6461718704160768.0,1338292509723475.2,0.0
US.WY,811506824380416.0,107753240680298.14,0.0
