HASC_1,Max,Mean,Min
US.AL,0.0,0.0,0.0
US.AK,4118282541989888.0,6181878902208.816,0.0
US.AZ,1527266211266560.0,44860787169493.97,0.0
US.AR,4597583712354304.0,422942077623213.0,0.0
US.CA,1.2232247247634432e+16,328717233871510.1,0.0
US.CO,5019388692398080.0,1041825215350521.0,0.0
US.CT,1.2971786928914432e+16,3138003074697508.5,0.0
US.DE,0.0,0.0,0.0
US.DC,0,0,0
US.FL,3589044592181248.0,317153882087103.4,0.0
US.GA,0.0,0.0,0.0
US.HI,2509833127329792.0,38145673291230.05,0.0
US.ID,411634598150144.0,24960756809528.195,0.0
US.IL,0.0,0.0,0.0
US.IN,0.0,0.0,0.0
US.IA,0.0,0.0,0.0
US.KS,8639595688230912.0,1392167578847524.5,0.0
US.KY,0.0,0.0,0.0
US.LA,7053923290447872.0,281062387744768.0,0.0
US.ME,0.0,0.0,0.0
US.MD,0.0,0.0,0.0
US.MA,2605892486823936.0,77787835427580.17,0.0
US.MI,5265697013760000.0,98715704824619.98,0.0
US.MN,600208190734336.0,44265329435386.62,0.0
US.MS,0.0,0.0,0.0
US.MO,0.0,0.0,0.0
US.MT,3512582094716928.0,585452033950344.5,0.0
US.NE,5019276486377472.0,846922446761398.9,0.0
US.NV,0.0,0.0,0.0
US.NH,0.0,0.0,0.0
US.NJ,0.0,0.0,0.0
US.NM,2197979712716800.0,926852878619075.1,0.0
US.NY,1.2971786928914432e+16,233110628650915.16,0.0
US.NC,0.0,0.0,0.0
US.ND,5089349414682624.0,1133832830870522.0,0.0
US.OH,2390963733397504.0,16150419647906.504,0.0
US.OK,5238741799010304.0,965340099779393.2,0.0
US.OR,3555525862096896.0,316297284504317.44,0.0
US.PA,520456956280832.0,109372693690595.56,0.0
US.RI,4452645209112576.0,1199313531174912.0,0.0
US.SC,0.0,0.0,0.0
US.SD,3279497440788480.0,682664817917385.4,0.0
US.TN,0.0,0.0,0.0
US.TX,7551992394153984.0,713727168337182.4,0.0
US.UT,2666782506614784.0,783389050397817.1,0.0
US.VT,4483316375879680.0,685633488866508.8,0.0
US.VA,0.0,0.0,0.0
US.WA,3114924226117632.0,199719446755886.53,0.0
US.WV,0.0,0.0,0.0
US.WI,339614640373760.0,6325934873085.765,0.0
US.WY,5019388692398080.0,931843246909758.6,0.0
