HASC_1,Max,Mean,Min
US.AL,7882825671901184.0,798491555957900.5,0.0
US.AK,4694799760228352.0,11816611519120.457,0.0
US.AZ,4987217776738304.0,642406150125740.0,0.0
US.AR,4677981205168128.0,1261698023165320.5,0.0
US.CA,1.6996259332096e+16,756950977890621.2,0.0
US.CO,4308045739851776.0,1648517237820720.8,0.0
US.CT,4959740723462144.0,413311726955178.7,0.0
US.DE,3360584007417856.0,1816567992780062.8,0.0
US.DC,3601380543561728.0,3565487904522240.0,3529595265482752.0
US.FL,3544784417325056.0,54859630751528.42,0.0
US.GA,2973988095524864.0,155680451920795.03,0.0
US.HI,1529615558377472.0,36080058751235.9,0.0
US.ID,1244743530971136.0,19971951442246.293,0.0
US.IL,4645744791257088.0,612235389816074.9,0.0
US.IN,0.0,0.0,0.0
US.IA,4895453116104704.0,1725019847703496.2,0.0
US.KS,4292906517004288.0,1795850809603879.0,0.0
US.KY,2277405334962176.0,125095189703057.16,0.0
US.LA,3292205175275520.0,238474372541002.84,0.0
US.ME,4818586086408192.0,265218502906364.66,0.0
US.MD,4000832634748928.0,1396868703427752.0,0.0
US.MA,3775985728094208.0,390029645571998.5,0.0
US.MI,4667222312091648.0,474250241823391.25,0.0
US.MN,5713920874512384.0,805687043182748.9,0.0
US.MS,3518625919008768.0,883070476301952.9,0.0
US.MO,4677981205168128.0,1125602649660417.9,0.0
US.MT,3145476744413184.0,1022173625650605.9,0.0
US.NE,4846343923171328.0,1607050978571115.2,0.0
US.NV,6405597440245760.0,684315296693959.9,0.0
US.NH,0.0,0.0,0.0
US.NJ,5043261194371072.0,1697344728613502.2,0.0
US.NM,4473636593336320.0,1109244342138179.8,0.0
US.NY,5043261194371072.0,809737722288118.0,0.0
US.NC,5166534271959040.0,500324283659059.2,0.0
US.ND,4688161351401472.0,1477464472619409.2,0.0
US.OH,5747515571830784.0,1123169917582333.4,0.0
US.OK,3892800248610816.0,1211225848313875.2,0.0
US.OR,5109415501889536.0,710071223460648.6,0.0
US.PA,4436630886678528.0,2132230202637378.8,0.0
US.RI,4959740723462144.0,1765152858260945.5,0.0
US.SC,3143766273687552.0,535468057390262.4,0.0
US.SD,4688161351401472.0,1590609270839870.2,0.0
US.TN,3719906608545792.0,433904673162896.44,0.0
US.TX,4138714775158784.0,701846282532919.1,0.0
US.UT,2676482153381888.0,45364104294608.27,0.0
US.VT,3702573194280960.0,1180643613494600.5,0.0
US.VA,5166534271959040.0,1048743884008106.6,0.0
US.WA,1.2168058961395712e+16,895159982438918.9,0.0
US.WV,3964905770188800.0,990250121207755.9,0.0
US.WI,5713920874512384.0,231819903215928.4,0.0
US.WY,4308045739851776.0,1593516245657181.0,0.0
