HASC_1,Max,Mean,Min
US.AL,4115753343123456.0,1424725841677414.8,0.0
US.AK,1671449068699648.0,1855870774105.6616,0.0
US.AZ,3423151748808704.0,1142018687734998.2,0.0
US.AR,3745353752903680.0,1105975798071944.9,0.0
US.CA,3470629927911424.0,222825020263026.94,0.0
US.CO,7956997072748544.0,552028693867469.94,0.0
US.CT,3781569990885376.0,824404961627704.9,0.0
US.DE,0.0,0.0,0.0
US.DC,0,0,0
US.FL,9699580195110912.0,328954302692645.8,0.0
US.GA,7343362747138048.0,852870846831542.6,0.0
US.HI,1728837079531520.0,32805088511033.176,0.0
US.ID,2815093632925696.0,287975460019218.75,0.0
US.IL,2.516392347697152e+16,2112806103081601.8,0.0
US.IN,1.9558589576249344e+16,2895713088307200.0,0.0
US.IA,2912003932815360.0,202861723005585.38,0.0
US.KS,0.0,0.0,0.0
US.KY,4425348812898304.0,963379857917847.1,0.0
US.LA,0.0,0.0,0.0
US.ME,3103710066507776.0,641525580460298.0,0.0
US.MD,0.0,0.0,0.0
US.MA,3781569990885376.0,1041732674548673.6,0.0
US.MI,1.9558589576249344e+16,1160749520596269.2,0.0
US.MN,0.0,0.0,0.0
US.MS,4331437742358528.0,1385861470661290.8,0.0
US.MO,3966335188992000.0,823279326165091.6,0.0
US.MT,2906434970845184.0,429514609822856.44,0.0
US.NE,0.0,0.0,0.0
US.NV,2105803272093696.0,300635540119823.0,0.0
US.NH,3566489839861760.0,1203321159434818.2,0.0
US.NJ,0.0,0.0,0.0
US.NM,3123440072523776.0,830285050865239.8,0.0
US.NY,3245201321623552.0,29132463759990.152,0.0
US.NC,3467566005616640.0,565386383397530.1,0.0
US.ND,4557432747458560.0,727580300105045.4,0.0
US.OH,8552701520510976.0,1417132489469302.2,0.0
US.OK,0.0,0.0,0.0
US.OR,3435801501237248.0,562830541020120.94,0.0
US.PA,4395288336793600.0,232951299667831.47,0.0
US.RI,3340333236617216.0,1860337428699545.5,0.0
US.SC,4296137137717248.0,929654963366830.8,0.0
US.SD,0.0,0.0,0.0
US.TN,4237023355338752.0,1337840159611908.0,0.0
US.TX,3961818762444800.0,113947046020765.17,0.0
US.UT,2035753160802304.0,407162486870425.6,0.0
US.VT,3465369935151104.0,693840073147857.5,0.0
US.VA,3456881737596928.0,314417258695716.44,0.0
US.WA,7805441635516416.0,1429446554016275.0,0.0
US.WV,7331455487180800.0,749504053768316.1,0.0
US.WI,2.516392347697152e+16,985334586473426.6,0.0
US.WY,957625973866496.0,302002280547878.25,0.0
