HASC_1,Max,Mean,Min
US.AL,0.0,0.0,0.0
US.AK,2037198014644224.0,2640838129776.941,0.0
US.AZ,0.0,0.0,0.0
US.AR,6322619208957952.0,703240122818493.4,0.0
US.CA,1.9295071857803264e+16,656332449034764.0,0.0
US.CO,5157210971701248.0,1183197225047699.8,0.0
US.CT,1.2659013451776e+16,2478920714262937.5,0.0
US.DE,1.1458447685976064e+16,5545572626458526.0,0.0
US.DC,9724527512649728.0,9682207052398592.0,9639886592147456.0
US.FL,0.0,0.0,0.0
US.GA,0.0,0.0,0.0
US.HI,1608295601143808.0,22087916331565.35,0.0
US.ID,899767328571392.0,23557208599503.547,0.0
US.IL,0.0,0.0,0.0
US.IN,121418280861696.0,2890911449088.0,0.0
US.IA,6899154680807424.0,640935330060752.6,0.0
US.KS,8353116537749504.0,1632445318441744.8,0.0
US.KY,5804336378544128.0,881884116666682.4,0.0
US.LA,0.0,0.0,0.0
US.ME,6986943812337664.0,54585498533888.0,0.0
US.MD,1.0816468186824704e+16,3087672349057817.0,0.0
US.MA,9306164412022784.0,2279644563275107.5,0.0
US.MI,662191749464064.0,46031657096712.39,0.0
US.MN,1328697256706048.0,49809927742390.17,0.0
US.MS,0.0,0.0,0.0
US.MO,8353116537749504.0,440811754701044.56,0.0
US.MT,3052458490200064.0,512159720463480.9,0.0
US.NE,6899154680807424.0,1041875651094833.4,0.0
US.NV,4298855315144704.0,122629001963422.47,0.0
US.NH,9340633672056832.0,2240896659264937.2,0.0
US.NJ,1.4758239920979968e+16,3383289625013369.5,0.0
US.NM,2865426891538432.0,1085966457543719.0,0.0
US.NY,1.927142162038784e+16,476060253724994.5,0.0
US.NC,6390121599336448.0,1742333835354494.8,0.0
US.ND,3273556964147200.0,699837957050953.1,0.0
US.OH,5132706572664832.0,432836474967458.25,0.0
US.OK,4773294045659136.0,1072369467927508.1,0.0
US.OR,5615472171024384.0,483062114942976.0,0.0
US.PA,6132484764860416.0,751566317738294.2,0.0
US.RI,8479062158737408.0,4180643242468966.5,0.0
US.SC,5230454659612672.0,527153267068531.6,0.0
US.SD,4306164812611584.0,583799241268537.8,0.0
US.TN,5632853366800384.0,858238747244284.4,0.0
US.TX,7499389245325312.0,810313414224784.0,0.0
US.UT,0.0,0.0,0.0
US.VT,0.0,0.0,0.0
US.VA,9639886592147456.0,2334954661629637.0,0.0
US.WA,6240134362038272.0,1298749538466078.2,0.0
US.WV,6754672517840896.0,1564330499187086.8,0.0
US.WI,643633598431232.0,2873364278710.857,0.0
US.WY,3284642543173632.0,471355458335430.9,0.0
