HASC_1,Max,Mean,Min
US.AL,2896259119579136.0,568499456566290.6,0.0
US.AK,6885217511931904.0,11479887914718.805,0.0
US.AZ,1983661381517312.0,574519580589505.1,0.0
US.AR,6389662574706688.0,1183824835516202.8,0.0
US.CA,1.3367841969405952e+16,658810158422461.2,0.0
US.CO,4475687977091072.0,982983012238275.8,0.0
US.CT,4815547397046272.0,1346561108688331.0,0.0
US.DE,1788070584123392.0,787431279170682.9,0.0
US.DC,1537669158928384.0,1537669158928384.0,1537669158928384.0
US.FL,2563009654292480.0,33537275077840.184,0.0
US.GA,1260598268526592.0,73777708262183.66,0.0
US.HI,1299623549337600.0,27238284793034.723,0.0
US.ID,4403489576845312.0,220597010194186.72,0.0
US.IL,2406910946967552.0,60142370918474.48,0.0
US.IN,0.0,0.0,0.0
US.IA,2469164350439424.0,241549044613120.0,0.0
US.KS,4085877819047936.0,916565446666008.6,0.0
US.KY,1088610262581248.0,13173402629213.092,0.0
US.LA,4617289559179264.0,1103932352693480.9,0.0
US.ME,9623538872877056.0,382539482497024.0,0.0
US.MD,2081649449762816.0,425405473970266.6,0.0
US.MA,5016898685108224.0,514138817449668.94,0.0
US.MI,6657211119960064.0,384848983340133.44,0.0
US.MN,4841357466140672.0,839956520345015.9,0.0
US.MS,4246534828851200.0,1281405234629653.5,0.0
US.MO,4085877819047936.0,452844848947356.56,0.0
US.MT,2834287573336064.0,844097349340097.2,0.0
US.NE,1901288337965056.0,576808448460176.8,0.0
US.NV,1.0376727960223744e+16,735798573832024.5,0.0
US.NH,5310936441159680.0,699448865233513.6,0.0
US.NJ,3249748349812736.0,403688019143544.75,0.0
US.NM,3368245692203008.0,748483615265130.2,0.0
US.NY,4636427396579328.0,450922911697697.4,0.0
US.NC,3156445017145344.0,643450974435205.9,0.0
US.ND,4417926035668992.0,1808932711162558.2,0.0
US.OH,3751712183549952.0,477084179530261.7,0.0
US.OK,4276966282756096.0,600249124698092.1,0.0
US.OR,4956715455873024.0,871302051230652.9,0.0
US.PA,2048890526236672.0,106407687730907.42,0.0
US.RI,3310482408603648.0,1038650139576792.6,0.0
US.SC,4357229557841920.0,821638392355530.4,0.0
US.SD,3516511184486400.0,867184309471840.9,0.0
US.TN,4055672387796992.0,316110843275358.5,0.0
US.TX,4276966282756096.0,615612898225644.9,0.0
US.UT,1296900808507392.0,21981369635718.508,0.0
US.VT,5310936441159680.0,845560674932389.4,0.0
US.VA,2501610949312512.0,337866924377812.5,0.0
US.WA,5078729034301440.0,1112743677616728.6,0.0
US.WV,3674242516254720.0,262254614673574.6,0.0
US.WI,2977602578939904.0,120577745371273.69,0.0
US.WY,2446031925018624.0,1009771682181713.2,0.0
