HASC_1,Max,Mean,Min
HU.BK,1.219207534477312e+16,3546700087782839.0,0.0
HU.BA,0.0,0.0,0.0
HU.BE,8913755798765568.0,3680376642233958.5,0.0
HU.BZ,6491538125225984.0,3034859605199712.5,0.0
HU.BU,8446169688571904.0,7027676297909589.0,5971251692568576.0
HU.CS,8390062920171520.0,2551159481608874.5,0.0
HU.FE,9342264685887488.0,5419637280389679.0,0.0
HU.GS,1.121862100713472e+16,4606505293981165.0,0.0
HU.HB,6491538125225984.0,3767960214839842.0,0.0
HU.HE,5785414363250688.0,3049176044666880.0,0.0
HU.JN,8390062920171520.0,3695677144200743.5,0.0
HU.KE,9342264685887488.0,6517735242456542.0,0.0
HU.NO,7529363285213184.0,2434798801562282.5,0.0
HU.PE,1.219207534477312e+16,3739656239812508.0,0.0
HU.SO,0.0,0.0,0.0
HU.SZ,6096268526878720.0,3279080594079744.0,0.0
HU.TO,0.0,0.0,0.0
HU.VA,1.121862100713472e+16,3526224154129030.5,0.0
HU.VE,1.121862100713472e+16,1.0275138025029632e+16,9342264685887488.0
HU.ZA,5525721313181696.0,789388759025956.6,0.0
