HASC_1,Max,Mean,Min
HU.BK,1.1256374843408384e+16,3239682870258346.5,0.0
HU.BA,3958161597792256.0,2261251772820138.5,0.0
HU.BE,1.0397270788800512e+16,3466515201602355.0,0.0
HU.BZ,6804854378856448.0,2121459109900954.8,0.0
HU.BU,5238629056118784.0,3898558502316714.5,2521528860147712.0
HU.CS,1.0391338365222912e+16,4439023038059861.5,0.0
HU.FE,3699085680836608.0,2343018993339597.0,0.0
HU.GS,3446384569090048.0,1838429463941705.2,0.0
HU.HB,6804854378856448.0,3711141846415223.5,0.0
HU.HE,9878270161977344.0,3358348063102293.5,0.0
HU.JN,1.1256374843408384e+16,5330580547829760.0,0.0
HU.KE,2977143554310144.0,2166970272535893.2,0.0
HU.NO,5148340790493184.0,1583807638186666.8,0.0
HU.PE,1.1256374843408384e+16,3042922630604702.5,0.0
HU.SO,3636646520029184.0,2296957180366029.0,0.0
HU.SZ,6295435287199744.0,2326715984510976.0,0.0
HU.TO,3958161597792256.0,2084630347208021.2,0.0
HU.VA,2845675947556864.0,1616328912448170.8,0.0
HU.VE,3552239138373632.0,2677429748437265.0,1951028354220032.0
HU.ZA,3208169576726528.0,1963832577831731.2,0.0
