HASC_1,Max,Mean,Min
HU.BK,1.0729512278949888e+16,4840680314787690.0,0.0
HU.BA,7636020208074752.0,4509342507259796.0,0.0
HU.BE,1.0928634478985216e+16,5033279264580996.0,0.0
HU.BZ,7687428819124224.0,1020653852481428.2,0.0
HU.BU,6000136958246912.0,5972219670822912.0,5918287766487040.0
HU.CS,1.0928634478985216e+16,6997397622682847.0,0.0
HU.FE,7636020208074752.0,4912775148706202.0,0.0
HU.GS,6855931740553216.0,3988265339940279.0,0.0
HU.HB,7687428819124224.0,3956804705368622.5,0.0
HU.HE,7687428819124224.0,2806096021571876.5,0.0
HU.JN,7687428819124224.0,4408215309838522.0,0.0
HU.KE,6855931740553216.0,5821786472753835.0,0.0
HU.NO,6000136958246912.0,3067475843350528.0,0.0
HU.PE,7687428819124224.0,3599647196170012.5,0.0
HU.SO,7636020208074752.0,3868088080531456.0,0.0
HU.SZ,6890367177719808.0,1372371168526336.0,0.0
HU.TO,7636020208074752.0,4272302600187319.0,0.0
HU.VA,7597864792358912.0,3346485311038733.5,0.0
HU.VE,6793054493081600.0,6147401186279424.0,5420810294525952.0
HU.ZA,7476866973696000.0,3097253835877034.5,0.0
