HASC_1,Max,Mean,Min
HU.BK,7204429681917952.0,2795560497473126.5,0.0
HU.BA,5645125698977792.0,2812633858179072.0,0.0
HU.BE,0.0,0.0,0.0
HU.BZ,0.0,0.0,0.0
HU.BU,1.1243442696880128e+16,7768281041600512.0,5499522549547008.0
HU.CS,2646368795492352.0,529273759098470.4,0.0
HU.FE,1.0529723285241856e+16,4892925020806258.0,0.0
HU.GS,1.2054794231349248e+16,4857745746008474.0,0.0
HU.HB,0.0,0.0,0.0
HU.HE,5820138636967936.0,646682070774215.1,0.0
HU.JN,7308242799558656.0,1100199466788454.4,0.0
HU.KE,1.1243442696880128e+16,5901300365524992.0,0.0
HU.NO,5994173933027328.0,2241662845295001.5,0.0
HU.PE,1.1243442696880128e+16,3515799899357604.0,0.0
HU.SO,8626000506126336.0,4140237891357901.0,0.0
HU.SZ,0.0,0.0,0.0
HU.TO,6902216455618560.0,3014628511625750.5,0.0
HU.VA,1.2054794231349248e+16,4598558222538069.0,0.0
HU.VE,8976356020846592.0,6743611404788882.0,3710192197828608.0
HU.ZA,7439326275174400.0,4362246052800102.5,0.0
