HASC_1,Max,Mean,Min
IN.AN,301.4135437011719,300.4815330505371,299.0646057128906
IN.AP,300.8565979003906,298.4075388451145,292.9269104003906
IN.AR,289.2074890136719,280.0186292071675,262.6831359863281
IN.AS,289.84161376953125,287.5679265802557,281.91851806640625
IN.BR,288.37921142578125,286.91074736221975,271.36376953125
IN.CH,283.3055725097656,283.3055725097656,283.3055725097656
IN.CT,299.6495666503906,291.07719446401126,284.99591064453125
IN.DN,296.4815979003906,296.0397033691406,295.5978088378906
IN.DD,295.5978088378906,295.5113830566406,295.4249572753906
IN.GA,299.0128479003906,298.34934997558594,297.4643249511719
IN.GJ,296.68145751953125,292.0605627441406,288.6022033691406
IN.HR,286.2172546386719,285.0530515398298,282.7961120605469
IN.HP,284.2655944824219,269.78290033340454,247.94287109375
IN.JK,285.04718017578125,259.9326180352105,242.9314727783203
IN.JH,291.2079772949219,287.7012706938244,284.99591064453125
IN.KA,300.8565979003906,297.91922583946814,293.3945007324219
IN.KL,302.0909729003906,300.2538134765625,296.4366760253906
IN.LD,300.6544494628906,300.1390075683594,299.6576843261719
IN.MP,294.06866455078125,288.21253514289856,285.7873229980469
IN.MH,299.5870666503906,294.50015608990776,290.13458251953125
IN.MN,290.88067626953125,287.293662516276,283.3793640136719
IN.ML,289.7569885253906,287.553035736084,281.91851806640625
IN.MZ,291.14923095703125,288.8057270050049,286.3097229003906
IN.NL,288.79473876953125,286.0811549595424,282.9291076660156
IN.DL,285.6054382324219,285.4357401529948,285.14776611328125
IN.OR,299.3393249511719,292.78201114430146,287.5458679199219
IN.PY,300.8136291503906,299.56959025065106,298.61407470703125
IN.PB,285.8092346191406,284.25391755280674,279.7037658691406
IN.RJ,290.8824768066406,287.4745199030096,285.4472351074219
IN.SK,283.62677001953125,272.08729553222656,257.328369140625
IN.TN,302.0229187011719,298.7664694950498,295.66192626953125
IN.TG,300.8399963378906,298.63555193961935,294.9132385253906
IN.TR,292.2023010253906,290.2257141113281,289.6532897949219
IN.UP,287.39434814453125,285.9010502277034,283.4711608886719
IN.UT,285.04742431640625,275.9797395978655,248.6033477783203
IN.WB,293.8930358886719,289.138235653148,282.72174072265625
