HASC_1,Max,Mean,Min
AU.AS,0.01636623777449131,0.016183662538727123,0.015883997082710266
AU.AC,0.0065591298043727875,0.006345400897165139,0.00610955199226737
AU.CR,0.01496624480932951,0.013258134402955571,0.011878724209964275
AU.JB,0.008670643903315067,0.00795165286399424,0.007232661824673414
AU.NS,0.009279645048081875,0.006228823639938365,0.004758750554174185
AU.NT,0.01668190397322178,0.00699835579406532,0.003117954358458519
AU.QL,0.015415583737194538,0.00799701698428972,0.004405215848237276
AU.SA,0.008074041455984116,0.006003263808501874,0.004459734540432692
AU.TS,0.006812489125877619,0.005847106617436094,0.0046060835011303425
AU.VI,0.007618979085236788,0.006298323818260715,0.0050659929402172565
AU.WA,0.01798144541680813,0.006107765370203803,0.0031046029180288315
