HASC_1,Max,Mean,Min
AU.AS,0.019893795251846313,0.019621044397354126,0.019407739862799644
AU.AC,0.009026356972754002,0.00847619337340196,0.008123387582600117
AU.CR,0.02027844451367855,0.019011196059485275,0.0171275045722723
AU.JB,0.010822604410350323,0.01042921282351017,0.010035821236670017
AU.NS,0.011610496789216995,0.009524881486223394,0.007729440461844206
AU.NT,0.021109411492943764,0.011163863210746413,0.006086973939090967
AU.QL,0.021513134241104126,0.013554500503282794,0.0075464933179318905
AU.SA,0.012859810143709183,0.008595171205119276,0.0058184354566037655
AU.TS,0.011383522301912308,0.008580933061410796,0.0058680265210568905
AU.VI,0.01121106743812561,0.009381858529966501,0.007729440461844206
AU.WA,0.02031976915895939,0.01031446655535893,0.005531220231205225
