HASC_1,Max,Mean,Min
AU.AS,0.018633751198649406,0.01823490299284458,0.017848240211606026
AU.AC,0.0058703296817839146,0.005391744431108236,0.00500804977491498
AU.CR,0.018405823037028313,0.01681516016833484,0.015423841774463654
AU.JB,0.009076346643269062,0.00827859784476459,0.0074808490462601185
AU.NS,0.011798766441643238,0.006372727614120397,0.004484641365706921
AU.NT,0.019949503242969513,0.009747490398541553,0.0031634450424462557
AU.QL,0.020347503945231438,0.008409646006297839,0.002813923405483365
AU.SA,0.011181739158928394,0.006986888449974969,0.0033067744225263596
AU.TS,0.008218198083341122,0.007240513497787826,0.005402075592428446
AU.VI,0.008689234033226967,0.0069448303431272505,0.0055323317646980286
AU.WA,0.01993265561759472,0.009484566801915034,0.005794274155050516
