HASC_1,Max,Mean,Min
AU.AS,0.01790199987590313,0.017761491239070892,0.0176098570227623
AU.AC,0.005608819425106049,0.005168221890926361,0.004829270299524069
AU.CR,0.015121403150260448,0.013424657362823686,0.011716626584529877
AU.JB,0.0073956879787147045,0.007089757127687335,0.0067838262766599655
AU.NS,0.01088311430066824,0.005900837399258611,0.003411712823435664
AU.NT,0.017798684537410736,0.006544397322620285,0.002838356187567115
AU.QL,0.01787656731903553,0.007594478228842766,0.0028369256760925055
AU.SA,0.00873496476560831,0.0043936590517774385,0.0028206733986735344
AU.TS,0.00687744515016675,0.006115507887992656,0.004415574017912149
AU.VI,0.006934745237231255,0.005509170020620028,0.004418713040649891
AU.WA,0.01739083044230938,0.005793606727439467,0.002596877748146653
