HASC_1,Max,Mean,Min
AU.AS,0.01666414551436901,0.016622501115004223,0.016543187201023102
AU.AC,0.0046521383337676525,0.00418021553196013,0.003817872377112508
AU.CR,0.014372147619724274,0.01219640610118707,0.010346212424337864
AU.JB,0.006392038892954588,0.005830999929457903,0.005269960965961218
AU.NS,0.009581207297742367,0.004776880990738753,0.0033091672230511904
AU.NT,0.017998812720179558,0.006854699042486359,0.0027650564443320036
AU.QL,0.017997222021222115,0.006950274266530207,0.0036543570458889008
AU.SA,0.007086075376719236,0.0045236588164380255,0.0033037234097719193
AU.TS,0.0055609107948839664,0.004707389348625856,0.003479437902569771
AU.VI,0.005740837659686804,0.004653315070927853,0.0037401877343654633
AU.WA,0.01629968173801899,0.005379640507800061,0.002595143625512719
