HASC_1,Max,Mean,Min
AU.AS,0.017638633027672768,0.017415578787525494,0.01726415567100048
AU.AC,0.004333724267780781,0.004153069108724594,0.0039754207246005535
AU.CR,0.014670480974018574,0.013990670520191392,0.013110588304698467
AU.JB,0.006419528741389513,0.005624443059787154,0.004829357378184795
AU.NS,0.01089249923825264,0.004525910117616721,0.0033495724201202393
AU.NT,0.018817055970430374,0.007927219838572051,0.0027271404396742582
AU.QL,0.018061745911836624,0.0063925422439528,0.0031676588114351034
AU.SA,0.006389488931745291,0.004280505831673985,0.0029456911142915487
AU.TS,0.006451079621911049,0.00566574500188372,0.003717094659805298
AU.VI,0.006535002961754799,0.005246169687736602,0.004201083909720182
AU.WA,0.0184826347976923,0.0063558544672559945,0.0025691085029393435
