HASC_1,Max,Mean,Min
AU.AS,0.019022705033421516,0.019002995143334072,0.018965166062116623
AU.AC,0.00833495706319809,0.0077993629189829035,0.0072648548521101475
AU.CR,0.019954761490225792,0.01821498153731227,0.016263563185930252
AU.JB,0.010570448823273182,0.009975356049835682,0.009380263276398182
AU.NS,0.01170293614268303,0.007541794946610329,0.005071802064776421
AU.NT,0.020581644028425217,0.014190485465369074,0.005900226999074221
AU.QL,0.02090080827474594,0.012430370464702994,0.005591077730059624
AU.SA,0.009677968919277191,0.006663701060619918,0.004507942125201225
AU.TS,0.008271776139736176,0.006910403426033708,0.005473537370562553
AU.VI,0.009176813066005707,0.007092722367850088,0.005576931405812502
AU.WA,0.01930403895676136,0.008438403873948291,0.003553433110937476
