HASC_1,Max,Mean,Min
AU.AS,0.020392095670104027,0.020274475837747257,0.020158445462584496
AU.AC,0.00607823533937335,0.00542961743970712,0.005027484614402056
AU.CR,0.02133019268512726,0.019415506006528933,0.01757621206343174
AU.JB,0.009119820781052113,0.008088064147159457,0.007056307513266802
AU.NS,0.012915604747831821,0.006394013633210224,0.003856770694255829
AU.NT,0.021762840449810028,0.012480699843251435,0.005417259875684977
AU.QL,0.020524656400084496,0.010624692199844707,0.004155429545789957
AU.SA,0.01127846259623766,0.006890318411163212,0.003856770694255829
AU.TS,0.00898145791143179,0.00786858331412077,0.005027843173593283
AU.VI,0.008952291682362556,0.00643046402061979,0.004537018481642008
AU.WA,0.020646408200263977,0.013096724429522597,0.005417259875684977
