HASC_1,Max,Mean,Min
AU.AS,0.014929073862731457,0.014532557067771753,0.014028963632881641
AU.AC,0.003666141303256154,0.0034848638654996953,0.0032854266464710236
AU.CR,0.01634623482823372,0.013774598948657513,0.011211811564862728
AU.JB,0.005855658557265997,0.005072572734206915,0.004289486911147833
AU.NS,0.008860527537763119,0.004362315468234711,0.0032854266464710236
AU.NT,0.01630776934325695,0.004390238651523539,0.0018695973558351398
AU.QL,0.019650716334581375,0.0064109692794051204,0.0026849296409636736
AU.SA,0.008526740595698357,0.0042744742272564215,0.0025584485847502947
AU.TS,0.006864089053124189,0.00525970614234091,0.0031536605674773455
AU.VI,0.00702104764059186,0.005126964646790709,0.0039510116912424564
AU.WA,0.014108913950622082,0.005448549001483202,0.0018695973558351398
