HASC_1,Max,Mean,Min
AU.AS,0.01964440755546093,0.019550948093334835,0.019432056695222855
AU.AC,0.007464319467544556,0.007097313491006692,0.00689545227214694
AU.CR,0.020119337365031242,0.017445790659015376,0.014072246849536896
AU.JB,0.010162819176912308,0.009413629304617643,0.008664439432322979
AU.NS,0.01296360045671463,0.008297809952539844,0.006146897096186876
AU.NT,0.02193322218954563,0.012235717288264895,0.005845774430781603
AU.QL,0.020853668451309204,0.010929132052721285,0.005055258050560951
AU.SA,0.010561772622168064,0.008694064038770039,0.006902127992361784
AU.TS,0.009565978311002254,0.008498282031208839,0.006026416551321745
AU.VI,0.009515910409390926,0.00814301748538301,0.006916433107107878
AU.WA,0.02061842754483223,0.010148929571732879,0.004292994271963835
