HASC_1,Max,Mean,Min
HT.CE,0.3609699606895447,0.2547354670241475,0.0
HT.GR,0.0,0.0,0.0
HT.AR,0.3609699606895447,0.1582854840159416,0.0
HT.NI,0.047295719385147095,0.0031530479590098064,0.0
HT.ND,0.3455106317996979,0.18164586275815964,0.0
HT.NE,0.3455106317996979,0.28394878655672073,0.20417943596839905
HT.NO,0.19390369951725006,0.05413420888639632,0.0
HT.OU,0.34835106134414673,0.12166390251923076,0.0
HT.SD,0.22847379744052887,0.004154069044373252,0.0
HT.SE,0.33200979232788086,0.20368736955736363,0.0
