HASC_1,Max,Mean,Min
HT.CE,0.3078917860984802,0.2041754424571991,0.0
HT.GR,0.45995843410491943,0.24437854439020157,0.0
HT.AR,0.3808920979499817,0.18147442281246184,0.0
HT.NI,0.3898658752441406,0.15480409761269887,0.0
HT.ND,0.3483821153640747,0.19142232462763786,0.0
HT.NE,0.3345296382904053,0.2540138562520345,0.17954570055007935
HT.NO,0.42996299266815186,0.21032573779424033,0.0
HT.OU,0.34404030442237854,0.17586063221096992,0.0
HT.SD,0.45995843410491943,0.06420612551949241,0.0
HT.SE,0.389209508895874,0.27430225695882526,0.2041313648223877
