HASC_1,Max,Mean,Min
HT.CE,0.47386640310287476,0.27115599159151316,0.0
HT.GR,0.4293513298034668,0.19742159359157085,0.0
HT.AR,0.468858927488327,0.2426534390449524,0.0
HT.NI,0.4048845171928406,0.18312393526236218,0.0
HT.ND,0.45397496223449707,0.2291992356379827,0.0
HT.NE,0.45397496223449707,0.32275138547023136,0.184870645403862
HT.NO,0.45404675602912903,0.211318073173364,0.0
HT.OU,0.468858927488327,0.1997408727183938,0.0
HT.SD,0.43876931071281433,0.06087585836648941,0.0
HT.SE,0.4303625226020813,0.29237451191459385,0.1475623995065689
