HASC_1,Max,Mean,Min
HT.CE,0.0,0.0,0.0
HT.GR,0.2891891598701477,0.1293754000798799,0.0
HT.AR,0.0,0.0,0.0
HT.NI,0.2891891598701477,0.04201090689748525,0.0
HT.ND,0.0,0.0,0.0
HT.NE,0.0,0.0,0.0
HT.NO,0.13976524770259857,0.011864170077301207,0.0
HT.OU,0.0,0.0,0.0
HT.SD,0.2891891598701477,0.02353584901853041,0.0
HT.SE,0.0,0.0,0.0
