HASC_1,Max,Mean,Min
HT.CE,0.4172827899456024,0.2668427424505353,0.0
HT.GR,0.4093894362449646,0.21318344119936228,0.0
HT.AR,0.44641929864883423,0.12047067737439647,0.0
HT.NI,0.40425896644592285,0.15720852017402648,0.0
HT.ND,0.44641929864883423,0.2054151011010011,0.0
HT.NE,0.4172827899456024,0.2924848149220149,0.14585541188716888
HT.NO,0.30660778284072876,0.0917524195836103,0.0
HT.OU,0.42301473021507263,0.10950121458154172,0.0
HT.SD,0.36872631311416626,0.06008561090989546,0.0
HT.SE,0.3794991374015808,0.19714934485299246,0.0
