HASC_1,Max,Mean,Min
HT.CE,0.43807923793792725,0.24775151163339615,0.0
HT.GR,0.43420901894569397,0.19941036868840456,0.0
HT.AR,0.4507220685482025,0.23198445737361909,0.0
HT.NI,0.43420901894569397,0.17715187867482504,0.0
HT.ND,0.47630077600479126,0.2472852555414041,0.0
HT.NE,0.47630077600479126,0.3157787024974823,0.19347929954528809
HT.NO,0.4688434898853302,0.23167859656470163,0.0
HT.OU,0.4592331051826477,0.1915663732215762,0.0
HT.SD,0.4155052602291107,0.058217681537974963,0.0
HT.SE,0.46449020504951477,0.30600908185754505,0.1439581662416458
