HASC_1,Max,Mean,Min
HT.CE,0.46470072865486145,0.27054309006780386,0.0
HT.GR,0.4428914189338684,0.20811871765181422,0.0
HT.AR,0.4632016122341156,0.24155532479286193,0.0
HT.NI,0.42059358954429626,0.18517496238152187,0.0
HT.ND,0.45326685905456543,0.22431249171495438,0.0
HT.NE,0.45326685905456543,0.3197757403055827,0.18236397206783295
HT.NO,0.45370930433273315,0.21351162131343568,0.0
HT.OU,0.46430814266204834,0.20508831623010337,0.0
HT.SD,0.4103153645992279,0.05843756645917893,0.0
HT.SE,0.44699499011039734,0.29063965539847103,0.12057096511125565
