HASC_1,Max,Mean,Min
HT.CE,0.39957094192504883,0.2642743121832609,0.0
HT.GR,0.4334424138069153,0.2106429934501648,0.0
HT.AR,0.451316773891449,0.23644247710704802,0.0
HT.NI,0.43655019998550415,0.17704180479049683,0.0
HT.ND,0.451316773891449,0.23322156692544618,0.0
HT.NE,0.39972400665283203,0.27836183458566666,0.19724076986312866
HT.NO,0.45233631134033203,0.19737306095304943,0.0
HT.OU,0.4671725332736969,0.1981608043424785,0.0
HT.SD,0.4601287543773651,0.06878172267567027,0.0
HT.SE,0.4671725332736969,0.28265386500528883,0.18640339374542236
