HASC_1,Max,Mean,Min
HT.CE,0.3107730746269226,0.17818494606763124,0.0
HT.GR,0.0,0.0,0.0
HT.AR,0.3310571312904358,0.16319633781909942,0.0
HT.NI,0.07131192833185196,0.004754128555456798,0.0
HT.ND,0.3310571312904358,0.17015317206581435,0.0
HT.NE,0.21610890328884125,0.19572143256664276,0.1865515112876892
HT.NO,0.3310571312904358,0.09273838713055566,0.0
HT.OU,0.324632465839386,0.09581828151567606,0.0
HT.SD,0.17925256490707397,0.0032591375437649815,0.0
HT.SE,0.324632465839386,0.16395392614815915,0.0
