HASC_1,Max,Mean,Min
HT.CE,0.0,0.0,0.0
HT.GR,0.2686838209629059,0.11249875553039601,0.0
HT.AR,0.0,0.0,0.0
HT.NI,0.11519996076822281,0.01580942716294279,0.0
HT.ND,0.0,0.0,0.0
HT.NE,0.0,0.0,0.0
HT.NO,0.193281888961792,0.015204441689309619,0.0
HT.OU,0.0,0.0,0.0
HT.SD,0.2686838209629059,0.020353573763912374,0.0
HT.SE,0.0,0.0,0.0
