HASC_1,Max,Mean,Min
HT.CE,0.43061330914497375,0.30418638698756695,0.0
HT.GR,0.4282943606376648,0.24398316722363234,0.0
HT.AR,0.42237502336502075,0.20621064484119414,0.0
HT.NI,0.42176321148872375,0.1787339339653651,0.0
HT.ND,0.4410044550895691,0.2564916970829169,0.0
HT.NE,0.43518370389938354,0.3420886273185412,0.1635778397321701
HT.NO,0.4202730655670166,0.2071834752957026,0.0
HT.OU,0.41618818044662476,0.203608940821141,0.0
HT.SD,0.43061330914497375,0.05925598361275413,0.0
HT.SE,0.3954041302204132,0.27769015250461443,0.08521994203329086
