HASC_1,Max,Mean,Min
HT.CE,0.4378158748149872,0.25971243949607015,0.0
HT.GR,0.36142995953559875,0.1723947273567319,0.0
HT.AR,0.43771839141845703,0.18978227466344832,0.0
HT.NI,0.38574808835983276,0.1883965382973353,0.0
HT.ND,0.43771839141845703,0.24802389989296594,0.0
HT.NE,0.34975549578666687,0.256290207306544,0.12433913350105286
HT.NO,0.3891202211380005,0.18014353726591384,0.0
HT.OU,0.4378158748149872,0.18731220695190132,0.0
HT.SD,0.3702360689640045,0.05839285823431882,0.0
HT.SE,0.43310755491256714,0.285473349903311,0.12177716195583344
