HASC_1,Max,Mean,Min
HT.CE,0.382648229598999,0.23915711138397455,0.0
HT.GR,0.45463162660598755,0.23222561832517385,0.0
HT.AR,0.409923255443573,0.21230641961097718,0.0
HT.NI,0.45463162660598755,0.169155682126681,0.0
HT.ND,0.4039181172847748,0.21271571020285288,0.0
HT.NE,0.382648229598999,0.2568530763188998,0.16692392528057098
HT.NO,0.41670066118240356,0.19697921545732588,0.0
HT.OU,0.4196605384349823,0.17673477437347174,0.0
HT.SD,0.45304521918296814,0.06782042546705766,0.0
HT.SE,0.3321860432624817,0.25459838871444973,0.1857493817806244
