HASC_1,Max,Mean,Min
HT.CE,0.2854030728340149,0.19235986098647118,0.0
HT.GR,0.360051691532135,0.1882782457396388,0.0
HT.AR,0.30978769063949585,0.1651027399301529,0.0
HT.NI,0.360051691532135,0.14946068127950032,0.0
HT.ND,0.29284602403640747,0.1560438983142376,0.0
HT.NE,0.24198105931282043,0.18787684539953867,0.11308334767818451
HT.NO,0.30978769063949585,0.15068318588393076,0.0
HT.OU,0.31457769870758057,0.14711101865395904,0.0
HT.SD,0.360051691532135,0.050023994120684534,0.0
HT.SE,0.30293577909469604,0.22703703812190465,0.12573900818824768
