HASC_1,Max,Mean,Min
HT.CE,0.46334147453308105,0.3090319372713566,0.0
HT.GR,0.41482841968536377,0.20127287693321705,0.0
HT.AR,0.3719121217727661,0.1606518018245697,0.0
HT.NI,0.4203898310661316,0.19483086665471394,0.0
HT.ND,0.42660266160964966,0.2537929080426693,0.0
HT.NE,0.4229264259338379,0.36496637761592865,0.28707823157310486
HT.NO,0.3873361051082611,0.13586212659165972,0.0
HT.OU,0.45808732509613037,0.16782567277550697,0.0
HT.SD,0.4483932852745056,0.06956375756046988,0.0
HT.SE,0.428572416305542,0.26682304058756146,0.12816715240478516
