HASC_1,Max,Mean,Min
HT.CE,0.0,0.0,0.0
HT.GR,0.2895815372467041,0.121016403863905,0.0
HT.AR,0.0,0.0,0.0
HT.NI,0.2895815372467041,0.04021840067580342,0.0
HT.ND,0.0,0.0,0.0
HT.NE,0.0,0.0,0.0
HT.NO,0.10088955610990524,0.00852262122290475,0.0
HT.OU,0.0,0.0,0.0
HT.SD,0.2895815372467041,0.022782376137646762,0.0
HT.SE,0.0,0.0,0.0
