HASC_1,Max,Mean,Min
HT.CE,0.39958930015563965,0.25961684715002775,0.0
HT.GR,0.444148987531662,0.20954686123877764,0.0
HT.AR,0.4571191370487213,0.23845452308654785,0.0
HT.NI,0.4337804317474365,0.17753525773684184,0.0
HT.ND,0.4571191370487213,0.2317802036801974,0.0
HT.NE,0.3790671229362488,0.2831122527519862,0.21560882031917572
HT.NO,0.4526669383049011,0.19542984522524334,0.0
HT.OU,0.4576302766799927,0.1974721634760499,0.0
HT.SD,0.4639625549316406,0.06939712844111702,0.0
HT.SE,0.4576302766799927,0.28086711147001814,0.18194957077503204
