HASC_1,Max,Mean,Min
ZA.EC,2979850457448448.0,336921449106600.8,0.0
ZA.FS,1.062079377178624e+16,1372713577585895.2,0.0
ZA.GT,1.2798459228717056e+16,3158706933596160.0,0.0
ZA.NL,6043653566889984.0,503914972135369.56,0.0
ZA.NP,6655774453399552.0,717686947363728.5,0.0
ZA.MP,1.2798459228717056e+16,1465329982586941.2,0.0
ZA.NW,7424651445665792.0,649235274550282.1,0.0
ZA.NC,2174666630234112.0,123851732707911.1,0.0
ZA.WC,2761897510174720.0,313448541404935.0,0.0
