HASC_1,Max,Mean,Min
ZA.EC,3530573981155328.0,631595494348128.5,0.0
ZA.FS,5350118354059264.0,518660361795347.0,0.0
ZA.GT,9347347779682304.0,2428042855672169.5,0.0
ZA.NL,2.5421606482345984e+16,2094629749202744.2,0.0
ZA.NP,3955419261173760.0,935218090227939.5,0.0
ZA.MP,1.5136806928384e+16,2518481214770702.0,0.0
ZA.NW,4573309094068224.0,509490194495019.06,0.0
ZA.NC,5832827044102144.0,389898855349861.4,0.0
ZA.WC,6372439218978816.0,913578668338187.0,0.0
