HASC_1,Max,Mean,Min
ZA.EC,2978101600452608.0,264433555353970.03,0.0
ZA.FS,1.3687444444545024e+16,780307082846208.0,0.0
ZA.GT,3.710364694452634e+16,1.0116608961806336e+16,0.0
ZA.NL,5433487964241920.0,1025276309235804.8,0.0
ZA.NP,1.5599177337667584e+16,2112074739900442.5,0.0
ZA.MP,3.710364694452634e+16,4194859474318245.0,0.0
ZA.NW,2.093621536882688e+16,1950978095623819.8,0.0
ZA.NC,2556260381622272.0,170184192379088.22,0.0
ZA.WC,2716861556850688.0,340157900658785.5,0.0
