HASC_1,Max,Mean,Min
ZA.EC,2353715629522944.0,375693045604431.56,0.0
ZA.FS,1.1420644457578496e+16,745307363311899.2,0.0
ZA.GT,2.368571599277261e+16,5689266706200804.0,0.0
ZA.NL,1.5339692593512448e+16,950393590291508.1,0.0
ZA.NP,1.62149242503168e+16,2060954257695770.2,0.0
ZA.MP,2.968879822484275e+16,7303856598041668.0,0.0
ZA.NW,1.1669947981758464e+16,860969700737503.1,0.0
ZA.NC,1996558094565376.0,321289060653290.6,0.0
ZA.WC,3964194953101312.0,615829664918307.0,0.0
