HASC_1,Max,Mean,Min
ZA.EC,2523170342961152.0,174844178373414.78,0.0
ZA.FS,5701540631281664.0,402254106744053.94,0.0
ZA.GT,1.449994917773312e+16,3167063983041810.0,0.0
ZA.NL,3809112542412800.0,773322403839063.8,0.0
ZA.NP,1.6333028334764032e+16,2343693334746235.0,0.0
ZA.MP,1.6333028334764032e+16,2445310863815069.0,0.0
ZA.NW,1.449994917773312e+16,707335776021162.6,0.0
ZA.NC,2672016729571328.0,189037901699625.5,0.0
ZA.WC,3843278201946112.0,430784739582519.75,0.0
