HASC_1,Max,Mean,Min
ZA.EC,5056649144303616.0,585470123945564.1,0.0
ZA.FS,7511167656263680.0,439446103596145.75,0.0
ZA.GT,8719888491216896.0,2414643396132396.0,0.0
ZA.NL,7876302690320384.0,1306645028097181.0,0.0
ZA.NP,7132767078842368.0,658316697662099.6,0.0
ZA.MP,1.7065656339922944e+16,2676220467100051.0,0.0
ZA.NW,1.0515935366479872e+16,642968718601207.1,0.0
ZA.NC,3796178516836352.0,374484244213341.4,0.0
ZA.WC,3849464028594176.0,784988025343858.8,0.0
