HASC_1,Max,Mean,Min
ZA.EC,1.4112820153024512e+16,847195552739749.1,0.0
ZA.FS,1.7959898595721216e+16,2702130042694985.5,0.0
ZA.GT,1.7959898595721216e+16,5297127295025152.0,0.0
ZA.NL,1.381073040703488e+16,1582085327627275.0,0.0
ZA.NP,4373908258029568.0,950674996879386.5,0.0
ZA.MP,1.7306779025145856e+16,1428959593452711.2,0.0
ZA.NW,1.7160841405136896e+16,1205191246541277.5,0.0
ZA.NC,4165407996903424.0,193059312561169.88,0.0
ZA.WC,1786601571090432.0,21165123646816.953,0.0
