HASC_1,Max,Mean,Min
ZA.EC,7197225948020736.0,992286404713684.8,0.0
ZA.FS,5027078294470656.0,741585402383266.9,0.0
ZA.GT,1.4901583380742144e+16,4374126420557824.0,0.0
ZA.NL,1.9672320310247424e+16,1028726934582717.5,0.0
ZA.NP,1.6808631538286592e+16,1661722584941928.5,0.0
ZA.MP,3.0896936017985536e+16,5262409956539236.0,0.0
ZA.NW,9249205629485056.0,947891745515706.1,0.0
ZA.NC,2536481251917824.0,455257127114239.56,0.0
ZA.WC,2813008963174400.0,596403561173455.0,0.0
