HASC_1,Max,Mean,Min
ZA.EC,2755539616399360.0,510991026480922.5,0.0
ZA.FS,2.441317607853261e+16,2110500614520069.0,0.0
ZA.GT,4.150397837823181e+16,1.036455537781111e+16,0.0
ZA.NL,7109607004569600.0,532995968588526.6,0.0
ZA.NP,6116516076453888.0,695553097155943.5,0.0
ZA.MP,4.150397837823181e+16,4529832088043520.0,0.0
ZA.NW,2.441317607853261e+16,1875450068377576.5,0.0
ZA.NC,3226218371481600.0,388848235477572.75,0.0
ZA.WC,3226218371481600.0,465837002416005.75,0.0
