HASC_1,Max,Mean,Min
ZA.EC,2763783000817664.0,731074664793184.9,0.0
ZA.FS,2.872430963143475e+16,1420876146884395.2,0.0
ZA.GT,3.02371603218432e+16,6918342248356850.0,0.0
ZA.NL,6113519263023104.0,1065563540981653.0,0.0
ZA.NP,1.55240787607552e+16,1293700401866293.5,0.0
ZA.MP,5.195982715224064e+16,5849574433118385.0,0.0
ZA.NW,2.4947549467049984e+16,789582478419103.5,0.0
ZA.NC,3129096812888064.0,410549414316698.94,0.0
ZA.WC,5550610111791104.0,536338245830948.56,0.0
