HASC_1,Max,Mean,Min
HU.BK,0.38414597511291504,0.08950513277557634,0.0
HU.BA,0.09823663532733917,0.0453639185288921,0.0
HU.BE,0.4607444703578949,0.17664803465207418,0.0
HU.BZ,0.4863840639591217,0.19137213105956713,0.0
HU.BU,0.2874719202518463,0.18934616881112257,0.03656366094946861
HU.CS,0.38414597511291504,0.2207557597818474,0.0
HU.FE,0.0941358432173729,0.04989758599549532,0.0
HU.GS,0.09784651547670364,0.05036903385605131,0.0
HU.HB,0.4673618972301483,0.25055941616495453,0.0
HU.HE,0.37042680382728577,0.14162020897492766,0.0
HU.JN,0.38414597511291504,0.18361246452799865,0.0
HU.KE,0.20257848501205444,0.06907999056080977,0.0
HU.NO,0.37478309869766235,0.1678634180376927,0.0
HU.PE,0.38395023345947266,0.14265561307824792,0.0
HU.SO,0.09782156348228455,0.02629724481763939,0.0
HU.SZ,0.5006587505340576,0.2539503707084805,0.0
HU.TO,0.09823663532733917,0.05749086430296302,0.0
HU.VA,0.07089642435312271,0.011546225323399995,0.0
HU.VE,0.09640698879957199,0.07404619418084621,0.020472774282097816
HU.ZA,0.05584339424967766,0.007505588000640273,0.0
