HASC_1,Max,Mean,Min
HU.BK,0.2273063361644745,0.011396608581500394,0.0
HU.BA,0.3433052599430084,0.1581867722173532,0.0
HU.BE,0.0,0.0,0.0
HU.BZ,0.0,0.0,0.0
HU.BU,0.0,0.0,0.0
HU.CS,0.0,0.0,0.0
HU.FE,0.3318876028060913,0.0866122782113962,0.0
HU.GS,0.34047725796699524,0.1690229672406401,0.0
HU.HB,0.0,0.0,0.0
HU.HE,0.0,0.0,0.0
HU.JN,0.0,0.0,0.0
HU.KE,0.25618472695350647,0.08180853251057367,0.0
HU.NO,0.0,0.0,0.0
HU.PE,0.0,0.0,0.0
HU.SO,0.3433052599430084,0.16664338236053786,0.0
HU.SZ,0.0,0.0,0.0
HU.TO,0.3433052599430084,0.11143211779805522,0.0
HU.VA,0.3461310863494873,0.14424583315849304,0.0
HU.VE,0.3461310863494873,0.2335001990199089,0.1149464026093483
HU.ZA,0.3461310863494873,0.16770286485552788,0.0
