HASC_1,Max,Mean,Min
HU.BK,0.502082884311676,0.229538743162439,0.0
HU.BA,0.3707605302333832,0.18356603880723318,0.0
HU.BE,0.5081069469451904,0.23329386760791143,0.0
HU.BZ,0.7675288319587708,0.27982199589411416,0.0
HU.BU,0.3858882784843445,0.21084646383921304,0.11558099091053009
HU.CS,0.502082884311676,0.2868148802469174,0.0
HU.FE,0.47779321670532227,0.2943033270537853,0.0
HU.GS,0.46473634243011475,0.1789764671453408,0.0
HU.HB,0.9260818362236023,0.3440093159675598,0.0
HU.HE,0.5081252455711365,0.21338045100371042,0.0
HU.JN,0.502082884311676,0.2599225246480533,0.0
HU.KE,0.46940428018569946,0.3222495123744011,0.0
HU.NO,0.4971123933792114,0.19915963740398487,0.0
HU.PE,0.48621729016304016,0.19607258694512503,0.0
HU.SO,0.3707605302333832,0.19153209775686264,0.0
HU.SZ,0.8554535508155823,0.4301540572196245,0.0
HU.TO,0.47779321670532227,0.18748096842318773,0.0
HU.VA,0.3885551393032074,0.1616517570024977,0.0
HU.VE,0.4098283648490906,0.23261364648739496,0.0689907968044281
HU.ZA,0.38223525881767273,0.1735766210593283,0.0
