HASC_1,Max,Mean,Min
HU.BK,0.6426764726638794,0.32535309273572194,0.0
HU.BA,0.7721913456916809,0.4235951105753581,0.0
HU.BE,0.4456021785736084,0.22464136729637782,0.0
HU.BZ,0.584481954574585,0.22310790684488085,0.0
HU.BU,0.730272114276886,0.47146230936050415,0.2571004033088684
HU.CS,0.510746419429779,0.3548419537643592,0.0
HU.FE,0.7554032802581787,0.4697286501526833,0.0
HU.GS,0.8157578110694885,0.42785951495170593,0.0
HU.HB,0.4838847219944,0.21420410523811975,0.0
HU.HE,0.584481954574585,0.2888111223777135,0.0
HU.JN,0.5744024515151978,0.29932540335825514,0.0
HU.KE,0.7603700160980225,0.5148211459318797,0.0
HU.NO,0.7603700160980225,0.23687880113720894,0.0
HU.PE,0.7603700160980225,0.2835972890967414,0.0
HU.SO,0.9068262577056885,0.43508228758970896,0.0
HU.SZ,0.4490785002708435,0.19393372861668468,0.0
HU.TO,0.7721913456916809,0.41275779530406,0.0
HU.VA,0.8443337082862854,0.3757289710144202,0.0
HU.VE,0.8443337082862854,0.5707889318466186,0.3120473623275757
HU.ZA,0.9068262577056885,0.4310663089156151,0.0
