HASC_1,Max,Mean,Min
HU.BK,0.03531442955136299,0.001277448023381499,0.0
HU.BA,0.0,0.0,0.0
HU.BE,0.09621638804674149,0.04222732745110989,0.0
HU.BZ,0.3817373812198639,0.07749313414096833,0.0
HU.BU,0.001996651291847229,0.0003327752153078715,0.0
HU.CS,0.055793646723032,0.00933589941791979,0.0
HU.FE,0.0,0.0,0.0
HU.GS,0.0,0.0,0.0
HU.HB,0.16328571736812592,0.05078123907248179,0.0
HU.HE,0.09723681211471558,0.05229557305574417,0.0
HU.JN,0.09655813872814178,0.04701932113883751,0.0
HU.KE,0.0,0.0,0.0
HU.NO,0.09671175479888916,0.02371000766531021,0.0
HU.PE,0.06027193367481232,0.005652351341066516,0.0
HU.SO,0.0,0.0,0.0
HU.SZ,0.3817373812198639,0.16672389657469466,0.0
HU.TO,0.0,0.0,0.0
HU.VA,0.0,0.0,0.0
HU.VE,0.0,0.0,0.0
HU.ZA,0.0,0.0,0.0
