HASC_1,Max,Mean,Min
HU.BK,0.7591215968132019,0.32834097281807945,0.0
HU.BA,0.8564702868461609,0.4246346627672513,0.0
HU.BE,0.5805292129516602,0.2526832009355227,0.0
HU.BZ,0.5220587849617004,0.2207639816734526,0.0
HU.BU,0.7342097163200378,0.4877571339408557,0.2231820672750473
HU.CS,0.5814868807792664,0.36968694627285004,0.0
HU.FE,0.8154245615005493,0.47926331907510755,0.0
HU.GS,0.8328346610069275,0.40696718118020464,0.0
HU.HB,0.5180665850639343,0.20689013501008352,0.0
HU.HE,0.5424755811691284,0.2774466623862584,0.0
HU.JN,0.5805292129516602,0.3042960667184421,0.0
HU.KE,0.7342097163200378,0.5369901239871979,0.0
HU.NO,0.6658502817153931,0.23933040847380957,0.0
HU.PE,0.7342097163200378,0.2719684885371299,0.0
HU.SO,0.8564702868461609,0.43324060340722403,0.0
HU.SZ,0.3602810502052307,0.18316852627322078,0.0
HU.TO,0.8154245615005493,0.4100489616394043,0.0
HU.VA,0.9111427068710327,0.3922653744618098,0.0
HU.VE,0.8304576873779297,0.5377915382385254,0.370052695274353
HU.ZA,0.8304576873779297,0.44794555604457853,0.0
