HASC_1,Max,Mean,Min
HU.BK,0.22802051901817322,0.012874658523027651,0.0
HU.BA,0.34060460329055786,0.15756071483095488,0.0
HU.BE,0.0,0.0,0.0
HU.BZ,0.0,0.0,0.0
HU.BU,0.0,0.0,0.0
HU.CS,0.0,0.0,0.0
HU.FE,0.3293556272983551,0.0917333327131928,0.0
HU.GS,0.34985795617103577,0.17001277900167874,0.0
HU.HB,0.0,0.0,0.0
HU.HE,0.0,0.0,0.0
HU.JN,0.0,0.0,0.0
HU.KE,0.26731979846954346,0.08907840102910995,0.0
HU.NO,0.0,0.0,0.0
HU.PE,0.0,0.0,0.0
HU.SO,0.3406056761741638,0.16735982249180476,0.0
HU.SZ,0.0,0.0,0.0
HU.TO,0.34060460329055786,0.11422293616487877,0.0
HU.VA,0.34985795617103577,0.14241783941785494,0.0
HU.VE,0.3495193421840668,0.2341608261068662,0.11780675500631332
HU.ZA,0.3495193421840668,0.16874513775110245,0.0
