HASC_1,Max,Mean,Min
HU.BK,0.3709123134613037,0.08754242792548168,0.0
HU.BA,0.09531281888484955,0.04519347729486375,0.0
HU.BE,0.430395245552063,0.17390440503756205,0.0
HU.BZ,0.48636454343795776,0.19187575371729004,0.0
HU.BU,0.3503229022026062,0.19037186975280443,0.0258917436003685
HU.CS,0.38326841592788696,0.2211468561242024,0.0
HU.FE,0.09756138920783997,0.051628412771970035,0.0
HU.GS,0.09894148260354996,0.05048674098881228,0.0
HU.HB,0.4834461808204651,0.2487950416902701,0.0
HU.HE,0.3784056305885315,0.13965955919896564,0.0
HU.JN,0.3819199800491333,0.1836441569030285,0.0
HU.KE,0.20856572687625885,0.06821677163243293,0.0
HU.NO,0.38833197951316833,0.16844462618852654,0.0
HU.PE,0.38833197951316833,0.14319991759423698,0.0
HU.SO,0.08898995071649551,0.025644198258290393,0.0
HU.SZ,0.49070972204208374,0.25556620862334967,0.0
HU.TO,0.09756138920783997,0.056067253152529396,0.0
HU.VA,0.08690792322158813,0.012351275193092684,0.0
HU.VE,0.0986778661608696,0.07482807810107867,0.019790690392255783
HU.ZA,0.04913876950740814,0.007326594053301961,0.0
