HASC_1,Max,Mean,Min
HU.BK,0.4966502785682678,0.24686657619618235,0.0
HU.BA,0.46593567728996277,0.23791545319060484,0.0
HU.BE,0.8555261492729187,0.42612658987442653,0.0
HU.BZ,0.8927319049835205,0.4045067124896579,0.0
HU.BU,0.4684799313545227,0.32688384503126144,0.12919165194034576
HU.CS,0.8298168182373047,0.44099769306679565,0.0
HU.FE,0.5120633244514465,0.28368026465177537,0.0
HU.GS,0.4722963571548462,0.2242760599723884,0.0
HU.HB,0.8328539133071899,0.42051293899615605,0.0
HU.HE,0.9060034155845642,0.3811792166282733,0.0
HU.JN,0.9060034155845642,0.3752423604684217,0.0
HU.KE,0.48643040657043457,0.33503257830937705,0.0
HU.NO,0.6995508670806885,0.22678471667071184,0.0
HU.PE,0.5173171162605286,0.2133657286564509,0.0
HU.SO,0.4762532711029053,0.2168137401342392,0.0
HU.SZ,0.8927319049835205,0.43058969732373953,0.0
HU.TO,0.4867028295993805,0.22462459094822407,0.0
HU.VA,0.46806949377059937,0.1909809960052371,0.0
HU.VE,0.46806949377059937,0.3000052948792776,0.08419470489025116
HU.ZA,0.4762532711029053,0.18666399829089642,0.0
