HASC_1,Max,Mean,Min
HU.BK,0.4758186936378479,0.19338796323253996,0.0
HU.BA,0.33402523398399353,0.07931306414927046,0.0
HU.BE,0.476579487323761,0.2236583190659682,0.0
HU.BZ,0.5180068612098694,0.21183441397216585,0.0
HU.BU,0.26444098353385925,0.16607686256368956,0.07125899195671082
HU.CS,0.4624175429344177,0.26477546462168294,0.0
HU.FE,0.37143999338150024,0.24917851984500886,0.0
HU.GS,0.3578264117240906,0.11602994320648057,0.0
HU.HB,0.5090018510818481,0.2570395385225614,0.0
HU.HE,0.4796398878097534,0.1887413738295436,0.0
HU.JN,0.4796398878097534,0.24062305582421167,0.0
HU.KE,0.38208410143852234,0.26064688165982564,0.0
HU.NO,0.4796398878097534,0.19432277356584868,0.0
HU.PE,0.4796398878097534,0.16223664528557233,0.0
HU.SO,0.2068074643611908,0.05690220547839999,0.0
HU.SZ,0.5074076652526855,0.23910690238699317,0.0
HU.TO,0.38489842414855957,0.17454901384189725,0.0
HU.VA,0.0973648726940155,0.045744993103047214,0.0
HU.VE,0.36443042755126953,0.13270131163299084,0.019548125565052032
HU.ZA,0.0973648726940155,0.05591514948755503,0.0
