HASC_1,Max,Mean,Min
HU.BK,0.09735330194234848,0.037647968263454026,0.0
HU.BA,0.0,0.0,0.0
HU.BE,0.3797084391117096,0.10129789679000775,0.0
HU.BZ,0.47346988320350647,0.1728723039229711,0.0
HU.BU,0.09835810214281082,0.09053597102562587,0.08170079439878464
HU.CS,0.09735330194234848,0.06222319331330558,0.0
HU.FE,0.09057267755270004,0.024241240262199426,0.0
HU.GS,0.02413022890686989,0.0011807145759884666,0.0
HU.HB,0.3797084391117096,0.21168575348953406,0.0
HU.HE,0.3647109866142273,0.08581836269392322,0.0
HU.JN,0.3647109866142273,0.08176554104180209,0.0
HU.KE,0.09156867116689682,0.045353234485007006,0.0
HU.NO,0.15137600898742676,0.03945585216085116,0.0
HU.PE,0.09835810214281082,0.048761315643787384,0.0
HU.SO,0.0,0.0,0.0
HU.SZ,0.4825369715690613,0.2254537312546745,0.0
HU.TO,0.05469675734639168,0.005458144546234204,0.0
HU.VA,0.0,0.0,0.0
HU.VE,0.008107044734060764,0.0005424030012818548,0.0
HU.ZA,0.0,0.0,0.0
