HASC_1,Max,Mean,Min
AL.BE,0.38603219389915466,0.18644864857196808,0.0
AL.DB,0.34061092138290405,0.18965750311811766,0.0
AL.DU,0.17359697818756104,0.08379112235787842,0.0
AL.EB,0.36393502354621887,0.15744411163032054,0.0
AL.FI,0.2854861319065094,0.09909345719885702,0.0
AL.GK,0.38603219389915466,0.19977657683193684,0.0
AL.KE,0.38603219389915466,0.20505954399704934,0.0
AL.KK,0.2790822386741638,0.1474067885428667,0.0
AL.LZ,0.20197492837905884,0.1103882094224294,0.0
AL.SD,0.2790822386741638,0.16823845263570547,0.0
AL.TI,0.24287088215351105,0.10015417076647282,0.0
AL.VR,0.3704659342765808,0.08554589754901826,0.0
