HASC_1,Max,Mean,Min
AL.BE,0.0,0.0,0.0
AL.DB,0.0,0.0,0.0
AL.DU,0.006526729092001915,0.0007251921213335461,0.0
AL.EB,0.0,0.0,0.0
AL.FI,0.2666811943054199,0.055836288103212915,0.0
AL.GK,0.0,0.0,0.0
AL.KE,0.0,0.0,0.0
AL.KK,0.0,0.0,0.0
AL.LZ,0.0,0.0,0.0
AL.SD,0.0,0.0,0.0
AL.TI,0.08492505550384521,0.007077087958653768,0.0
AL.VR,0.2822149991989136,0.049847150817513466,0.0
