HASC_1,Max,Mean,Min
AL.BE,0.5509099364280701,0.25927968323230743,0.0
AL.DB,0.4718133211135864,0.26668764154116315,0.0
AL.DU,0.6077435612678528,0.35010465648439193,0.0
AL.EB,0.4255008399486542,0.1978067249059677,0.0
AL.FI,0.6529748439788818,0.41226214667161304,0.0
AL.GK,0.4579748511314392,0.23959894943982363,0.0
AL.KE,0.4378911256790161,0.22376222610473634,0.0
AL.KK,0.4345608353614807,0.21771029848605394,0.0
AL.LZ,0.5398479104042053,0.23478214144706727,0.0
AL.SD,0.5398479104042053,0.3319200184196234,0.0
AL.TI,0.6529748439788818,0.26813625171780586,0.0
AL.VR,0.547702968120575,0.22684751331806183,0.0
