HASC_1,Max,Mean,Min
AL.BE,0.0,0.0,0.0
AL.DB,0.0,0.0,0.0
AL.DU,0.004724525380879641,0.0005249472645421823,0.0
AL.EB,0.0,0.0,0.0
AL.FI,0.28060686588287354,0.05636778613552451,0.0
AL.GK,0.0,0.0,0.0
AL.KE,0.0,0.0,0.0
AL.KK,0.0,0.0,0.0
AL.LZ,0.0,0.0,0.0
AL.SD,0.0,0.0,0.0
AL.TI,0.08235320448875427,0.006862767040729523,0.0
AL.VR,0.29384058713912964,0.04985858477652073,0.0
