HASC_1,Max,Mean,Min
AL.BE,0.5338285565376282,0.2694537701706092,0.0
AL.DB,0.42533835768699646,0.2867817009488742,0.0
AL.DU,0.5157451629638672,0.3156730035940806,0.0
AL.EB,0.45705705881118774,0.2114365167915821,0.0
AL.FI,0.5572518706321716,0.39848169808586437,0.0
AL.GK,0.5623388886451721,0.24184625502675772,0.0
AL.KE,0.3482987582683563,0.19156764447689056,0.0
AL.KK,0.410386860370636,0.2051466666162014,0.0
AL.LZ,0.43527528643608093,0.21822274426619212,0.0
AL.SD,0.5829846262931824,0.3156503513455391,0.0
AL.TI,0.5343974232673645,0.2659478510419528,0.0
AL.VR,0.5623388886451721,0.24342295110225678,0.0
