HASC_1,Max,Mean,Min
AL.BE,0.368136465549469,0.18764247248570123,0.0
AL.DB,0.4517291188240051,0.28555087248484295,0.0
AL.DU,0.33922260999679565,0.17947951787047917,0.0
AL.EB,0.44814372062683105,0.15064475908875466,0.0
AL.FI,0.3724682629108429,0.29510970662037533,0.0
AL.GK,0.37389490008354187,0.19645481510087848,0.0
AL.KE,0.6265270709991455,0.18364489860832692,0.0
AL.KK,0.46090155839920044,0.2933068685233593,0.0
AL.LZ,0.46090155839920044,0.18186410317818325,0.0
AL.SD,0.46060359477996826,0.23777976166456938,0.0
AL.TI,0.35219043493270874,0.12883909046649933,0.0
AL.VR,0.37389490008354187,0.18886724054813386,0.0
