HASC_1,Max,Mean,Min
AL.BE,0.35584014654159546,0.17338143909970918,0.0
AL.DB,0.3860267400741577,0.26139411826928455,0.0
AL.DU,0.34413909912109375,0.13944891343545704,0.0
AL.EB,0.37299901247024536,0.17031932771205902,0.0
AL.FI,0.35584014654159546,0.1302251041828034,0.0
AL.GK,0.3341635465621948,0.14493605867028236,0.0
AL.KE,0.28351983428001404,0.13883134350180626,0.0
AL.KK,0.4003293216228485,0.21020010951906443,0.0
AL.LZ,0.3860267400741577,0.1830870509147644,0.0
AL.SD,0.3352348208427429,0.19500018609687686,0.0
AL.TI,0.37299901247024536,0.1562644193569819,0.0
AL.VR,0.26459211111068726,0.05737884084694087,0.0
