HASC_1,Max,Mean,Min
AL.BE,0.6228377819061279,0.2631482755144437,0.0
AL.DB,0.5145357847213745,0.27358608320355415,0.0
AL.DU,0.579196572303772,0.3609079387452867,0.0
AL.EB,0.5075174570083618,0.20025961473584175,0.0
AL.FI,0.6228377819061279,0.4224200149377187,0.0
AL.GK,0.4647682309150696,0.24601093586534262,0.0
AL.KE,0.4337591826915741,0.21659185439348222,0.0
AL.KK,0.43762391805648804,0.21827036887407303,0.0
AL.LZ,0.5145357847213745,0.23744965692361195,0.0
AL.SD,0.4936051070690155,0.3244367279112339,0.0
AL.TI,0.6190403699874878,0.2820001145203908,0.0
AL.VR,0.5820187330245972,0.23261992692947386,0.0
