HASC_1,Max,Mean,Min
AL.BE,0.7133781313896179,0.3274473200241725,0.0
AL.DB,0.5982691645622253,0.3926735520362854,0.0
AL.DU,0.7911645174026489,0.4178193145328098,0.0
AL.EB,0.6460261344909668,0.2726927146315575,0.0
AL.FI,0.7850425243377686,0.5272737542788187,0.0
AL.GK,0.6547656059265137,0.33010867424309254,0.0
AL.KE,0.6547656059265137,0.33477446287870405,0.0
AL.KK,0.5982691645622253,0.3128809165209532,0.0
AL.LZ,0.5380968451499939,0.2796191732088725,0.0
AL.SD,0.5380968451499939,0.36727623641490936,0.0
AL.TI,0.7850425243377686,0.31746477137009305,0.0
AL.VR,0.7423539161682129,0.2941039478778839,0.0
