HASC_1,Max,Mean,Min
AL.BE,0.6365183591842651,0.2989031250278155,0.0
AL.DB,0.5611318349838257,0.41214726120233536,0.0
AL.DU,0.7435148358345032,0.3645347323682573,0.0
AL.EB,0.5611318349838257,0.2602793000638485,0.0
AL.FI,0.77721107006073,0.5030159341792265,0.0
AL.GK,0.6293317675590515,0.32330706529319286,0.0
AL.KE,0.6293317675590515,0.32471120208501814,0.0
AL.KK,0.6162364482879639,0.33184926211833954,0.0
AL.LZ,0.5717973709106445,0.2852003276348114,0.0
AL.SD,0.5775439739227295,0.3596354369074106,0.0
AL.TI,0.77721107006073,0.3078099104265372,0.0
AL.VR,0.7146986126899719,0.31621789932250977,0.0
