HASC_1,Max,Mean,Min
AL.BE,0.0,0.0,0.0
AL.DB,0.003702279645949602,0.0003085233038291335,0.0
AL.DU,0.0,0.0,0.0
AL.EB,0.0,0.0,0.0
AL.FI,0.0,0.0,0.0
AL.GK,0.0,0.0,0.0
AL.KE,0.0,0.0,0.0
AL.KK,0.02148621901869774,0.0023872609804094225,0.0
AL.LZ,0.0003198704216629267,2.1324694777528445e-05,0.0
AL.SD,6.552799618475547e-07,4.0954997615472166e-08,0.0
AL.TI,0.0,0.0,0.0
AL.VR,0.0,0.0,0.0
