HASC_1,Max,Mean,Min
AL.BE,0.05839472636580467,0.015188525247443371,0.0
AL.DB,0.09360013902187347,0.07440890713284413,0.0
AL.DU,0.06031454727053642,0.02130030477160795,0.0
AL.EB,0.0930188000202179,0.03602812135359272,0.0
AL.FI,0.03618603199720383,0.004572240432935359,0.0
AL.GK,0.0650651603937149,0.01217092818205856,0.0
AL.KE,0.09500464797019958,0.048104436881840226,0.0
AL.KK,0.09566983580589294,0.06175822648219764,0.0
AL.LZ,0.09302472323179245,0.04721954663594564,0.0
AL.SD,0.09566983580589294,0.06637529283761978,0.0
AL.TI,0.08619901537895203,0.027020476816687733,0.0
AL.VR,0.0023092576302587986,0.00010045066534075886,0.0
