HASC_1,Max,Mean,Min
AL.BE,0.8478701114654541,0.41792840634783107,0.0
AL.DB,0.6871090531349182,0.5586315045754114,0.0
AL.DU,0.6550422310829163,0.4280966520309448,0.0
AL.EB,0.7113264203071594,0.34801640212535856,0.0
AL.FI,0.8478701114654541,0.5909179796775182,0.0
AL.GK,0.8581429123878479,0.4421011311933398,0.0
AL.KE,0.8547918796539307,0.38943242505192754,0.0
AL.KK,0.8908673524856567,0.45309940725564957,0.0
AL.LZ,0.732673704624176,0.3893123229344686,0.0
AL.SD,0.918096661567688,0.5757522974163294,0.0
AL.TI,0.6550422310829163,0.37595050285259884,0.0
AL.VR,0.8736896514892578,0.4065431612730026,0.0
