HASC_1,Max,Mean,Min
AL.BE,0.3688676953315735,0.19272682691613832,0.0
AL.DB,0.384747713804245,0.26652663201093674,0.0
AL.DU,0.3040075898170471,0.13205959014673377,0.0
AL.EB,0.384747713804245,0.18307376950979232,0.0
AL.FI,0.3688676953315735,0.13615892361849546,0.0
AL.GK,0.3640311360359192,0.1670722607523203,0.0
AL.KE,0.3321813941001892,0.15674147829413415,0.0
AL.KK,0.37140145897865295,0.19636318646371365,0.0
AL.LZ,0.38026171922683716,0.17303131024042764,0.0
AL.SD,0.3190000653266907,0.17199631640687585,0.0
AL.TI,0.384747713804245,0.15661684547861418,0.0
AL.VR,0.2975958585739136,0.06512233063578605,0.0
