HASC_1,Max,Mean,Min
AL.BE,0.06668151915073395,0.017188905557607843,0.0
AL.DB,0.09566700458526611,0.07408765827616055,0.0
AL.DU,0.0746048241853714,0.024457552858317893,0.0
AL.EB,0.09553701430559158,0.03795296724420041,0.0
AL.FI,0.03939187154173851,0.005264982904918725,0.0
AL.GK,0.055468205362558365,0.013006291344936471,0.0
AL.KE,0.09553701430559158,0.05025021703913808,0.0
AL.KK,0.09566700458526611,0.05983379436656833,0.0
AL.LZ,0.09566700458526611,0.04938359384735425,0.0
AL.SD,0.09566700458526611,0.06811639480292797,0.0
AL.TI,0.07664171606302261,0.02809922913244615,0.0
AL.VR,0.0029971019830554724,0.00014719251543283463,0.0
