HASC_1,Max,Mean,Min
AL.BE,0.45271411538124084,0.24211337541540465,0.0
AL.DB,0.4866079092025757,0.3108163004120191,0.0
AL.DU,0.3370387554168701,0.2038682053486506,0.0
AL.EB,0.49814438819885254,0.2244661904871464,0.0
AL.FI,0.3702552914619446,0.23634092758099237,0.0
AL.GK,0.3933391869068146,0.22247939929366112,0.0
AL.KE,0.49814438819885254,0.24930209219455718,0.0
AL.KK,0.35725295543670654,0.23596143629401922,0.0
AL.LZ,0.3563843071460724,0.1980990509192149,0.0
AL.SD,0.3400495648384094,0.25533338636159897,0.0
AL.TI,0.4451359510421753,0.20059520875414213,0.0
AL.VR,0.38662874698638916,0.1756710922718048,0.0
