HASC_1,Max,Mean,Min
AL.BE,0.6291561126708984,0.26435838267207146,0.0
AL.DB,0.5176132321357727,0.279435599843661,0.0
AL.DU,0.5561690330505371,0.35205381446414524,0.0
AL.EB,0.47925734519958496,0.19887120202183722,0.0
AL.FI,0.6291561126708984,0.4259493922193845,0.0
AL.GK,0.47717446088790894,0.24339040834456682,0.0
AL.KE,0.4339025616645813,0.20905219614505768,0.0
AL.KK,0.4253687858581543,0.21913077495992184,0.0
AL.LZ,0.5176132321357727,0.2385344753662745,0.0
AL.SD,0.47418493032455444,0.31848162692040205,0.0
AL.TI,0.591947078704834,0.28192059447367984,0.0
AL.VR,0.6251007914543152,0.23437598168849946,0.0
