HASC_1,Max,Mean,Min
AL.BE,0.818183422088623,0.42133840670188266,0.0
AL.DB,0.8201831579208374,0.5928025394678116,0.0
AL.DU,0.7039766907691956,0.4313671920034621,0.0
AL.EB,0.8201831579208374,0.3761441886425018,0.0
AL.FI,0.818183422088623,0.5676689594984055,0.0
AL.GK,0.8504543304443359,0.4352265074849129,0.0
AL.KE,0.8480473756790161,0.3965986266732216,0.0
AL.KK,0.9137732982635498,0.44951594062149525,0.0
AL.LZ,0.8515994548797607,0.4055164039134979,0.0
AL.SD,0.9137732982635498,0.6017740964889526,0.0
AL.TI,0.7039766907691956,0.3860475793480873,0.0
AL.VR,0.8504543304443359,0.3854060822725296,0.0
