HASC_1,Max,Mean,Min
AL.BE,0.08717786520719528,0.03910961219420036,0.0
AL.DB,0.3730931878089905,0.22249895768860975,0.0
AL.DU,0.07273358851671219,0.04011014745467239,0.0
AL.EB,0.3730931878089905,0.08150068670511246,0.0
AL.FI,0.09551626443862915,0.06830304985245068,0.0
AL.GK,0.0898144543170929,0.043663815944455564,0.0
AL.KE,0.3675605058670044,0.1174158931709826,0.0
AL.KK,0.3698670268058777,0.24208054412156343,0.0
AL.LZ,0.3698670268058777,0.1289655975997448,0.0
AL.SD,0.36705610156059265,0.17361939616966993,0.0
AL.TI,0.1144854798913002,0.038798143000652395,0.0
AL.VR,0.09551626443862915,0.04981024995446205,0.0
