HASC_1,Max,Mean,Min
AL.BE,0.08550821989774704,0.03874393024792274,0.0
AL.DB,0.37328290939331055,0.22151361607636014,0.0
AL.DU,0.0743078738451004,0.04061326984730032,0.0
AL.EB,0.348967045545578,0.07941371221095324,0.0
AL.FI,0.09403757750988007,0.06834923444936673,0.0
AL.GK,0.09313127398490906,0.04548363643698394,0.0
AL.KE,0.3607417345046997,0.11782467290759087,0.0
AL.KK,0.3767228126525879,0.24146662186831236,0.0
AL.LZ,0.3607388734817505,0.12200674215952555,0.0
AL.SD,0.3767228126525879,0.17162900522816926,0.0
AL.TI,0.09678885340690613,0.03874925974135598,0.0
AL.VR,0.09359283745288849,0.04900866061449051,0.0
