HASC_1,Max,Mean,Min
DK.HS,0.7054550647735596,0.08732780956973632,0.0
DK.MJ,0.8126099109649658,0.34052529566817813,0.0
DK.ND,0.8306404948234558,0.3083559064528881,0.0
DK.SL,0.7102120518684387,0.36279977006571634,0.0
DK.SD,0.8535823225975037,0.41235573093096417,0.0
