HASC_1,Max,Mean,Min
DK.HS,0.5112240314483643,0.08019677499930064,0.0
DK.MJ,0.5470534563064575,0.20971103525824017,0.0
DK.ND,0.5410103797912598,0.19876561676844573,0.0
DK.SL,0.5220350027084351,0.24985420916761672,0.0
DK.SD,0.5423097014427185,0.27113331109285355,0.0
