HASC_1,Max,Mean,Min
DK.HS,0.7346685528755188,0.1352895461850696,0.0
DK.MJ,0.8309431672096252,0.1953432364596261,0.0
DK.ND,0.635378897190094,0.17996562921848053,0.0
DK.SL,0.8669028282165527,0.3717107464160238,0.0
DK.SD,0.47492238879203796,0.23007148483561146,0.0
