HASC_1,Max,Mean,Min
DK.HS,0.6886832118034363,0.08820282717545827,0.0
DK.MJ,0.8118577003479004,0.34062485413418875,0.0
DK.ND,0.8074340224266052,0.31382528100258267,0.0
DK.SL,0.7149502038955688,0.3615425021520683,0.0
DK.SD,0.8563660979270935,0.41374984714719987,0.0
