HASC_1,Max,Mean,Min
DK.HS,0.5499081611633301,0.097581797093153,0.0
DK.MJ,0.5186013579368591,0.18703135206467575,0.0
DK.ND,0.5338987112045288,0.18980944194854835,0.0
DK.SL,0.516356885433197,0.22639793935897096,0.0
DK.SD,0.516356885433197,0.19647299229270881,0.0
