HASC_1,Max,Mean,Min
DK.HS,0.5399113893508911,0.09713414212067922,0.0
DK.MJ,0.5121138095855713,0.18663139132161935,0.0
DK.ND,0.533424973487854,0.18849034139361137,0.0
DK.SL,0.5043598413467407,0.224706885670977,0.0
DK.SD,0.5043598413467407,0.1947656986821029,0.0
