HASC_1,Max,Mean,Min
DK.HS,0.10389520972967148,0.012912099958500928,0.0
DK.MJ,0.47580474615097046,0.104839296239429,0.0
DK.ND,0.30427148938179016,0.08487665061003123,0.0
DK.SL,0.023655705153942108,0.000874003473711582,0.0
DK.SD,0.5214019417762756,0.1652488295653308,0.0
