HASC_1,Max,Mean,Min
DK.HS,0.7594218254089355,0.13713923030429417,0.0
DK.MJ,0.704053521156311,0.19384836736652586,0.0
DK.ND,0.6600751876831055,0.1778446044295262,0.0
DK.SL,0.8268287777900696,0.3723422757216862,0.0
DK.SD,0.4881508946418762,0.2312670699838135,0.0
