HASC_1,Max,Mean,Min
DK.HS,0.758801281452179,0.10523203296793832,0.0
DK.MJ,0.5157821178436279,0.2086414756046401,0.0
DK.ND,0.5152682065963745,0.19328816082233038,0.0
DK.SL,0.5113657712936401,0.23285292594560555,0.0
DK.SD,0.5269915461540222,0.2665181431091494,0.0
