HASC_1,Max,Mean,Min
DK.HS,0.3916056752204895,0.034461350904570684,0.0
DK.MJ,0.18912413716316223,0.035333236993240764,0.0
DK.ND,0.18883897364139557,0.03860333373543257,0.0
DK.SL,0.10247009247541428,0.03321522110763908,0.0
DK.SD,0.1671392172574997,0.023735132820674052,0.0
