HASC_1,Max,Mean,Min
DK.HS,0.6755239963531494,0.11271642744541169,0.0
DK.MJ,0.8506281971931458,0.2720522365636296,0.0
DK.ND,0.803780734539032,0.26256696555094844,0.0
DK.SL,0.8083515763282776,0.3873365218085902,0.0
DK.SD,0.754942774772644,0.3119305486066474,0.0
