HASC_1,Max,Mean,Min
DK.HS,0.5050185322761536,0.07870536198218664,0.0
DK.MJ,0.5398793816566467,0.2096028308901522,0.0
DK.ND,0.5270851254463196,0.19789646260249308,0.0
DK.SL,0.5060440897941589,0.2528814718659435,0.0
DK.SD,0.5395853519439697,0.27201694146626526,0.0
