HASC_1,Max,Mean,Min
DK.HS,0.5383057594299316,0.08602563970618778,0.0
DK.MJ,0.549807071685791,0.21229863638679186,0.0
DK.ND,0.5427041053771973,0.2031039411249833,0.0
DK.SL,0.5415583252906799,0.23396837591592753,0.0
DK.SD,0.5196008682250977,0.22032345551997423,0.0
