HASC_1,Max,Mean,Min
DK.HS,0.5350838303565979,0.09853531006309721,0.0
DK.MJ,0.5366895198822021,0.1861635673377249,0.0
DK.ND,0.5574561357498169,0.1918473158700344,0.0
DK.SL,0.5104166865348816,0.22386679332703352,0.0
DK.SD,0.4607740342617035,0.19677634262997243,0.0
