HASC_1,Max,Mean,Min
DK.HS,0.37953704595565796,0.0344976309272978,0.0
DK.MJ,0.1871316283941269,0.03573014752099779,0.0
DK.ND,0.18833959102630615,0.04782580063702204,0.0
DK.SL,0.10381236672401428,0.03306414156473433,0.0
DK.SD,0.17010101675987244,0.023606017506267563,0.0
