HASC_1,Max,Mean,Min
DE.BW,0.4188143014907837,0.10602196660994362,0.0
DE.BY,0.34264513850212097,0.07016532018311553,0.0
DE.BE,0.28390857577323914,0.07367256327997893,0.0
DE.BR,0.39181554317474365,0.03981919566315673,0.0
DE.HB,0.36604055762290955,0.06814284165877671,0.0
DE.HH,0.7545239925384521,0.012698530486315057,0.0
DE.HE,0.30778658390045166,0.023754646829111152,0.0
DE.MV,0.2610352337360382,0.011589131461722616,0.0
DE.NI,3.435103178024292,0.0940093658619245,0.0
DE.NW,1.322391390800476,0.10124843662469123,0.0
DE.RP,0.3190169632434845,0.043693832241784546,0.0
DE.SL,0.13449576497077942,0.0433446392981392,0.0
DE.SN,0.296735554933548,0.04646680147902771,0.0
DE.ST,0.2512967884540558,0.019540860459828734,0.0
DE.SH,4.756246566772461,0.5257175723000987,0.0
DE.TH,0.19618861377239227,0.0169779471003975,0.0
