HASC_1,Max,Mean,Min
DE.BW,0.7677946090698242,0.029800629876483013,0.0
DE.BY,2.286452531814575,0.07642415093168685,0.0
DE.BE,0.12962697446346283,0.03746696647722274,0.0
DE.BR,0.49797454476356506,0.024803610809938426,0.0
DE.HB,0.00102983636315912,9.028620635425406e-05,0.0
DE.HH,0.011008485220372677,0.00022884036921563426,0.0
DE.HE,0.2128153294324875,0.013372197683229387,0.0
DE.MV,0.10732584446668625,0.004989893351535616,0.0
DE.NI,0.2674705982208252,0.007133440968925309,0.0
DE.NW,0.10938163846731186,0.0008407131501096457,0.0
DE.RP,0.22558312118053436,0.017106820704913844,0.0
DE.SL,0.36127182841300964,0.08509602033706015,0.0
DE.SN,0.34933707118034363,0.018682072909413705,0.0
DE.ST,0.31672725081443787,0.017203159626945425,0.0
DE.SH,0.13114039599895477,0.006385995708666404,0.0
DE.TH,0.11279167979955673,0.013860377415144233,0.0
