HASC_1,Max,Mean,Min
DE.BW,0.1795746088027954,0.018168769113552564,0.0
DE.BY,1.0153555870056152,0.05037400918574091,0.0
DE.BE,1.1003929376602173,0.4214058255776763,0.0
DE.BR,1.1003929376602173,0.07554165520700362,0.0
DE.HB,0.8312864899635315,0.2595208670411791,0.0
DE.HH,1.025591492652893,0.11292541857276645,0.0
DE.HE,1.2909166812896729,0.18929626306155417,0.0
DE.MV,0.7947136759757996,0.11456623465647334,0.0
DE.NI,2.3889827728271484,0.3630432568236201,0.0
DE.NW,1.9653682708740234,0.3910933684975732,0.0
DE.RP,1.2664443254470825,0.10119402691168944,0.0
DE.SL,0.5066372752189636,0.08171725545826396,0.0
DE.SN,1.4346293210983276,0.2322076276949474,0.0
DE.ST,1.5275945663452148,0.19855750831132535,0.0
DE.SH,1.025591492652893,0.14147012209785836,0.0
DE.TH,1.559804081916809,0.3619996623232447,0.0
