HASC_1,Max,Mean,Min
DE.BW,1.091446876525879,0.025955351548413812,0.0
DE.BY,0.42860397696495056,0.007912523262056617,0.0
DE.BE,0.014689653180539608,0.0012204502437725751,0.0
DE.BR,1.0472490787506104,0.04056098043520251,0.0
DE.HB,0.14214806258678436,0.025999404223901883,0.0
DE.HH,0.1567065566778183,0.011336318203913315,0.0
DE.HE,0.44213032722473145,0.022878769996362583,0.0
DE.MV,0.3411748707294464,0.01915812867770785,0.0
DE.NI,1.1820534467697144,0.06058129667692592,0.0
DE.NW,0.4764559268951416,0.04642688463321371,0.0
DE.RP,0.02167234756052494,0.0002255793457152322,0.0
DE.SL,0.0,0.0,0.0
DE.SN,0.7696404457092285,0.024770982391429795,0.0
DE.ST,0.607333242893219,0.05579694539568915,0.0
DE.SH,0.24122129380702972,0.012753071379385859,0.0
DE.TH,0.341239333152771,0.025052988783403535,0.0
