HASC_1,Max,Mean,Min
DE.BW,0.39835214614868164,0.015387373552721817,0.0
DE.BY,0.541716992855072,0.04740972666227857,0.0
DE.BE,0.06685683876276016,0.01647835631401904,0.0
DE.BR,0.0967789888381958,0.004188823535718837,0.0
DE.HB,0.07154621183872223,0.013218876151811509,0.0
DE.HH,0.1147700771689415,0.00497095480784781,0.0
DE.HE,0.048100586980581284,0.0015822960604752248,0.0
DE.MV,0.04657171294093132,0.005137139874468809,0.0
DE.NI,0.18302315473556519,0.008722579333995067,0.0
DE.NW,0.07982789725065231,0.004762530942830878,0.0
DE.RP,0.048271045088768005,0.0006022318457398797,0.0
DE.SL,0.007334565278142691,0.0009012529429018093,0.0
DE.SN,0.28518638014793396,0.018213742672276823,0.0
DE.ST,0.22123181819915771,0.02519927020973751,0.0
DE.SH,0.11389381438493729,0.007908880180227625,0.0
DE.TH,0.1010633185505867,0.0056340408961837425,0.0
