HASC_1,Max,Mean,Min
DE.BW,2.259138345718384,0.31635840009129357,0.0
DE.BY,2.3509862422943115,0.23671514566533142,0.0
DE.BE,0.0,0.0,0.0
DE.BR,0.009791666641831398,9.576677074650266e-05,0.0
DE.HB,0.006221949588507414,0.0008895959894982211,0.0
DE.HH,0.039919402450323105,0.0021376610367691944,0.0
DE.HE,3.240462064743042,0.5443147379745884,0.0
DE.MV,0.023749999701976776,0.00045335114211705126,0.0
DE.NI,1.9413636922836304,0.046377732874069676,0.0
DE.NW,2.4802534580230713,0.3904890957305954,0.0
DE.RP,2.259138345718384,0.5477757160365582,0.0
DE.SL,1.029603123664856,0.5472007872480334,0.0
DE.SN,0.06968923658132553,0.0020767942572348375,0.0
DE.ST,0.33617353439331055,0.009531069146735776,0.0
DE.SH,0.02552175335586071,0.0008172671726402858,0.0
DE.TH,1.736006736755371,0.03593255053930006,0.0
