HASC_1,Max,Mean,Min
DE.BW,0.104092538356781,0.001259973124951914,0.0
DE.BY,0.104092538356781,0.0017399435218026684,0.0
DE.BE,0.0,0.0,0.0
DE.BR,0.0,0.0,0.0
DE.HB,0.007923528552055359,0.000398848598706536,0.0
DE.HH,0.032634709030389786,0.0007163722475524992,0.0
DE.HE,0.0,0.0,0.0
DE.MV,0.018320772796869278,7.141146353736722e-05,0.0
DE.NI,0.023471476510167122,0.0003192908528021462,0.0
DE.NW,0.037257928401231766,0.0008344124939381194,0.0
DE.RP,0.0007753371610306203,3.5490742811816744e-06,0.0
DE.SL,0.030097244307398796,0.0007172843346448975,0.0
DE.SN,0.009421530179679394,0.00017919556142587112,0.0
DE.ST,0.003325561759993434,4.5427175249679207e-05,0.0
DE.SH,0.09732720255851746,0.005188315787139194,0.0
DE.TH,0.04570535942912102,0.0008342997210960696,0.0
