HASC_1,Max,Mean,Min
DE.BW,0.37312498688697815,0.03138395566573367,0.0
DE.BY,0.6273874044418335,0.0640916142076,0.0
DE.BE,0.14695380628108978,0.06900352016091346,0.0
DE.BR,0.6115646958351135,0.08684796213246032,0.0
DE.HB,0.0,0.0,0.0
DE.HH,0.0,0.0,0.0
DE.HE,0.4406622350215912,0.021932316719539813,0.0
DE.MV,0.13513825833797455,0.0023475846715693346,0.0
DE.NI,0.21538221836090088,0.010577038649302473,0.0
DE.NW,0.09259739518165588,0.005770759900680144,0.0
DE.RP,0.09020832926034927,0.004133473445777781,0.0
DE.SL,0.07997222989797592,0.0032594808982332434,0.0
DE.SN,1.0461220741271973,0.13196576839573027,0.0
DE.ST,0.4434945285320282,0.07084829637997153,0.0
DE.SH,0.001233146758750081,3.902322154433008e-06,0.0
DE.TH,0.3060416281223297,0.03365057914132445,0.0
