HASC_1,Max,Mean,Min
DE.BW,0.9555606245994568,0.06372173576603742,0.0
DE.BY,0.7530248761177063,0.046654210719803496,0.0
DE.BE,0.008285715244710445,0.0004704891616796658,0.0
DE.BR,0.032122451812028885,0.0018202339052402624,0.0
DE.HB,0.07768479734659195,0.00843392895088376,0.0
DE.HH,0.0974000096321106,0.004073652336540233,0.0
DE.HE,0.6420833468437195,0.021095506519365394,0.0
DE.MV,0.15892864763736725,0.0075362340444546415,0.0
DE.NI,0.6509068012237549,0.02570985292239482,0.0
DE.NW,0.6219916343688965,0.01661823586324984,0.0
DE.RP,0.20028333365917206,0.011855150606676034,0.0
DE.SL,0.030667709186673164,0.008114575947701902,0.0
DE.SN,0.2563333213329315,0.009023751087985143,0.0
DE.ST,0.28063809871673584,0.009955106876542944,0.0
DE.SH,0.42445001006126404,0.01565240078808269,0.0
DE.TH,0.22170831263065338,0.03187904219089537,0.0
