HASC_1,Max,Mean,Min
DE.BW,0.008691665716469288,0.0001280756985668739,0.0
DE.BY,0.035383328795433044,0.00017209653175088215,0.0
DE.BE,0.00416666641831398,0.0006991553760599345,0.0
DE.BR,0.03130584955215454,0.0013606858813578519,0.0
DE.HB,0.03224434331059456,0.0073339720533805944,0.0
DE.HH,0.2581166625022888,0.009618861776626936,0.0
DE.HE,0.18121665716171265,0.00263787895643001,0.0
DE.MV,0.27794164419174194,0.00887146599139123,0.0
DE.NI,0.2938167154788971,0.006691914142197526,0.0
DE.NW,0.46709999442100525,0.007084780564089928,0.0
DE.RP,0.24984999001026154,0.0016145623338184123,0.0
DE.SL,0.00306622963398695,0.00010309172345538779,0.0
DE.SN,0.0215140487998724,0.0005514922298899272,0.0
DE.ST,0.04139166697859764,0.0036192453019159247,0.0
DE.SH,0.6151916980743408,0.02597102370844888,0.0
DE.TH,0.11612500995397568,0.003394786996474047,0.0
