HASC_1,Max,Mean,Min
DE.BW,0.004111419897526503,6.907627516005549e-06,0.0
DE.BY,0.10080307722091675,0.001199188455481161,0.0
DE.BE,0.5008527636528015,0.12123630419373513,0.0
DE.BR,0.6242755055427551,0.0502722802393955,0.0
DE.HB,0.1876775622367859,0.05403624501611505,0.0
DE.HH,0.27465400099754333,0.030455981088536126,0.0
DE.HE,0.25937899947166443,0.013064838268243572,0.0
DE.MV,0.6380183100700378,0.13073253582426955,0.0
DE.NI,0.6368380784988403,0.07933167313525187,0.0
DE.NW,0.3699185848236084,0.05602188510422871,0.0
DE.RP,0.00512771075591445,0.00016820275777718052,0.0
DE.SL,0.0,0.0,0.0
DE.SN,0.1173543855547905,0.010581868060086208,0.0
DE.ST,0.48039254546165466,0.08666976374489829,0.0
DE.SH,0.9229874610900879,0.10960206565048014,0.0
DE.TH,0.40011903643608093,0.017100170884320202,0.0
