HASC_1,Max,Mean,Min
DE.BW,0.0,0.0,0.0
DE.BY,0.04545454680919647,0.00022740914298518866,0.0
DE.BE,0.0,0.0,0.0
DE.BR,0.0,0.0,0.0
DE.HB,0.0,0.0,0.0
DE.HH,0.0,0.0,0.0
DE.HE,0.0,0.0,0.0
DE.MV,0.0,0.0,0.0
DE.NI,0.00045454545761458576,6.601967430858181e-07,0.0
DE.NW,0.0,0.0,0.0
DE.RP,0.0,0.0,0.0
DE.SL,0.0,0.0,0.0
DE.SN,0.0,0.0,0.0
DE.ST,0.0,0.0,0.0
DE.SH,0.03182601556181908,0.0001918219281992245,0.0
DE.TH,0.0,0.0,0.0
