HASC_1,Max,Mean,Min
DE.BW,2.4895856380462646,0.4093160147942047,0.0
DE.BY,1.0205353498458862,0.07334417427640821,0.0
DE.BE,0.06975632160902023,0.009969423565780743,0.0
DE.BR,0.3444567024707794,0.008851961089318216,0.0
DE.HB,2.2692410945892334,0.813696046670278,0.0
DE.HH,1.1700071096420288,0.051924702930929406,0.0
DE.HE,2.14823317527771,0.29792297167043824,0.0
DE.MV,0.3658902645111084,0.013120129923363328,0.0
DE.NI,2.3534719944000244,0.33907722324753803,0.0
DE.NW,0.9681586623191833,0.10331972357699348,0.0
DE.RP,1.3045637607574463,0.18427569830417634,0.0
DE.SL,0.10347873717546463,0.023870203986227738,0.0
DE.SN,3.043530225753784,0.17584772038907204,0.0
DE.ST,2.2711215019226074,0.1292302136874177,0.0
DE.SH,1.0490981340408325,0.040882488158569597,0.0
DE.TH,3.433551788330078,0.23533205304043261,0.0
