HASC_1,Max,Mean,Min
DE.BW,0.0,0.0,0.0
DE.BY,0.02083333395421505,0.00010422919160632768,0.0
DE.BE,0.0,0.0,0.0
DE.BR,0.0,0.0,0.0
DE.HB,0.0,0.0,0.0
DE.HH,0.0,0.0,0.0
DE.HE,0.0,0.0,0.0
DE.MV,0.002916666679084301,8.484162728240373e-06,0.0
DE.NI,0.002291666576638818,1.966836037974569e-06,0.0
DE.NW,0.0,0.0,0.0
DE.RP,0.0,0.0,0.0
DE.SL,0.0,0.0,0.0
DE.SN,0.0,0.0,0.0
DE.ST,0.0,0.0,0.0
DE.SH,0.023893186822533607,0.00035220047055421646,0.0
DE.TH,0.0,0.0,0.0
