HASC_1,Max,Mean,Min
DE.BW,0.000664998369757086,8.93815013114363e-07,0.0
DE.BY,0.12891508638858795,0.00017370456568815713,0.0
DE.BE,0.006774192210286856,0.0002504254487575963,0.0
DE.BR,0.20698527991771698,0.009258021903994943,0.0
DE.HB,0.07698555290699005,0.010945089826626437,0.0
DE.HH,0.0956115797162056,0.008983449188859335,0.0
DE.HE,0.0029414731543511152,0.00012681071361839714,0.0
DE.MV,0.20698527991771698,0.02145047947167118,0.0
DE.NI,0.18351124227046967,0.009443464667683676,0.0
DE.NW,0.02066032588481903,0.00040591398401797197,0.0
DE.RP,0.003947411198168993,8.240064494020771e-05,0.0
DE.SL,0.00019460792827885598,6.4594563203475746e-06,0.0
DE.SN,0.019034219905734062,0.00011393100653833699,0.0
DE.ST,0.058103758841753006,0.0006262575481729557,0.0
DE.SH,0.11860987544059753,0.019750209725557116,0.0
DE.TH,0.003463658271357417,0.00024025079687764927,0.0
