HASC_1,Max,Mean,Min
DE.BW,0.376007080078125,0.07224164403454271,0.0
DE.BY,0.4421985149383545,0.0963461412922691,0.0
DE.BE,0.2917526960372925,0.02559098388446728,0.0
DE.BR,0.42696669697761536,0.01537207701538857,0.0
DE.HB,0.0008667846559546888,2.0637729903683066e-05,0.0
DE.HH,0.011249999515712261,0.0004926849406079523,0.0
DE.HE,0.0957389771938324,0.004717988834230103,0.0
DE.MV,1.2085477113723755,0.031588874184791095,0.0
DE.NI,0.035538170486688614,0.0004180995214846058,0.0
DE.NW,0.03788219019770622,0.0020953297585363908,0.0
DE.RP,0.1755852848291397,0.007739234548062086,0.0
DE.SL,0.01736418344080448,0.0024561506484822144,0.0
DE.SN,0.4332263767719269,0.037339946635881915,0.0
DE.ST,0.2055099755525589,0.0033500237457376987,0.0
DE.SH,0.07937808334827423,0.00022831173928497019,0.0
DE.TH,0.17801667749881744,0.006437972107676029,0.0
