HASC_1,Max,Mean,Min
DE.BW,0.34540340304374695,0.06707587384966814,0.0
DE.BY,0.6972160339355469,0.030855471140061857,0.0
DE.BE,0.993939220905304,0.5084458515048027,0.0
DE.BR,1.0649957656860352,0.36648635344876757,0.0
DE.HB,0.9871572852134705,0.3546424366178967,0.0
DE.HH,0.8012683391571045,0.12466416295085635,0.0
DE.HE,1.87428617477417,0.37957710546751816,0.0
DE.MV,0.9384305477142334,0.3725579656312189,0.0
DE.NI,1.3408546447753906,0.44309837664913765,0.0
DE.NW,1.87428617477417,0.5635766003863092,0.0
DE.RP,1.8180354833602905,0.33424476578831674,0.0
DE.SL,0.6780263781547546,0.2965274538957711,0.0
DE.SN,0.8497621417045593,0.1715483391271846,0.0
DE.ST,1.1760722398757935,0.42176510945514395,0.0
DE.SH,0.7980843186378479,0.18710371319736754,0.0
DE.TH,0.5883370041847229,0.18738112401688237,0.0
