HASC_1,Max,Mean,Min
DE.BW,0.012625613249838352,3.237336853979736e-05,0.0
DE.BY,0.01710781827569008,3.227336658667974e-05,0.0
DE.BE,0.0,0.0,0.0
DE.BR,0.0,0.0,0.0
DE.HB,0.0,0.0,0.0
DE.HH,0.0,0.0,0.0
DE.HE,0.0,0.0,0.0
DE.MV,0.3983333110809326,0.0030046814736919996,0.0
DE.NI,0.010480202734470367,2.3243272179614592e-05,0.0
DE.NW,0.0,0.0,0.0
DE.RP,0.0036943431477993727,1.457737889722921e-05,0.0
DE.SL,0.0,0.0,0.0
DE.SN,0.008699999190866947,4.9055986806934015e-05,0.0
DE.ST,0.0,0.0,0.0
DE.SH,0.0,0.0,0.0
DE.TH,0.0,0.0,0.0
