HASC_1,Max,Mean,Min
DE.BW,0.05527157709002495,0.002834278203297516,0.0
DE.BY,0.2890332043170929,0.008012889093223959,0.0
DE.BE,0.2594268023967743,0.09409751398488879,0.0
DE.BR,0.3412499725818634,0.03601544861770371,0.0
DE.HB,0.8327909111976624,0.2600301309000878,0.0
DE.HH,0.9427817463874817,0.07563536795122283,0.0
DE.HE,0.32838550209999084,0.017146803110299515,0.0
DE.MV,0.47714507579803467,0.055092375648973,0.0
DE.NI,1.6366995573043823,0.1275229970461262,0.0
DE.NW,0.8261294960975647,0.10107786232088069,0.0
DE.RP,0.04865418002009392,0.002329088545360719,0.0
DE.SL,0.051752567291259766,0.01027129614632224,0.0
DE.SN,0.05041239783167839,0.0035588193293421,0.0
DE.ST,0.20902995765209198,0.03187397585180569,0.0
DE.SH,1.0407602787017822,0.19357782878306887,0.0
DE.TH,0.13917887210845947,0.013732276902194189,0.0
