HASC_1,Max,Mean,Min
DE.BW,1.1681817770004272,0.04375512303466812,0.0
DE.BY,1.8933144807815552,0.09943393283231586,0.0
DE.BE,0.04902229458093643,0.004555584945046575,0.0
DE.BR,1.6999565362930298,0.02223500757932872,0.0
DE.HB,0.4859333336353302,0.13040970301344282,0.0
DE.HH,0.48896360397338867,0.060568772362811225,0.0
DE.HE,0.013636362738907337,2.5865664914211568e-05,0.0
DE.MV,1.8246794939041138,0.2509802244119887,0.0
DE.NI,1.0922144651412964,0.08439349756733286,0.0
DE.NW,0.0796368196606636,0.0070731385215855895,0.0
DE.RP,0.03339286148548126,0.0004907613145041978,0.0
DE.SL,0.0014084175927564502,2.8726466001843978e-05,0.0
DE.SN,0.367024689912796,0.010290789983741888,0.0
DE.ST,0.8086363077163696,0.013908155843958898,0.0
DE.SH,0.7065901160240173,0.16826507466298246,0.0
DE.TH,0.06609190255403519,0.0002717741308954609,0.0
