HASC_1,Max,Mean,Min
DE.BW,0.05405190587043762,0.0008876200426354727,0.0
DE.BY,0.12104326486587524,0.0008195247945313306,0.0
DE.BE,0.0,0.0,0.0
DE.BR,0.0,0.0,0.0
DE.HB,0.0,0.0,0.0
DE.HH,0.0,0.0,0.0
DE.HE,0.0005165116745047271,2.095561624931482e-06,0.0
DE.MV,0.0,0.0,0.0
DE.NI,0.003124999813735485,8.560364393648586e-06,0.0
DE.NW,7.167916191974655e-05,9.810240019735805e-08,0.0
DE.RP,0.018333332613110542,0.00012682719503936824,0.0
DE.SL,0.002957161283120513,0.00014032346222269223,0.0
DE.SN,0.0,0.0,0.0
DE.ST,0.008124999701976776,2.7356901353457157e-05,0.0
DE.SH,0.003124999813735485,1.917989362799932e-05,0.0
DE.TH,0.018333332613110542,0.0001376929104156878,0.0
