HASC_1,Max,Mean,Min
DE.BW,6.166781531646848e-05,1.2433026792570417e-07,0.0
DE.BY,0.02553427405655384,0.00037988562649681927,0.0
DE.BE,0.0016666665906086564,0.00039535667165182533,0.0
DE.BR,0.003244773717597127,0.00011771915077750913,0.0
DE.HB,0.01965276710689068,0.004714302463634383,0.0
DE.HH,0.04590575024485588,0.0035236743062601558,0.0
DE.HE,0.016319433227181435,0.00010544976473283896,0.0
DE.MV,0.02574002742767334,0.0006909691116615089,0.0
DE.NI,0.049370989203453064,0.0015757408188593835,0.0
DE.NW,0.07210377603769302,0.0004564101983165586,0.0
DE.RP,0.0020299251191318035,7.601004326716065e-06,0.0
DE.SL,0.002291666576638818,9.636498395014893e-05,0.0
DE.SN,0.030117586255073547,0.0006170842416319822,0.0
DE.ST,0.020917169749736786,0.0002352573161622155,0.0
DE.SH,0.07067296653985977,0.007215712754825492,0.0
DE.TH,0.03119887225329876,0.0002408000491455802,0.0
