HASC_1,Max,Mean,Min
DE.BW,0.19399751722812653,0.01226766503033173,0.0
DE.BY,0.6431638598442078,0.013493719889570833,0.0
DE.BE,0.25094133615493774,0.07319030137732625,0.0
DE.BR,0.49325814843177795,0.09594906141063657,0.0
DE.HB,0.012414989061653614,0.0005444646841992618,0.0
DE.HH,0.15345323085784912,0.007899128989090188,0.0
DE.HE,0.33529898524284363,0.03405202861174795,0.0
DE.MV,0.49325814843177795,0.035245941555160996,0.0
DE.NI,0.5509213209152222,0.0390077547880562,0.0
DE.NW,0.4568849503993988,0.048557261327873524,0.0
DE.RP,0.21291665732860565,0.01300170062194229,0.0
DE.SL,0.1631329357624054,0.016937806036422087,0.0
DE.SN,0.5488156676292419,0.09201140683945397,0.0
DE.ST,0.5293118357658386,0.08221927208760095,0.0
DE.SH,0.15345323085784912,0.0035238835197270012,0.0
DE.TH,0.4163345396518707,0.026732372048786864,0.0
