HASC_1,Max,Mean,Min
DE.BW,0.11743413656949997,0.008436705075915617,0.0
DE.BY,0.05895833298563957,0.001909251211075861,0.0
DE.BE,0.12910345196723938,0.055620621610432866,0.0
DE.BR,0.26781561970710754,0.03692279469552869,0.0
DE.HB,0.7334184646606445,0.17590095351139703,0.0
DE.HH,1.9795011281967163,0.09637789875268936,0.0
DE.HE,0.09652810543775558,0.01374500508408649,0.0
DE.MV,0.3863164484500885,0.0867102391172206,0.0
DE.NI,1.5367969274520874,0.19355920795689438,0.0
DE.NW,0.7693166136741638,0.1270566401891268,0.0
DE.RP,0.08255394548177719,0.010548520504471526,0.0
DE.SL,0.06954213231801987,0.008880974555557425,0.0
DE.SN,0.05375340208411217,0.010057574738453923,0.0
DE.ST,0.23308789730072021,0.049269855049206925,0.0
DE.SH,2.521379232406616,0.3699181044622073,0.0
DE.TH,0.0742606446146965,0.005203874076231706,0.0
