HASC_1,Max,Mean,Min
DE.BW,2.592480421066284,0.27559141287162664,0.0
DE.BY,2.675353765487671,0.12874870217185813,0.0
DE.BE,0.24626751244068146,0.1072489527054131,0.0
DE.BR,0.3007577955722809,0.04740263750540584,0.0
DE.HB,0.34928736090660095,0.08921827119775116,0.0
DE.HH,0.31462424993515015,0.022344930712798878,0.0
DE.HE,0.5205689072608948,0.029762861882994495,0.0
DE.MV,0.34545591473579407,0.023885810601790017,0.0
DE.NI,0.6183384656906128,0.05957869002755794,0.0
DE.NW,1.650734782218933,0.06300543615537323,0.0
DE.RP,0.707963764667511,0.05165659789624624,0.0
DE.SL,0.2920917570590973,0.05523096994412216,0.0
DE.SN,0.23130488395690918,0.03672790395220371,0.0
DE.ST,0.3007577955722809,0.05182295928997219,0.0
DE.SH,0.3940359354019165,0.009354612961830017,0.0
DE.TH,0.15475864708423615,0.007929151462384203,0.0
