HASC_1,Max,Mean,Min
DE.BW,0.0789937674999237,0.003657928607407807,0.0
DE.BY,0.096897192299366,0.0008700318905074341,0.0
DE.BE,0.009924479760229588,0.0009670178347732872,0.0
DE.BR,0.18611449003219604,0.0038237981955075782,0.0
DE.HB,0.025280112400650978,0.006420834899126064,0.0
DE.HH,0.031401026993989944,0.001991454150577608,0.0
DE.HE,0.0789937674999237,0.002259629771127341,0.0
DE.MV,0.1407543420791626,0.012980743989644805,0.0
DE.NI,0.12456341832876205,0.007184495579851828,0.0
DE.NW,0.12456341832876205,0.0022717310159567697,0.0
DE.RP,0.044295862317085266,0.001209389258059673,0.0
DE.SL,0.027684912085533142,0.0009228303943845359,0.0
DE.SN,0.017500000074505806,0.0006339196952467319,0.0
DE.ST,0.18611449003219604,0.004919957717698794,0.0
DE.SH,0.1293654441833496,0.009316434911370235,0.0
DE.TH,0.07841848582029343,0.00149262080927635,0.0
