HASC_1,Max,Mean,Min
DE.BW,0.0,0.0,0.0
DE.BY,0.0,0.0,0.0
DE.BE,0.0,0.0,0.0
DE.BR,0.0,0.0,0.0
DE.HB,0.0,0.0,0.0
DE.HH,0.0,0.0,0.0
DE.HE,0.0,0.0,0.0
DE.MV,0.040446195751428604,9.121885452964547e-05,0.0
DE.NI,0.0024999999441206455,3.631081981293603e-06,0.0
DE.NW,0.0,0.0,0.0
DE.RP,0.015028459019958973,3.0056918039917945e-05,0.0
DE.SL,0.015028459019958973,0.00022770392454483292,0.0
DE.SN,0.0,0.0,0.0
DE.ST,0.0,0.0,0.0
DE.SH,0.0,0.0,0.0
DE.TH,0.0,0.0,0.0
