HASC_1,Max,Mean,Min
AU.AS,0.0,0.0,0.0
AU.AC,4270417531371520.0,2027768894892714.8,0.0
AU.CR,2569118171529216.0,13735815591537.707,0.0
AU.JB,3228891183316992.0,2626006355542016.0,2023121527767040.0
AU.NS,1.0153054653382656e+16,888705720729565.2,0.0
AU.NT,4672555050860544.0,2139244547621175.0,0.0
AU.QL,6185585056153600.0,1075065729570493.4,0.0
AU.SA,4952680870969344.0,1512309414449653.8,0.0
AU.TS,5962685917167616.0,81428335838962.4,0.0
AU.VI,1.2385850310524928e+16,1339155676644782.5,0.0
AU.WA,5014262648930304.0,1391012290440517.5,0.0
